{
   "temperature":     298.150000000000,
   "unit": "hartree",
   "energy":     -32.443093685088,
   "free energy":     -32.272857934759,
   "G(T)":       0.170235750329,
   "ZPVE":       0.208176698985,
   "number of imags":0,
   "point group": "c1",
   "gradient norm":       0.000025644839
}
