{
    "partname": "prescreening",
    "runtime": 4.418471141718328,
    "results": {
        "CONF1": {
            "xtb_gsolv": {
                "gsolv": -0.0004421284120006419,
                "energy_xtb_gas": -18.412018636309,
                "energy_xtb_solv": -18.412460764721
            },
            "sp": {
                "energy": -1456.217097474434
            },
            "gtot": -1456.217539602846,
            "bmw": 1.0
        }
    },
    "settings": {
        "threshold": 4.0,
        "func": "pbe-d4",
        "basis": "def2-sv(p)",
        "prog": "orca",
        "gfnv": "gfn2",
        "run": true,
        "template": false
    },
    "nconf_in": 1,
    "nconf_out": 1
}