{
    "partname": "prescreening",
    "runtime": 14.505043054930866,
    "results": {
        "CONF1": {
            "xtb_gsolv": {
                "gsolv": -0.00035403704600156516,
                "energy_xtb_gas": -31.81506849397,
                "energy_xtb_solv": -31.815422531016
            },
            "sp": {
                "energy": -463.487649140574
            },
            "gtot": -463.48800317762,
            "bmw": 0.7207666276893158
        },
        "CONF2": {
            "xtb_gsolv": {
                "gsolv": -0.00034243254399868306,
                "energy_xtb_gas": -31.814569519016,
                "energy_xtb_solv": -31.81491195156
            },
            "sp": {
                "energy": -463.486765406259
            },
            "gtot": -463.487107838803,
            "bmw": 0.27923337231068424
        }
    },
    "settings": {
        "threshold": 4.0,
        "func": "pbe-d4",
        "basis": "def2-sv(p)",
        "prog": "orca",
        "gfnv": "gfn2",
        "run": true,
        "template": false
    },
    "nconf_in": 2,
    "nconf_out": 2
}