{
    "partname": "screening",
    "runtime": 76.58733733277768,
    "results": {
        "CONF1": {
            "gsolv": {
                "gsolv": -0.0031055059410505237,
                "energy_gas": -464.389659826761,
                "energy_solv": -464.392765332702
            },
            "gtot": -464.392765332702,
            "bmw": 0.7488763302212329
        },
        "CONF2": {
            "gsolv": {
                "gsolv": -0.0030681547669928477,
                "energy_gas": -464.388665535975,
                "energy_solv": -464.391733690742
            },
            "gtot": -464.391733690742,
            "bmw": 0.25112366977876704
        }
    },
    "settings": {
        "threshold": 3.5,
        "func": "r2scan-3c",
        "basis": "def2-tzvp",
        "prog": "orca",
        "sm": "smd",
        "gfnv": "gfn2",
        "run": true,
        "implicit": false,
        "template": false
    },
    "nconf_in": 2,
    "nconf_out": 2
}