{
    "partname": "refinement",
    "runtime": 889.3015203746036,
    "results": {
        "CONF1": {
            "gsolv": {
                "gsolv": -0.0028858810080123476,
                "energy_gas": -464.540946961103,
                "energy_solv": -464.543832842111
            },
            "gtot": -464.543832842111,
            "bmw": 0.7778169525283439
        },
        "CONF2": {
            "gsolv": {
                "gsolv": -0.0028465375439736817,
                "energy_gas": -464.539803252061,
                "energy_solv": -464.542649789605
            },
            "gtot": -464.542649789605,
            "bmw": 0.22218304747165604
        }
    },
    "settings": {
        "threshold": 0.95,
        "func": "wb97x-v",
        "basis": "def2-tzvp",
        "prog": "orca",
        "sm": "smd",
        "gfnv": "gfn2",
        "run": true,
        "implicit": false,
        "template": false
    },
    "nconf_in": 2,
    "nconf_out": 2
}