{
   "temperature":     298.150000000000,
   "unit": "hartree",
   "energy":     -43.399608063115,
   "free energy":     -43.251390481709,
   "G(T)":       0.148217581406,
   "ZPVE":       0.186399940457,
   "number of imags":0,
   "point group": "c1",
   "gradient norm":       0.000122100597
}
