{
   "temperature":     298.150000000000,
   "unit": "hartree",
   "energy":     -20.789655604158,
   "free energy":     -20.708808162218,
   "G(T)":       0.080847441941,
   "ZPVE":       0.114500975655,
   "number of imags":0,
   "point group": "cs",
   "gradient norm":       0.000110859293
}
