{
   "temperature":     298.150000000000,
   "unit": "hartree",
   "energy":     -42.171480043282,
   "free energy":     -42.032158161464,
   "G(T)":       0.139321881818,
   "ZPVE":       0.181759855578,
   "number of imags":0,
   "point group": "c1",
   "gradient norm":       0.000058232743
}
