{
    "partname": "prescreening",
    "runtime": 5.803433884866536,
    "results": {
        "CONF1": {
            "xtb_gsolv": {
                "gsolv": -0.0006942906340015043,
                "energy_xtb_gas": -16.70681171651,
                "energy_xtb_solv": -16.707506007144
            },
            "sp": {
                "energy": -231.907492468346
            },
            "gtot": -231.90818675897998,
            "bmw": 1.0
        }
    },
    "settings": {
        "threshold": 4.0,
        "func": "pbe-d4",
        "basis": "def2-sv(p)",
        "prog": "orca",
        "gfnv": "gfn2",
        "run": true,
        "template": false
    },
    "nconf_in": 1,
    "nconf_out": 1
}