{
    "partname": "prescreening",
    "runtime": 4.612699336837977,
    "results": {
        "CONF1": {
            "xtb_gsolv": {
                "gsolv": -0.0010000612159988265,
                "energy_xtb_gas": -14.076630316033,
                "energy_xtb_solv": -14.077630377249
            },
            "sp": {
                "energy": -2691.674879100378
            },
            "gtot": -2691.675879161594,
            "bmw": 0.5578219788890025
        },
        "CONF2": {
            "xtb_gsolv": {
                "gsolv": -0.0009127297270001833,
                "energy_xtb_gas": -14.076630694628,
                "energy_xtb_solv": -14.077543424355
            },
            "sp": {
                "energy": -2691.674747072183
            },
            "gtot": -2691.67565980191,
            "bmw": 0.4421780211109974
        }
    },
    "settings": {
        "threshold": 4.0,
        "func": "pbe-d4",
        "basis": "def2-sv(p)",
        "prog": "orca",
        "gfnv": "gfn2",
        "run": true,
        "template": false
    },
    "nconf_in": 2,
    "nconf_out": 2
}