{
    "partname": "screening",
    "runtime": 18.28214950300753,
    "results": {
        "CONF1": {
            "gsolv": {
                "gsolv": -0.0023669438637625717,
                "energy_gas": -2692.632720563211,
                "energy_solv": -2692.635087507075
            },
            "gtot": -2692.635087507075,
            "bmw": 0.5696348497558005
        },
        "CONF2": {
            "gsolv": {
                "gsolv": -0.0020166759827588976,
                "energy_gas": -2692.632806118302,
                "energy_solv": -2692.634822794285
            },
            "gtot": -2692.634822794285,
            "bmw": 0.43036515024419963
        }
    },
    "settings": {
        "threshold": 3.5,
        "func": "r2scan-3c",
        "basis": "def2-tzvp",
        "prog": "orca",
        "sm": "smd",
        "gfnv": "gfn2",
        "run": true,
        "implicit": false,
        "template": false
    },
    "nconf_in": 2,
    "nconf_out": 2
}