{
    "partname": "refinement",
    "runtime": 100.35850683925673,
    "results": {
        "CONF1": {
            "gsolv": {
                "gsolv": -0.00242602382786572,
                "energy_gas": -2692.459590515698,
                "energy_solv": -2692.462016539526
            },
            "gtot": -2692.462016539526,
            "bmw": 0.544588727752109
        },
        "CONF2": {
            "gsolv": {
                "gsolv": -0.002209313135153934,
                "energy_gas": -2692.459638378026,
                "energy_solv": -2692.461847691161
            },
            "gtot": -2692.461847691161,
            "bmw": 0.45541127224789113
        }
    },
    "settings": {
        "threshold": 0.95,
        "func": "wb97x-v",
        "basis": "def2-tzvp",
        "prog": "orca",
        "sm": "smd",
        "gfnv": "gfn2",
        "run": true,
        "implicit": false,
        "template": false
    },
    "nconf_in": 2,
    "nconf_out": 2
}