{
   "temperature":     298.150000000000,
   "unit": "hartree",
   "energy":     -17.626197969694,
   "free energy":     -17.569011500934,
   "G(T)":       0.057186468760,
   "ZPVE":       0.087164432055,
   "number of imags":0,
   "point group": "cs",
   "gradient norm":       0.000047877809
}
