{
    "partname": "prescreening",
    "runtime": 4.024950257502496,
    "results": {
        "CONF1": {
            "xtb_gsolv": {
                "gsolv": 0.0006403041549996047,
                "energy_xtb_gas": -7.411799420581,
                "energy_xtb_solv": -7.411159116426
            },
            "sp": {
                "energy": -438.270937318947
            },
            "gtot": -438.270297014792,
            "bmw": 1.0
        }
    },
    "settings": {
        "threshold": 4.0,
        "func": "pbe-d4",
        "basis": "def2-sv(p)",
        "prog": "orca",
        "gfnv": "gfn2",
        "run": true,
        "template": false
    },
    "nconf_in": 1,
    "nconf_out": 1
}