{
   "temperature":     298.150000000000,
   "unit": "hartree",
   "energy":     -23.047811153042,
   "free energy":     -22.910995017142,
   "G(T)":       0.136816135900,
   "ZPVE":       0.168961440082,
   "number of imags":0,
   "point group": "c2",
   "gradient norm":       0.000075636728
}
