{
   "temperature":     298.150000000000,
   "unit": "hartree",
   "energy":     -18.821090650791,
   "free energy":     -18.734504414860,
   "G(T)":       0.086586235931,
   "ZPVE":       0.116799878072,
   "number of imags":0,
   "point group": "c1",
   "gradient norm":       0.000031372240
}
