{
   "temperature":     298.150000000000,
   "unit": "hartree",
   "energy":     -13.923106772263,
   "free energy":     -13.831807039817,
   "G(T)":       0.091299732446,
   "ZPVE":       0.119227387959,
   "number of imags":0,
   "point group": "cs",
   "gradient norm":       0.000029874164
}
