{
    "partname": "prescreening",
    "runtime": 13.71523596253246,
    "results": {
        "CONF2": {
            "xtb_gsolv": {
                "gsolv": -0.011883449228996312,
                "energy_xtb_gas": -35.3187024013,
                "energy_xtb_solv": -35.330585850529
            },
            "sp": {
                "energy": -533.769852310657
            },
            "gtot": -533.781735759886,
            "bmw": 0.2575443096869941
        },
        "CONF1": {
            "xtb_gsolv": {
                "gsolv": -0.011789330146001475,
                "energy_xtb_gas": -35.32103123713,
                "energy_xtb_solv": -35.332820567276
            },
            "sp": {
                "energy": -533.770932479982
            },
            "gtot": -533.782721810128,
            "bmw": 0.7318189900871452
        },
        "CONF3": {
            "xtb_gsolv": {
                "gsolv": -0.010746847652001179,
                "energy_xtb_gas": -35.318910997097,
                "energy_xtb_solv": -35.329657844749
            },
            "sp": {
                "energy": -533.767835940733
            },
            "gtot": -533.7785827883849,
            "bmw": 0.009132411178888081
        },
        "CONF4": {
            "xtb_gsolv": {
                "gsolv": -0.010914675474005264,
                "energy_xtb_gas": -35.316612240419,
                "energy_xtb_solv": -35.327526915893
            },
            "sp": {
                "energy": -533.765965268604
            },
            "gtot": -533.776879944078,
            "bmw": 0.0015042890469725695
        }
    },
    "settings": {
        "threshold": 4.0,
        "func": "pbe-d4",
        "basis": "def2-sv(p)",
        "prog": "orca",
        "gfnv": "gfn2",
        "run": true,
        "template": false
    },
    "nconf_in": 4,
    "nconf_out": 4
}