{
    "partname": "screening",
    "runtime": 90.16892052814364,
    "results": {
        "CONF1": {
            "gsolv": {
                "gsolv": -0.015730234361967632,
                "energy_gas": -534.789633827562,
                "energy_solv": -534.805364061924
            },
            "gtot": -534.805364061924,
            "bmw": 0.4993670880213271
        },
        "CONF2": {
            "gsolv": {
                "gsolv": -0.016667070706034792,
                "energy_gas": -534.78867899122,
                "energy_solv": -534.805346061926
            },
            "gtot": -534.805346061926,
            "bmw": 0.48993728336997844
        },
        "CONF4": {
            "gsolv": {
                "gsolv": -0.014231476625923278,
                "energy_gas": -534.78641511311,
                "energy_solv": -534.800646589736
            },
            "gtot": -534.800646589736,
            "bmw": 0.003377014385584189
        },
        "CONF3": {
            "gsolv": {
                "gsolv": -0.01345278845201392,
                "energy_gas": -534.787924060405,
                "energy_solv": -534.801376848857
            },
            "gtot": -534.801376848857,
            "bmw": 0.007318614223110338
        }
    },
    "settings": {
        "threshold": 3.5,
        "func": "r2scan-3c",
        "basis": "def2-tzvp",
        "prog": "orca",
        "sm": "smd",
        "gfnv": "gfn2",
        "run": true,
        "implicit": false,
        "template": false
    },
    "nconf_in": 4,
    "nconf_out": 4
}