{
    "partname": "refinement",
    "runtime": 729.8993339072913,
    "results": {
        "CONF1": {
            "gsolv": {
                "gsolv": -0.016588047197046762,
                "energy_gas": -534.956858086662,
                "energy_solv": -534.973446133859
            },
            "gtot": -534.973446133859,
            "bmw": 0.46400753545545986
        },
        "CONF2": {
            "gsolv": {
                "gsolv": -0.017554512548940693,
                "energy_gas": -534.956027790845,
                "energy_solv": -534.973582303394
            },
            "gtot": -534.973582303394,
            "bmw": 0.5359924645445402
        }
    },
    "settings": {
        "threshold": 0.95,
        "func": "wb97x-v",
        "basis": "def2-tzvp",
        "prog": "orca",
        "sm": "smd",
        "gfnv": "gfn2",
        "run": true,
        "implicit": false,
        "template": false
    },
    "nconf_in": 2,
    "nconf_out": 2
}