{
   "temperature":     298.150000000000,
   "unit": "hartree",
   "energy":     -12.605428930484,
   "free energy":     -12.526120810399,
   "G(T)":       0.079308120084,
   "ZPVE":       0.106654064514,
   "number of imags":0,
   "point group": "cs",
   "gradient norm":       0.000047059706
}
