{
   "temperature":     298.150000000000,
   "unit": "hartree",
   "energy":     -22.491389217074,
   "free energy":     -22.382484939428,
   "G(T)":       0.108904277646,
   "ZPVE":       0.141306314615,
   "number of imags":0,
   "point group": "cs",
   "gradient norm":       0.000073207459
}
