{
   "temperature":     298.150000000000,
   "unit": "hartree",
   "energy":     -31.818761976992,
   "free energy":     -31.657639417167,
   "G(T)":       0.161122559825,
   "ZPVE":       0.197119148605,
   "number of imags":0,
   "point group": "c2h",
   "gradient norm":       0.000066064206
}
