{
   "temperature":     298.150000000000,
   "unit": "hartree",
   "energy":     -19.501187940884,
   "free energy":     -19.385630794360,
   "G(T)":       0.115557146524,
   "ZPVE":       0.143478951732,
   "number of imags":0,
   "point group": "c2h",
   "gradient norm":       0.000058898744
}
