{
   "temperature":     298.150000000000,
   "unit": "hartree",
   "energy":     -22.151360910289,
   "free energy":     -21.985805332223,
   "G(T)":       0.165555578065,
   "ZPVE":       0.196067171726,
   "number of imags":0,
   "point group": "cs",
   "gradient norm":       0.000050229299
}
