{
   "temperature":     298.150000000000,
   "unit": "hartree",
   "energy":     -18.981594715057,
   "free energy":     -18.846576108322,
   "G(T)":       0.135018606735,
   "ZPVE":       0.166803699134,
   "number of imags":0,
   "point group": "c1",
   "gradient norm":       0.000035165007
}
