{
    "partname": "prescreening",
    "runtime": 13.669620209373534,
    "results": {
        "CONF3": {
            "xtb_gsolv": {
                "gsolv": -0.00997565373399567,
                "energy_xtb_gas": -35.035478195049,
                "energy_xtb_solv": -35.045453848783
            },
            "sp": {
                "energy": -517.736457224528
            },
            "gtot": -517.746432878262,
            "bmw": 0.02581335079955895
        },
        "CONF1": {
            "xtb_gsolv": {
                "gsolv": -0.009940938860005133,
                "energy_xtb_gas": -35.036926342691,
                "energy_xtb_solv": -35.046867281551
            },
            "sp": {
                "energy": -517.739646723984
            },
            "gtot": -517.7495876628441,
            "bmw": 0.7293648753301638
        },
        "CONF2": {
            "xtb_gsolv": {
                "gsolv": -0.009791708839003377,
                "energy_xtb_gas": -35.03675302168,
                "energy_xtb_solv": -35.046544730519
            },
            "sp": {
                "energy": -517.738765241784
            },
            "gtot": -517.748556950623,
            "bmw": 0.24482177387027715
        }
    },
    "settings": {
        "threshold": 4.0,
        "func": "pbe-d4",
        "basis": "def2-sv(p)",
        "prog": "orca",
        "gfnv": "gfn2",
        "run": true,
        "template": false
    },
    "nconf_in": 3,
    "nconf_out": 3
}