{
    "partname": "screening",
    "runtime": 94.04701146204025,
    "results": {
        "CONF1": {
            "gsolv": {
                "gsolv": -0.01275039153290436,
                "energy_gas": -518.740424446771,
                "energy_solv": -518.753174838304
            },
            "gtot": -518.753174838304,
            "bmw": 0.7083113069074467
        },
        "CONF2": {
            "gsolv": {
                "gsolv": -0.012780515859958541,
                "energy_gas": -518.739394534467,
                "energy_solv": -518.752175050327
            },
            "gtot": -518.752175050327,
            "bmw": 0.2456707987216469
        },
        "CONF3": {
            "gsolv": {
                "gsolv": -0.013521876965000956,
                "energy_gas": -518.737071701301,
                "energy_solv": -518.750593578266
            },
            "gtot": -518.750593578266,
            "bmw": 0.04601789437090645
        }
    },
    "settings": {
        "threshold": 3.5,
        "func": "r2scan-3c",
        "basis": "def2-tzvp",
        "prog": "orca",
        "sm": "smd",
        "gfnv": "gfn2",
        "run": true,
        "implicit": false,
        "template": false
    },
    "nconf_in": 3,
    "nconf_out": 3
}