{
    "partname": "refinement",
    "runtime": 709.6051859455183,
    "results": {
        "CONF3": {
            "gsolv": {
                "gsolv": -0.014001127860069573,
                "energy_gas": -518.905851891048,
                "energy_solv": -518.919853018908
            },
            "gtot": -518.919853018908,
            "bmw": 0.33815071712416395
        },
        "CONF1": {
            "gsolv": {
                "gsolv": -0.013969064389925734,
                "energy_gas": -518.905858083257,
                "energy_solv": -518.919827147647
            },
            "gtot": -518.919827147647,
            "bmw": 0.32901095319773616
        },
        "CONF2": {
            "gsolv": {
                "gsolv": -0.013992088652003076,
                "energy_gas": -518.905845979267,
                "energy_solv": -518.919838067919
            },
            "gtot": -518.919838067919,
            "bmw": 0.3328383296780999
        }
    },
    "settings": {
        "threshold": 0.95,
        "func": "wb97x-v",
        "basis": "def2-tzvp",
        "prog": "orca",
        "sm": "smd",
        "gfnv": "gfn2",
        "run": true,
        "implicit": false,
        "template": false
    },
    "nconf_in": 3,
    "nconf_out": 3
}