{
    "partname": "prescreening",
    "runtime": 5.107629272155464,
    "results": {
        "CONF1": {
            "xtb_gsolv": {
                "gsolv": -0.008561431004000752,
                "energy_xtb_gas": -16.982750490542,
                "energy_xtb_solv": -16.991311921546
            },
            "sp": {
                "energy": -247.960217242568
            },
            "gtot": -247.96877867357202,
            "bmw": 0.8731927121611708
        },
        "CONF2": {
            "xtb_gsolv": {
                "gsolv": -0.008850342763999208,
                "energy_xtb_gas": -16.980280203808,
                "energy_xtb_solv": -16.989130546572
            },
            "sp": {
                "energy": -247.958106539736
            },
            "gtot": -247.9669568825,
            "bmw": 0.12680728783882925
        }
    },
    "settings": {
        "threshold": 4.0,
        "func": "pbe-d4",
        "basis": "def2-sv(p)",
        "prog": "orca",
        "gfnv": "gfn2",
        "run": true,
        "template": false
    },
    "nconf_in": 2,
    "nconf_out": 2
}