{
    "partname": "screening",
    "runtime": 29.599077263846993,
    "results": {
        "CONF1": {
            "gsolv": {
                "gsolv": -0.0107463906090004,
                "energy_gas": -248.443750096082,
                "energy_solv": -248.454496486691
            },
            "gtot": -248.454496486691,
            "bmw": 0.6119116059706718
        },
        "CONF2": {
            "gsolv": {
                "gsolv": -0.011869870818003392,
                "energy_gas": -248.442196677342,
                "energy_solv": -248.45406654816
            },
            "gtot": -248.45406654816,
            "bmw": 0.38808839402932827
        }
    },
    "settings": {
        "threshold": 3.5,
        "func": "r2scan-3c",
        "basis": "def2-tzvp",
        "prog": "orca",
        "sm": "smd",
        "gfnv": "gfn2",
        "run": true,
        "implicit": false,
        "template": false
    },
    "nconf_in": 2,
    "nconf_out": 2
}