{
    "partname": "refinement",
    "runtime": 114.25956398062408,
    "results": {
        "CONF1": {
            "gsolv": {
                "gsolv": -0.01202804795300949,
                "energy_gas": -248.521680391681,
                "energy_solv": -248.533708439634
            },
            "gtot": -248.533708439634,
            "bmw": 0.5717929759595831
        },
        "CONF2": {
            "gsolv": {
                "gsolv": -0.01309417650298883,
                "energy_gas": -248.5203412333,
                "energy_solv": -248.533435409803
            },
            "gtot": -248.533435409803,
            "bmw": 0.4282070240404168
        }
    },
    "settings": {
        "threshold": 0.95,
        "func": "wb97x-v",
        "basis": "def2-tzvp",
        "prog": "orca",
        "sm": "smd",
        "gfnv": "gfn2",
        "run": true,
        "implicit": false,
        "template": false
    },
    "nconf_in": 2,
    "nconf_out": 2
}