{
   "temperature":     298.150000000000,
   "unit": "hartree",
   "energy":     -26.349176098436,
   "free energy":     -26.281230459181,
   "G(T)":       0.067945639256,
   "ZPVE":       0.099485184379,
   "number of imags":0,
   "point group": "c2v",
   "gradient norm":       0.000023791442
}
