{
   "temperature":     298.150000000000,
   "unit": "hartree",
   "energy":     -14.871991927970,
   "free energy":     -14.887419826963,
   "G(T)":      -0.015427898993,
   "ZPVE":       0.016467843304,
   "number of imags":0,
   "point group": "c3v",
   "gradient norm":       0.000049677052
}
