{
    "partname": "prescreening",
    "runtime": 6.039382266346365,
    "results": {
        "CONF1": {
            "xtb_gsolv": {
                "gsolv": -0.004751302037998784,
                "energy_xtb_gas": -17.725053642959,
                "energy_xtb_solv": -17.729804944997
            },
            "sp": {
                "energy": -233.089510926602
            },
            "gtot": -233.09426222864,
            "bmw": 0.2937096500681506
        },
        "CONF4": {
            "xtb_gsolv": {
                "gsolv": -0.0038609479079987352,
                "energy_xtb_gas": -17.724217333997,
                "energy_xtb_solv": -17.728078281905
            },
            "sp": {
                "energy": -233.089162667895
            },
            "gtot": -233.09302361580302,
            "bmw": 0.07910350872142982
        },
        "CONF5": {
            "xtb_gsolv": {
                "gsolv": -0.005587373510998361,
                "energy_xtb_gas": -17.721836578843,
                "energy_xtb_solv": -17.727423952354
            },
            "sp": {
                "energy": -233.088207029746
            },
            "gtot": -233.093794403257,
            "bmw": 0.1789507137600879
        },
        "CONF2": {
            "xtb_gsolv": {
                "gsolv": -0.003984693110002269,
                "energy_xtb_gas": -17.724708893217,
                "energy_xtb_solv": -17.728693586327
            },
            "sp": {
                "energy": -233.088944168023
            },
            "gtot": -233.092928861133,
            "bmw": 0.07155032590133506
        },
        "CONF3": {
            "xtb_gsolv": {
                "gsolv": -0.005731840443001346,
                "energy_xtb_gas": -17.722766885437,
                "energy_xtb_solv": -17.72849872588
            },
            "sp": {
                "energy": -233.088765319751
            },
            "gtot": -233.09449716019398,
            "bmw": 0.3766858015489966
        }
    },
    "settings": {
        "threshold": 4.0,
        "func": "pbe-d4",
        "basis": "def2-sv(p)",
        "prog": "orca",
        "gfnv": "gfn2",
        "run": true,
        "template": false
    },
    "nconf_in": 5,
    "nconf_out": 5
}