{
    "partname": "screening",
    "runtime": 33.7245727176778,
    "results": {
        "CONF3": {
            "gsolv": {
                "gsolv": -0.005778369794001037,
                "energy_gas": -233.600158673166,
                "energy_solv": -233.60593704296
            },
            "gtot": -233.60593704296,
            "bmw": 0.13417081712098988
        },
        "CONF1": {
            "gsolv": {
                "gsolv": -0.006194093681983759,
                "energy_gas": -233.600495139542,
                "energy_solv": -233.606689233224
            },
            "gtot": -233.606689233224,
            "bmw": 0.2976059685731882
        },
        "CONF4": {
            "gsolv": {
                "gsolv": -0.00608039336302113,
                "energy_gas": -233.600181388199,
                "energy_solv": -233.606261781562
            },
            "gtot": -233.606261781562,
            "bmw": 0.18924633699286508
        },
        "CONF5": {
            "gsolv": {
                "gsolv": -0.005269043166009624,
                "energy_gas": -233.599616510387,
                "energy_solv": -233.604885553553
            },
            "gtot": -233.604885553553,
            "bmw": 0.044056137231590325
        },
        "CONF2": {
            "gsolv": {
                "gsolv": -0.006635045677001017,
                "energy_gas": -233.600165717887,
                "energy_solv": -233.606800763564
            },
            "gtot": -233.606800763564,
            "bmw": 0.3349207400813665
        }
    },
    "settings": {
        "threshold": 3.5,
        "func": "r2scan-3c",
        "basis": "def2-tzvp",
        "prog": "orca",
        "sm": "smd",
        "gfnv": "gfn2",
        "run": true,
        "implicit": false,
        "template": false
    },
    "nconf_in": 5,
    "nconf_out": 5
}