{
    "partname": "refinement",
    "runtime": 146.05712919682264,
    "results": {
        "CONF1": {
            "gsolv": {
                "gsolv": -0.007025464465982623,
                "energy_gas": -233.677707355263,
                "energy_solv": -233.684732819729
            },
            "gtot": -233.684732819729,
            "bmw": 0.28648639890744065
        },
        "CONF3": {
            "gsolv": {
                "gsolv": -0.0065279514350038426,
                "energy_gas": -233.677648525321,
                "energy_solv": -233.684176476756
            },
            "gtot": -233.684176476756,
            "bmw": 0.1589292941149477
        },
        "CONF2": {
            "gsolv": {
                "gsolv": -0.007346274630009475,
                "energy_gas": -233.677470471948,
                "energy_solv": -233.684816746578
            },
            "gtot": -233.684816746578,
            "bmw": 0.31311774944275894
        },
        "CONF5": {
            "gsolv": {
                "gsolv": -0.0063282416639935946,
                "energy_gas": -233.67709753456,
                "energy_solv": -233.683425776224
            },
            "gtot": -233.683425776224,
            "bmw": 0.07176383047419702
        },
        "CONF4": {
            "gsolv": {
                "gsolv": -0.007053223672983222,
                "energy_gas": -233.677185180993,
                "energy_solv": -233.684238404666
            },
            "gtot": -233.684238404666,
            "bmw": 0.1697027270606556
        }
    },
    "settings": {
        "threshold": 0.95,
        "func": "wb97x-v",
        "basis": "def2-tzvp",
        "prog": "orca",
        "sm": "smd",
        "gfnv": "gfn2",
        "run": true,
        "implicit": false,
        "template": false
    },
    "nconf_in": 5,
    "nconf_out": 5
}