{
   "temperature":     298.150000000000,
   "unit": "hartree",
   "energy":     -14.370568530348,
   "free energy":     -14.366053450514,
   "G(T)":       0.004515079834,
   "ZPVE":       0.032123236458,
   "number of imags":0,
   "point group": "c2h",
   "gradient norm":       0.000027464938
}
