{
   "temperature":     298.150000000000,
   "unit": "hartree",
   "energy":      -8.397149395203,
   "free energy":      -8.380891766938,
   "G(T)":       0.016257628265,
   "ZPVE":       0.037672431449,
   "number of imags":0,
   "point group": "c3v",
   "gradient norm":       0.000010664976
}
