{
   "temperature":     298.150000000000,
   "unit": "hartree",
   "energy":     -20.891868100006,
   "free energy":     -20.763467790129,
   "G(T)":       0.128400309877,
   "ZPVE":       0.160492753698,
   "number of imags":0,
   "point group": "cs",
   "gradient norm":       0.000022443955
}
