{
   "temperature":     298.150000000000,
   "unit": "hartree",
   "energy":     -17.246654479563,
   "free energy":     -17.157611369297,
   "G(T)":       0.089043110266,
   "ZPVE":       0.120670263026,
   "number of imags":0,
   "point group": "c1",
   "gradient norm":       0.000082805137
}
