{
   "temperature":     298.150000000000,
   "unit": "hartree",
   "energy":     -13.921085582108,
   "free energy":     -13.830085522535,
   "G(T)":       0.091000059574,
   "ZPVE":       0.118972785461,
   "number of imags":0,
   "point group": "c1",
   "gradient norm":       0.000025212935
}
