{
   "temperature":     298.150000000000,
   "unit": "hartree",
   "energy":     -25.385326291583,
   "free energy":     -25.238188360105,
   "G(T)":       0.147137931478,
   "ZPVE":       0.180836672836,
   "number of imags":0,
   "point group": "c1",
   "gradient norm":       0.000071239006
}
