{
   "temperature":     298.150000000000,
   "unit": "hartree",
   "energy":     -22.800619440611,
   "free energy":     -22.748398432607,
   "G(T)":       0.052221008004,
   "ZPVE":       0.085034418374,
   "number of imags":0,
   "point group": "cs",
   "gradient norm":       0.000092780690
}
