{
   "temperature":     298.150000000000,
   "unit": "hartree",
   "energy":     -59.112985863811,
   "free energy":     -59.054703045180,
   "G(T)":       0.058282818631,
   "ZPVE":       0.108229761707,
   "number of imags":0,
   "point group": "c1",
   "gradient norm":       0.000051127232
}
