{
   "temperature":     298.150000000000,
   "unit": "hartree",
   "energy":     -20.900438029475,
   "free energy":     -20.770480379335,
   "G(T)":       0.129957650140,
   "ZPVE":       0.161257211265,
   "number of imags":0,
   "point group": "c1",
   "gradient norm":       0.000031018697
}
