{
   "temperature":     298.150000000000,
   "unit": "hartree",
   "energy":     -20.789545410448,
   "free energy":     -20.708501350184,
   "G(T)":       0.081044060264,
   "ZPVE":       0.114917296053,
   "number of imags":0,
   "point group": "c1",
   "gradient norm":       0.000044995888
}
