{
    "partname": "prescreening",
    "runtime": 10.071578632108867,
    "results": {
        "CONF2": {
            "xtb_gsolv": {
                "gsolv": -0.005870224279998837,
                "energy_xtb_gas": -26.549703024541,
                "energy_xtb_solv": -26.555573248821
            },
            "sp": {
                "energy": -401.251423974317
            },
            "gtot": -401.257294198597,
            "bmw": 0.45901055430336024
        },
        "CONF1": {
            "xtb_gsolv": {
                "gsolv": -0.005718127973000975,
                "energy_xtb_gas": -26.549965422194,
                "energy_xtb_solv": -26.555683550167
            },
            "sp": {
                "energy": -401.251731225104
            },
            "gtot": -401.257449353077,
            "bmw": 0.5409894456966398
        }
    },
    "settings": {
        "threshold": 4.0,
        "func": "pbe-d4",
        "basis": "def2-sv(p)",
        "prog": "orca",
        "gfnv": "gfn2",
        "run": true,
        "template": false
    },
    "nconf_in": 2,
    "nconf_out": 2
}