{
    "partname": "screening",
    "runtime": 63.22134228050709,
    "results": {
        "CONF1": {
            "gsolv": {
                "gsolv": -0.010378841747979095,
                "energy_gas": -402.030716122317,
                "energy_solv": -402.041094964065
            },
            "gtot": -402.041094964065,
            "bmw": 0.46668848048752637
        },
        "CONF2": {
            "gsolv": {
                "gsolv": -0.010913480709007217,
                "energy_gas": -402.03030747878,
                "energy_solv": -402.041220959489
            },
            "gtot": -402.041220959489,
            "bmw": 0.5333115195124736
        }
    },
    "settings": {
        "threshold": 3.5,
        "func": "r2scan-3c",
        "basis": "def2-tzvp",
        "prog": "orca",
        "sm": "smd",
        "gfnv": "gfn2",
        "run": true,
        "implicit": false,
        "template": false
    },
    "nconf_in": 2,
    "nconf_out": 2
}