{
    "partname": "refinement",
    "runtime": 435.60940506495535,
    "results": {
        "CONF1": {
            "gsolv": {
                "gsolv": -0.01040176118300451,
                "energy_gas": -402.14984893337,
                "energy_solv": -402.160250694553
            },
            "gtot": -402.160250694553,
            "bmw": 0.4970525409920262
        },
        "CONF2": {
            "gsolv": {
                "gsolv": -0.01090560081604508,
                "energy_gas": -402.149356225638,
                "energy_solv": -402.160261826454
            },
            "gtot": -402.160261826454,
            "bmw": 0.5029474590079739
        }
    },
    "settings": {
        "threshold": 0.95,
        "func": "wb97x-v",
        "basis": "def2-tzvp",
        "prog": "orca",
        "sm": "smd",
        "gfnv": "gfn2",
        "run": true,
        "implicit": false,
        "template": false
    },
    "nconf_in": 2,
    "nconf_out": 2
}