{
   "temperature":     298.150000000000,
   "unit": "hartree",
   "energy":     -15.771458963629,
   "free energy":     -15.666292885402,
   "G(T)":       0.105166078226,
   "ZPVE":       0.134612055556,
   "number of imags":0,
   "point group": "c1",
   "gradient norm":       0.000022871434
}
