{
   "temperature":     298.150000000000,
   "unit": "hartree",
   "energy":     -21.660651089233,
   "free energy":     -21.618255524547,
   "G(T)":       0.042395564686,
   "ZPVE":       0.076891343590,
   "number of imags":0,
   "point group": "cs",
   "gradient norm":       0.000058064632
}
