{
   "temperature":     298.150000000000,
   "unit": "hartree",
   "energy":     -28.353809354225,
   "free energy":     -28.184368581454,
   "G(T)":       0.169440772771,
   "ZPVE":       0.204168277080,
   "number of imags":0,
   "point group": "c1",
   "gradient norm":       0.000020742647
}
