{
    "partname": "prescreening",
    "runtime": 4.8240718031302094,
    "results": {
        "CONF1": {
            "xtb_gsolv": {
                "gsolv": -0.004854947349000938,
                "energy_xtb_gas": -14.558542542922,
                "energy_xtb_solv": -14.563397490271
            },
            "sp": {
                "energy": -193.874783632871
            },
            "gtot": -193.87963858022,
            "bmw": 0.18679016773221396
        },
        "CONF2": {
            "xtb_gsolv": {
                "gsolv": -0.004655549054000119,
                "energy_xtb_gas": -14.558316423837,
                "energy_xtb_solv": -14.562971972891
            },
            "sp": {
                "energy": -193.875088978107
            },
            "gtot": -193.879744527161,
            "bmw": 0.2089711013784358
        },
        "CONF4": {
            "xtb_gsolv": {
                "gsolv": -0.005623808950998566,
                "energy_xtb_gas": -14.556349406739,
                "energy_xtb_solv": -14.56197321569
            },
            "sp": {
                "energy": -193.874273348474
            },
            "gtot": -193.87989715742498,
            "bmw": 0.24563559098056045
        },
        "CONF5": {
            "xtb_gsolv": {
                "gsolv": -0.005548643081999316,
                "energy_xtb_gas": -14.555854015664,
                "energy_xtb_solv": -14.561402658746
            },
            "sp": {
                "energy": -193.874516702147
            },
            "gtot": -193.88006534522899,
            "bmw": 0.293529887610315
        },
        "CONF3": {
            "xtb_gsolv": {
                "gsolv": -0.0039319251100007335,
                "energy_xtb_gas": -14.558066134709,
                "energy_xtb_solv": -14.561998059819
            },
            "sp": {
                "energy": -193.87471103946
            },
            "gtot": -193.87864296457002,
            "bmw": 0.06507325229847485
        }
    },
    "settings": {
        "threshold": 4.0,
        "func": "pbe-d4",
        "basis": "def2-sv(p)",
        "prog": "orca",
        "gfnv": "gfn2",
        "run": true,
        "template": false
    },
    "nconf_in": 5,
    "nconf_out": 5
}