{
    "partname": "screening",
    "runtime": 26.42799478210509,
    "results": {
        "CONF4": {
            "gsolv": {
                "gsolv": -0.006875496488987665,
                "energy_gas": -194.298623556102,
                "energy_solv": -194.305499052591
            },
            "gtot": -194.305499052591,
            "bmw": 0.18567336458915334
        },
        "CONF1": {
            "gsolv": {
                "gsolv": -0.007100262404009072,
                "energy_gas": -194.298823096722,
                "energy_solv": -194.305923359126
            },
            "gtot": -194.305923359126,
            "bmw": 0.2910161586265984
        },
        "CONF5": {
            "gsolv": {
                "gsolv": -0.006255056965017047,
                "energy_gas": -194.298673647303,
                "energy_solv": -194.304928704268
            },
            "gtot": -194.304928704268,
            "bmw": 0.10148632782584155
        },
        "CONF2": {
            "gsolv": {
                "gsolv": -0.006690426657996795,
                "energy_gas": -194.298863617675,
                "energy_solv": -194.305554044333
            },
            "gtot": -194.305554044333,
            "bmw": 0.19680859355034636
        },
        "CONF3": {
            "gsolv": {
                "gsolv": -0.007040059960985445,
                "energy_gas": -194.298640446352,
                "energy_solv": -194.305680506313
            },
            "gtot": -194.305680506313,
            "bmw": 0.22501555540806034
        }
    },
    "settings": {
        "threshold": 3.5,
        "func": "r2scan-3c",
        "basis": "def2-tzvp",
        "prog": "orca",
        "sm": "smd",
        "gfnv": "gfn2",
        "run": true,
        "implicit": false,
        "template": false
    },
    "nconf_in": 5,
    "nconf_out": 5
}