{
    "partname": "refinement",
    "runtime": 89.2066511362791,
    "results": {
        "CONF1": {
            "gsolv": {
                "gsolv": -0.007838457156992718,
                "energy_gas": -194.360581307162,
                "energy_solv": -194.368419764319
            },
            "gtot": -194.368419764319,
            "bmw": 0.24453475211205197
        },
        "CONF4": {
            "gsolv": {
                "gsolv": -0.007520516766987839,
                "energy_gas": -194.360577970607,
                "energy_solv": -194.368098487374
            },
            "gtot": -194.368098487374,
            "bmw": 0.17400567889917606
        },
        "CONF5": {
            "gsolv": {
                "gsolv": -0.007065318404016807,
                "energy_gas": -194.360807258792,
                "energy_solv": -194.367872577196
            },
            "gtot": -194.367872577196,
            "bmw": 0.13697835085664664
        },
        "CONF3": {
            "gsolv": {
                "gsolv": -0.007793545330002871,
                "energy_gas": -194.360582583737,
                "energy_solv": -194.368376129067
            },
            "gtot": -194.368376129067,
            "bmw": 0.2334907935138541
        },
        "CONF2": {
            "gsolv": {
                "gsolv": -0.007543177305990412,
                "energy_gas": -194.360737277715,
                "energy_solv": -194.368280455021
            },
            "gtot": -194.368280455021,
            "bmw": 0.2109904246182712
        }
    },
    "settings": {
        "threshold": 0.95,
        "func": "wb97x-v",
        "basis": "def2-tzvp",
        "prog": "orca",
        "sm": "smd",
        "gfnv": "gfn2",
        "run": true,
        "implicit": false,
        "template": false
    },
    "nconf_in": 5,
    "nconf_out": 5
}