{
   "temperature":     298.150000000000,
   "unit": "hartree",
   "energy":     -22.490778617831,
   "free energy":     -22.381806274780,
   "G(T)":       0.108972343052,
   "ZPVE":       0.141161222589,
   "number of imags":0,
   "point group": "c1",
   "gradient norm":       0.000018625630
}
