{
   "temperature":     298.150000000000,
   "unit": "hartree",
   "energy":     -19.464441375519,
   "free energy":     -19.407400066073,
   "G(T)":       0.057041309446,
   "ZPVE":       0.087491260186,
   "number of imags":0,
   "point group": "c2v",
   "gradient norm":       0.000064130378
}
