{
   "temperature":     298.150000000000,
   "unit": "hartree",
   "energy":     -24.329401411488,
   "free energy":     -24.205422065653,
   "G(T)":       0.123979345836,
   "ZPVE":       0.157150459573,
   "number of imags":0,
   "point group": "c1",
   "gradient norm":       0.000045370449
}
