{
    "partname": "prescreening",
    "runtime": 8.370202261023223,
    "results": {
        "CONF2": {
            "xtb_gsolv": {
                "gsolv": 0.0006326706800017234,
                "energy_xtb_gas": -22.212735414347,
                "energy_xtb_solv": -22.212102743667
            },
            "sp": {
                "energy": -310.153837119186
            },
            "gtot": -310.153204448506,
            "bmw": 0.1789344618501864
        },
        "CONF1": {
            "xtb_gsolv": {
                "gsolv": 0.000711062456002054,
                "energy_xtb_gas": -22.214837720485,
                "energy_xtb_solv": -22.214126658029
            },
            "sp": {
                "energy": -310.155354053647
            },
            "gtot": -310.154642991191,
            "bmw": 0.8210655381498136
        }
    },
    "settings": {
        "threshold": 4.0,
        "func": "pbe-d4",
        "basis": "def2-sv(p)",
        "prog": "orca",
        "gfnv": "gfn2",
        "run": true,
        "template": false
    },
    "nconf_in": 2,
    "nconf_out": 2
}