{
    "partname": "screening",
    "runtime": 44.84497401770204,
    "results": {
        "CONF2": {
            "gsolv": {
                "gsolv": -0.001480098762954185,
                "energy_gas": -310.778657204964,
                "energy_solv": -310.780137303727
            },
            "gtot": -310.780137303727,
            "bmw": 0.1896242375743178
        },
        "CONF1": {
            "gsolv": {
                "gsolv": -0.0013588634170105252,
                "energy_gas": -310.780149823483,
                "energy_solv": -310.7815086869
            },
            "gtot": -310.7815086869,
            "bmw": 0.8103757624256822
        }
    },
    "settings": {
        "threshold": 3.5,
        "func": "r2scan-3c",
        "basis": "def2-tzvp",
        "prog": "orca",
        "sm": "smd",
        "gfnv": "gfn2",
        "run": true,
        "implicit": false,
        "template": false
    },
    "nconf_in": 2,
    "nconf_out": 2
}