{
    "partname": "refinement",
    "runtime": 343.11179028172046,
    "results": {
        "CONF2": {
            "gsolv": {
                "gsolv": -0.0014014421980164116,
                "energy_gas": -310.885474785908,
                "energy_solv": -310.886876228106
            },
            "gtot": -310.886876228106,
            "bmw": 0.18700679271969073
        },
        "CONF1": {
            "gsolv": {
                "gsolv": -0.0012493800639958863,
                "energy_gas": -310.887014399594,
                "energy_solv": -310.888263779658
            },
            "gtot": -310.888263779658,
            "bmw": 0.8129932072803092
        }
    },
    "settings": {
        "threshold": 0.95,
        "func": "wb97x-v",
        "basis": "def2-tzvp",
        "prog": "orca",
        "sm": "smd",
        "gfnv": "gfn2",
        "run": true,
        "implicit": false,
        "template": false
    },
    "nconf_in": 2,
    "nconf_out": 2
}