{
   "temperature":     298.150000000000,
   "unit": "hartree",
   "energy":     -46.558721036953,
   "free energy":     -46.549246646213,
   "G(T)":       0.009474390740,
   "ZPVE":       0.051274111655,
   "number of imags":0,
   "point group": "c2",
   "gradient norm":       0.000074769525
}
