{
   "temperature":     298.150000000000,
   "unit": "hartree",
   "energy":     -43.397294421787,
   "free energy":     -43.249868655208,
   "G(T)":       0.147425766579,
   "ZPVE":       0.185868266299,
   "number of imags":0,
   "point group": "c1",
   "gradient norm":       0.000100350864
}
