{
   "temperature":     298.150000000000,
   "unit": "hartree",
   "energy":     -15.025377571042,
   "free energy":     -14.953326255880,
   "G(T)":       0.072051315163,
   "ZPVE":       0.101132322156,
   "number of imags":0,
   "point group": "c1",
   "gradient norm":       0.000059910955
}
