{
   "temperature":     298.150000000000,
   "unit": "hartree",
   "energy":     -35.066819935201,
   "free energy":     -34.913080612241,
   "G(T)":       0.153739322959,
   "ZPVE":       0.187688252941,
   "number of imags":0,
   "point group": "d2h",
   "gradient norm":       0.000016659932
}
