{
   "temperature":     298.150000000000,
   "unit": "hartree",
   "energy":     -55.066488590517,
   "free energy":     -54.996462952645,
   "G(T)":       0.070025637872,
   "ZPVE":       0.118036214988,
   "number of imags":0,
   "point group": "c1",
   "gradient norm":       0.000023769390
}
