{
   "temperature":     298.150000000000,
   "unit": "hartree",
   "energy":     -43.389784936003,
   "free energy":     -43.243380583481,
   "G(T)":       0.146404352523,
   "ZPVE":       0.185599200628,
   "number of imags":0,
   "point group": "c1",
   "gradient norm":       0.000051126737
}
