{
   "temperature":     298.150000000000,
   "unit": "hartree",
   "energy":     -28.355160889014,
   "free energy":     -28.185961482478,
   "G(T)":       0.169199406536,
   "ZPVE":       0.203970184192,
   "number of imags":0,
   "point group": "c1",
   "gradient norm":       0.000023172310
}
