{
    "partname": "prescreening",
    "runtime": 14.436287910677493,
    "results": {
        "CONF2": {
            "xtb_gsolv": {
                "gsolv": -0.005437646373000149,
                "energy_xtb_gas": -26.293801247555,
                "energy_xtb_solv": -26.299238893928
            },
            "sp": {
                "energy": -385.239242721482
            },
            "gtot": -385.24468036785504,
            "bmw": 0.13306918986089894
        },
        "CONF1": {
            "xtb_gsolv": {
                "gsolv": -0.005445108511999308,
                "energy_xtb_gas": -26.294253611256,
                "energy_xtb_solv": -26.299698719768
            },
            "sp": {
                "energy": -385.240917658735
            },
            "gtot": -385.246362767247,
            "bmw": 0.7905469483891309
        },
        "CONF3": {
            "xtb_gsolv": {
                "gsolv": -0.004297314167001076,
                "energy_xtb_gas": -26.293716281462,
                "energy_xtb_solv": -26.298013595629
            },
            "sp": {
                "energy": -385.239858939364
            },
            "gtot": -385.244156253531,
            "bmw": 0.0763838617499702
        }
    },
    "settings": {
        "threshold": 4.0,
        "func": "pbe-d4",
        "basis": "def2-sv(p)",
        "prog": "orca",
        "gfnv": "gfn2",
        "run": true,
        "template": false
    },
    "nconf_in": 3,
    "nconf_out": 3
}