{
    "partname": "screening",
    "runtime": 73.96739982906729,
    "results": {
        "CONF3": {
            "gsolv": {
                "gsolv": -0.008027579580982547,
                "energy_gas": -386.00464330408,
                "energy_solv": -386.012670883661
            },
            "gtot": -386.012670883661,
            "bmw": 0.377077128959854
        },
        "CONF2": {
            "gsolv": {
                "gsolv": -0.007463631317989439,
                "energy_gas": -386.003412922623,
                "energy_solv": -386.010876553941
            },
            "gtot": -386.010876553941,
            "bmw": 0.05637618075047776
        },
        "CONF1": {
            "gsolv": {
                "gsolv": -0.007869545623009344,
                "energy_gas": -386.005185724459,
                "energy_solv": -386.013055270082
            },
            "gtot": -386.013055270082,
            "bmw": 0.5665466902896683
        }
    },
    "settings": {
        "threshold": 3.5,
        "func": "r2scan-3c",
        "basis": "def2-tzvp",
        "prog": "orca",
        "sm": "smd",
        "gfnv": "gfn2",
        "run": true,
        "implicit": false,
        "template": false
    },
    "nconf_in": 3,
    "nconf_out": 3
}