{
    "partname": "refinement",
    "runtime": 455.45490973163396,
    "results": {
        "CONF3": {
            "gsolv": {
                "gsolv": -0.008300915066001835,
                "energy_gas": -386.121598975487,
                "energy_solv": -386.129899890553
            },
            "gtot": -386.129899890553,
            "bmw": 0.19813191384411624
        },
        "CONF1": {
            "gsolv": {
                "gsolv": -0.008076801743982287,
                "energy_gas": -386.122487268904,
                "energy_solv": -386.130564070648
            },
            "gtot": -386.130564070648,
            "bmw": 0.40036502476224567
        },
        "CONF2": {
            "gsolv": {
                "gsolv": -0.008077710192026188,
                "energy_gas": -386.122489040489,
                "energy_solv": -386.130566750681
            },
            "gtot": -386.130566750681,
            "bmw": 0.40150306139363817
        }
    },
    "settings": {
        "threshold": 0.95,
        "func": "wb97x-v",
        "basis": "def2-tzvp",
        "prog": "orca",
        "sm": "smd",
        "gfnv": "gfn2",
        "run": true,
        "implicit": false,
        "template": false
    },
    "nconf_in": 3,
    "nconf_out": 3
}