{
   "temperature":     298.150000000000,
   "unit": "hartree",
   "energy":      -7.412972910878,
   "free energy":      -7.392739396834,
   "G(T)":       0.020233514044,
   "ZPVE":       0.044473085289,
   "number of imags":0,
   "point group": "cs",
   "gradient norm":       0.000052013104
}
