{
   "temperature":     298.150000000000,
   "unit": "hartree",
   "energy":     -43.388493150097,
   "free energy":     -43.241433819662,
   "G(T)":       0.147059330436,
   "ZPVE":       0.185950578224,
   "number of imags":0,
   "point group": "c1",
   "gradient norm":       0.000042329978
}
