{
   "temperature":     298.150000000000,
   "unit": "hartree",
   "energy":     -31.817236247016,
   "free energy":     -31.655595461518,
   "G(T)":       0.161640785498,
   "ZPVE":       0.197519445656,
   "number of imags":0,
   "point group": "cs",
   "gradient norm":       0.000063857189
}
