{
    "partname": "prescreening",
    "runtime": 6.469735873863101,
    "results": {
        "CONF2": {
            "xtb_gsolv": {
                "gsolv": -0.0005057503850007805,
                "energy_xtb_gas": -10.74967058489,
                "energy_xtb_solv": -10.750176335275
            },
            "sp": {
                "energy": -134.807481055498
            },
            "gtot": -134.807986805883,
            "bmw": 0.002003559030224596
        },
        "CONF1": {
            "xtb_gsolv": {
                "gsolv": -0.0005852508309995841,
                "energy_xtb_gas": -10.754220193423,
                "energy_xtb_solv": -10.754805444254
            },
            "sp": {
                "energy": -134.813265714968
            },
            "gtot": -134.813850965799,
            "bmw": 0.9979964409697754
        }
    },
    "settings": {
        "threshold": 4.0,
        "func": "pbe-d4",
        "basis": "def2-sv(p)",
        "prog": "orca",
        "gfnv": "gfn2",
        "run": true,
        "template": false
    },
    "nconf_in": 2,
    "nconf_out": 2
}