{
    "partname": "screening",
    "runtime": 18.694750051014125,
    "results": {
        "CONF2": {
            "gsolv": {
                "gsolv": -0.005460634343990023,
                "energy_gas": -135.104817452725,
                "energy_solv": -135.110278087069
            },
            "gtot": -135.110278087069,
            "bmw": 0.0023652551422725524
        },
        "CONF1": {
            "gsolv": {
                "gsolv": -0.005846632458002432,
                "energy_gas": -135.110138574789,
                "energy_solv": -135.115985207247
            },
            "gtot": -135.115985207247,
            "bmw": 0.9976347448577275
        }
    },
    "settings": {
        "threshold": 3.5,
        "func": "r2scan-3c",
        "basis": "def2-tzvp",
        "prog": "orca",
        "sm": "smd",
        "gfnv": "gfn2",
        "run": true,
        "implicit": false,
        "template": false
    },
    "nconf_in": 2,
    "nconf_out": 2
}