{
    "partname": "refinement",
    "runtime": 62.55362706165761,
    "results": {
        "CONF1": {
            "gsolv": {
                "gsolv": -0.006963102789995901,
                "energy_gas": -135.163302272191,
                "energy_solv": -135.170265374981
            },
            "gtot": -135.170265374981,
            "bmw": 0.4992466427392199
        },
        "CONF2": {
            "gsolv": {
                "gsolv": -0.00695645418602453,
                "energy_gas": -135.163311766028,
                "energy_solv": -135.170268220214
            },
            "gtot": -135.170268220214,
            "bmw": 0.5007533572607801
        }
    },
    "settings": {
        "threshold": 0.95,
        "func": "wb97x-v",
        "basis": "def2-tzvp",
        "prog": "orca",
        "sm": "smd",
        "gfnv": "gfn2",
        "run": true,
        "implicit": false,
        "template": false
    },
    "nconf_in": 2,
    "nconf_out": 2
}