{
   "temperature":     298.150000000000,
   "unit": "hartree",
   "energy":     -21.103190729932,
   "free energy":     -20.962978988010,
   "G(T)":       0.140211741921,
   "ZPVE":       0.171120015746,
   "number of imags":0,
   "point group": "c1",
   "gradient norm":       0.000071383642
}
