{
   "temperature":     298.150000000000,
   "unit": "hartree",
   "energy":     -43.387718218405,
   "free energy":     -43.240102669103,
   "G(T)":       0.147615549302,
   "ZPVE":       0.186196976889,
   "number of imags":0,
   "point group": "c1",
   "gradient norm":       0.000026458506
}
