{
   "temperature":     298.150000000000,
   "unit": "hartree",
   "energy":     -26.295985946989,
   "free energy":     -26.173226381650,
   "G(T)":       0.122759565339,
   "ZPVE":       0.156569956152,
   "number of imags":0,
   "point group": "c1",
   "gradient norm":       0.000064688496
}
