{
   "temperature":     298.150000000000,
   "unit": "hartree",
   "energy":     -15.774492529603,
   "free energy":     -15.671219611081,
   "G(T)":       0.103272918522,
   "ZPVE":       0.134482517708,
   "number of imags":0,
   "point group": "c1",
   "gradient norm":       0.000050084122
}
