{
    "partname": "prescreening",
    "runtime": 11.670282288920134,
    "results": {
        "CONF2": {
            "xtb_gsolv": {
                "gsolv": -0.009233241103000722,
                "energy_xtb_gas": -24.177991925895,
                "energy_xtb_solv": -24.187225166998
            },
            "sp": {
                "energy": -405.875832977913
            },
            "gtot": -405.885066219016,
            "bmw": 0.553186810316699
        },
        "CONF1": {
            "xtb_gsolv": {
                "gsolv": -0.006111579237000342,
                "energy_xtb_gas": -24.181976040222,
                "energy_xtb_solv": -24.188087619459
            },
            "sp": {
                "energy": -405.878753004449
            },
            "gtot": -405.88486458368595,
            "bmw": 0.44681318968330097
        }
    },
    "settings": {
        "threshold": 4.0,
        "func": "pbe-d4",
        "basis": "def2-sv(p)",
        "prog": "orca",
        "gfnv": "gfn2",
        "run": true,
        "template": false
    },
    "nconf_in": 2,
    "nconf_out": 2
}