{
    "partname": "screening",
    "runtime": 54.37173819402233,
    "results": {
        "CONF1": {
            "gsolv": {
                "gsolv": -0.005493460318007237,
                "energy_gas": -406.642395628958,
                "energy_solv": -406.647889089276
            },
            "gtot": -406.647889089276,
            "bmw": 0.5467868858671476
        },
        "CONF2": {
            "gsolv": {
                "gsolv": -0.00977477702502938,
                "energy_gas": -406.637937092111,
                "energy_solv": -406.647711869136
            },
            "gtot": -406.647711869136,
            "bmw": 0.45321311413285226
        }
    },
    "settings": {
        "threshold": 3.5,
        "func": "r2scan-3c",
        "basis": "def2-tzvp",
        "prog": "orca",
        "sm": "smd",
        "gfnv": "gfn2",
        "run": true,
        "implicit": false,
        "template": false
    },
    "nconf_in": 2,
    "nconf_out": 2
}