{
    "partname": "refinement",
    "runtime": 230.15058508468792,
    "results": {
        "CONF2": {
            "gsolv": {
                "gsolv": -0.010168139997006165,
                "energy_gas": -406.730863177678,
                "energy_solv": -406.741031317675
            },
            "gtot": -406.741031317675,
            "bmw": 0.4996627982229825
        },
        "CONF1": {
            "gsolv": {
                "gsolv": -0.005845281180995698,
                "energy_gas": -406.735187310016,
                "energy_solv": -406.741032591197
            },
            "gtot": -406.741032591197,
            "bmw": 0.5003372017770176
        }
    },
    "settings": {
        "threshold": 0.95,
        "func": "wb97x-v",
        "basis": "def2-tzvp",
        "prog": "orca",
        "sm": "smd",
        "gfnv": "gfn2",
        "run": true,
        "implicit": false,
        "template": false
    },
    "nconf_in": 2,
    "nconf_out": 2
}