{
   "temperature":     298.150000000000,
   "unit": "hartree",
   "energy":     -30.485137499848,
   "free energy":     -30.313931743663,
   "G(T)":       0.171205756185,
   "ZPVE":       0.206698814234,
   "number of imags":0,
   "point group": "c1",
   "gradient norm":       0.000018891578
}
