{
   "temperature":     298.150000000000,
   "unit": "hartree",
   "energy":     -20.794144343751,
   "free energy":     -20.714245446655,
   "G(T)":       0.079898897096,
   "ZPVE":       0.114454712365,
   "number of imags":0,
   "point group": "cs",
   "gradient norm":       0.000016037452
}
