{
   "temperature":     298.150000000000,
   "unit": "hartree",
   "energy":     -42.171337590558,
   "free energy":     -42.031247658949,
   "G(T)":       0.140089931609,
   "ZPVE":       0.181777360900,
   "number of imags":0,
   "point group": "c1",
   "gradient norm":       0.000056782850
}
