{
   "temperature":     298.150000000000,
   "unit": "hartree",
   "energy":     -18.590812466415,
   "free energy":     -18.538457095388,
   "G(T)":       0.052355371027,
   "ZPVE":       0.083448928653,
   "number of imags":0,
   "point group": "c1",
   "gradient norm":       0.000041823041
}
