{
   "temperature":     298.150000000000,
   "unit": "hartree",
   "energy":     -22.498991720868,
   "free energy":     -22.390351981841,
   "G(T)":       0.108639739027,
   "ZPVE":       0.140337190069,
   "number of imags":0,
   "point group": "cs",
   "gradient norm":       0.000043198627
}
