{
   "temperature":     298.150000000000,
   "unit": "hartree",
   "energy":     -14.634424234513,
   "free energy":     -14.586015381580,
   "G(T)":       0.048408852933,
   "ZPVE":       0.077167576921,
   "number of imags":0,
   "point group": "cs",
   "gradient norm":       0.000046384691
}
