{
   "temperature":     298.150000000000,
   "unit": "hartree",
   "energy":     -25.253171809131,
   "free energy":     -25.152997619062,
   "G(T)":       0.100174190069,
   "ZPVE":       0.133700209229,
   "number of imags":0,
   "point group": "cs",
   "gradient norm":       0.000067796380
}
