{
   "temperature":     298.150000000000,
   "unit": "hartree",
   "energy":     -25.381625979149,
   "free energy":     -25.234563791909,
   "G(T)":       0.147062187240,
   "ZPVE":       0.180960555262,
   "number of imags":0,
   "point group": "cs",
   "gradient norm":       0.000033697143
}
