{
   "temperature":     298.150000000000,
   "unit": "hartree",
   "energy":     -19.867578639999,
   "free energy":     -19.761088828006,
   "G(T)":       0.106489811993,
   "ZPVE":       0.138518902684,
   "number of imags":0,
   "point group": "c1",
   "gradient norm":       0.000043899998
}
