{
   "temperature":     298.150000000000,
   "unit": "hartree",
   "energy":     -32.626678201300,
   "free energy":     -32.450736764958,
   "G(T)":       0.175941436342,
   "ZPVE":       0.212257888761,
   "number of imags":0,
   "point group": "cs",
   "gradient norm":       0.000046180164
}
