{
    "partname": "prescreening",
    "runtime": 7.0847527189180255,
    "results": {
        "CONF2": {
            "xtb_gsolv": {
                "gsolv": 0.0016182935119992692,
                "energy_xtb_gas": -16.829515285457,
                "energy_xtb_solv": -16.827896991945
            },
            "sp": {
                "energy": -197.236395850595
            },
            "gtot": -197.234777557083,
            "bmw": 0.257621127860444
        },
        "CONF4": {
            "xtb_gsolv": {
                "gsolv": 0.001601686842999328,
                "energy_xtb_gas": -16.823849913617,
                "energy_xtb_solv": -16.822248226774
            },
            "sp": {
                "energy": -197.229641409065
            },
            "gtot": -197.228039722222,
            "bmw": 0.00020501798922703725
        },
        "CONF1": {
            "xtb_gsolv": {
                "gsolv": 0.001598453037001235,
                "energy_xtb_gas": -16.83065963134,
                "energy_xtb_solv": -16.829061178303
            },
            "sp": {
                "energy": -197.2373659214
            },
            "gtot": -197.235767468363,
            "bmw": 0.7350369101116743
        },
        "CONF3": {
            "xtb_gsolv": {
                "gsolv": 0.001578625724000915,
                "energy_xtb_gas": -16.827785549114,
                "energy_xtb_solv": -16.82620692339
            },
            "sp": {
                "energy": -197.232970145861
            },
            "gtot": -197.231391520137,
            "bmw": 0.007136944038654735
        }
    },
    "settings": {
        "threshold": 4.0,
        "func": "pbe-d4",
        "basis": "def2-sv(p)",
        "prog": "orca",
        "gfnv": "gfn2",
        "run": true,
        "template": false
    },
    "nconf_in": 4,
    "nconf_out": 3
}