{
    "partname": "screening",
    "runtime": 30.14319927804172,
    "results": {
        "CONF1": {
            "gsolv": {
                "gsolv": 0.0032118880729967714,
                "energy_gas": -197.689430300898,
                "energy_solv": -197.686218412825
            },
            "gtot": -197.686218412825,
            "bmw": 0.7051618763484503
        },
        "CONF3": {
            "gsolv": {
                "gsolv": 0.0033231524479901964,
                "energy_gas": -197.684805679499,
                "energy_solv": -197.681482527051
            },
            "gtot": -197.681482527051,
            "bmw": 0.004676620794102947
        },
        "CONF2": {
            "gsolv": {
                "gsolv": 0.0031348080100030984,
                "energy_gas": -197.68851479534,
                "energy_solv": -197.68537998733
            },
            "gtot": -197.68537998733,
            "bmw": 0.2901615028574467
        }
    },
    "settings": {
        "threshold": 3.5,
        "func": "r2scan-3c",
        "basis": "def2-tzvp",
        "prog": "orca",
        "sm": "smd",
        "gfnv": "gfn2",
        "run": true,
        "implicit": false,
        "template": false
    },
    "nconf_in": 3,
    "nconf_out": 3
}