{
    "partname": "refinement",
    "runtime": 179.89730016235262,
    "results": {
        "CONF1": {
            "gsolv": {
                "gsolv": 0.0032382432380018145,
                "energy_gas": -197.76967537227,
                "energy_solv": -197.766437129032
            },
            "gtot": -197.766437129032,
            "bmw": 0.7566081827032205
        },
        "CONF2": {
            "gsolv": {
                "gsolv": 0.003137125069997637,
                "energy_gas": -197.768503386371,
                "energy_solv": -197.765366261301
            },
            "gtot": -197.765366261301,
            "bmw": 0.2433918172967796
        }
    },
    "settings": {
        "threshold": 0.95,
        "func": "wb97x-v",
        "basis": "def2-tzvp",
        "prog": "orca",
        "sm": "smd",
        "gfnv": "gfn2",
        "run": true,
        "implicit": false,
        "template": false
    },
    "nconf_in": 2,
    "nconf_out": 2
}