{
   "temperature":     298.150000000000,
   "unit": "hartree",
   "energy":     -22.759646292191,
   "free energy":     -22.662834754194,
   "G(T)":       0.096811537997,
   "ZPVE":       0.129147902707,
   "number of imags":0,
   "point group": "c1",
   "gradient norm":       0.000073062454
}
