{
    "partname": "prescreening",
    "runtime": 7.046985884197056,
    "results": {
        "CONF2": {
            "xtb_gsolv": {
                "gsolv": 0.001233781680999968,
                "energy_xtb_gas": -15.773913207742,
                "energy_xtb_solv": -15.772679426061
            },
            "sp": {
                "energy": -196.030989648251
            },
            "gtot": -196.02975586656999,
            "bmw": 0.33677768593146407
        },
        "CONF5": {
            "xtb_gsolv": {
                "gsolv": 0.0012104067480009917,
                "energy_xtb_gas": -15.773460900489,
                "energy_xtb_solv": -15.772250493741
            },
            "sp": {
                "energy": -196.028049213032
            },
            "gtot": -196.026838806284,
            "bmw": 0.015331634395913602
        },
        "CONF4": {
            "xtb_gsolv": {
                "gsolv": 0.0012083845910009217,
                "energy_xtb_gas": -15.773621138696,
                "energy_xtb_solv": -15.772412754105
            },
            "sp": {
                "energy": -196.029101928721
            },
            "gtot": -196.02789354413,
            "bmw": 0.046852663113957166
        },
        "CONF1": {
            "xtb_gsolv": {
                "gsolv": 0.0012328799840002347,
                "energy_xtb_gas": -15.773912192816,
                "energy_xtb_solv": -15.772679312832
            },
            "sp": {
                "energy": -196.031022895114
            },
            "gtot": -196.02979001513,
            "bmw": 0.3491809633635716
        },
        "CONF11": {
            "xtb_gsolv": {
                "gsolv": 0.0012143335390000232,
                "energy_xtb_gas": -15.7678235166,
                "energy_xtb_solv": -15.766609183061
            },
            "sp": {
                "energy": -196.026071142213
            },
            "gtot": -196.024856808674,
            "bmw": 0.0018790254370961849
        },
        "CONF10": {
            "xtb_gsolv": {
                "gsolv": 0.0012229601840001436,
                "energy_xtb_gas": -15.773387206664,
                "energy_xtb_solv": -15.77216424648
            },
            "sp": {
                "energy": -196.028825563704
            },
            "gtot": -196.02760260352,
            "bmw": 0.03442792625848291
        },
        "CONF12": {
            "xtb_gsolv": {
                "gsolv": 0.0012304967379996867,
                "energy_xtb_gas": -15.76784010155,
                "energy_xtb_solv": -15.766609604812
            },
            "sp": {
                "energy": -196.025326236801
            },
            "gtot": -196.024095740063,
            "bmw": 0.0008391997199334133
        },
        "CONF8": {
            "xtb_gsolv": {
                "gsolv": 0.001234556756999794,
                "energy_xtb_gas": -15.773413559479,
                "energy_xtb_solv": -15.772179002722
            },
            "sp": {
                "energy": -196.029057749537
            },
            "gtot": -196.02782319278,
            "bmw": 0.04348854726022786
        },
        "CONF7": {
            "xtb_gsolv": {
                "gsolv": 0.0012291914480009325,
                "energy_xtb_gas": -15.773403598307,
                "energy_xtb_solv": -15.772174406859
            },
            "sp": {
                "energy": -196.028948376908
            },
            "gtot": -196.02771918546,
            "bmw": 0.038952455902186704
        },
        "CONF6": {
            "xtb_gsolv": {
                "gsolv": 0.001208995928999812,
                "energy_xtb_gas": -15.773456086596,
                "energy_xtb_solv": -15.772247090667
            },
            "sp": {
                "energy": -196.028406274876
            },
            "gtot": -196.027197278947,
            "bmw": 0.02241168273084592
        },
        "CONF9": {
            "xtb_gsolv": {
                "gsolv": 0.0012365268890004444,
                "energy_xtb_gas": -15.773414395811,
                "energy_xtb_solv": -15.772177868922
            },
            "sp": {
                "energy": -196.029181258437
            },
            "gtot": -196.02794473154802,
            "bmw": 0.049462818959482326
        },
        "CONF3": {
            "xtb_gsolv": {
                "gsolv": 0.0012110384779990824,
                "energy_xtb_gas": -15.773631141468,
                "energy_xtb_solv": -15.77242010299
            },
            "sp": {
                "energy": -196.029344315633
            },
            "gtot": -196.028133277155,
            "bmw": 0.0603953969268382
        }
    },
    "settings": {
        "threshold": 4.0,
        "func": "pbe-d4",
        "basis": "def2-sv(p)",
        "prog": "orca",
        "gfnv": "gfn2",
        "run": true,
        "template": false
    },
    "nconf_in": 12,
    "nconf_out": 12
}