{
    "partname": "screening",
    "runtime": 26.513052822090685,
    "results": {
        "CONF9": {
            "gsolv": {
                "gsolv": 0.0012146501709935364,
                "energy_gas": -196.459308150668,
                "energy_solv": -196.458093500497
            },
            "gtot": -196.458093500497,
            "bmw": 0.07639126948053616
        },
        "CONF7": {
            "gsolv": {
                "gsolv": 0.001230409526016274,
                "energy_gas": -196.459146987465,
                "energy_solv": -196.457916577939
            },
            "gtot": -196.457916577939,
            "bmw": 0.06333809304281109
        },
        "CONF4": {
            "gsolv": {
                "gsolv": 0.001330041982981811,
                "energy_gas": -196.459265515729,
                "energy_solv": -196.457935473746
            },
            "gtot": -196.457935473746,
            "bmw": 0.06461843763067585
        },
        "CONF2": {
            "gsolv": {
                "gsolv": 0.0012581367529946874,
                "energy_gas": -196.46052057837,
                "energy_solv": -196.459262441617
            },
            "gtot": -196.459262441617,
            "bmw": 0.26346287341703684
        },
        "CONF3": {
            "gsolv": {
                "gsolv": 0.0013021521810117065,
                "energy_gas": -196.459427877459,
                "energy_solv": -196.458125725278
            },
            "gtot": -196.458125725278,
            "bmw": 0.07904348874876448
        },
        "CONF8": {
            "gsolv": {
                "gsolv": 0.0012217007109995848,
                "energy_gas": -196.459269287773,
                "energy_solv": -196.458047587062
            },
            "gtot": -196.458047587062,
            "bmw": 0.07276541473604661
        },
        "CONF6": {
            "gsolv": {
                "gsolv": 0.0012195005119792768,
                "energy_gas": -196.458611516743,
                "energy_solv": -196.457392016231
            },
            "gtot": -196.457392016231,
            "bmw": 0.036339864173905126
        },
        "CONF11": {
            "gsolv": {
                "gsolv": 0.0011049628299986125,
                "energy_gas": -196.454677870417,
                "energy_solv": -196.453572907587
            },
            "gtot": -196.453572907587,
            "bmw": 0.0006363776544474189
        },
        "CONF10": {
            "gsolv": {
                "gsolv": 0.001236047989010558,
                "energy_gas": -196.458967426685,
                "energy_solv": -196.457731378696
            },
            "gtot": -196.457731378696,
            "bmw": 0.05205701103366481
        },
        "CONF12": {
            "gsolv": {
                "gsolv": 0.0009321914990039204,
                "energy_gas": -196.454169681427,
                "energy_solv": -196.453237489928
            },
            "gtot": -196.453237489928,
            "bmw": 0.00044610128879686654
        },
        "CONF1": {
            "gsolv": {
                "gsolv": 0.0012461940769981084,
                "energy_gas": -196.460514903567,
                "energy_solv": -196.45926870949
            },
            "gtot": -196.45926870949,
            "bmw": 0.2652176643439052
        },
        "CONF5": {
            "gsolv": {
                "gsolv": 0.001205979112995692,
                "energy_gas": -196.458270297208,
                "energy_solv": -196.457064318095
            },
            "gtot": -196.457064318095,
            "bmw": 0.025683404449409423
        }
    },
    "settings": {
        "threshold": 3.5,
        "func": "r2scan-3c",
        "basis": "def2-tzvp",
        "prog": "orca",
        "sm": "smd",
        "gfnv": "gfn2",
        "run": true,
        "implicit": false,
        "template": false
    },
    "nconf_in": 12,
    "nconf_out": 12
}