{
    "partname": "refinement",
    "runtime": 131.31786995381117,
    "results": {
        "CONF4": {
            "gsolv": {
                "gsolv": 0.0014529251680244215,
                "energy_gas": -196.535418727541,
                "energy_solv": -196.533965802373
            },
            "gtot": -196.533965802373,
            "bmw": 0.03383678845206203
        },
        "CONF6": {
            "gsolv": {
                "gsolv": 0.001457339426025328,
                "energy_gas": -196.535422529288,
                "energy_solv": -196.533965189862
            },
            "gtot": -196.533965189862,
            "bmw": 0.033814844965697824
        },
        "CONF9": {
            "gsolv": {
                "gsolv": 0.0013619536040039293,
                "energy_gas": -196.536604482435,
                "energy_solv": -196.535242528831
            },
            "gtot": -196.535242528831,
            "bmw": 0.1308105153558335
        },
        "CONF1": {
            "gsolv": {
                "gsolv": 0.001357094919995916,
                "energy_gas": -196.536604323824,
                "energy_solv": -196.535247228904
            },
            "gtot": -196.535247228904,
            "bmw": 0.13146330327933967
        },
        "CONF5": {
            "gsolv": {
                "gsolv": 0.0013839729139988322,
                "energy_gas": -196.534483744466,
                "energy_solv": -196.533099771552
            },
            "gtot": -196.533099771552,
            "bmw": 0.01352204984223321
        },
        "CONF3": {
            "gsolv": {
                "gsolv": 0.0013541624909976235,
                "energy_gas": -196.536599580164,
                "energy_solv": -196.535245417673
            },
            "gtot": -196.535245417673,
            "bmw": 0.13121135850289573
        },
        "CONF2": {
            "gsolv": {
                "gsolv": 0.0013703681249808142,
                "energy_gas": -196.536611356697,
                "energy_solv": -196.535240988572
            },
            "gtot": -196.535240988572,
            "bmw": 0.1305972964659298
        },
        "CONF7": {
            "gsolv": {
                "gsolv": 0.0013570127620141648,
                "energy_gas": -196.536603929696,
                "energy_solv": -196.535246916934
            },
            "gtot": -196.535246916934,
            "bmw": 0.13141987335188285
        },
        "CONF8": {
            "gsolv": {
                "gsolv": 0.0013587321400052588,
                "energy_gas": -196.536603053843,
                "energy_solv": -196.535244321703
            },
            "gtot": -196.535244321703,
            "bmw": 0.13105914207600589
        },
        "CONF10": {
            "gsolv": {
                "gsolv": 0.0013533216280166016,
                "energy_gas": -196.53660628969,
                "energy_solv": -196.535252968062
            },
            "gtot": -196.535252968062,
            "bmw": 0.1322648277081195
        }
    },
    "settings": {
        "threshold": 0.95,
        "func": "wb97x-v",
        "basis": "def2-tzvp",
        "prog": "orca",
        "sm": "smd",
        "gfnv": "gfn2",
        "run": true,
        "implicit": false,
        "template": false
    },
    "nconf_in": 10,
    "nconf_out": 10
}