{
   "temperature":     298.150000000000,
   "unit": "hartree",
   "energy":      -7.748105490376,
   "free energy":      -7.735943172008,
   "G(T)":       0.012162318368,
   "ZPVE":       0.036044690722,
   "number of imags":0,
   "point group": "c3v",
   "gradient norm":       0.000010072445
}
