{
   "temperature":     298.150000000000,
   "unit": "hartree",
   "energy":     -23.054576197602,
   "free energy":     -22.913976837486,
   "G(T)":       0.140599360116,
   "ZPVE":       0.171033890531,
   "number of imags":0,
   "point group": "c1",
   "gradient norm":       0.000035258357
}
