{
   "temperature":     298.150000000000,
   "unit": "hartree",
   "energy":     -20.321768988066,
   "free energy":     -20.342845142099,
   "G(T)":      -0.021076154034,
   "ZPVE":       0.007970832253,
   "number of imags":0,
   "point group": "td",
   "gradient norm":       0.000066796650
}
