{
   "temperature":     298.150000000000,
   "unit": "hartree",
   "energy":     -19.990789402207,
   "free energy":     -19.834278267447,
   "G(T)":       0.156511134760,
   "ZPVE":       0.187095170667,
   "number of imags":0,
   "point group": "c2",
   "gradient norm":       0.000031355635
}
