{
    "partname": "prescreening",
    "runtime": 6.865351865068078,
    "results": {
        "CONF1": {
            "xtb_gsolv": {
                "gsolv": -0.0009763479359996552,
                "energy_xtb_gas": -17.243864356389,
                "energy_xtb_solv": -17.244840704325
            },
            "sp": {
                "energy": -2730.888414343386
            },
            "gtot": -2730.889390691322,
            "bmw": 0.6596795224507886
        },
        "CONF2": {
            "xtb_gsolv": {
                "gsolv": -0.000801525164998651,
                "energy_xtb_gas": -17.243778262706,
                "energy_xtb_solv": -17.244579787871
            },
            "sp": {
                "energy": -2730.887964242639
            },
            "gtot": -2730.888765767804,
            "bmw": 0.34032047754921135
        }
    },
    "settings": {
        "threshold": 4.0,
        "func": "pbe-d4",
        "basis": "def2-sv(p)",
        "prog": "orca",
        "gfnv": "gfn2",
        "run": true,
        "template": false
    },
    "nconf_in": 2,
    "nconf_out": 2
}