{
    "partname": "screening",
    "runtime": 33.26970047131181,
    "results": {
        "CONF1": {
            "gsolv": {
                "gsolv": -0.0015804467570887937,
                "energy_gas": -2731.934171301095,
                "energy_solv": -2731.935751747852
            },
            "gtot": -2731.935751747852,
            "bmw": 0.5751271864647618
        },
        "CONF2": {
            "gsolv": {
                "gsolv": -0.0013485439117175702,
                "energy_gas": -2731.934117303815,
                "energy_solv": -2731.935465847727
            },
            "gtot": -2731.935465847727,
            "bmw": 0.4248728135352382
        }
    },
    "settings": {
        "threshold": 3.5,
        "func": "r2scan-3c",
        "basis": "def2-tzvp",
        "prog": "orca",
        "sm": "smd",
        "gfnv": "gfn2",
        "run": true,
        "implicit": false,
        "template": false
    },
    "nconf_in": 2,
    "nconf_out": 2
}