{
    "partname": "refinement",
    "runtime": 190.59132958762348,
    "results": {
        "CONF1": {
            "gsolv": {
                "gsolv": -0.0017338384691356623,
                "energy_gas": -2731.776304155012,
                "energy_solv": -2731.778037993481
            },
            "gtot": -2731.778037993481,
            "bmw": 0.551585789917943
        },
        "CONF2": {
            "gsolv": {
                "gsolv": -0.0016625858061161125,
                "energy_gas": -2731.776179886093,
                "energy_solv": -2731.777842471899
            },
            "gtot": -2731.777842471899,
            "bmw": 0.44841421008205695
        }
    },
    "settings": {
        "threshold": 0.95,
        "func": "wb97x-v",
        "basis": "def2-tzvp",
        "prog": "orca",
        "sm": "smd",
        "gfnv": "gfn2",
        "run": true,
        "implicit": false,
        "template": false
    },
    "nconf_in": 2,
    "nconf_out": 2
}