{
   "temperature":     298.150000000000,
   "unit": "hartree",
   "energy":     -30.282423348801,
   "free energy":     -30.254676292344,
   "G(T)":       0.027747056457,
   "ZPVE":       0.062565369355,
   "number of imags":0,
   "point group": "cs",
   "gradient norm":       0.000022966590
}
