{
   "temperature":     298.150000000000,
   "unit": "hartree",
   "energy":     -22.491388871182,
   "free energy":     -22.382504129678,
   "G(T)":       0.108884741504,
   "ZPVE":       0.141302088989,
   "number of imags":0,
   "point group": "cs",
   "gradient norm":       0.000047758499
}
