{
   "temperature":     298.150000000000,
   "unit": "hartree",
   "energy":     -19.595953046666,
   "free energy":     -19.525968285307,
   "G(T)":       0.069984761360,
   "ZPVE":       0.100550859976,
   "number of imags":0,
   "point group": "c1",
   "gradient norm":       0.000048191082
}
