{
    "partname": "prescreening",
    "runtime": 12.0887615326792,
    "results": {
        "CONF1": {
            "xtb_gsolv": {
                "gsolv": -0.012596102584002011,
                "energy_xtb_gas": -25.530566973053,
                "energy_xtb_solv": -25.543163075637
            },
            "sp": {
                "energy": -400.106515249989
            },
            "gtot": -400.119111352573,
            "bmw": 1.0
        }
    },
    "settings": {
        "threshold": 4.0,
        "func": "pbe-d4",
        "basis": "def2-sv(p)",
        "prog": "orca",
        "gfnv": "gfn2",
        "run": true,
        "template": false
    },
    "nconf_in": 1,
    "nconf_out": 1
}