{
   "temperature":     298.150000000000,
   "unit": "hartree",
   "energy":     -25.316792419660,
   "free energy":     -25.125021117294,
   "G(T)":       0.191771302367,
   "ZPVE":       0.223915275111,
   "number of imags":0,
   "point group": "c1",
   "gradient norm":       0.000036270823
}
