{
   "temperature":     298.150000000000,
   "unit": "hartree",
   "energy":     -23.964125863882,
   "free energy":     -23.857699078759,
   "G(T)":       0.106426785123,
   "ZPVE":       0.142300971295,
   "number of imags":0,
   "point group": "c1",
   "gradient norm":       0.000041749094
}
