{
   "temperature":     298.150000000000,
   "unit": "hartree",
   "energy":     -42.889694510618,
   "free energy":     -42.767813342570,
   "G(T)":       0.121881168048,
   "ZPVE":       0.162111049959,
   "number of imags":0,
   "point group": "c1",
   "gradient norm":       0.000024669319
}
