{
   "temperature":     298.150000000000,
   "unit": "hartree",
   "energy":     -25.385326387379,
   "free energy":     -25.238175431496,
   "G(T)":       0.147150955883,
   "ZPVE":       0.180841221129,
   "number of imags":0,
   "point group": "c1",
   "gradient norm":       0.000024313149
}
