{
   "temperature":     298.150000000000,
   "unit": "hartree",
   "energy":     -17.714698513981,
   "free energy":     -17.624235108705,
   "G(T)":       0.090463405276,
   "ZPVE":       0.121113504167,
   "number of imags":0,
   "point group": "c1",
   "gradient norm":       0.000023796108
}
