{
   "temperature":     298.150000000000,
   "unit": "hartree",
   "energy":     -71.239776858372,
   "free energy":     -71.215633934413,
   "G(T)":       0.024142923959,
   "ZPVE":       0.079145473503,
   "number of imags":0,
   "point group": "d2",
   "gradient norm":       0.000050955950
}
