{
   "temperature":     298.150000000000,
   "unit": "hartree",
   "energy":     -23.964144175232,
   "free energy":     -23.856782709347,
   "G(T)":       0.107361465885,
   "ZPVE":       0.142334219248,
   "number of imags":0,
   "point group": "c1",
   "gradient norm":       0.000034412719
}
