{
   "temperature":     298.150000000000,
   "unit": "hartree",
   "energy":     -43.393983873021,
   "free energy":     -43.246208164451,
   "G(T)":       0.147775708570,
   "ZPVE":       0.186124571272,
   "number of imags":0,
   "point group": "c1",
   "gradient norm":       0.000082560527
}
