{
   "temperature":     298.150000000000,
   "unit": "hartree",
   "energy":     -19.612006168941,
   "free energy":     -19.597032744702,
   "G(T)":       0.014973424239,
   "ZPVE":       0.045312156928,
   "number of imags":0,
   "point group": "cs",
   "gradient norm":       0.000010885931
}
