Charm++: standalone mode (not using charmrun)
Charm++> Running in Multicore mode: 12 threads (PEs)
Charm++> Using recursive bisection (scheme 3) for topology aware partitions
Converse/Charm++ Commit ID: 
CharmLB> Load balancer assumes all CPUs are same.
Charm++> Running on 1 hosts (2 sockets x 6 cores x 1 PUs = 12-way SMP)
Charm++> cpu topology info is gathered in 0.001 seconds.
Info: Built with CUDA version 11080
Did not find +devices i,j,k,... argument, using all
Pe 1 physical rank 1 will use CUDA device of pe 8
Pe 4 physical rank 4 will use CUDA device of pe 8
Pe 0 physical rank 0 will use CUDA device of pe 8
Pe 5 physical rank 5 will use CUDA device of pe 8
Pe 3 physical rank 3 will use CUDA device of pe 8
Pe 7 physical rank 7 will use CUDA device of pe 8
Pe 2 physical rank 2 will use CUDA device of pe 8
Pe 6 physical rank 6 will use CUDA device of pe 8
Pe 11 physical rank 11 will use CUDA device of pe 8
Pe 9 physical rank 9 will use CUDA device of pe 8
Pe 10 physical rank 10 will use CUDA device of pe 8
Pe 8 physical rank 8 binding to CUDA device 0 on k105: 'Tesla V100-SXM2-32GB'  Mem: 32494MB  Rev: 7.0  PCI: 0:af:0
CharmLB> Load balancing instrumentation for communication is off.
Info: NAMD 3.0.1 for Linux-x86_64-multicore-CUDA
Info: 
Info: Please visit http://www.ks.uiuc.edu/Research/namd/
Info: for updates, documentation, and support information.
Info: 
Info: Please cite Phillips et al., J. Chem. Phys. 153:044130 (2020) doi:10.1063/5.0014475
Info: in all publications reporting results obtained with NAMD.
Info: 
Info: Based on Charm++/Converse 80000 for multicore-linux-x86_64-gcc
Info: Built Mon Oct 14 10:33:44 CDT 2024 by dhardy on athine.ks.uiuc.edu
Info: 1 NAMD  3.0.1  Linux-x86_64-multicore-CUDA  12    k105  z5358697
Info: Running on 12 processors, 1 nodes, 1 physical nodes.
Info: CPU topology information available.
Info: Charm++/Converse parallel runtime startup completed at 0.135801 s
CkLoopLib is used in SMP with simple dynamic scheduling (converse-level notification)
Info: 0 MB of memory in use based on /proc/self/stat
Info: Configuration file is prod.namd
Info: Working in the current directory /srv/scratch/z5358697/.automated/4937
TCL: Running FEP window   1: Lambda1 0.00   Lambda2 0.05   [dLambda 0.05  ]
TCL: Suspending until startup complete.
Warning: The following variables were set in the
Warning: configuration file but will be ignored:
Warning:    switchdist (switching)
Warning: Option "1-4scaling" has been deprecated. Instead use "oneFourScaling".
Info: EXTENDED SYSTEM FILE   mobley_6456034_equil.xsc
Info: Tuning parameters to improve GPU-resident performance
Warning: Keeping margin at user-specified value 2
Warning: Performance might be improved by increasing margin size to >= 4
Warning: Disabling lonepair support due to incompatability with GPU-resident.
Info: Running with GPU-resident mode
Warning: Always using force tables for GPU nonbonded kernel due to unsupported config parameters.
Info: SIMULATION PARAMETERS:
Info: TIMESTEP               2
Info: NUMBER OF STEPS        0
Info: STEPS PER CYCLE        10
Info: PERIODIC CELL BASIS 1  31.7197 0 0
Info: PERIODIC CELL BASIS 2  0 29.349 0
Info: PERIODIC CELL BASIS 3  0 0 32.7681
Info: PERIODIC CELL CENTER   0 0 0
Info: WRAPPING WATERS AROUND PERIODIC BOUNDARIES ON OUTPUT.
Info: WRAPPING ALL CLUSTERS AROUND PERIODIC BOUNDARIES ON OUTPUT.
Info: LOAD BALANCER  Centralized
Info: LOAD BALANCING STRATEGY  New Load Balancers -- DEFAULT
Info: LDB PERIOD             2000 steps
Info: FIRST LDB TIMESTEP     50
Info: LAST LDB TIMESTEP     -1
Info: LDB BACKGROUND SCALING 1
Info: HOM BACKGROUND SCALING 1
Info: PME BACKGROUND SCALING 1
Info: MIN ATOMS PER PATCH    40
Info: EMPTY PATCH LOAD       40 ATOMS
Info: VELOCITY FILE          mobley_6456034_equil.vel
Info: CENTER OF MASS MOVING INITIALLY? NO
Info: DIELECTRIC             1
Info: EXCLUDE                SCALED ONE-FOUR
Info: 1-4 ELECTROSTATICS SCALED BY 0.833333
Info: MODIFIED 1-4 VDW PARAMETERS WILL BE USED
Info: DCD FILENAME           mobley_6456034_prod.dcd
Info: DCD FREQUENCY          100000
Info: DCD FIRST STEP         100000
Info: DCD FILE WILL CONTAIN UNIT CELL DATA
Info: XST FILENAME           mobley_6456034_prod.xst
Info: XST FREQUENCY          100000
Info: NO VELOCITY DCD OUTPUT
Info: NO FORCE DCD OUTPUT
Info: OUTPUT FILENAME        mobley_6456034_prod
Info: BINARY OUTPUT FILES WILL BE USED
Info: RESTART FILENAME       mobley_6456034_prod.restart
Info: RESTART FREQUENCY      100000
Info: BINARY RESTART FILES WILL BE USED
Info: CUTOFF                 9
Info: PAIRLIST DISTANCE      11
Info: PAIRLIST SHRINK RATE   0.01
Info: PAIRLIST GROW RATE     0.01
Info: PAIRLIST TRIGGER       0.3
Info: PAIRLISTS PER CYCLE    2
Info: PAIRLISTS ENABLED
Info: MARGIN                 2
Info: HYDROGEN GROUP CUTOFF  2.5
Info: PATCH DIMENSION        15.5
Info: ENERGY OUTPUT STEPS    100000
Warning: The period of outputting energies relating to alchemical transformations (alchOutFreq = 50) is not a multiple of the period of computing energies (computeEnergies = 100000). If alchOutFreq is smaller than outputEnergies and computeEnergies is not defined, a better solution is to set computeEnergies explicitly and keep it the same as alchOutFreq. The simulation will use the greatest common divisor of computeEnergies and alchOutFreq as the period of energy evaluation.
Info: ENERGY EVALUATION STEPS    100000
Info: OUTPUT ENERGY PRECISION 4
Info: CROSSTERM ENERGY INCLUDED IN DIHEDRAL
Info: TIMING OUTPUT STEPS    1000000
Info: PRESSURE OUTPUT STEPS  100000
Info: ALCHEMICAL FEP ON
Info: FEP CURRENT LAMBDA VALUE     0
Info: FEP COMPARISON LAMBDA VALUE  0.05
Info: FEP INTRA-ALCHEMICAL NON-BONDED INTERACTIONS WILL BE RETAINED
Info: FEP INTRA-ALCHEMICAL BONDED INTERACTIONS WILL BE RETAINED
Info: FEP VDW SHIFTING COEFFICIENT 5
Info: FEP ELEC. ACTIVE FOR ANNIHILATED PARTICLES BETWEEN LAMBDA = 0 AND LAMBDA = 0.5
Info: FEP ELEC. ACTIVE FOR EXNIHILATED PARTICLES BETWEEN LAMBDA = 0.5 AND LAMBDA = 1
Info: FEP VDW ACTIVE FOR ANNIHILATED PARTICLES BETWEEN LAMBDA = 0 AND LAMBDA = 1
Info: FEP VDW ACTIVE FOR EXNIHILATED PARTICLES BETWEEN LAMBDA = 0 AND LAMBDA = 1
Info: FEP BOND ACTIVE FOR ANNIHILATED PARTICLES BETWEEN LAMBDA = 1 AND LAMBDA = 1
Info: FEP BOND ACTIVE FOR EXNIHILATED PARTICLES BETWEEN LAMBDA = 0 AND LAMBDA = 0
Info: LANGEVIN DYNAMICS ACTIVE
Info: LANGEVIN TEMPERATURE   300
Info: LANGEVIN USING BBK INTEGRATOR
Info: LANGEVIN DAMPING COEFFICIENT IS 1 INVERSE PS
Info: LANGEVIN DYNAMICS APPLIED TO HYDROGENS
Info: LANGEVIN PISTON PRESSURE CONTROL ACTIVE
Info:        TARGET PRESSURE IS 1.01325 BAR
Info:     OSCILLATION PERIOD IS 50 FS
Info:             DECAY TIME IS 25 FS
Info:     PISTON TEMPERATURE IS 300 K
Info:       PRESSURE CONTROL IS GROUP-BASED
Info:    INITIAL STRAIN RATE IS 0.000275821 0.000275821 0.000275821
Info:       CELL FLUCTUATION IS ISOTROPIC
Info: PARTICLE MESH EWALD (PME) ACTIVE
Info: PME TOLERANCE               1e-06
Info: PME EWALD COEFFICIENT       0.348832
Info: PME INTERPOLATION ORDER     4
Info: PME GRID DIMENSIONS         32 32 36
Info: PME MAXIMUM GRID SPACING    1
Info: PME CALCULATION WILL BE PERFORMED ON GPU
Info: FULL ELECTROSTATIC EVALUATION FREQUENCY      2
Info: USING VERLET I (r-RESPA) MTS SCHEME.
Info: C1 SPLITTING OF LONG RANGE ELECTROSTATICS
Info: PLACING ATOMS IN PATCHES BY HYDROGEN GROUPS
Info: RIGID BONDS TO HYDROGEN : ALL
Info:         ERROR TOLERANCE : 1e-08
Info:          MAX ITERATIONS : 100
Info: RIGID WATER USING SETTLE ALGORITHM
Info: RANDOM NUMBER SEED     1743949138
Info: USE HYDROGEN BONDS?    NO
Info: Using AMBER format force field!
Info: AMBER PARM FILE        mobley_6456034.prmtop
Info: COORDINATE PDB         mobley_6456034.pdb
Info: Exclusions will be read from PARM file!
Info: SCNB (VDW SCALING)     2
Info: USING ARITHMETIC MEAN TO COMBINE L-J SIGMA PARAMETERS
Info: BINARY COORDINATES     mobley_6456034_equil.coor
Info: === Start reading AMBER parm7 format file mobley_6456034.prmtop ===
Info: Complete reading ATOM_NAME with 2942 fields.
Info: Complete reading CHARGE with 2942 fields.
Info: Complete reading ATOMIC_NUMBER with 2942 fields.
Info: Complete reading MASS with 2942 fields.
Info: Complete reading ATOM_TYPE_INDEX with 2942 fields.
Info: Complete reading NUMBER_EXCLUDED_ATOMS with 2942 fields.
Info: Complete reading NONBONDED_PARM_INDEX with 64 fields.
Info: Complete reading RESIDUE_LABEL with 973 fields.
Info: Complete reading RESIDUE_POINTER with 973 fields.
Info: Complete reading BOND_FORCE_CONSTANT with 9 fields.
Info: Complete reading BOND_EQUIL_VALUE with 9 fields.
Info: Complete reading ANGLE_FORCE_CONSTANT with 13 fields.
Info: Complete reading ANGLE_EQUIL_VALUE with 13 fields.
Info: Complete reading DIHEDRAL_FORCE_CONSTANT with 17 fields.
Info: Complete reading DIHEDRAL_PERIODICITY with 17 fields.
Info: Complete reading DIHEDRAL_PHASE with 17 fields.
Info: Complete reading SCEE_SCALE_FACTOR with 17 fields.
Info: Complete reading SCNB_SCALE_FACTOR with 17 fields.
Info: Complete reading LENNARD_JONES_ACOEF with 36 fields.
Info: Complete reading LENNARD_JONES_BCOEF with 36 fields.
Info: Complete reading BONDS_INC_HYDROGEN with 8796 fields.
Info: Complete reading BONDS_WITHOUT_HYDROGEN with 27 fields.
Info: Complete reading ANGLES_INC_HYDROGEN with 140 fields.
Info: Complete reading ANGLES_WITHOUT_HYDROGEN with 44 fields.
Info: Complete reading DIHEDRALS_INC_HYDROGEN with 250 fields.
Info: Complete reading DIHEDRALS_WITHOUT_HYDROGEN with 70 fields.
Info: Complete reading EXCLUDED_ATOMS_LIST with 4019 fields.
Info: Complete reading HBOND_ACOEF with 0 fields.
Info: Complete reading HBOND_BCOEF with 0 fields.
Info: Complete reading AMBER_ATOM_TYPE with 2942 fields.
Info: Complete reading TREE_CHAIN_CLASSIFICATION with 2942 fields.
Info: Complete reading ATOMS_PER_MOLECULE with 973 fields.
Info: Complete reading BOX_DIMENSIONS with 4 fields.
Info: Complete reading RADIUS_SET with 1 fields.
Info: Complete reading RADII with 2942 fields.
Info: Complete reading SCREEN with 2942 fields.
Info: === Finish reading AMBER parm7 format file. ===
Warning: Found 972 H-H bonds.
Info: SUMMARY OF PARAMETERS:
Info: 9 BONDS
Info: 13 ANGLES
Info:   13 HARMONIC
Info:   0 COSINE-BASED
Info: 17 DIHEDRAL
Info: 0 IMPROPER
Info: 0 CROSSTERM
Info: 0 VDW
Info: 36 VDW_PAIRS
Info: 0 NBTHOLE_PAIRS
Info: Reading pdb file mobley_6456034.pdb
Info: TIME FOR READING PDB FILE: 0.00986398
Info: 
Info: To read alchdata from file: mobley_6456034.pdb
Info: To read alchflag data from column: 5
Info: ****************************
Info: STRUCTURE SUMMARY:
Info: 2942 ATOMS
Info: 2941 BONDS
Info: 46 ANGLES
Info: 64 DIHEDRALS
Info: 0 IMPROPERS
Info: 0 CROSSTERMS
Info: 3043 EXCLUSIONS
Info: 2932 RIGID BONDS
Info: ALCH: 0 ATOMS TO DISAPPEAR IN FINAL STATE
Info: ALCH: 26 ATOMS TO APPEAR IN FINAL STATE
Info: 5894 DEGREES OF FREEDOM
Info: 982 HYDROGEN GROUPS
Info: 4 ATOMS IN LARGEST HYDROGEN GROUP
Info: 982 MIGRATION GROUPS
Info: 4 ATOMS IN LARGEST MIGRATION GROUP
Info: TOTAL MASS = 17655.8 amu
Info: TOTAL CHARGE = 0.000199974 e
Info: MASS DENSITY = 0.961109 g/cm^3
Info: ATOM DENSITY = 0.0964428 atoms/A^3
Info: *****************************
Info: Reading from binary file mobley_6456034_equil.coor
Info: 
Info: Entering startup at 0.274206 s, 0 MB of memory in use
Info: Startup phase 0 took 0.000123991 s, 0 MB of memory in use
Info: ADDED 0 IMPLICIT EXCLUSIONS
Info: Startup phase 1 took 0.00138017 s, 0 MB of memory in use
Info: NONBONDED TABLE R-SQUARED SPACING: 0.0625
Info: NONBONDED TABLE SIZE: 705 POINTS
Info: INCONSISTENCY IN FAST TABLE ENERGY VS FORCE: 0.000290481 AT 0.251946
Info: INCONSISTENCY IN SCOR TABLE ENERGY VS FORCE: 0.000238233 AT 8.9687
Info: ABSOLUTE IMPRECISION IN VDWA TABLE ENERGY: 1.21169e-27 AT 8.99653
Info: ABSOLUTE IMPRECISION IN VDWA TABLE FORCE: 2.57484e-27 AT 8.99653
Info: INCONSISTENCY IN VDWA TABLE ENERGY VS FORCE: 0.0040507 AT 0.251946
Info: INCONSISTENCY IN VDWB TABLE ENERGY VS FORCE: 0.00150189 AT 0.251946
Info: Startup phase 2 took 0.000359022 s, 0 MB of memory in use
Info: Startup phase 3 took 0.000131451 s, 0 MB of memory in use
Info: Startup phase 4 took 0.000131292 s, 0 MB of memory in use
Info: Startup phase 5 took 0.000104246 s, 0 MB of memory in use
Info: PATCH GRID IS 4 (PERIODIC) BY 3 (PERIODIC) BY 2 (PERIODIC)
Info: PATCH GRID IS 2-AWAY BY 2-AWAY BY 1-AWAY
Info: Reading from binary file mobley_6456034_equil.vel
Info: REMOVING COM VELOCITY -0.177062 0.0323987 0.134456
Info: LARGEST PATCH (18) HAS 138 ATOMS
Info: TORUS A SIZE 1 USING 0
Info: TORUS B SIZE 1 USING 0
Info: TORUS C SIZE 1 USING 0
Info: TORUS MINIMAL MESH SIZE IS 1 BY 1 BY 1
Info: Placed 100% of base nodes on same physical node as patch
Info: Startup phase 6 took 0.00926442 s, 0 MB of memory in use
Info: Use 3D box decompostion in PME FFT.
Info: PME using 1 x 1 x 1 pencil grid for FFT and reciprocal sum.
Info: Startup phase 7 took 0.00035456 s, 0 MB of memory in use
Info: Updated CUDA force table with 4096 elements.
Info: Updated CUDA LJ table with 8 x 8 elements.
Info: Startup phase 8 took 0.00132057 s, 0 MB of memory in use
Info: Startup phase 9 took 0.000147725 s, 0 MB of memory in use
Info: Startup phase 10 took 0.000109987 s, 0 MB of memory in use
Info: Startup phase 11 took 0.00233343 s, 0 MB of memory in use
LDB: Central LB being created...
Info: Startup phase 12 took 0.0068339 s, 0 MB of memory in use
Info: CREATING 1176 COMPUTE OBJECTS
Info: Found 26 unique exclusion lists needing 88 bytes
Info: useSync: 0 useProxySync: 0
Info: Startup phase 13 took 0.0162022 s, 0 MB of memory in use
Info: Startup phase 14 took 0.000108147 s, 0 MB of memory in use
Info: Startup phase 15 took 0.000116761 s, 0 MB of memory in use
Info: Finished startup at 0.313227 s, 0 MB of memory in use

TCL: Running for 1500000 steps
FEP: RESETTING FOR NEW FEP WINDOW LAMBDA SET TO 0 LAMBDA2 0.05
FEP: WINDOW TO HAVE 100000 STEPS OF EQUILIBRATION PRIOR TO FEP DATA COLLECTION.
FEP: USING CONSTANT TEMPERATURE OF 300 K FOR FEP CALCULATION
PRESSURE: 0 -198.236 43.6867 292.878 43.6869 -368.325 60.414 292.875 60.4142 -1208.12
GPRESSURE: 0 -319.221 -25.6938 278.325 34.2898 -150.74 46.8882 22.799 229.141 -1040.73
ETITLE:      TS           BOND          ANGLE          DIHED          IMPRP               ELECT            VDW       BOUNDARY           MISC        KINETIC               TOTAL           TEMP      POTENTIAL       TOTALAVG        TEMPAVG            PRESSURE      GPRESSURE         VOLUME       PRESSAVG      GPRESSAVG
FEPTITLE:    TS          BOND2         ELECT2           VDW2

ENERGY:       0         5.7250        17.1182         3.2622         0.0000         -10595.5650      1396.8243         0.0000         0.0000      1738.2325          -7434.4029       296.8166     -9172.6354     -7434.4029       296.8166           -591.5592      -503.5624     30505.1250      -591.5592      -503.5624
FEP:          0        26.1053    -10595.5650      1396.2607

OPENING FEP ENERGY OUTPUT FILE
OPENING EXTENDED SYSTEM TRAJECTORY FILE
Info: Initial time: 12 CPUs 0.000804812 s/step 214.708 ns/day 0 MB memory
Info: Initial time: 12 CPUs 0.000440805 s/step 392.01 ns/day 0 MB memory
Info: Initial time: 12 CPUs 0.000443997 s/step 389.192 ns/day 0 MB memory
Info: Benchmark time: 12 CPUs 0.000441629 s/step 391.278 ns/day 0 MB memory
Info: Benchmark time: 12 CPUs 0.000439729 s/step 392.969 ns/day 0 MB memory
Info: Benchmark time: 12 CPUs 0.000496257 s/step 348.207 ns/day 0 MB memory
Info: Benchmark time: 12 CPUs 0.000448145 s/step 385.589 ns/day 0 MB memory
Info: Benchmark time: 12 CPUs 0.000446094 s/step 387.362 ns/day 0 MB memory
Info: Benchmark time: 12 CPUs 0.000490295 s/step 352.441 ns/day 0 MB memory
PRESSURE: 100000 -638.648 -129.843 31.4619 -129.843 -56.8665 -303.03 31.4629 -303.032 135.485
GPRESSURE: 100000 -556.942 -532.449 183.521 287.979 9.99527 -528.354 -185.515 -36.5935 161.813
PRESSAVG: 100000 -418.442 -43.0781 162.169 -43.0781 -212.596 -121.309 162.169 -121.309 -536.315
GPRESSAVG: 100000 -438.082 -279.072 230.923 161.135 -70.3724 -240.733 -81.3579 96.2738 -439.456
ENERGY:  100000         2.6864        11.4926         5.0181         0.0000         -10660.7628      1433.7287         0.0000         0.0000      1773.4557          -7434.3812       302.8312     -9207.8370     -7434.3921       299.8239           -186.6765      -128.3779     30191.3501      -389.1178      -315.9701
FEP:     100000        19.1971    -10660.7628      1437.0359

WRITING EXTENDED SYSTEM TO RESTART FILE AT STEP 100000
OPENING COORDINATE DCD FILE
WRITING COORDINATES TO DCD FILE mobley_6456034_prod.dcd AT STEP 100000
WRITING COORDINATES TO RESTART FILE AT STEP 100000
FINISHED WRITING RESTART COORDINATES
The last position output (seq=100000) takes 0.012 seconds, 0.000 MB of memory in use
WRITING VELOCITIES TO RESTART FILE AT STEP 100000
FINISHED WRITING RESTART VELOCITIES
The last velocity output (seq=100000) takes 0.007 seconds, 0.000 MB of memory in use
PRESSURE: 200000 -480.257 -48.4604 387.762 -48.4585 386.724 -65.4858 387.762 -65.481 -578.024
GPRESSURE: 200000 -579.356 52.1448 131.584 68.0641 458.419 103.212 466.02 -304.617 -289.628
PRESSAVG: 200000 -439.047 -44.8716 237.367 -44.8716 -12.8226 -102.7 237.367 -102.7 -550.218
GPRESSAVG: 200000 -485.173 -168.666 197.81 130.111 105.891 -126.084 101.102 -37.3564 -389.514
ENERGY:  200000         1.7458        11.9172         5.1494         0.0000         -10586.7215      1413.7769         0.0000         0.0000      1771.2482          -7382.8839       302.4542     -9154.1321     -7417.2227       300.7007           -223.8524      -136.8552     30208.9332      -334.0293      -256.2651
FEP:     200000        18.8125    -10586.7215      1414.9576

WRITING EXTENDED SYSTEM TO RESTART FILE AT STEP 200000
WRITING COORDINATES TO DCD FILE mobley_6456034_prod.dcd AT STEP 200000
WRITING COORDINATES TO RESTART FILE AT STEP 200000
FINISHED WRITING RESTART COORDINATES
The last position output (seq=200000) takes 0.012 seconds, 0.000 MB of memory in use
WRITING VELOCITIES TO RESTART FILE AT STEP 200000
FINISHED WRITING RESTART VELOCITIES
The last velocity output (seq=200000) takes 0.013 seconds, 0.000 MB of memory in use
PRESSURE: 300000 -906.419 173.883 -168.187 173.886 -630.781 392.776 -168.19 392.777 -518.854
GPRESSURE: 300000 -870.747 15.5431 131.021 177.995 -387.855 -16.2351 -365.559 474.086 -561.544
PRESSAVG: 300000 -555.89 9.8177 135.978 9.8177 -167.312 21.1697 135.978 21.1697 -542.377
GPRESSAVG: 300000 -581.567 -122.614 181.113 142.082 -17.5451 -98.6221 -15.5637 90.5043 -432.521
ENERGY:  300000         1.8464        13.4081         2.3870         0.0000         -10555.9182      1357.5196         0.0000         0.0000      1760.0331          -7420.7240       300.5392     -9180.7571     -7418.0980       300.6603           -685.3514      -606.7156     30139.7536      -421.8598      -343.8777
FEP:     300000        17.6415    -10555.9182      1362.8048

WRITING EXTENDED SYSTEM TO RESTART FILE AT STEP 300000
WRITING COORDINATES TO DCD FILE mobley_6456034_prod.dcd AT STEP 300000
WRITING COORDINATES TO RESTART FILE AT STEP 300000
FINISHED WRITING RESTART COORDINATES
The last position output (seq=300000) takes 0.016 seconds, 0.000 MB of memory in use
WRITING VELOCITIES TO RESTART FILE AT STEP 300000
FINISHED WRITING RESTART VELOCITIES
The last velocity output (seq=300000) takes 0.016 seconds, 0.000 MB of memory in use
PRESSURE: 400000 -213.642 347.187 563.646 347.187 -997.934 213.85 563.647 213.849 388.033
GPRESSURE: 400000 -60.5952 275.633 400.425 500.336 -852.584 -22.6895 788.695 285.751 354.172
PRESSAVG: 400000 -487.441 77.2915 221.512 77.2915 -333.436 59.7055 221.512 59.7055 -356.295
GPRESSAVG: 400000 -477.372 -42.9644 224.975 213.733 -184.553 -83.4355 145.288 129.554 -275.183
ENERGY:  400000         2.2181        11.8749         4.0210         0.0000         -10521.4870      1403.0109         0.0000         0.0000      1726.7102          -7373.6518       294.8490     -9100.3620     -7409.2088       299.4980           -274.5144      -186.3357     30468.4423      -392.3908      -312.3693
FEP:     400000        18.1141    -10521.4870      1404.6462

WRITING EXTENDED SYSTEM TO RESTART FILE AT STEP 400000
WRITING COORDINATES TO DCD FILE mobley_6456034_prod.dcd AT STEP 400000
WRITING COORDINATES TO RESTART FILE AT STEP 400000
FINISHED WRITING RESTART COORDINATES
The last position output (seq=400000) takes 0.018 seconds, 0.000 MB of memory in use
WRITING VELOCITIES TO RESTART FILE AT STEP 400000
FINISHED WRITING RESTART VELOCITIES
The last velocity output (seq=400000) takes 0.017 seconds, 0.000 MB of memory in use
PRESSURE: 500000 -343.872 -57.5915 -410.309 -57.5929 -1355.22 401.334 -410.308 401.334 -327.856
GPRESSURE: 500000 -199.209 126.118 -234.555 -181.945 -1282.8 442.396 -492.309 85.9062 -359.495
PRESSAVG: 500000 -463.512 54.8107 116.208 54.8107 -503.733 116.643 116.208 116.643 -351.555
GPRESSAVG: 500000 -431.012 -14.784 148.387 147.786 -367.595 4.20307 39.0218 122.279 -289.235
ENERGY:  500000         0.4779        11.7254         2.9472         0.0000         -10589.8783      1342.9157         0.0000         0.0000      1828.9670          -7402.8451       312.3102     -9231.8121     -7408.1482       301.6334           -675.6488      -613.8362     30079.1848      -439.6004      -362.6138
FEP:     500000        15.1505    -10589.8783      1348.2810

WRITING EXTENDED SYSTEM TO RESTART FILE AT STEP 500000
WRITING COORDINATES TO DCD FILE mobley_6456034_prod.dcd AT STEP 500000
WRITING COORDINATES TO RESTART FILE AT STEP 500000
FINISHED WRITING RESTART COORDINATES
The last position output (seq=500000) takes 0.019 seconds, 0.000 MB of memory in use
WRITING VELOCITIES TO RESTART FILE AT STEP 500000
FINISHED WRITING RESTART VELOCITIES
The last velocity output (seq=500000) takes 0.022 seconds, 0.000 MB of memory in use
PRESSURE: 600000 -585.059 -210.146 481.906 -210.146 -830.43 -161.373 481.907 -161.371 -663.444
GPRESSURE: 600000 -512.178 351.238 133.606 -611.788 -803.954 -194.121 711.499 -338.814 -495.108
PRESSAVG: 600000 -480.876 16.9598 168.451 16.9598 -550.404 76.9271 168.451 76.9271 -396.111
GPRESSAVG: 600000 -442.607 37.5048 146.275 39.2758 -429.932 -24.129 135.09 56.4086 -318.645
ENERGY:  600000         2.6664        13.5840         4.2662         0.0000         -10594.4374      1389.1872         0.0000         0.0000      1814.4895          -7370.2441       309.8380     -9184.7336     -7402.7333       302.8055           -692.9775      -603.7466     30446.4027      -475.7972      -397.0614
FEP:     600000        20.5166    -10594.4374      1393.5066

WRITING EXTENDED SYSTEM TO RESTART FILE AT STEP 600000
WRITING COORDINATES TO DCD FILE mobley_6456034_prod.dcd AT STEP 600000
WRITING COORDINATES TO RESTART FILE AT STEP 600000
FINISHED WRITING RESTART COORDINATES
The last position output (seq=600000) takes 0.020 seconds, 0.000 MB of memory in use
WRITING VELOCITIES TO RESTART FILE AT STEP 600000
FINISHED WRITING RESTART VELOCITIES
PRESSURE: 700000 540.035 -562.298 337.922 -562.298 985.916 271.995 337.923 271.992 -405.967
GPRESSURE: 700000 537.576 -701.557 346.344 -862.928 981.169 391.633 84.0542 188.188 -258.764
PRESSAVG: 700000 -353.262 -55.4475 189.635 -55.4475 -358.364 101.31 189.635 101.31 -397.343
GPRESSAVG: 700000 -320.084 -54.8779 171.284 -73.4997 -253.544 27.8412 128.711 72.8811 -311.16
ENERGY:  700000         0.8225         9.3130         3.3378         0.0000         -10676.4641      1493.8399         0.0000         0.0000      1719.9422          -7449.2088       293.6933     -9169.1509     -7408.5427       301.6665            373.3278       419.9939     30116.5898      -369.6565      -294.9294
FEP:     700000        13.4733    -10676.4641      1495.6030

WRITING EXTENDED SYSTEM TO RESTART FILE AT STEP 700000
WRITING COORDINATES TO DCD FILE mobley_6456034_prod.dcd AT STEP 700000
WRITING COORDINATES TO RESTART FILE AT STEP 700000
FINISHED WRITING RESTART COORDINATES
The last position output (seq=700000) takes 0.017 seconds, 0.000 MB of memory in use
WRITING VELOCITIES TO RESTART FILE AT STEP 700000
FINISHED WRITING RESTART VELOCITIES
PRESSURE: 800000 -377.308 -25.2695 163.269 -25.2721 213.643 -431.627 163.267 -431.625 -507.748
GPRESSURE: 800000 -198.101 -197.945 455.938 139.778 200.592 -414.395 11.9569 -294.87 -395.51
PRESSAVG: 800000 -355.934 -52.0947 186.705 -52.0947 -294.808 42.0952 186.705 42.0952 -409.61
GPRESSAVG: 800000 -306.53 -70.7743 202.912 -49.8022 -203.085 -21.2961 115.738 32.0198 -320.532
ENERGY:  800000         4.8908        11.0067         4.5645         0.0000         -10544.0921      1385.5192         0.0000         0.0000      1673.2226          -7464.8883       285.7156     -9138.1108     -7414.8033       299.8941           -223.8041      -131.0063     29902.9082      -353.4507      -276.7158
FEP:     800000        20.4620    -10544.0921      1389.9222

WRITING EXTENDED SYSTEM TO RESTART FILE AT STEP 800000
WRITING COORDINATES TO DCD FILE mobley_6456034_prod.dcd AT STEP 800000
WRITING COORDINATES TO RESTART FILE AT STEP 800000
FINISHED WRITING RESTART COORDINATES
The last position output (seq=800000) takes 0.017 seconds, 0.000 MB of memory in use
WRITING VELOCITIES TO RESTART FILE AT STEP 800000
FINISHED WRITING RESTART VELOCITIES
PRESSURE: 900000 224.516 -242.792 137.858 -242.792 838.6 -67.8487 137.856 -67.8472 304.341
GPRESSURE: 900000 350.278 -413.753 1.3262 71.2839 653.162 -118.595 426.992 -139.611 454.935
PRESSAVG: 900000 -297.889 -71.1644 181.82 -71.1644 -181.467 31.101 181.82 31.101 -338.215
GPRESSAVG: 900000 -240.85 -105.072 182.753 -37.6936 -117.46 -31.026 146.863 14.8567 -242.986
ENERGY:  900000         1.6821        12.4062         3.2748         0.0000         -10662.2328      1454.2514         0.0000         0.0000      1757.9297          -7432.6886       300.1800     -9190.6183     -7416.5919       299.9227            455.8194       486.1247     29513.4254      -272.5237      -200.4317
FEP:     900000        17.3632    -10662.2328      1460.0781

WRITING EXTENDED SYSTEM TO RESTART FILE AT STEP 900000
WRITING COORDINATES TO DCD FILE mobley_6456034_prod.dcd AT STEP 900000
WRITING COORDINATES TO RESTART FILE AT STEP 900000
FINISHED WRITING RESTART COORDINATES
The last position output (seq=900000) takes 0.019 seconds, 0.000 MB of memory in use
WRITING VELOCITIES TO RESTART FILE AT STEP 900000
FINISHED WRITING RESTART VELOCITIES
PRESSURE: 1000000 879.425 343.313 33.0267 343.311 596.765 -141.399 33.0264 -141.399 -505.338
GPRESSURE: 1000000 521.966 272.4 168.602 171.964 939.569 -279.614 133.963 -6.67142 -191.302
PRESSAVG: 1000000 -190.86 -33.4848 168.294 -33.4848 -110.719 15.4191 168.294 15.4191 -353.408
GPRESSAVG: 1000000 -171.503 -70.7565 181.467 -18.6338 -21.3664 -53.6249 145.691 12.8996 -238.287
TIMING: 1000000  CPU: 402.066, 0.000401913/step  Wall: 403.628, 0.000403596/step, 428.151 ns/days, 0.056055 hours remaining, 0.000000 MB of memory in use.
PERFORMANCE: 1000000  averaging 428.151 ns/day, 0.000403596 sec/step with standard deviation 0
ETITLE:      TS           BOND          ANGLE          DIHED          IMPRP               ELECT            VDW       BOUNDARY           MISC        KINETIC               TOTAL           TEMP      POTENTIAL       TOTALAVG        TEMPAVG            PRESSURE      GPRESSURE         VOLUME       PRESSAVG      GPRESSAVG
FEPTITLE:    TS          BOND2         ELECT2           VDW2

ENERGY: 1000000         3.9376        13.7697         8.0905         0.0000         -10712.1010      1482.1964         0.0000         0.0000      1831.7520          -7372.3548       312.7857     -9204.1068     -7412.5703       301.0921            323.6172       423.4108     29918.9058      -218.3291      -143.7188
FEP:    1000000        25.7978    -10712.1010      1485.9818

WRITING EXTENDED SYSTEM TO RESTART FILE AT STEP 1000000
WRITING COORDINATES TO DCD FILE mobley_6456034_prod.dcd AT STEP 1000000
WRITING COORDINATES TO RESTART FILE AT STEP 1000000
FINISHED WRITING RESTART COORDINATES
The last position output (seq=1000000) takes 0.016 seconds, 0.000 MB of memory in use
WRITING VELOCITIES TO RESTART FILE AT STEP 1000000
FINISHED WRITING RESTART VELOCITIES
PRESSURE: 1100000 122.868 -331.133 -84.6234 -331.133 686.487 -680.548 -84.6257 -680.549 560.807
GPRESSURE: 1100000 182.788 -164.026 184.289 -247.113 842.341 -263.3 -266.44 -1051.16 558.766
PRESSAVG: 1100000 -164.716 -58.2888 147.217 -58.2888 -44.2849 -42.5782 147.217 -42.5782 -277.223
GPRESSAVG: 1100000 -141.979 -78.5289 181.702 -37.6738 50.6092 -71.0978 111.346 -75.7721 -171.866
ENERGY: 1100000         2.6629        13.0483         5.2104         0.0000         -10691.9193      1446.0579         0.0000         0.0000      1762.6985          -7462.2413       300.9943     -9224.9398     -7416.7096       301.0839            456.7206       527.9651     29212.9261      -162.0749       -87.7451
FEP:    1100000        20.9216    -10691.9193      1451.1429

WRITING EXTENDED SYSTEM TO RESTART FILE AT STEP 1100000
WRITING COORDINATES TO DCD FILE mobley_6456034_prod.dcd AT STEP 1100000
WRITING COORDINATES TO RESTART FILE AT STEP 1100000
FINISHED WRITING RESTART COORDINATES
WRITING VELOCITIES TO RESTART FILE AT STEP 1100000
FINISHED WRITING RESTART VELOCITIES
PRESSURE: 1200000 469.258 -125.152 298.589 -125.151 1116.63 223.911 298.592 223.914 1117.06
GPRESSURE: 1200000 493.434 19.4629 204.025 169.492 1095.24 238.431 569.879 174.085 1211.05
PRESSAVG: 1200000 -115.949 -63.4321 158.861 -63.4321 45.016 -22.0788 158.861 -22.0788 -169.971
GPRESSAVG: 1200000 -93.1006 -70.9911 183.419 -21.738 130.966 -47.2879 146.618 -56.5523 -65.4876
ENERGY: 1200000         3.5412         9.4993         4.5417         0.0000         -10616.9583      1490.5432         0.0000         0.0000      1792.1880          -7316.6449       306.0299     -9108.8329     -7409.0123       301.4644            900.9801       933.2431     29618.2004       -80.3015        -9.2075
FEP:    1200000        17.5822    -10616.9583      1494.1803

WRITING EXTENDED SYSTEM TO RESTART FILE AT STEP 1200000
WRITING COORDINATES TO DCD FILE mobley_6456034_prod.dcd AT STEP 1200000
WRITING COORDINATES TO RESTART FILE AT STEP 1200000
FINISHED WRITING RESTART COORDINATES
WRITING VELOCITIES TO RESTART FILE AT STEP 1200000
FINISHED WRITING RESTART VELOCITIES
PRESSURE: 1300000 -149.022 257.002 111.715 257.002 614.401 -256.771 111.718 -256.769 1735.64
GPRESSURE: 1300000 -92.4489 -218.122 225.406 482.017 974.768 50.8147 -300.06 -205.752 1554.54
PRESSAVG: 1300000 -118.312 -40.5439 155.494 -40.5439 85.6864 -38.8424 155.494 -38.8424 -33.8564
GPRESSAVG: 1300000 -93.0541 -81.5004 186.418 14.2445 191.237 -40.2806 114.713 -67.2094 50.2287
ENERGY: 1300000         0.4203        12.2568         8.3558         0.0000         -10657.0733      1475.8359         0.0000         0.0000      1763.0101          -7397.1945       301.0475     -9160.2046     -7408.1682       301.4346            733.6719       812.2866     29482.5202       -22.1605        49.4706
FEP:    1300000        21.0328    -10657.0733      1477.9225

WRITING EXTENDED SYSTEM TO RESTART FILE AT STEP 1300000
WRITING COORDINATES TO DCD FILE mobley_6456034_prod.dcd AT STEP 1300000
WRITING COORDINATES TO RESTART FILE AT STEP 1300000
FINISHED WRITING RESTART COORDINATES
WRITING VELOCITIES TO RESTART FILE AT STEP 1300000
FINISHED WRITING RESTART VELOCITIES
PRESSURE: 1400000 -19.0083 -570.76 -273.485 -570.761 318.638 -208.482 -273.486 -208.484 343.187
GPRESSURE: 1400000 106.898 -519.503 -221.262 -696.322 237.706 -434.016 -244.437 200.592 318.602
PRESSAVG: 1400000 -111.691 -75.8917 126.895 -75.8917 101.216 -50.1519 126.895 -50.1519 -8.72013
GPRESSAVG: 1400000 -79.7239 -110.701 159.24 -33.1266 194.335 -66.5296 90.7692 -49.356 68.1203
ENERGY: 1400000         0.6811        14.4791         3.9491         0.0000         -10536.7750      1440.9563         0.0000         0.0000      1779.2957          -7297.4137       303.8284     -9076.7094     -7400.7845       301.5942            214.2723       221.0686     30474.7051        -6.3983        60.9105
FEP:    1400000        19.1093    -10536.7750      1443.6999

WRITING EXTENDED SYSTEM TO RESTART FILE AT STEP 1400000
WRITING COORDINATES TO DCD FILE mobley_6456034_prod.dcd AT STEP 1400000
WRITING COORDINATES TO RESTART FILE AT STEP 1400000
FINISHED WRITING RESTART COORDINATES
WRITING VELOCITIES TO RESTART FILE AT STEP 1400000
FINISHED WRITING RESTART VELOCITIES
PRESSURE: 1500000 552.43 -120.302 -27.9473 -120.3 355.371 -366.283 -27.9487 -366.281 639.585
GPRESSURE: 1500000 577.012 -48.1963 45.4841 152.794 449.958 -220.948 -182.627 -447.426 760.878
PRESSAVG: 1500000 -70.1838 -78.6672 117.217 -78.6672 117.101 -69.9099 117.217 -69.9099 31.7989
GPRESSAVG: 1500000 -38.6779 -106.794 152.13 -21.5066 210.312 -76.1808 73.682 -74.2354 111.418
ENERGY: 1500000         2.4437        11.7705         5.4803         0.0000         -10733.6701      1518.2811         0.0000         0.0000      1729.5373          -7466.1572       295.3318     -9195.6945     -7404.8703       301.2028            515.7953       595.9494     30148.0076        26.2388        94.3504
FEP:    1500000        19.6945    -10733.6701      1519.5434

WRITING EXTENDED SYSTEM TO RESTART FILE AT STEP 1500000
WRITING COORDINATES TO DCD FILE mobley_6456034_prod.dcd AT STEP 1500000
WRITING COORDINATES TO RESTART FILE AT STEP 1500000
FINISHED WRITING RESTART COORDINATES
WRITING VELOCITIES TO RESTART FILE AT STEP 1500000
FINISHED WRITING RESTART VELOCITIES
TCL: Running FEP window   2: Lambda1 0.05   Lambda2 0.1    [dLambda 0.05  ]
TCL: Setting parameter firsttimestep to 0
TCL: Setting parameter alchLambda to 0.05
Info: NONBONDED TABLE R-SQUARED SPACING: 0.0625
Info: NONBONDED TABLE SIZE: 705 POINTS
Info: INCONSISTENCY IN FAST TABLE ENERGY VS FORCE: 0.000290481 AT 0.251946
Info: INCONSISTENCY IN SCOR TABLE ENERGY VS FORCE: 0.000238233 AT 8.9687
Info: ABSOLUTE IMPRECISION IN VDWA TABLE ENERGY: 1.21169e-27 AT 8.99653
Info: ABSOLUTE IMPRECISION IN VDWA TABLE FORCE: 2.57484e-27 AT 8.99653
Info: INCONSISTENCY IN VDWA TABLE ENERGY VS FORCE: 0.0040507 AT 0.251946
Info: INCONSISTENCY IN VDWB TABLE ENERGY VS FORCE: 0.00150189 AT 0.251946
TCL: Setting parameter alchLambda2 to 0.1
Info: NONBONDED TABLE R-SQUARED SPACING: 0.0625
Info: NONBONDED TABLE SIZE: 705 POINTS
Info: INCONSISTENCY IN FAST TABLE ENERGY VS FORCE: 0.000290481 AT 0.251946
Info: INCONSISTENCY IN SCOR TABLE ENERGY VS FORCE: 0.000238233 AT 8.9687
Info: ABSOLUTE IMPRECISION IN VDWA TABLE ENERGY: 1.21169e-27 AT 8.99653
Info: ABSOLUTE IMPRECISION IN VDWA TABLE FORCE: 2.57484e-27 AT 8.99653
Info: INCONSISTENCY IN VDWA TABLE ENERGY VS FORCE: 0.0040507 AT 0.251946
Info: INCONSISTENCY IN VDWB TABLE ENERGY VS FORCE: 0.00150189 AT 0.251946
TCL: Running for 1500000 steps
FEP: RESETTING FOR NEW FEP WINDOW LAMBDA SET TO 0.05 LAMBDA2 0.1
FEP: WINDOW TO HAVE 100000 STEPS OF EQUILIBRATION PRIOR TO FEP DATA COLLECTION.
FEP: USING CONSTANT TEMPERATURE OF 300 K FOR FEP CALCULATION
PRESSURE: 0 563.459 -83.9424 2.29469 -83.9421 390.093 -393.199 2.29522 -393.2 600.378
GPRESSURE: 0 579.133 -46.6476 43.1834 154.067 459.878 -221.731 -184.369 -448.607 767.189
ETITLE:      TS           BOND          ANGLE          DIHED          IMPRP               ELECT            VDW       BOUNDARY           MISC        KINETIC               TOTAL           TEMP      POTENTIAL       TOTALAVG        TEMPAVG            PRESSURE      GPRESSURE         VOLUME       PRESSAVG      GPRESSAVG
FEPTITLE:    TS          BOND2         ELECT2           VDW2

ENERGY:       0         2.4437        11.7705         5.4803         0.0000         -10733.6702      1519.5433         0.0000         0.0000      1728.6677          -7465.7648       295.1833     -9194.4325     -7465.7648       295.1833            517.9767       602.0665     30148.0076       517.9767       602.0665
FEP:          0        19.6945    -10733.6702      1522.1907

PRESSURE: 100000 435.409 27.1837 32.106 27.1845 -162.994 -294.202 32.107 -294.204 774.164
GPRESSURE: 100000 579.349 -355.137 82.0358 -160.631 -192.531 56.8329 -22.4306 -150.377 718.192
PRESSAVG: 100000 -6.89292 -73.0796 106.105 -73.0796 116.707 -100.331 106.105 -100.331 104.629
GPRESSAVG: 100000 29.9797 -117.249 142.183 -19.4816 201.796 -76.8773 54.0062 -99.2639 181.559
ENERGY:  100000         1.8761        12.9733         3.3886         0.0000         -10714.8486      1495.1481         0.0000         0.0000      1752.7451          -7448.7175       299.2947     -9201.4626     -7457.2411       297.2390            348.8597       368.3365     30177.7050       433.4182       485.2015
FEP:     100000        18.2380    -10714.8486      1498.4584

WRITING EXTENDED SYSTEM TO RESTART FILE AT STEP 100000
WRITING COORDINATES TO DCD FILE mobley_6456034_prod.dcd AT STEP 100000
WRITING COORDINATES TO RESTART FILE AT STEP 100000
FINISHED WRITING RESTART COORDINATES
WRITING VELOCITIES TO RESTART FILE AT STEP 100000
FINISHED WRITING RESTART VELOCITIES
PRESSURE: 200000 -145.522 261.345 -258.444 261.342 -276.142 -50.8941 -258.44 -50.8964 -481.953
GPRESSURE: 200000 -157.597 431.348 -335.226 74.7848 -258.39 -51.5772 -211.692 227.821 -325.821
PRESSAVG: 200000 -14.1892 -55.4785 86.918 -55.4785 96.0303 -97.7294 86.918 -97.7294 73.7564
GPRESSAVG: 200000 20.1073 -88.3759 117.056 -14.5202 177.576 -75.5457 40.0221 -82.0489 154.855
ENERGY:  200000         3.6808        13.0047         3.7444         0.0000         -10555.7644      1389.3294         0.0000         0.0000      1727.4995          -7418.5056       294.9838     -9146.0051     -7444.3293       296.4873           -301.2056      -247.2694     29843.2644       188.5436       241.0446
FEP:     200000        20.4298    -10555.7644      1390.4723

WRITING EXTENDED SYSTEM TO RESTART FILE AT STEP 200000
WRITING COORDINATES TO DCD FILE mobley_6456034_prod.dcd AT STEP 200000
WRITING COORDINATES TO RESTART FILE AT STEP 200000
FINISHED WRITING RESTART COORDINATES
WRITING VELOCITIES TO RESTART FILE AT STEP 200000
FINISHED WRITING RESTART VELOCITIES
PRESSURE: 300000 322.976 -500.715 -419.052 -500.715 512.123 360.36 -419.056 360.358 216.818
GPRESSURE: 300000 521.638 -389.09 -589.041 -553.397 373.784 79.8462 -194.992 414.988 144.081
PRESSAVG: 300000 2.66908 -77.7403 61.6193 -77.7403 116.835 -74.825 61.6193 -74.825 80.9095
GPRESSAVG: 300000 45.1838 -103.412 81.7515 -41.464 187.386 -67.7761 28.2714 -57.197 154.316
ENERGY:  300000         0.9520         8.9000         4.7633         0.0000         -10617.7622      1437.2620         0.0000         0.0000      1754.3314          -7411.5535       299.5656     -9165.8849     -7436.1353       297.2568            350.6389       346.5008     29761.5795       229.0674       267.4086
FEP:     300000        14.6152    -10617.7622      1439.4548

WRITING EXTENDED SYSTEM TO RESTART FILE AT STEP 300000
WRITING COORDINATES TO DCD FILE mobley_6456034_prod.dcd AT STEP 300000
WRITING COORDINATES TO RESTART FILE AT STEP 300000
FINISHED WRITING RESTART COORDINATES
WRITING VELOCITIES TO RESTART FILE AT STEP 300000
FINISHED WRITING RESTART VELOCITIES
PRESSURE: 400000 832.589 -239.512 221.225 -239.511 724.626 -226.244 221.229 -226.244 964.097
GPRESSURE: 400000 912.991 120.126 -84.5804 -185.332 864.478 -372.775 441.262 -233.038 1089.61
PRESSAVG: 400000 54.2103 -91.9002 58.037 -91.9002 171.483 -89.1579 58.037 -89.1579 189.52
GPRESSAVG: 400000 106.794 -96.1206 63.6063 -52.4451 238.147 -88.7593 49.1945 -80.306 260.833
ENERGY:  400000         4.5426        14.5352         5.6222         0.0000         -10730.6225      1548.2076         0.0000         0.0000      1761.5386          -7396.1763       300.7962     -9157.7149     -7428.1435       297.9647            840.4375       955.6918     29963.2073       351.3414       405.0653
FEP:     400000        24.7000    -10730.6225      1549.5783

WRITING EXTENDED SYSTEM TO RESTART FILE AT STEP 400000
WRITING COORDINATES TO DCD FILE mobley_6456034_prod.dcd AT STEP 400000
WRITING COORDINATES TO RESTART FILE AT STEP 400000
FINISHED WRITING RESTART COORDINATES
WRITING VELOCITIES TO RESTART FILE AT STEP 400000
FINISHED WRITING RESTART VELOCITIES
PRESSURE: 500000 -53.7441 184.586 299.169 184.587 37.3829 160.454 299.169 160.452 -1080.14
GPRESSURE: 500000 -50.2488 394.18 298.97 40.3014 259.562 233.606 397.605 -27.4737 -1079.36
PRESSAVG: 500000 83.4555 -76.1787 71.4223 -76.1787 176.195 -65.9838 71.4223 -65.9838 128.739
GPRESSAVG: 500000 132.129 -49.7892 69.3787 -64.829 250.626 -50.6613 78.3505 -79.85 198.774
ENERGY:  500000         2.9830         8.2287         3.8779         0.0000         -10603.0454      1407.4601         0.0000         0.0000      1778.8611          -7401.6346       303.7542     -9180.4957     -7423.7254       298.9296           -365.5015      -290.0146     30359.0220       231.8676       289.2186
FEP:     500000        15.0896    -10603.0454      1410.6476

WRITING EXTENDED SYSTEM TO RESTART FILE AT STEP 500000
WRITING COORDINATES TO DCD FILE mobley_6456034_prod.dcd AT STEP 500000
WRITING COORDINATES TO RESTART FILE AT STEP 500000
FINISHED WRITING RESTART COORDINATES
WRITING VELOCITIES TO RESTART FILE AT STEP 500000
FINISHED WRITING RESTART VELOCITIES
PRESSURE: 600000 76.4575 202.608 -160.364 202.607 481.499 332.583 -160.363 332.582 -227.766
GPRESSURE: 600000 147.86 143.342 -602.069 55.9965 607.928 564.38 224.315 254.941 -295.335
PRESSAVG: 600000 111.291 -63.6254 44.0161 -63.6254 180.934 -46.0806 44.0161 -46.0806 146.252
GPRESSAVG: 600000 168.49 -45.2293 32.6961 -65.4324 258.101 -27.6029 66.2653 -51.8721 198.489
ENERGY:  600000         2.4364         7.5901         3.4475         0.0000         -10591.0171      1419.1247         0.0000         0.0000      1790.3447          -7368.0736       305.7151     -9158.4183     -7415.7751       299.8990            110.0637       153.4844     30081.5501       214.4671       269.8280
FEP:     600000        13.4740    -10591.0171      1423.7871

WRITING EXTENDED SYSTEM TO RESTART FILE AT STEP 600000
WRITING COORDINATES TO DCD FILE mobley_6456034_prod.dcd AT STEP 600000
WRITING COORDINATES TO RESTART FILE AT STEP 600000
FINISHED WRITING RESTART COORDINATES
WRITING VELOCITIES TO RESTART FILE AT STEP 600000
FINISHED WRITING RESTART VELOCITIES
PRESSURE: 700000 -441.154 122.121 -17.0236 122.123 234.527 50.8812 -17.0208 50.8797 524.716
GPRESSURE: 700000 -418.169 18.1723 -130.271 401.648 114.996 67.8096 23.3606 18.9837 683.189
PRESSAVG: 700000 134.555 -66.2135 51.5745 -66.2135 224.199 -63.1755 51.5745 -63.1755 198.43
GPRESSAVG: 700000 191.119 -45.0978 19.6315 -54.2497 283.243 -23.4007 85.7113 -74.6273 260.726
ENERGY:  700000         1.4105        14.1153         3.9668         0.0000         -10596.9290      1430.0592         0.0000         0.0000      1760.2553          -7387.1219       300.5771     -9147.3772     -7412.1935       299.9838            106.0297       126.6720     30079.3555       200.9124       251.9335
FEP:     700000        19.4926    -10596.9290      1433.5308

WRITING EXTENDED SYSTEM TO RESTART FILE AT STEP 700000
WRITING COORDINATES TO DCD FILE mobley_6456034_prod.dcd AT STEP 700000
WRITING COORDINATES TO RESTART FILE AT STEP 700000
FINISHED WRITING RESTART COORDINATES
WRITING VELOCITIES TO RESTART FILE AT STEP 700000
FINISHED WRITING RESTART VELOCITIES
PRESSURE: 800000 -1002.25 -38.1518 -268.775 -38.1534 -358.15 153.559 -268.776 153.556 -675.447
GPRESSURE: 800000 -869.063 -384.421 -118.004 346.03 -333.908 314.723 -563.84 202.018 -621.198
PRESSAVG: 800000 95.1243 -85.4805 9.9533 -85.4805 256.188 -66.1901 9.9533 -66.1901 145.256
GPRESSAVG: 800000 150.695 -78.1005 -6.28996 -61.965 309.177 -6.53007 18.0845 -78.8139 211.957
ENERGY:  800000         3.6697        10.6299         6.9306         0.0000         -10630.3626      1400.3190         0.0000         0.0000      1751.2896          -7457.5237       299.0462     -9208.8133     -7417.2302       299.8796           -678.6146      -608.0562     30222.5266       103.1872       156.3791
FEP:     800000        21.2303    -10630.3626      1400.6802

WRITING EXTENDED SYSTEM TO RESTART FILE AT STEP 800000
WRITING COORDINATES TO DCD FILE mobley_6456034_prod.dcd AT STEP 800000
WRITING COORDINATES TO RESTART FILE AT STEP 800000
FINISHED WRITING RESTART COORDINATES
WRITING VELOCITIES TO RESTART FILE AT STEP 800000
FINISHED WRITING RESTART VELOCITIES
PRESSURE: 900000 771.545 188.583 468.2 188.584 -532.557 -53.8122 468.2 -53.8133 -25.4189
GPRESSURE: 900000 992.592 316.099 928.984 237.972 -462.128 -243.015 77.92 -65.675 -143.657
PRESSAVG: 900000 150.895 -73.1717 53.8787 -73.1717 297.321 -88.9474 53.8787 -88.9474 160.378
GPRESSAVG: 900000 210.285 -68.6015 51.887 -40.9691 350.211 -40.8006 46.596 -86.393 222.749
ENERGY:  900000         3.4652        14.1116         4.5786         0.0000         -10718.4550      1469.9696         0.0000         0.0000      1751.4149          -7474.9151       299.0675     -9226.3300     -7422.9987       299.7984             71.1897       128.9359     29851.0063        99.9874       153.6348
FEP:     900000        22.1554    -10718.4550      1469.8932

WRITING EXTENDED SYSTEM TO RESTART FILE AT STEP 900000
WRITING COORDINATES TO DCD FILE mobley_6456034_prod.dcd AT STEP 900000
WRITING COORDINATES TO RESTART FILE AT STEP 900000
FINISHED WRITING RESTART COORDINATES
WRITING VELOCITIES TO RESTART FILE AT STEP 900000
FINISHED WRITING RESTART VELOCITIES
PRESSURE: 1000000 -222.623 41.4886 -210.448 41.4856 303.791 73.8819 -210.45 73.8849 952.727
GPRESSURE: 1000000 -197.949 113.965 -109.07 175.847 478.879 43.0421 -292.418 -467.637 1070.52
PRESSAVG: 1000000 169.017 -60.5901 19.2608 -60.5901 354.032 -77.1846 19.2608 -77.1846 241.187
GPRESSAVG: 1000000 225.997 -80.4651 39.7532 -1.58738 414.353 -28.9425 -3.5999 -92.8341 301.03
TIMING: 1000000  CPU: 1001.4, 0.00039903/step  Wall: 1006.21, 0.000401029/step, 430.891 ns/days, 0.0556985 hours remaining, 0.000000 MB of memory in use.
PERFORMANCE: 1000000  averaging 429.517 ns/day, 0.000402313 sec/step with standard deviation 1.81496e-06
ETITLE:      TS           BOND          ANGLE          DIHED          IMPRP               ELECT            VDW       BOUNDARY           MISC        KINETIC               TOTAL           TEMP      POTENTIAL       TOTALAVG        TEMPAVG            PRESSURE      GPRESSURE         VOLUME       PRESSAVG      GPRESSAVG
FEPTITLE:    TS          BOND2         ELECT2           VDW2

ENERGY: 1000000         1.9428        12.8717         3.3548         0.0000         -10666.3308      1488.8228         0.0000         0.0000      1762.5660          -7396.7726       300.9717     -9159.3386     -7420.6145       299.9050            344.6320       450.4832     30254.8770       122.2278       180.6210
FEP:    1000000        18.1694    -10666.3308      1491.7226

WRITING EXTENDED SYSTEM TO RESTART FILE AT STEP 1000000
WRITING COORDINATES TO DCD FILE mobley_6456034_prod.dcd AT STEP 1000000
WRITING COORDINATES TO RESTART FILE AT STEP 1000000
FINISHED WRITING RESTART COORDINATES
WRITING VELOCITIES TO RESTART FILE AT STEP 1000000
FINISHED WRITING RESTART VELOCITIES
PRESSURE: 1100000 -450.902 205.549 50.4853 205.547 -856.085 287.706 50.4865 287.705 -374.939
GPRESSURE: 1100000 -502.333 -42.8092 430.369 234.067 -958.115 369.648 -386.637 114.839 -90.079
PRESSAVG: 1100000 119.47 -22.1978 4.889 -22.1978 261.932 -76.3989 4.889 -76.3989 242.738
GPRESSAVG: 1100000 174.002 -47.5277 43.9545 53.2624 317.389 -30.0417 -27.1345 -96.5016 309.465
ENERGY: 1100000         2.0809        15.9711         4.3657         0.0000         -10620.1921      1384.7733         0.0000         0.0000      1714.4221          -7498.5790       292.7507     -9213.0011     -7427.1115       299.3088           -560.6420      -516.8421     29878.4632        65.3220       122.4991
FEP:    1100000        22.4177    -10620.1921      1387.0846

WRITING EXTENDED SYSTEM TO RESTART FILE AT STEP 1100000
WRITING COORDINATES TO DCD FILE mobley_6456034_prod.dcd AT STEP 1100000
WRITING COORDINATES TO RESTART FILE AT STEP 1100000
FINISHED WRITING RESTART COORDINATES
WRITING VELOCITIES TO RESTART FILE AT STEP 1100000
FINISHED WRITING RESTART VELOCITIES
PRESSURE: 1200000 733.3 234.463 55.4007 234.463 762.375 -583.578 55.3965 -583.577 -387.629
GPRESSURE: 1200000 858.793 80.2232 164.092 106.894 871.005 -307.602 -34.8764 -594.102 -524.581
PRESSAVG: 1200000 175 -9.21105 -0.504509 -9.21105 289.369 -83.9965 -0.504509 -83.9965 248.744
GPRESSAVG: 1200000 226.846 -33.6193 29.3622 51.6182 350.909 -24.7021 -29.4761 -111.463 303.011
ENERGY: 1200000         2.6222        16.3080         7.8039         0.0000         -10497.7487      1416.5130         0.0000         0.0000      1778.4187          -7276.0829       303.6787     -9054.5016     -7415.4939       299.6450            369.3486       401.7387     29968.9001        88.7087       143.9790
FEP:    1200000        26.7341    -10497.7487      1418.0559

WRITING EXTENDED SYSTEM TO RESTART FILE AT STEP 1200000
WRITING COORDINATES TO DCD FILE mobley_6456034_prod.dcd AT STEP 1200000
WRITING COORDINATES TO RESTART FILE AT STEP 1200000
FINISHED WRITING RESTART COORDINATES
WRITING VELOCITIES TO RESTART FILE AT STEP 1200000
FINISHED WRITING RESTART VELOCITIES
PRESSURE: 1300000 -331.528 310.9 257.167 310.899 -182.631 -24.2316 257.164 -24.2309 -240.988
GPRESSURE: 1300000 -156.671 156.023 610.128 684.599 -289.363 159.497 138.475 145.023 -378.279
PRESSAVG: 1300000 147.198 18.4735 5.46091 18.4735 238.307 -81.8157 5.46091 -81.8157 221.478
GPRESSAVG: 1300000 201.499 -5.13051 59.8023 82.284 303.783 -10.7974 -43.902 -97.2315 261.35
ENERGY: 1300000         2.1954         9.2736         4.6453         0.0000         -10616.2967      1421.2947         0.0000         0.0000      1749.3578          -7429.5298       298.7163     -9178.8876     -7416.4965       299.5787           -251.7158      -274.7713     30512.4202        64.3926       114.0683
FEP:    1300000        16.1143    -10616.2967      1423.0699

WRITING EXTENDED SYSTEM TO RESTART FILE AT STEP 1300000
WRITING COORDINATES TO DCD FILE mobley_6456034_prod.dcd AT STEP 1300000
WRITING COORDINATES TO RESTART FILE AT STEP 1300000
FINISHED WRITING RESTART COORDINATES
WRITING VELOCITIES TO RESTART FILE AT STEP 1300000
FINISHED WRITING RESTART VELOCITIES
PRESSURE: 1400000 169.782 -100.843 17.6372 -100.846 978.253 37.5094 17.6354 37.5097 840.682
GPRESSURE: 1400000 193.912 -254.925 100.927 -70.3068 1046.09 17.8054 -222.013 -6.52247 987.914
PRESSAVG: 1400000 111.716 -3.73437 4.69136 -3.73437 257.382 -72.8703 4.69136 -72.8703 288.778
GPRESSAVG: 1400000 185.096 -31.4968 56.4185 70.1705 309.109 4.07352 -61.7008 -97.2241 320.311
ENERGY: 1400000         5.4089        11.5515         4.1928         0.0000         -10742.6265      1519.9543         0.0000         0.0000      1730.9068          -7470.6121       295.5656     -9201.5190     -7420.1042       299.3111            662.9055       742.6403     29774.6786       104.2935       155.9731
FEP:    1400000        21.1532    -10742.6265      1521.8015

WRITING EXTENDED SYSTEM TO RESTART FILE AT STEP 1400000
WRITING COORDINATES TO DCD FILE mobley_6456034_prod.dcd AT STEP 1400000
WRITING COORDINATES TO RESTART FILE AT STEP 1400000
FINISHED WRITING RESTART COORDINATES
WRITING VELOCITIES TO RESTART FILE AT STEP 1400000
FINISHED WRITING RESTART VELOCITIES
PRESSURE: 1500000 -438.759 -128.573 -46.7421 -128.576 -897.44 136.939 -46.7454 136.941 202.755
GPRESSURE: 1500000 -282.171 173.483 -287.274 -374.964 -679.297 0.548184 189.357 248.193 145.033
PRESSAVG: 1500000 83.6348 6.39349 6.58537 6.39349 178.185 -31.9958 6.58537 -31.9958 270.876
GPRESSAVG: 1500000 161.848 -14.6214 32.8404 63.778 233.027 17.2659 -38.911 -32.2564 299.624
ENERGY: 1500000         7.2357         9.3898         3.0878         0.0000         -10591.1525      1406.3143         0.0000         0.0000      1720.2427          -7444.8821       293.7447     -9165.1248     -7421.6528       298.9632           -377.8146      -272.1449     30000.7167        74.1617       129.2157
FEP:    1500000        19.7134    -10591.1525      1408.8620

WRITING EXTENDED SYSTEM TO RESTART FILE AT STEP 1500000
WRITING COORDINATES TO DCD FILE mobley_6456034_prod.dcd AT STEP 1500000
WRITING COORDINATES TO RESTART FILE AT STEP 1500000
FINISHED WRITING RESTART COORDINATES
WRITING VELOCITIES TO RESTART FILE AT STEP 1500000
FINISHED WRITING RESTART VELOCITIES
TCL: Running FEP window   3: Lambda1 0.1    Lambda2 0.15000000000000002 [dLambda 0.05000000000000002]
TCL: Setting parameter firsttimestep to 0
TCL: Setting parameter alchLambda to 0.1
Info: NONBONDED TABLE R-SQUARED SPACING: 0.0625
Info: NONBONDED TABLE SIZE: 705 POINTS
Info: INCONSISTENCY IN FAST TABLE ENERGY VS FORCE: 0.000290481 AT 0.251946
Info: INCONSISTENCY IN SCOR TABLE ENERGY VS FORCE: 0.000238233 AT 8.9687
Info: ABSOLUTE IMPRECISION IN VDWA TABLE ENERGY: 1.21169e-27 AT 8.99653
Info: ABSOLUTE IMPRECISION IN VDWA TABLE FORCE: 2.57484e-27 AT 8.99653
Info: INCONSISTENCY IN VDWA TABLE ENERGY VS FORCE: 0.0040507 AT 0.251946
Info: INCONSISTENCY IN VDWB TABLE ENERGY VS FORCE: 0.00150189 AT 0.251946
TCL: Setting parameter alchLambda2 to 0.15000000000000002
Info: NONBONDED TABLE R-SQUARED SPACING: 0.0625
Info: NONBONDED TABLE SIZE: 705 POINTS
Info: INCONSISTENCY IN FAST TABLE ENERGY VS FORCE: 0.000290481 AT 0.251946
Info: INCONSISTENCY IN SCOR TABLE ENERGY VS FORCE: 0.000238233 AT 8.9687
Info: ABSOLUTE IMPRECISION IN VDWA TABLE ENERGY: 1.21169e-27 AT 8.99653
Info: ABSOLUTE IMPRECISION IN VDWA TABLE FORCE: 2.57484e-27 AT 8.99653
Info: INCONSISTENCY IN VDWA TABLE ENERGY VS FORCE: 0.0040507 AT 0.251946
Info: INCONSISTENCY IN VDWB TABLE ENERGY VS FORCE: 0.00150189 AT 0.251946
TCL: Running for 1500000 steps
FEP: RESETTING FOR NEW FEP WINDOW LAMBDA SET TO 0.1 LAMBDA2 0.15
FEP: WINDOW TO HAVE 100000 STEPS OF EQUILIBRATION PRIOR TO FEP DATA COLLECTION.
FEP: USING CONSTANT TEMPERATURE OF 300 K FOR FEP CALCULATION
PRESSURE: 0 -325.779 -176.129 -86.2316 -176.127 -928.569 170.345 -86.2297 170.344 223.614
GPRESSURE: 0 -271.815 175.986 -284.014 -373.063 -664.276 2.08213 193.036 249.402 160.452
ETITLE:      TS           BOND          ANGLE          DIHED          IMPRP               ELECT            VDW       BOUNDARY           MISC        KINETIC               TOTAL           TEMP      POTENTIAL       TOTALAVG        TEMPAVG            PRESSURE      GPRESSURE         VOLUME       PRESSAVG      GPRESSAVG
FEPTITLE:    TS          BOND2         ELECT2           VDW2

ENERGY:       0         7.2357         9.3898         3.0878         0.0000         -10591.1533      1408.8618         0.0000         0.0000      1719.3527          -7443.2254       293.5927     -9162.5781     -7443.2254       293.5927           -343.5778      -258.5460     30000.7167      -343.5778      -258.5460
FEP:          0        19.7134    -10591.1533      1413.4415

PRESSURE: 100000 180.603 146.587 -19.1025 146.583 -742.609 117.912 -19.1007 117.911 -470.942
GPRESSURE: 100000 287.947 24.7173 282.606 677.269 -655.171 -238.933 96.5656 232.628 -574.233
PRESSAVG: 100000 60.3643 -1.6763 -19.1966 -1.6763 8.07517 -15.9403 -19.1966 -15.9403 115.875
GPRESSAVG: 100000 142.605 5.34672 11.2984 46.4128 63.5545 -9.03891 -37.9218 -6.57153 140.656
ENERGY:  100000         6.0821        15.0170         5.1164         0.0000         -10671.9072      1420.5792         0.0000         0.0000      1770.0699          -7455.0426       302.2530     -9225.1125     -7449.1340       297.9229           -344.3157      -313.8193     30101.0595      -343.9467      -286.1826
FEP:     100000        26.2155    -10671.9072      1424.0116

WRITING EXTENDED SYSTEM TO RESTART FILE AT STEP 100000
WRITING COORDINATES TO DCD FILE mobley_6456034_prod.dcd AT STEP 100000
WRITING COORDINATES TO RESTART FILE AT STEP 100000
FINISHED WRITING RESTART COORDINATES
WRITING VELOCITIES TO RESTART FILE AT STEP 100000
FINISHED WRITING RESTART VELOCITIES
PRESSURE: 200000 282.7 407.045 209.747 407.044 -51.538 -100.069 209.749 -100.066 438.6
GPRESSURE: 200000 245.326 173.201 343.227 395.303 67.8965 -339.629 -12.0625 -30.5169 535.445
PRESSAVG: 200000 75.4497 47.2139 4.96508 47.2139 -10.4336 -10.5194 4.96508 -10.5194 120.646
GPRESSAVG: 200000 149.527 39.9819 39.5229 100.994 55.064 -4.31955 -26.3031 -18.127 151.498
ENERGY:  200000         0.8646        10.5809         3.6467         0.0000         -10680.3037      1495.1652         0.0000         0.0000      1688.8940          -7481.1523       288.3916     -9170.0463     -7459.8068       294.7458            223.2542       282.8891     30446.8341      -154.8798       -96.4921
FEP:     200000        15.0923    -10680.3037      1497.1539

WRITING EXTENDED SYSTEM TO RESTART FILE AT STEP 200000
WRITING COORDINATES TO DCD FILE mobley_6456034_prod.dcd AT STEP 200000
WRITING COORDINATES TO RESTART FILE AT STEP 200000
FINISHED WRITING RESTART COORDINATES
WRITING VELOCITIES TO RESTART FILE AT STEP 200000
FINISHED WRITING RESTART VELOCITIES
PRESSURE: 300000 -1473.5 321.299 133.525 321.298 -1315.12 -439.573 133.524 -439.574 -233.288
GPRESSURE: 300000 -1329.64 -64.4116 10.4853 608.848 -1103.85 -224.97 37.025 -573.135 -321.512
PRESSAVG: 300000 -25.8468 69.2938 13.0387 69.2938 -93.958 -14.184 13.0387 -14.184 77.0019
GPRESSAVG: 300000 54.1944 39.1711 37.7729 123.797 -22.6266 -4.52065 -15.3205 -24.4124 97.3784
ENERGY:  300000         2.6143        10.7591         5.2842         0.0000         -10515.6675      1328.3144         0.0000         0.0000      1766.6911          -7402.0044       301.6761     -9168.6955     -7445.3562       296.4784          -1007.3017      -918.3348     30452.5144      -367.9852      -301.9527
FEP:     300000        18.6576    -10515.6675      1328.9645

WRITING EXTENDED SYSTEM TO RESTART FILE AT STEP 300000
WRITING COORDINATES TO DCD FILE mobley_6456034_prod.dcd AT STEP 300000
WRITING COORDINATES TO RESTART FILE AT STEP 300000
FINISHED WRITING RESTART COORDINATES
WRITING VELOCITIES TO RESTART FILE AT STEP 300000
FINISHED WRITING RESTART VELOCITIES
PRESSURE: 400000 -636.525 -452.81 158.144 -452.811 -89.9228 -312.202 158.146 -312.198 -677.749
GPRESSURE: 400000 -515.645 -380.115 -144.205 -544.29 5.72768 -63.2304 156.16 -276.338 -564.109
PRESSAVG: 400000 -85.846 50.8503 20.8313 50.8503 -117.959 -10.134 20.8313 -10.134 13.0956
GPRESSAVG: 400000 -0.544507 22.4978 28.4035 88.8789 -45.3342 3.40439 1.70594 -15.799 30.8135
ENERGY:  400000         5.5484        13.9372         4.1621         0.0000         -10620.4765      1396.5039         0.0000         0.0000      1718.9752          -7481.3497       293.5282     -9200.3249     -7452.5549       295.8883           -468.0654      -358.0090     30176.0642      -388.0013      -313.1640
FEP:     400000        23.6477    -10620.4765      1397.6199

WRITING EXTENDED SYSTEM TO RESTART FILE AT STEP 400000
WRITING COORDINATES TO DCD FILE mobley_6456034_prod.dcd AT STEP 400000
WRITING COORDINATES TO RESTART FILE AT STEP 400000
FINISHED WRITING RESTART COORDINATES
WRITING VELOCITIES TO RESTART FILE AT STEP 400000
FINISHED WRITING RESTART VELOCITIES
PRESSURE: 500000 -825.687 558.13 135.741 558.131 -432.508 99.1351 135.739 99.1347 -287.157
GPRESSURE: 500000 -554.623 503.552 -187.728 567.851 -464.088 102.45 -89.6392 203.968 -335.021
PRESSAVG: 500000 -148.901 77.3977 26.0129 77.3977 -131.435 9.53296 26.0129 9.53296 -39.9705
GPRESSAVG: 500000 -57.2431 65.4322 14.9153 125.303 -58.912 5.68524 -1.65449 1.91826 -21.8472
ENERGY:  500000         3.6402        22.5475         3.1964         0.0000         -10577.6240      1389.8689         0.0000         0.0000      1770.7444          -7387.6266       302.3682     -9158.3710     -7441.7335       296.9683           -515.1175      -451.2439     30526.2429      -409.1873      -336.1773
FEP:     500000        29.3841    -10577.6240      1391.2169

WRITING EXTENDED SYSTEM TO RESTART FILE AT STEP 500000
WRITING COORDINATES TO DCD FILE mobley_6456034_prod.dcd AT STEP 500000
WRITING COORDINATES TO RESTART FILE AT STEP 500000
FINISHED WRITING RESTART COORDINATES
WRITING VELOCITIES TO RESTART FILE AT STEP 500000
FINISHED WRITING RESTART VELOCITIES
PRESSURE: 600000 169.585 -68.9748 564.089 -68.9746 -293.455 -302.341 564.089 -302.342 -192.978
GPRESSURE: 600000 256.324 339.24 576.226 -348.411 -393.817 -303.086 507.082 -498.719 -84.2757
PRESSAVG: 600000 -133.146 60.8818 67.1393 60.8818 -132.3 -3.03932 67.1393 -3.03932 -25.5217
GPRESSAVG: 600000 -36.547 60.8268 60.4879 104.143 -65.6834 -6.89019 34.2842 -34.4087 -9.76987
ENERGY:  600000         4.1204        13.2963         4.5307         0.0000         -10690.4298      1430.4347         0.0000         0.0000      1801.5422          -7436.5055       307.6272     -9238.0476     -7440.9866       298.4910           -105.6159       -73.9228     30108.1003      -365.8200      -298.7124
FEP:     600000        21.9474    -10690.4298      1432.6112

WRITING EXTENDED SYSTEM TO RESTART FILE AT STEP 600000
WRITING COORDINATES TO DCD FILE mobley_6456034_prod.dcd AT STEP 600000
WRITING COORDINATES TO RESTART FILE AT STEP 600000
FINISHED WRITING RESTART COORDINATES
WRITING VELOCITIES TO RESTART FILE AT STEP 600000
FINISHED WRITING RESTART VELOCITIES
PRESSURE: 700000 -274.485 146.441 77.425 146.44 -832.839 391.786 77.4235 391.787 -789.982
GPRESSURE: 700000 -149.044 392.026 192.386 -66.6005 -771.734 652.004 -137.841 277.52 -849.052
PRESSAVG: 700000 -163.019 93.2396 91.9633 93.2396 -199.548 -1.46788 91.9633 -1.46788 -75.8617
GPRESSAVG: 700000 -70.0811 99.8826 99.5593 128.483 -122.959 21.7177 37.1418 -41.2821 -59.4265
ENERGY:  700000         3.3137        16.2395         4.2872         0.0000         -10442.8945      1344.7885         0.0000         0.0000      1794.0696          -7280.1960       306.3512     -9074.2656     -7420.8878       299.4735           -632.4355      -589.9430     30332.8602      -399.1469      -335.1162
FEP:     700000        23.8404    -10442.8945      1345.2226

WRITING EXTENDED SYSTEM TO RESTART FILE AT STEP 700000
WRITING COORDINATES TO DCD FILE mobley_6456034_prod.dcd AT STEP 700000
WRITING COORDINATES TO RESTART FILE AT STEP 700000
FINISHED WRITING RESTART COORDINATES
WRITING VELOCITIES TO RESTART FILE AT STEP 700000
FINISHED WRITING RESTART VELOCITIES
PRESSURE: 800000 63.43 274.25 161.955 274.251 -559.088 329.161 161.957 329.16 196.608
GPRESSURE: 800000 -143.059 480.177 343.558 176.056 -261.571 -80.8255 125.458 285.232 139.963
PRESSAVG: 800000 -201.477 118.928 88.9997 118.928 -263.734 26.3023 88.9997 26.3023 -114.236
GPRESSAVG: 800000 -122.884 117.885 120.966 146.552 -179.262 36.3152 21.3516 -15.3686 -106.909
ENERGY:  800000         3.5989         9.6542         2.6256         0.0000         -10558.2664      1424.3419         0.0000         0.0000      1734.8294          -7383.2164       296.2355     -9118.0458     -7416.7021       299.1137            -99.6833       -88.2226     30551.9237      -365.8732      -307.6836
FEP:     800000        15.8787    -10558.2664      1424.3434

WRITING EXTENDED SYSTEM TO RESTART FILE AT STEP 800000
WRITING COORDINATES TO DCD FILE mobley_6456034_prod.dcd AT STEP 800000
WRITING COORDINATES TO RESTART FILE AT STEP 800000
FINISHED WRITING RESTART COORDINATES
WRITING VELOCITIES TO RESTART FILE AT STEP 800000
FINISHED WRITING RESTART VELOCITIES
PRESSURE: 900000 -199.911 -303.294 -249.074 -303.293 76.8497 -234.15 -249.074 -234.149 -897.756
GPRESSURE: 900000 -434.215 -584.588 -128.5 -14.3626 94.9424 -198.16 -338.171 -305.33 -435.369
PRESSAVG: 900000 -208.785 94.5337 61.5875 94.5337 -261.761 6.5723 61.5875 6.5723 -105.117
GPRESSAVG: 900000 -142.082 68.9468 99.5927 143.819 -187.493 14.7269 -15.4372 -29.2614 -74.7093
ENERGY:  900000         2.4818        13.5725         4.4324         0.0000         -10626.7240      1402.3810         0.0000         0.0000      1795.7333          -7408.1229       306.6353     -9203.8563     -7415.8442       299.8659           -340.2722      -258.2138     29858.7858      -363.3131      -302.7366
FEP:     900000        20.4867    -10626.7240      1403.0841

WRITING EXTENDED SYSTEM TO RESTART FILE AT STEP 900000
WRITING COORDINATES TO DCD FILE mobley_6456034_prod.dcd AT STEP 900000
WRITING COORDINATES TO RESTART FILE AT STEP 900000
FINISHED WRITING RESTART COORDINATES
WRITING VELOCITIES TO RESTART FILE AT STEP 900000
FINISHED WRITING RESTART VELOCITIES
PRESSURE: 1000000 188.823 323.498 36.8367 323.499 -955.689 -128.789 36.8383 -128.793 -140.437
GPRESSURE: 1000000 472.629 332.69 75.7664 383.426 -909.172 157.891 -184.272 -278.879 -123.025
PRESSAVG: 1000000 -203.167 100.578 71.4476 100.578 -333.62 -16.4965 71.4476 -16.4965 -100.75
GPRESSAVG: 1000000 -125.843 78.4142 133.484 160.191 -263.348 -5.59753 -35.8666 -55.9524 -66.0937
TIMING: 1000000  CPU: 1600.6, 0.000399838/step  Wall: 1608.3, 0.0004017/step, 430.172 ns/days, 0.0557916 hours remaining, 0.000000 MB of memory in use.
PERFORMANCE: 1000000  averaging 429.735 ns/day, 0.000402108 sec/step with standard deviation 1.33129e-06
ETITLE:      TS           BOND          ANGLE          DIHED          IMPRP               ELECT            VDW       BOUNDARY           MISC        KINETIC               TOTAL           TEMP      POTENTIAL       TOTALAVG        TEMPAVG            PRESSURE      GPRESSURE         VOLUME       PRESSAVG      GPRESSAVG
FEPTITLE:    TS          BOND2         ELECT2           VDW2

ENERGY: 1000000         3.2991        12.7406         5.1462         0.0000         -10632.1769      1419.8960         0.0000         0.0000      1753.0163          -7438.0786       299.3410     -9191.0949     -7417.8655       299.8182           -302.4344      -186.5222     30144.2332      -357.7787      -292.1716
FEP:    1000000        21.1860    -10632.1769      1420.4825

WRITING EXTENDED SYSTEM TO RESTART FILE AT STEP 1000000
WRITING COORDINATES TO DCD FILE mobley_6456034_prod.dcd AT STEP 1000000
WRITING COORDINATES TO RESTART FILE AT STEP 1000000
FINISHED WRITING RESTART COORDINATES
WRITING VELOCITIES TO RESTART FILE AT STEP 1000000
FINISHED WRITING RESTART VELOCITIES
PRESSURE: 1100000 19.1223 215.535 -159.254 215.538 -856.295 -90.101 -159.256 -90.1019 -935.941
GPRESSURE: 1100000 85.4516 391.326 70.9439 182.357 -808.313 -109.007 -275.683 157.804 -970.513
PRESSAVG: 1100000 -180.153 105.249 64.3358 105.249 -388.161 -23.5455 64.3358 -23.5455 -173.783
GPRESSAVG: 1100000 -100.662 97.0719 143.545 149.226 -309.513 -14.4384 -50.8187 -49.0114 -148.779
ENERGY: 1100000         4.3844        15.2812         4.2515         0.0000         -10640.7410      1378.0231         0.0000         0.0000      1780.3732          -7458.4276       304.0124     -9238.8008     -7421.2457       300.1677           -591.0378      -564.4582     29992.1940      -377.2169      -314.8622
FEP:    1100000        23.9171    -10640.7410      1379.9783

WRITING EXTENDED SYSTEM TO RESTART FILE AT STEP 1100000
WRITING COORDINATES TO DCD FILE mobley_6456034_prod.dcd AT STEP 1100000
WRITING COORDINATES TO RESTART FILE AT STEP 1100000
FINISHED WRITING RESTART COORDINATES
WRITING VELOCITIES TO RESTART FILE AT STEP 1100000
FINISHED WRITING RESTART VELOCITIES
PRESSURE: 1200000 -28.9886 524.611 -576.581 524.611 -436.987 -434.328 -576.582 -434.327 -254.762
GPRESSURE: 1200000 -153.255 612.881 -685.758 2.15872 -400.117 -395.381 -395.526 -237.876 -37.789
PRESSAVG: 1200000 -131.49 133.387 48.9456 133.387 -392.103 -52.9397 48.9456 -52.9397 -152.749
GPRESSAVG: 1200000 -64.872 146.937 115.158 132.033 -312.824 -49.9436 -42.403 -71.0061 -119.608
ENERGY: 1200000         5.2034        15.4914         3.7704         0.0000         -10582.4700      1390.3853         0.0000         0.0000      1770.2457          -7397.3739       302.2830     -9167.6196     -7419.4094       300.3304           -240.2460      -197.0534     29925.4833      -366.6807      -305.8000
FEP:    1200000        24.4651    -10582.4700      1392.0197

WRITING EXTENDED SYSTEM TO RESTART FILE AT STEP 1200000
WRITING COORDINATES TO DCD FILE mobley_6456034_prod.dcd AT STEP 1200000
WRITING COORDINATES TO RESTART FILE AT STEP 1200000
FINISHED WRITING RESTART COORDINATES
WRITING VELOCITIES TO RESTART FILE AT STEP 1200000
FINISHED WRITING RESTART VELOCITIES
PRESSURE: 1300000 -405.722 -37.8537 130.139 -37.854 126.989 -230.248 130.138 -230.25 -557.016
GPRESSURE: 1300000 -284.578 95.3211 38.23 -44.0943 159.409 -240.34 194.197 -342.772 -541.095
PRESSAVG: 1300000 -190.353 122.065 32.0425 122.065 -359.126 -61.7616 32.0425 -61.7616 -179.329
GPRESSAVG: 1300000 -128.731 135.898 70.6198 117.929 -281.747 -49.8098 -36.5892 -84.8609 -139.48
ENERGY: 1300000         3.8263        13.9595         3.7203         0.0000         -10565.2060      1389.9188         0.0000         0.0000      1737.2543          -7416.5268       296.6495     -9153.7811     -7419.2035       300.0675           -278.5831      -222.0878     30047.3196      -360.3880      -299.8205
FEP:    1300000        21.5061    -10565.2060      1391.5175

WRITING EXTENDED SYSTEM TO RESTART FILE AT STEP 1300000
WRITING COORDINATES TO DCD FILE mobley_6456034_prod.dcd AT STEP 1300000
WRITING COORDINATES TO RESTART FILE AT STEP 1300000
FINISHED WRITING RESTART COORDINATES
WRITING VELOCITIES TO RESTART FILE AT STEP 1300000
FINISHED WRITING RESTART VELOCITIES
PRESSURE: 1400000 491.667 -307.315 295.419 -307.315 639.952 -137.454 295.424 -137.452 -113.24
GPRESSURE: 1400000 758.17 -73.6231 52.9905 -356.206 571.895 -388.435 354.648 -16.0281 32.1903
PRESSAVG: 1400000 -154.639 104.625 57.3362 104.625 -342.318 -72.3284 57.3362 -72.3284 -232.627
GPRESSAVG: 1400000 -80.9246 126.519 78.7228 91.3266 -277.096 -71.3837 -4.2359 -62.2805 -191.397
ENERGY: 1400000         3.0303         8.6557         4.6156         0.0000         -10637.2705      1452.3806         0.0000         0.0000      1737.6764          -7430.9120       296.7216     -9168.5883     -7419.9840       299.8444            339.4595       454.0849     29610.9233      -313.7315      -249.5602
FEP:    1400000        16.3016    -10637.2705      1454.3225

WRITING EXTENDED SYSTEM TO RESTART FILE AT STEP 1400000
WRITING COORDINATES TO DCD FILE mobley_6456034_prod.dcd AT STEP 1400000
WRITING COORDINATES TO RESTART FILE AT STEP 1400000
FINISHED WRITING RESTART COORDINATES
WRITING VELOCITIES TO RESTART FILE AT STEP 1400000
FINISHED WRITING RESTART VELOCITIES
PRESSURE: 1500000 -156.746 -72.8206 182.817 -72.8187 -960.896 -193.725 182.815 -193.723 -782.359
GPRESSURE: 1500000 -69.7238 -3.11282 398.629 -131.177 -842.461 -169.13 555.59 -171.525 -745.31
PRESSAVG: 1500000 -139.931 90.707 63.9526 90.707 -347.558 -96.3998 63.9526 -96.3998 -252.998
GPRESSAVG: 1500000 -59.2941 128.504 77.1358 73.0644 -271.313 -98.3226 42.8755 -76.5987 -224.158
ENERGY: 1500000         3.8544         9.3449         4.0067         0.0000         -10546.4776      1360.0818         0.0000         0.0000      1773.6114          -7395.5785       302.8578     -9169.1898     -7418.4587       300.0328           -633.3334      -552.4983     30069.0550      -333.7066      -268.4938
FEP:    1500000        17.2060    -10546.4776      1359.9501

WRITING EXTENDED SYSTEM TO RESTART FILE AT STEP 1500000
WRITING COORDINATES TO DCD FILE mobley_6456034_prod.dcd AT STEP 1500000
WRITING COORDINATES TO RESTART FILE AT STEP 1500000
FINISHED WRITING RESTART COORDINATES
WRITING VELOCITIES TO RESTART FILE AT STEP 1500000
FINISHED WRITING RESTART VELOCITIES
TCL: Running FEP window   4: Lambda1 0.15000000000000002 Lambda2 0.2    [dLambda 0.04999999999999999]
TCL: Setting parameter firsttimestep to 0
TCL: Setting parameter alchLambda to 0.15000000000000002
Info: NONBONDED TABLE R-SQUARED SPACING: 0.0625
Info: NONBONDED TABLE SIZE: 705 POINTS
Info: INCONSISTENCY IN FAST TABLE ENERGY VS FORCE: 0.000290481 AT 0.251946
Info: INCONSISTENCY IN SCOR TABLE ENERGY VS FORCE: 0.000238233 AT 8.9687
Info: ABSOLUTE IMPRECISION IN VDWA TABLE ENERGY: 1.21169e-27 AT 8.99653
Info: ABSOLUTE IMPRECISION IN VDWA TABLE FORCE: 2.57484e-27 AT 8.99653
Info: INCONSISTENCY IN VDWA TABLE ENERGY VS FORCE: 0.0040507 AT 0.251946
Info: INCONSISTENCY IN VDWB TABLE ENERGY VS FORCE: 0.00150189 AT 0.251946
TCL: Setting parameter alchLambda2 to 0.2
Info: NONBONDED TABLE R-SQUARED SPACING: 0.0625
Info: NONBONDED TABLE SIZE: 705 POINTS
Info: INCONSISTENCY IN FAST TABLE ENERGY VS FORCE: 0.000290481 AT 0.251946
Info: INCONSISTENCY IN SCOR TABLE ENERGY VS FORCE: 0.000238233 AT 8.9687
Info: ABSOLUTE IMPRECISION IN VDWA TABLE ENERGY: 1.21169e-27 AT 8.99653
Info: ABSOLUTE IMPRECISION IN VDWA TABLE FORCE: 2.57484e-27 AT 8.99653
Info: INCONSISTENCY IN VDWA TABLE ENERGY VS FORCE: 0.0040507 AT 0.251946
Info: INCONSISTENCY IN VDWB TABLE ENERGY VS FORCE: 0.00150189 AT 0.251946
TCL: Running for 1500000 steps
FEP: RESETTING FOR NEW FEP WINDOW LAMBDA SET TO 0.15 LAMBDA2 0.2
FEP: WINDOW TO HAVE 100000 STEPS OF EQUILIBRATION PRIOR TO FEP DATA COLLECTION.
FEP: USING CONSTANT TEMPERATURE OF 300 K FOR FEP CALCULATION
PRESSURE: 0 -151.749 -58.6913 170.699 -58.6927 -941.634 -155.576 170.696 -155.573 -783.034
GPRESSURE: 0 -63.5486 -5.00599 396.279 -132.599 -837.213 -166.721 553.648 -168.43 -739.931
ETITLE:      TS           BOND          ANGLE          DIHED          IMPRP               ELECT            VDW       BOUNDARY           MISC        KINETIC               TOTAL           TEMP      POTENTIAL       TOTALAVG        TEMPAVG            PRESSURE      GPRESSURE         VOLUME       PRESSAVG      GPRESSAVG
FEPTITLE:    TS          BOND2         ELECT2           VDW2

ENERGY:       0         3.8544         9.3449         4.0067         0.0000         -10546.4786      1359.9500         0.0000         0.0000      1772.7703          -7396.5523       302.7141     -9169.3225     -7396.5523       302.7141           -625.4720      -546.8977     30069.0550      -625.4720      -546.8977
FEP:          0        17.2060    -10546.4786      1360.3120

PRESSURE: 100000 -268.638 383.482 -74.9696 383.479 -386.95 -468.173 -74.9677 -468.172 462.738
GPRESSURE: 100000 -227.286 309.309 -111.035 386.711 -75.4094 -597.718 -49.1685 -478.508 329.401
PRESSAVG: 100000 -181.039 79.6783 53.111 79.6783 -442.975 -97.1967 53.111 -97.1967 -237.582
GPRESSAVG: 100000 -108.942 131.906 52.687 46.1953 -346.026 -129.139 62.9195 -86.4916 -199.542
ENERGY:  100000         3.6504        12.0982         3.4696         0.0000         -10625.1959      1420.3808         0.0000         0.0000      1745.8960          -7439.7009       298.1252     -9185.5969     -7418.1266       300.4196            -64.2836         8.9019     29917.8809      -344.8778      -268.9979
FEP:     100000        19.2183    -10625.1959      1420.8217

WRITING EXTENDED SYSTEM TO RESTART FILE AT STEP 100000
WRITING COORDINATES TO DCD FILE mobley_6456034_prod.dcd AT STEP 100000
WRITING COORDINATES TO RESTART FILE AT STEP 100000
FINISHED WRITING RESTART COORDINATES
WRITING VELOCITIES TO RESTART FILE AT STEP 100000
FINISHED WRITING RESTART VELOCITIES
PRESSURE: 200000 629.977 383.928 -363.522 383.927 977.273 -186.437 -363.522 -186.435 387.152
GPRESSURE: 200000 804.731 365.977 -206.079 293.792 982.471 24.772 -343.776 -186.102 370.605
PRESSAVG: 200000 -158.029 103.917 34.0531 103.917 -443.024 -108.394 34.0531 -108.394 -260.259
GPRESSAVG: 200000 -78.401 162.951 37.3367 64.4002 -349.208 -128.791 56.8314 -95.4706 -230.407
ENERGY:  200000         6.3128         6.2285         3.9580         0.0000         -10619.6325      1523.9617         0.0000         0.0000      1786.8020          -7292.3695       305.1102     -9079.1715     -7376.2076       301.9832            664.8006       719.2691     30688.0236        -8.3183        60.4244
FEP:     200000        16.4992    -10619.6325      1523.6299

WRITING EXTENDED SYSTEM TO RESTART FILE AT STEP 200000
WRITING COORDINATES TO DCD FILE mobley_6456034_prod.dcd AT STEP 200000
WRITING COORDINATES TO RESTART FILE AT STEP 200000
FINISHED WRITING RESTART COORDINATES
WRITING VELOCITIES TO RESTART FILE AT STEP 200000
FINISHED WRITING RESTART VELOCITIES
PRESSURE: 300000 -1116.9 -369.633 -335.765 -369.632 -183.286 -10.6338 -335.766 -10.6344 12.1304
GPRESSURE: 300000 -1011.78 -270.48 -240.004 -194.718 -258.278 -42.8633 -327.303 47.0275 30.2326
PRESSAVG: 300000 -191.936 91.8641 19.6021 91.8641 -407.316 -115.773 19.6021 -115.773 -269.79
GPRESSAVG: 300000 -114.882 140.753 39.7002 73.4125 -328.157 -130.962 30.9984 -105.529 -236.147
ENERGY:  300000         1.2755         9.1800         3.6238         0.0000         -10606.6046      1381.5865         0.0000         0.0000      1727.9734          -7482.9653       295.0647     -9210.9386     -7402.8970       300.2535           -429.3505      -413.2759     29860.3628      -113.5764       -58.0006
FEP:     300000        14.0794    -10606.6046      1382.3695

WRITING EXTENDED SYSTEM TO RESTART FILE AT STEP 300000
WRITING COORDINATES TO DCD FILE mobley_6456034_prod.dcd AT STEP 300000
WRITING COORDINATES TO RESTART FILE AT STEP 300000
FINISHED WRITING RESTART COORDINATES
WRITING VELOCITIES TO RESTART FILE AT STEP 300000
FINISHED WRITING RESTART VELOCITIES
PRESSURE: 400000 -188.599 276.027 445.009 276.027 205.259 -129.883 445.007 -129.881 180.995
GPRESSURE: 400000 -104.231 521.889 373.069 68.7315 32.5542 -171.108 608.929 -303.233 595.04
PRESSAVG: 400000 -185.077 114.472 46.1639 114.472 -350.624 -130.784 46.1639 -130.784 -271.921
GPRESSAVG: 400000 -106.502 158.048 72.5543 95.5023 -293.315 -139.621 51.793 -133.161 -214.418
ENERGY:  400000         1.9207        14.1278         4.4970         0.0000         -10662.5677      1451.9915         0.0000         0.0000      1751.2666          -7438.7641       299.0422     -9190.0306     -7410.0704       300.0113             65.8850       174.4541     29841.2992       -77.6841       -11.5097
FEP:     400000        20.5455    -10662.5677      1456.4743

WRITING EXTENDED SYSTEM TO RESTART FILE AT STEP 400000
WRITING COORDINATES TO DCD FILE mobley_6456034_prod.dcd AT STEP 400000
WRITING COORDINATES TO RESTART FILE AT STEP 400000
FINISHED WRITING RESTART COORDINATES
WRITING VELOCITIES TO RESTART FILE AT STEP 400000
FINISHED WRITING RESTART VELOCITIES
PRESSURE: 500000 285.835 -18.7051 -99.6039 -18.7054 474.906 -185.131 -99.6069 -185.128 170.823
GPRESSURE: 500000 404.314 -329.363 -213.342 -124.883 388.801 -81.7576 -174.621 -175.618 320.041
PRESSAVG: 500000 -179.815 106.207 42.1386 106.207 -289.749 -145.936 42.1386 -145.936 -239.833
GPRESSAVG: 500000 -100.684 140.344 47.7569 55.3947 -241.117 -131.762 38.2337 -153.573 -169.704
ENERGY:  500000         4.4616        15.5849         5.2327         0.0000         -10775.5905      1504.4579         0.0000         0.0000      1696.9069          -7548.9466       289.7599     -9245.8535     -7433.2164       298.3027            310.5212       371.0521     29775.3412       -12.9832        52.2506
FEP:     500000        25.2792    -10775.5905      1504.6081

WRITING EXTENDED SYSTEM TO RESTART FILE AT STEP 500000
WRITING COORDINATES TO DCD FILE mobley_6456034_prod.dcd AT STEP 500000
WRITING COORDINATES TO RESTART FILE AT STEP 500000
FINISHED WRITING RESTART COORDINATES
WRITING VELOCITIES TO RESTART FILE AT STEP 500000
FINISHED WRITING RESTART VELOCITIES
PRESSURE: 600000 394.167 -229.394 340.905 -229.394 432.934 323.13 340.905 323.131 -299.091
GPRESSURE: 600000 373.823 -172.929 284.57 -349.716 683.589 -50.6399 313.272 523.545 -336.933
PRESSAVG: 600000 -174.242 74.3855 48.6964 74.3855 -265.525 -124.776 48.6964 -124.776 -276.717
GPRESSAVG: 600000 -94.2592 123.038 44.8241 18.1437 -210.332 -117.313 54.5004 -125.87 -213.323
ENERGY:  600000         2.8261        13.6522         4.0095         0.0000         -10720.2763      1473.5211         0.0000         0.0000      1810.5153          -7415.7521       309.1594     -9226.2673     -7430.7215       299.8537            176.0035       240.1599     30114.1595        14.0149        79.0948
FEP:     600000        20.4879    -10720.2763      1476.0755

WRITING EXTENDED SYSTEM TO RESTART FILE AT STEP 600000
WRITING COORDINATES TO DCD FILE mobley_6456034_prod.dcd AT STEP 600000
WRITING COORDINATES TO RESTART FILE AT STEP 600000
FINISHED WRITING RESTART COORDINATES
WRITING VELOCITIES TO RESTART FILE AT STEP 600000
FINISHED WRITING RESTART VELOCITIES
PRESSURE: 700000 -180.82 -98.743 -106.349 -98.7424 -524.581 -56.4488 -106.348 -56.4452 -937.676
GPRESSURE: 700000 -19.4884 -15.3473 -346.317 -37.0911 -600.539 387.591 274.705 -150.152 -759.562
PRESSAVG: 700000 -109.608 53.3835 36.7028 53.3835 -225.998 -105.62 36.7028 -105.62 -311.937
GPRESSAVG: 700000 -28.7517 125.491 26.9839 -14.1533 -185.166 -86.6848 66.3844 -104.721 -235.226
ENERGY:  700000         4.7642        11.0430         4.0888         0.0000         -10655.8606      1410.8417         0.0000         0.0000      1760.4880          -7464.6349       300.6168     -9225.1229     -7434.9607       299.9491           -547.6926      -459.8631     30022.0039       -56.1985        11.7251
FEP:     700000        19.8960    -10655.8606      1411.1400

WRITING EXTENDED SYSTEM TO RESTART FILE AT STEP 700000
WRITING COORDINATES TO DCD FILE mobley_6456034_prod.dcd AT STEP 700000
WRITING COORDINATES TO RESTART FILE AT STEP 700000
FINISHED WRITING RESTART COORDINATES
WRITING VELOCITIES TO RESTART FILE AT STEP 700000
FINISHED WRITING RESTART VELOCITIES
PRESSURE: 800000 -1460.32 -199.146 -288.454 -199.144 -1062.3 -109.788 -288.452 -109.785 -1664.96
GPRESSURE: 800000 -1514.14 124.301 -512.697 -183.876 -1007.13 105.388 27.0043 -477.551 -1714.77
PRESSAVG: 800000 -150.798 66.0669 14.3728 66.0669 -274.617 -95.4989 14.3728 -95.4989 -361.297
GPRESSAVG: 800000 -78.6763 150.712 8.55932 3.86746 -235.809 -78.2538 59.9266 -114.781 -292.758
ENERGY:  800000         1.8757        13.9061         3.7752         0.0000         -10490.4409      1270.8716         0.0000         0.0000      1736.6116          -7463.4006       296.5398     -9200.0122     -7438.1207       299.5703          -1395.8625     -1412.0117     30266.6652      -205.0501      -146.4679
FEP:     800000        19.5570    -10490.4409      1271.0509

WRITING EXTENDED SYSTEM TO RESTART FILE AT STEP 800000
WRITING COORDINATES TO DCD FILE mobley_6456034_prod.dcd AT STEP 800000
WRITING COORDINATES TO RESTART FILE AT STEP 800000
FINISHED WRITING RESTART COORDINATES
WRITING VELOCITIES TO RESTART FILE AT STEP 800000
FINISHED WRITING RESTART VELOCITIES
PRESSURE: 900000 21.7492 -65.2749 354.276 -65.2775 -235.833 311.768 354.275 311.769 199.617
GPRESSURE: 900000 56.8758 -52.9245 211.482 -235.302 -187.45 203.83 550.587 221.119 158.183
PRESSAVG: 900000 -108.426 34.8965 25.2996 34.8965 -264.784 -84.8672 25.2996 -84.8672 -336.959
GPRESSAVG: 900000 -48.1014 122.888 28.5198 -36.2902 -221.977 -73.1848 91.9379 -113.924 -268.098
ENERGY:  900000         2.2420         7.5620         5.5121         0.0000         -10616.3561      1419.1597         0.0000         0.0000      1762.8729          -7419.0073       301.0241     -9181.8802     -7436.2094       299.7156             -4.8225         9.2029     30010.6752      -185.0273      -130.9008
FEP:     900000        15.3161    -10616.3561      1420.0832

WRITING EXTENDED SYSTEM TO RESTART FILE AT STEP 900000
WRITING COORDINATES TO DCD FILE mobley_6456034_prod.dcd AT STEP 900000
WRITING COORDINATES TO RESTART FILE AT STEP 900000
FINISHED WRITING RESTART COORDINATES
WRITING VELOCITIES TO RESTART FILE AT STEP 900000
FINISHED WRITING RESTART VELOCITIES
PRESSURE: 1000000 174.514 212.678 -230.876 212.677 -241.683 -38.6788 -230.878 -38.6727 -361.648
GPRESSURE: 1000000 276.704 295.775 -190.069 116.453 -242.788 -70.9179 -366.473 -35.5698 -409.91
PRESSAVG: 1000000 -108.18 48.979 -14.4487 48.979 -262.195 -71.6838 -14.4487 -71.6838 -345.392
GPRESSAVG: 1000000 -47.0823 120.715 -9.79489 -13.047 -214.426 -61.5764 48.2601 -90.7664 -284.38
TIMING: 1000000  CPU: 2199.53, 0.000399347/step  Wall: 2209.8, 0.000400989/step, 430.934 ns/days, 0.0556929 hours remaining, 0.000000 MB of memory in use.
PERFORMANCE: 1000000  averaging 430.034 ns/day, 0.000401829 sec/step with standard deviation 1.22259e-06
ETITLE:      TS           BOND          ANGLE          DIHED          IMPRP               ELECT            VDW       BOUNDARY           MISC        KINETIC               TOTAL           TEMP      POTENTIAL       TOTALAVG        TEMPAVG            PRESSURE      GPRESSURE         VOLUME       PRESSAVG      GPRESSAVG
FEPTITLE:    TS          BOND2         ELECT2           VDW2

ENERGY: 1000000         5.4270        12.2210         7.4190         0.0000         -10656.9141      1457.8461         0.0000         0.0000      1746.0218          -7427.9793       298.1466     -9174.0011     -7435.4612       299.5730           -142.9389      -125.3312     30466.0670      -181.2011      -130.3945
FEP:    1000000        25.0669    -10656.9141      1459.0489

WRITING EXTENDED SYSTEM TO RESTART FILE AT STEP 1000000
WRITING COORDINATES TO DCD FILE mobley_6456034_prod.dcd AT STEP 1000000
WRITING COORDINATES TO RESTART FILE AT STEP 1000000
FINISHED WRITING RESTART COORDINATES
WRITING VELOCITIES TO RESTART FILE AT STEP 1000000
FINISHED WRITING RESTART VELOCITIES
PRESSURE: 1100000 1268.11 -51.3786 -203.262 -51.3814 1169.49 -323.548 -203.264 -323.552 562.005
GPRESSURE: 1100000 1155.16 -279.889 -177.606 -143.454 1125.06 -472.785 -315.135 -323.212 739.892
PRESSAVG: 1100000 -31.0502 39.088 -28.4831 39.088 -162.078 -107.451 -28.4831 -107.451 -277.793
GPRESSAVG: 1100000 18.1276 87.1192 -28.2945 -16.8897 -119.586 -117.816 39.3954 -120.803 -204.933
ENERGY: 1100000         2.3286        11.2308         5.8115         0.0000         -10713.5993      1548.8882         0.0000         0.0000      1748.8696          -7396.4706       298.6329     -9145.3402     -7432.2120       299.4947            999.8677      1006.7029     30119.7895       -82.7787       -35.6364
FEP:    1100000        19.3708    -10713.5993      1552.5979

WRITING EXTENDED SYSTEM TO RESTART FILE AT STEP 1100000
WRITING COORDINATES TO DCD FILE mobley_6456034_prod.dcd AT STEP 1100000
WRITING COORDINATES TO RESTART FILE AT STEP 1100000
FINISHED WRITING RESTART COORDINATES
WRITING VELOCITIES TO RESTART FILE AT STEP 1100000
FINISHED WRITING RESTART VELOCITIES
PRESSURE: 1200000 553.009 -456.656 891.199 -456.655 402.082 538.583 891.203 538.58 242.168
GPRESSURE: 1200000 547.689 -47.3847 905.81 -576.709 708.711 812.048 623.435 406.774 182.804
PRESSAVG: 1200000 -6.57127 2.54268 7.97923 2.54268 -114.02 -96.9797 7.97923 -96.9797 -275.515
GPRESSAVG: 1200000 52.665 60.7411 -0.181915 -54.5279 -71.0719 -73.1722 64.2943 -114.726 -202.791
ENERGY: 1200000         1.5886        13.8534         4.8263         0.0000         -10685.4050      1471.7131         0.0000         0.0000      1716.2135          -7477.2102       293.0566     -9193.4236     -7435.6734       298.9994            399.0861       479.7345     29871.2186       -45.7122         4.0075
FEP:    1200000        20.2683    -10685.4050      1471.9767

WRITING EXTENDED SYSTEM TO RESTART FILE AT STEP 1200000
WRITING COORDINATES TO DCD FILE mobley_6456034_prod.dcd AT STEP 1200000
WRITING COORDINATES TO RESTART FILE AT STEP 1200000
FINISHED WRITING RESTART COORDINATES
WRITING VELOCITIES TO RESTART FILE AT STEP 1200000
FINISHED WRITING RESTART VELOCITIES
PRESSURE: 1300000 611.385 282.472 265.59 282.472 1170.74 -397.542 265.588 -397.546 808.872
GPRESSURE: 1300000 360.289 443.794 227.995 95.653 1234.75 -228.998 175.085 -136.021 867.514
PRESSAVG: 1300000 33.9935 31.8309 33.7123 31.8309 -59.3255 -105.15 33.7123 -105.15 -190.183
GPRESSAVG: 1300000 92.3902 112.16 17.6428 -49.0271 -14.0814 -74.7141 89.957 -106.26 -137.647
ENERGY: 1300000         1.4424        14.8273         4.2202         0.0000         -10649.0239      1511.7949         0.0000         0.0000      1777.1007          -7339.6385       303.4536     -9116.7391     -7428.8137       299.3176            863.6656       820.8516     30287.1987        19.2434        62.3535
FEP:    1300000        20.4898    -10649.0239      1511.3442

WRITING EXTENDED SYSTEM TO RESTART FILE AT STEP 1300000
WRITING COORDINATES TO DCD FILE mobley_6456034_prod.dcd AT STEP 1300000
WRITING COORDINATES TO RESTART FILE AT STEP 1300000
FINISHED WRITING RESTART COORDINATES
WRITING VELOCITIES TO RESTART FILE AT STEP 1300000
FINISHED WRITING RESTART VELOCITIES
PRESSURE: 1400000 -318.466 98.8347 -17.02 98.8351 -356.165 -405.386 -17.0174 -405.383 -173.39
GPRESSURE: 1400000 -112.457 3.80099 -3.47407 213.047 -280.682 -359.684 -203.016 -611.95 -387.209
PRESSAVG: 1400000 8.6291 20.5977 31.0196 20.5977 -29.3493 -118.979 31.0196 -118.979 -191.831
GPRESSAVG: 1400000 63.1359 95.7157 13.6808 -57.5461 17.3431 -100.593 89.0198 -122.914 -150.856
ENERGY: 1400000         3.6233         9.4290         3.0985         0.0000         -10615.8351      1380.0798         0.0000         0.0000      1774.5247          -7445.0798       303.0137     -9219.6045     -7429.8981       299.5640           -282.6735      -260.1159     29726.2065        -0.8844        40.8556
FEP:    1400000        16.1508    -10615.8351      1381.3079

WRITING EXTENDED SYSTEM TO RESTART FILE AT STEP 1400000
WRITING COORDINATES TO DCD FILE mobley_6456034_prod.dcd AT STEP 1400000
WRITING COORDINATES TO RESTART FILE AT STEP 1400000
FINISHED WRITING RESTART COORDINATES
WRITING VELOCITIES TO RESTART FILE AT STEP 1400000
FINISHED WRITING RESTART VELOCITIES
PRESSURE: 1500000 1311.46 225.354 671.974 225.355 43.002 297.047 671.974 297.047 234.729
GPRESSURE: 1500000 1122.01 252.788 548.969 342.009 79.8076 498.383 497.146 21.2164 539.123
PRESSAVG: 1500000 73.2458 21.0886 72.581 21.0886 15.6155 -99.6216 72.581 -99.6216 -133.297
GPRESSAVG: 1500000 114.964 88.7888 37.5821 -49.5635 61.7491 -70.2234 127.661 -129.743 -75.374
ENERGY: 1500000         1.1272        14.7432         4.1340         0.0000         -10710.6498      1504.4886         0.0000         0.0000      1729.5617          -7456.5950       295.3359     -9186.1567     -7431.5667       299.2997            529.7292       580.3144     29862.3496        32.2789        74.5717
FEP:    1500000        20.0045    -10710.6498      1505.2647

WRITING EXTENDED SYSTEM TO RESTART FILE AT STEP 1500000
WRITING COORDINATES TO DCD FILE mobley_6456034_prod.dcd AT STEP 1500000
WRITING COORDINATES TO RESTART FILE AT STEP 1500000
FINISHED WRITING RESTART COORDINATES
WRITING VELOCITIES TO RESTART FILE AT STEP 1500000
FINISHED WRITING RESTART VELOCITIES
TCL: Running FEP window   5: Lambda1 0.2    Lambda2 0.25   [dLambda 0.04999999999999999]
TCL: Setting parameter firsttimestep to 0
TCL: Setting parameter alchLambda to 0.2
Info: NONBONDED TABLE R-SQUARED SPACING: 0.0625
Info: NONBONDED TABLE SIZE: 705 POINTS
Info: INCONSISTENCY IN FAST TABLE ENERGY VS FORCE: 0.000290481 AT 0.251946
Info: INCONSISTENCY IN SCOR TABLE ENERGY VS FORCE: 0.000238233 AT 8.9687
Info: ABSOLUTE IMPRECISION IN VDWA TABLE ENERGY: 1.21169e-27 AT 8.99653
Info: ABSOLUTE IMPRECISION IN VDWA TABLE FORCE: 2.57484e-27 AT 8.99653
Info: INCONSISTENCY IN VDWA TABLE ENERGY VS FORCE: 0.0040507 AT 0.251946
Info: INCONSISTENCY IN VDWB TABLE ENERGY VS FORCE: 0.00150189 AT 0.251946
TCL: Setting parameter alchLambda2 to 0.25
Info: NONBONDED TABLE R-SQUARED SPACING: 0.0625
Info: NONBONDED TABLE SIZE: 705 POINTS
Info: INCONSISTENCY IN FAST TABLE ENERGY VS FORCE: 0.000290481 AT 0.251946
Info: INCONSISTENCY IN SCOR TABLE ENERGY VS FORCE: 0.000238233 AT 8.9687
Info: ABSOLUTE IMPRECISION IN VDWA TABLE ENERGY: 1.21169e-27 AT 8.99653
Info: ABSOLUTE IMPRECISION IN VDWA TABLE FORCE: 2.57484e-27 AT 8.99653
Info: INCONSISTENCY IN VDWA TABLE ENERGY VS FORCE: 0.0040507 AT 0.251946
Info: INCONSISTENCY IN VDWB TABLE ENERGY VS FORCE: 0.00150189 AT 0.251946
TCL: Running for 1500000 steps
FEP: RESETTING FOR NEW FEP WINDOW LAMBDA SET TO 0.2 LAMBDA2 0.25
FEP: WINDOW TO HAVE 100000 STEPS OF EQUILIBRATION PRIOR TO FEP DATA COLLECTION.
FEP: USING CONSTANT TEMPERATURE OF 300 K FOR FEP CALCULATION
PRESSURE: 0 1357.33 226.874 683.703 226.877 -31.9724 336.226 683.706 336.225 212.867
GPRESSURE: 0 1137 255.031 545.571 344.594 85.863 505.149 498.106 28.2026 543.169
ETITLE:      TS           BOND          ANGLE          DIHED          IMPRP               ELECT            VDW       BOUNDARY           MISC        KINETIC               TOTAL           TEMP      POTENTIAL       TOTALAVG        TEMPAVG            PRESSURE      GPRESSURE         VOLUME       PRESSAVG      GPRESSAVG
FEPTITLE:    TS          BOND2         ELECT2           VDW2

ENERGY:       0         1.1273        14.7432         4.1340         0.0000         -10710.6488      1505.2649         0.0000         0.0000      1728.7112          -7456.6683       295.1907     -9185.3795     -7456.6683       295.1907            512.7425       588.6768     29862.3496       512.7425       588.6768
FEP:          0        20.0045    -10710.6488      1507.0021

PRESSURE: 100000 990.019 438.919 264.916 438.922 428.576 -391.83 264.918 -391.831 1101.58
GPRESSURE: 100000 1012.21 180.788 183.686 506.017 476.184 -403.962 457.993 -377.975 1342.89
PRESSAVG: 100000 212.349 30.0408 142.334 30.0408 50.9456 -69.1731 142.334 -69.1731 -26.9861
GPRESSAVG: 100000 244.316 75.1697 106.421 -4.93614 101.887 -33.3779 185.533 -118.2 47.8733
ENERGY:  100000         1.6127        12.9418         4.6490         0.0000         -10792.5953      1535.1319         0.0000         0.0000      1758.7960          -7479.4639       300.3279     -9238.2599     -7468.0661       297.7593            840.0583       943.7618     29522.8376       676.4004       766.2193
FEP:     100000        19.2035    -10792.5953      1535.1628

WRITING EXTENDED SYSTEM TO RESTART FILE AT STEP 100000
WRITING COORDINATES TO DCD FILE mobley_6456034_prod.dcd AT STEP 100000
WRITING COORDINATES TO RESTART FILE AT STEP 100000
FINISHED WRITING RESTART COORDINATES
WRITING VELOCITIES TO RESTART FILE AT STEP 100000
FINISHED WRITING RESTART VELOCITIES
PRESSURE: 200000 -248.969 -6.18969 455.388 -6.18931 1479.43 129.391 455.387 129.388 156.575
GPRESSURE: 200000 -111.32 -32.74 733.035 -190.019 1477.83 172.496 285.486 -254.594 69.6456
PRESSAVG: 200000 175.317 45.097 150.333 45.097 92.9195 -55.8311 150.333 -55.8311 -13.4954
GPRESSAVG: 200000 200.841 77.2138 140.423 3.37323 147.184 -5.33138 182.075 -130.128 49.7461
ENERGY:  200000         4.2941        12.0596         5.0728         0.0000         -10655.1125      1453.5601         0.0000         0.0000      1759.5883          -7420.5376       300.4632     -9180.1259     -7452.2233       298.6606            462.3455       478.7181     29842.3623       605.0487       670.3856
FEP:     200000        21.4265    -10655.1125      1455.1548

WRITING EXTENDED SYSTEM TO RESTART FILE AT STEP 200000
WRITING COORDINATES TO DCD FILE mobley_6456034_prod.dcd AT STEP 200000
WRITING COORDINATES TO RESTART FILE AT STEP 200000
FINISHED WRITING RESTART COORDINATES
WRITING VELOCITIES TO RESTART FILE AT STEP 200000
FINISHED WRITING RESTART VELOCITIES
PRESSURE: 300000 295.72 -126.489 -517.3 -126.489 -124.227 -31.1561 -517.299 -31.1563 -160.114
GPRESSURE: 300000 245.306 226.022 -739.727 -374.734 -49.2001 223.151 -344.616 -202.391 28.344
PRESSAVG: 300000 197.94 42.4135 115.327 42.4135 134.753 -47.7027 115.327 -47.7027 17.6169
GPRESSAVG: 300000 216.593 88.6706 83.5057 -8.80461 186.847 14.2827 137.064 -131.671 88.4288
ENERGY:  300000         2.7251        15.0511         3.8770         0.0000         -10565.6448      1408.2363         0.0000         0.0000      1726.0644          -7409.6910       294.7388     -9135.7553     -7441.5902       297.6802              3.7930        74.8165     29969.6681       454.7348       521.4933
FEP:     300000        21.6532    -10565.6448      1408.7392

WRITING EXTENDED SYSTEM TO RESTART FILE AT STEP 300000
WRITING COORDINATES TO DCD FILE mobley_6456034_prod.dcd AT STEP 300000
WRITING COORDINATES TO RESTART FILE AT STEP 300000
FINISHED WRITING RESTART COORDINATES
WRITING VELOCITIES TO RESTART FILE AT STEP 300000
FINISHED WRITING RESTART VELOCITIES
PRESSURE: 400000 -800.894 121.536 -248.065 121.537 -7.42269 -853.154 -248.069 -853.153 330.996
GPRESSURE: 400000 -768.608 -254.032 -592.591 365.402 -98.2787 -841.603 -180.614 -782.049 593.591
PRESSAVG: 400000 165.483 51.425 94.3886 51.425 181.464 -82.5817 94.3886 -82.5817 73.3184
GPRESSAVG: 400000 181.34 76.2193 34.0622 16.0954 223.793 -19.4614 100.351 -162.352 155.105
ENERGY:  400000         2.2356        10.8916         3.5962         0.0000         -10533.7206      1387.0317         0.0000         0.0000      1725.6469          -7404.3187       294.6675     -9129.9655     -7434.1359       297.0776           -159.1068       -91.0984     29967.4969       331.9665       398.9750
FEP:     400000        16.7234    -10533.7206      1386.6975

WRITING EXTENDED SYSTEM TO RESTART FILE AT STEP 400000
WRITING COORDINATES TO DCD FILE mobley_6456034_prod.dcd AT STEP 400000
WRITING COORDINATES TO RESTART FILE AT STEP 400000
FINISHED WRITING RESTART COORDINATES
WRITING VELOCITIES TO RESTART FILE AT STEP 400000
FINISHED WRITING RESTART VELOCITIES
PRESSURE: 500000 224.123 128.115 -91.6873 128.113 -572.424 -1041.09 -91.6876 -1041.09 -319.484
GPRESSURE: 500000 252.737 -222.906 -340.846 357.213 -513.503 -1166.69 -150.631 -471.013 -204.314
PRESSAVG: 500000 190.121 38.6567 93.5526 38.6567 172.19 -111.228 93.5526 -111.228 34.2073
GPRESSAVG: 500000 205.341 49.6085 22.5717 14.6205 201.889 -47.9098 95.278 -161.977 128.419
ENERGY:  500000         2.4106        14.0893         3.4339         0.0000         -10583.2696      1396.6758         0.0000         0.0000      1739.1602          -7427.4998       296.9750     -9166.6600     -7433.0299       297.0605           -222.5953      -155.0269     30149.7033       239.5395       306.6413
FEP:     500000        19.9338    -10583.2696      1396.5347

WRITING EXTENDED SYSTEM TO RESTART FILE AT STEP 500000
WRITING COORDINATES TO DCD FILE mobley_6456034_prod.dcd AT STEP 500000
WRITING COORDINATES TO RESTART FILE AT STEP 500000
FINISHED WRITING RESTART COORDINATES
WRITING VELOCITIES TO RESTART FILE AT STEP 500000
FINISHED WRITING RESTART VELOCITIES
PRESSURE: 600000 340.385 -738.69 161.738 -738.691 -664.835 -453.906 161.739 -453.906 418.14
GPRESSURE: 600000 394.003 -419.401 209.083 -562.37 -583.408 -124.503 344.378 -490.682 522.511
PRESSAVG: 600000 175.642 -17.4742 119.816 -17.4742 90.0844 -124.601 119.816 -124.601 35.7567
GPRESSAVG: 600000 184.805 10.3396 43.3298 -28.1875 123.595 -55.3736 129.686 -177.206 136.014
ENERGY:  600000         1.8315         7.8820         7.3407         0.0000         -10650.4010      1423.8862         0.0000         0.0000      1744.3785          -7465.0821       297.8660     -9209.4606     -7437.6088       297.1756             31.2298       111.0352     29780.5944       209.7810       278.6976
FEP:     600000        17.0542    -10650.4010      1424.1027

WRITING EXTENDED SYSTEM TO RESTART FILE AT STEP 600000
WRITING COORDINATES TO DCD FILE mobley_6456034_prod.dcd AT STEP 600000
WRITING COORDINATES TO RESTART FILE AT STEP 600000
FINISHED WRITING RESTART COORDINATES
WRITING VELOCITIES TO RESTART FILE AT STEP 600000
FINISHED WRITING RESTART VELOCITIES
PRESSURE: 700000 -176.558 -167.214 243.736 -167.214 -279.163 -430.862 243.737 -430.861 -17.4111
GPRESSURE: 700000 -160.06 -285.714 163.689 -270.005 -220.706 -663.37 332.522 -622.132 161.81
PRESSAVG: 700000 222.659 -7.35329 148.791 -7.35329 85.2905 -145.612 148.791 -145.612 34.2796
GPRESSAVG: 700000 227.391 9.57788 63.5144 -31.9519 125.473 -86.3989 162.677 -210.664 142.593
ENERGY:  700000         1.8437        14.1422         5.3856         0.0000         -10729.1068      1435.6254         0.0000         0.0000      1735.6134          -7536.4966       296.3693     -9272.1099     -7449.9697       297.0748           -157.7107       -72.9854     29750.3257       163.8445       234.7372
FEP:     700000        21.3715    -10729.1068      1435.1530

WRITING EXTENDED SYSTEM TO RESTART FILE AT STEP 700000
WRITING COORDINATES TO DCD FILE mobley_6456034_prod.dcd AT STEP 700000
WRITING COORDINATES TO RESTART FILE AT STEP 700000
FINISHED WRITING RESTART COORDINATES
WRITING VELOCITIES TO RESTART FILE AT STEP 700000
FINISHED WRITING RESTART VELOCITIES
PRESSURE: 800000 52.851 113.484 -11.43 113.484 -955.203 -423.917 -11.4297 -423.919 453.779
GPRESSURE: 800000 -44.5562 -201.53 335.366 141.96 -706.871 7.95103 -3.52118 -600.479 679.311
PRESSAVG: 800000 234.731 -15.4805 125.969 -15.4805 27.2674 -160.314 125.969 -160.314 47.9188
GPRESSAVG: 800000 230.374 -26.593 61.6293 -28.2905 88.502 -77.446 132.055 -225.527 146.807
ENERGY:  800000         2.0838        10.9724         5.5025         0.0000         -10684.5339      1465.0304         0.0000         0.0000      1755.7954          -7445.1494       299.8156     -9200.9448     -7449.4341       297.3793           -149.5244       -24.0388     30466.8966       129.0258       205.9843
FEP:     800000        18.5587    -10684.5339      1465.5108

WRITING EXTENDED SYSTEM TO RESTART FILE AT STEP 800000
WRITING COORDINATES TO DCD FILE mobley_6456034_prod.dcd AT STEP 800000
WRITING COORDINATES TO RESTART FILE AT STEP 800000
FINISHED WRITING RESTART COORDINATES
WRITING VELOCITIES TO RESTART FILE AT STEP 800000
FINISHED WRITING RESTART VELOCITIES
PRESSURE: 900000 728.125 73.2302 110.7 73.2313 -402.335 -589.276 110.697 -589.275 611.357
GPRESSURE: 900000 742.996 360.555 -105.342 -75.0172 -314.991 -595.542 398.647 -651.05 779.454
PRESSAVG: 900000 256.846 -10.8836 136.484 -10.8836 -16.5947 -180.522 136.484 -180.522 69.9455
GPRESSAVG: 900000 247.309 7.90286 67.0293 -25.7972 53.3124 -103.135 160.718 -249.298 169.778
ENERGY:  900000         1.9974         9.0098         3.5942         0.0000         -10742.7383      1481.7047         0.0000         0.0000      1809.8811          -7436.5512       309.0511     -9246.4323     -7448.1458       298.5465            312.3820       402.4864     29831.7675       147.3614       225.6346
FEP:     900000        14.6013    -10742.7383      1482.6149

WRITING EXTENDED SYSTEM TO RESTART FILE AT STEP 900000
WRITING COORDINATES TO DCD FILE mobley_6456034_prod.dcd AT STEP 900000
WRITING COORDINATES TO RESTART FILE AT STEP 900000
FINISHED WRITING RESTART COORDINATES
WRITING VELOCITIES TO RESTART FILE AT STEP 900000
FINISHED WRITING RESTART VELOCITIES
PRESSURE: 1000000 -502.738 39.9119 232.955 39.9131 309.84 -374.274 232.954 -374.274 393.13
GPRESSURE: 1000000 -444.375 -89.2699 417.984 87.8032 308.027 -349.919 -11.8834 -312.27 527.8
PRESSAVG: 1000000 212 2.58172 131.087 2.58172 -22.7494 -215.392 131.087 -215.392 104.557
GPRESSAVG: 1000000 206.399 12.0858 73.7 -3.92122 34.5343 -118.099 144.46 -291.089 213.014
TIMING: 1000000  CPU: 2798.26, 0.000399114/step  Wall: 2811.13, 0.000400828/step, 431.108 ns/days, 0.0556706 hours remaining, 0.000000 MB of memory in use.
PERFORMANCE: 1000000  averaging 430.248 ns/day, 0.000401629 sec/step with standard deviation 1.14948e-06
ETITLE:      TS           BOND          ANGLE          DIHED          IMPRP               ELECT            VDW       BOUNDARY           MISC        KINETIC               TOTAL           TEMP      POTENTIAL       TOTALAVG        TEMPAVG            PRESSURE      GPRESSURE         VOLUME       PRESSAVG      GPRESSAVG
FEPTITLE:    TS          BOND2         ELECT2           VDW2

ENERGY: 1000000         2.2577        13.3556         4.1180         0.0000         -10566.9835      1410.6757         0.0000         0.0000      1714.6549          -7421.9216       292.7905     -9136.5765     -7445.7618       298.0232             66.7437       130.4841     30172.0872       140.0325       216.9845
FEP:    1000000        19.7313    -10566.9835      1410.8997

WRITING EXTENDED SYSTEM TO RESTART FILE AT STEP 1000000
WRITING COORDINATES TO DCD FILE mobley_6456034_prod.dcd AT STEP 1000000
WRITING COORDINATES TO RESTART FILE AT STEP 1000000
FINISHED WRITING RESTART COORDINATES
WRITING VELOCITIES TO RESTART FILE AT STEP 1000000
FINISHED WRITING RESTART VELOCITIES
PRESSURE: 1100000 315.42 94.3222 284.841 94.3229 165.485 -259.634 284.842 -259.632 -377.341
GPRESSURE: 1100000 326.25 138.782 338.741 359.474 376.566 -354.757 64.2992 -83.3858 -362.708
PRESSAVG: 1100000 236.812 12.235 150.646 12.235 11.7539 -225.551 150.646 -225.551 132.573
GPRESSAVG: 1100000 223.686 19.7923 107.953 15.9071 83.3896 -155.216 133.94 -287.751 232.857
ENERGY: 1100000         2.1773        13.8442         4.7920         0.0000         -10541.0889      1399.2300         0.0000         0.0000      1802.5995          -7318.4460       307.8077     -9121.0454     -7435.1522       298.8386             34.5213       113.3692     29998.0090       131.2399       208.3499
FEP:    1100000        20.8135    -10541.0889      1400.2610

WRITING EXTENDED SYSTEM TO RESTART FILE AT STEP 1100000
WRITING COORDINATES TO DCD FILE mobley_6456034_prod.dcd AT STEP 1100000
WRITING COORDINATES TO RESTART FILE AT STEP 1100000
FINISHED WRITING RESTART COORDINATES
WRITING VELOCITIES TO RESTART FILE AT STEP 1100000
FINISHED WRITING RESTART VELOCITIES
PRESSURE: 1200000 -451.022 -467.324 -178.477 -467.322 141.415 313.484 -178.476 313.478 -265.706
GPRESSURE: 1200000 -512.153 -661.171 -337.86 -731.108 306.698 382.528 76.2033 70.4576 -287.62
PRESSAVG: 1200000 287.277 -1.17394 156.145 -1.17394 71.9397 -204.388 156.145 -204.388 202.536
GPRESSAVG: 1200000 273.785 -19.4813 116.695 -11.4546 149.081 -141.359 136.4 -260.35 304.214
ENERGY: 1200000         3.7941        16.8164         4.7648         0.0000         -10565.1927      1418.1024         0.0000         0.0000      1780.0955          -7341.6194       303.9650     -9121.7149     -7427.9573       299.2329           -191.7706      -164.3583     30375.4799       106.3930       179.6800
FEP:    1200000        25.3753    -10565.1927      1419.2476

WRITING EXTENDED SYSTEM TO RESTART FILE AT STEP 1200000
WRITING COORDINATES TO DCD FILE mobley_6456034_prod.dcd AT STEP 1200000
WRITING COORDINATES TO RESTART FILE AT STEP 1200000
FINISHED WRITING RESTART COORDINATES
WRITING VELOCITIES TO RESTART FILE AT STEP 1200000
FINISHED WRITING RESTART VELOCITIES
PRESSURE: 1300000 751.975 -607.065 -368.357 -607.062 -15.4359 -221.097 -368.355 -221.095 960.604
GPRESSURE: 1300000 913.289 -386.36 -80.5253 -566.139 -125.21 -315.15 -481.687 -351.255 1055.7
PRESSAVG: 1300000 323.789 -28.2632 120.014 -28.2632 82.9596 -231.031 120.014 -231.031 240.585
GPRESSAVG: 1300000 316.605 -36.153 102.094 -27.9964 152.193 -167.309 84.7861 -288.969 349.09
ENERGY: 1300000         3.3106         9.4886         4.1241         0.0000         -10675.7049      1456.3471         0.0000         0.0000      1750.1240          -7452.3105       298.8471     -9202.4345     -7429.6969       299.2054            565.7143       614.5946     29359.0576       139.2016       210.7454
FEP:    1300000        16.9233    -10675.7049      1457.9749

WRITING EXTENDED SYSTEM TO RESTART FILE AT STEP 1300000
WRITING COORDINATES TO DCD FILE mobley_6456034_prod.dcd AT STEP 1300000
WRITING COORDINATES TO RESTART FILE AT STEP 1300000
FINISHED WRITING RESTART COORDINATES
WRITING VELOCITIES TO RESTART FILE AT STEP 1300000
FINISHED WRITING RESTART VELOCITIES
PRESSURE: 1400000 576.147 391.516 249.171 391.516 4.59654 452.353 249.168 452.347 484.967
GPRESSURE: 1400000 637.831 347.153 1.16691 328.746 24.6007 441.372 381.047 669.456 646.325
PRESSAVG: 1400000 343.87 -19.3212 144.016 -19.3212 95.2736 -206.48 144.016 -206.48 282.916
GPRESSAVG: 1400000 334.662 -33.5841 111.656 -17.3818 165.562 -141.694 122.162 -253.718 401.902
ENERGY: 1400000         3.4451        13.6367         2.9920         0.0000         -10593.9457      1460.9298         0.0000         0.0000      1777.5981          -7335.3440       303.5385     -9112.9421     -7423.4067       299.4943            355.2366       436.2522     30134.2040       153.6040       225.7792
FEP:    1400000        20.0739    -10593.9457      1461.3507

WRITING EXTENDED SYSTEM TO RESTART FILE AT STEP 1400000
WRITING COORDINATES TO DCD FILE mobley_6456034_prod.dcd AT STEP 1400000
WRITING COORDINATES TO RESTART FILE AT STEP 1400000
FINISHED WRITING RESTART COORDINATES
WRITING VELOCITIES TO RESTART FILE AT STEP 1400000
FINISHED WRITING RESTART VELOCITIES
PRESSURE: 1500000 -74.2284 -466.762 382.181 -466.761 -12.4232 589.396 382.178 589.394 -408.306
GPRESSURE: 1500000 -13.5092 -719.135 359.104 -115.71 72.8013 497.368 657.174 993.663 -421.148
PRESSAVG: 1500000 276.754 -40.0902 173.288 -40.0902 36.1779 -160.833 173.288 -160.833 234.401
GPRESSAVG: 1500000 276.229 -55.5464 138.492 -15.9946 112.949 -93.1864 170.778 -187.874 343.85
ENERGY: 1500000         2.1312        14.9997         4.4038         0.0000         -10635.7429      1426.9821         0.0000         0.0000      1786.6576          -7400.5685       305.0855     -9187.2262     -7421.9793       299.8437           -164.9859      -120.6186     30250.3283       133.6921       204.1293
FEP:    1500000        21.5347    -10635.7429      1427.4174

WRITING EXTENDED SYSTEM TO RESTART FILE AT STEP 1500000
WRITING COORDINATES TO DCD FILE mobley_6456034_prod.dcd AT STEP 1500000
WRITING COORDINATES TO RESTART FILE AT STEP 1500000
FINISHED WRITING RESTART COORDINATES
WRITING VELOCITIES TO RESTART FILE AT STEP 1500000
FINISHED WRITING RESTART VELOCITIES
TCL: Running FEP window   6: Lambda1 0.25   Lambda2 0.3    [dLambda 0.04999999999999999]
TCL: Setting parameter firsttimestep to 0
TCL: Setting parameter alchLambda to 0.25
Info: NONBONDED TABLE R-SQUARED SPACING: 0.0625
Info: NONBONDED TABLE SIZE: 705 POINTS
Info: INCONSISTENCY IN FAST TABLE ENERGY VS FORCE: 0.000290481 AT 0.251946
Info: INCONSISTENCY IN SCOR TABLE ENERGY VS FORCE: 0.000238233 AT 8.9687
Info: ABSOLUTE IMPRECISION IN VDWA TABLE ENERGY: 1.21169e-27 AT 8.99653
Info: ABSOLUTE IMPRECISION IN VDWA TABLE FORCE: 2.57484e-27 AT 8.99653
Info: INCONSISTENCY IN VDWA TABLE ENERGY VS FORCE: 0.0040507 AT 0.251946
Info: INCONSISTENCY IN VDWB TABLE ENERGY VS FORCE: 0.00150189 AT 0.251946
TCL: Setting parameter alchLambda2 to 0.3
Info: NONBONDED TABLE R-SQUARED SPACING: 0.0625
Info: NONBONDED TABLE SIZE: 705 POINTS
Info: INCONSISTENCY IN FAST TABLE ENERGY VS FORCE: 0.000290481 AT 0.251946
Info: INCONSISTENCY IN SCOR TABLE ENERGY VS FORCE: 0.000238233 AT 8.9687
Info: ABSOLUTE IMPRECISION IN VDWA TABLE ENERGY: 1.21169e-27 AT 8.99653
Info: ABSOLUTE IMPRECISION IN VDWA TABLE FORCE: 2.57484e-27 AT 8.99653
Info: INCONSISTENCY IN VDWA TABLE ENERGY VS FORCE: 0.0040507 AT 0.251946
Info: INCONSISTENCY IN VDWB TABLE ENERGY VS FORCE: 0.00150189 AT 0.251946
TCL: Running for 1500000 steps
FEP: RESETTING FOR NEW FEP WINDOW LAMBDA SET TO 0.25 LAMBDA2 0.3
FEP: WINDOW TO HAVE 100000 STEPS OF EQUILIBRATION PRIOR TO FEP DATA COLLECTION.
FEP: USING CONSTANT TEMPERATURE OF 300 K FOR FEP CALCULATION
PRESSURE: 0 -93.4637 -460.864 450.881 -460.863 -46.9081 621.394 450.878 621.396 -465.221
GPRESSURE: 0 -7.21345 -721.703 356.344 -120.83 83.5906 497.225 653.391 994.778 -407.601
ETITLE:      TS           BOND          ANGLE          DIHED          IMPRP               ELECT            VDW       BOUNDARY           MISC        KINETIC               TOTAL           TEMP      POTENTIAL       TOTALAVG        TEMPAVG            PRESSURE      GPRESSURE         VOLUME       PRESSAVG      GPRESSAVG
FEPTITLE:    TS          BOND2         ELECT2           VDW2

ENERGY:       0         2.1312        14.9997         4.4038         0.0000         -10635.7440      1427.4170         0.0000         0.0000      1785.8162          -7400.9761       304.9418     -9186.7923     -7400.9761       304.9418           -201.8644      -110.4080     30250.3283      -201.8644      -110.4080
FEP:          0        21.5347    -10635.7440      1428.6055

PRESSURE: 100000 -157.747 175.119 534.613 175.12 76.1914 -64.0834 534.613 -64.0837 -210.357
GPRESSURE: 100000 -67.2429 30.5011 183.611 278.392 183.382 20.2704 626.795 -416.019 -136.999
PRESSAVG: 100000 205.973 -45.6682 164.723 -45.6682 -40.999 -140.019 164.723 -140.019 148.07
GPRESSAVG: 100000 227.107 -109.927 108.799 15.9363 29.125 -96.4641 194.861 -172.474 264.104
ENERGY:  100000         1.9681        13.3101         5.1087         0.0000         -10622.1547      1442.0719         0.0000         0.0000      1739.0440          -7420.6519       296.9551     -9159.6958     -7410.8140       300.9485            -97.3043        -6.9533     30303.4829      -149.5844       -58.6806
FEP:     100000        20.3869    -10622.1547      1441.8344

WRITING EXTENDED SYSTEM TO RESTART FILE AT STEP 100000
WRITING COORDINATES TO DCD FILE mobley_6456034_prod.dcd AT STEP 100000
WRITING COORDINATES TO RESTART FILE AT STEP 100000
FINISHED WRITING RESTART COORDINATES
WRITING VELOCITIES TO RESTART FILE AT STEP 100000
FINISHED WRITING RESTART VELOCITIES
PRESSURE: 200000 214.781 -111.827 -591.774 -111.825 -29.2791 417.628 -591.771 417.628 195.63
GPRESSURE: 200000 427.859 118.903 -473.949 -81.0655 -152.629 627.166 -515.546 319.042 258.446
PRESSAVG: 200000 232.636 -56.2012 135.985 -56.2012 -24.6547 -98.8686 135.985 -98.8686 166.521
GPRESSAVG: 200000 254.123 -104.172 85.2755 1.23065 35.5276 -47.1216 179.234 -125.924 296.387
ENERGY:  200000         3.0256         9.8867         3.6933         0.0000         -10695.0903      1470.3009         0.0000         0.0000      1731.6652          -7476.5185       295.6951     -9208.1837     -7432.7155       299.1974            127.0437       177.8920     30030.7951       -57.3750        20.1769
FEP:     200000        16.6057    -10695.0903      1470.4861

WRITING EXTENDED SYSTEM TO RESTART FILE AT STEP 200000
WRITING COORDINATES TO DCD FILE mobley_6456034_prod.dcd AT STEP 200000
WRITING COORDINATES TO RESTART FILE AT STEP 200000
FINISHED WRITING RESTART COORDINATES
WRITING VELOCITIES TO RESTART FILE AT STEP 200000
FINISHED WRITING RESTART VELOCITIES
PRESSURE: 300000 -376.434 -238.486 256.699 -238.486 -1217.75 -208.543 256.702 -208.54 -29.7331
GPRESSURE: 300000 -294.4 -550.49 568.051 -7.72636 -1203.98 172.523 -106.022 -38.2085 34.3126
PRESSAVG: 300000 148.241 -79.3933 115.222 -79.3933 -87.6923 -124.148 115.222 -124.148 153.298
GPRESSAVG: 300000 183.302 -144.336 86.2296 -16.2561 -28.6619 -63.4146 149.076 -128.895 271.146
ENERGY:  300000         3.8524        11.1055         3.6907         0.0000         -10532.4933      1369.4790         0.0000         0.0000      1791.0474          -7353.3182       305.8351     -9144.3657     -7412.8662       300.8568           -541.3052      -488.0234     30549.9811      -178.3575      -106.8732
FEP:     300000        18.6486    -10532.4933      1369.5642

WRITING EXTENDED SYSTEM TO RESTART FILE AT STEP 300000
WRITING COORDINATES TO DCD FILE mobley_6456034_prod.dcd AT STEP 300000
WRITING COORDINATES TO RESTART FILE AT STEP 300000
FINISHED WRITING RESTART COORDINATES
WRITING VELOCITIES TO RESTART FILE AT STEP 300000
FINISHED WRITING RESTART VELOCITIES
PRESSURE: 400000 -91.3183 375.733 -80.743 375.732 -826.358 -293.002 -80.7454 -292.997 136.951
GPRESSURE: 400000 216.436 286.324 109.072 382.699 -986.41 -391.166 -373.543 -139.711 11.1484
PRESSAVG: 400000 75.8087 -71.9506 76.9991 -71.9506 -127.412 -155.609 76.9991 -155.609 149.502
GPRESSAVG: 400000 137.274 -142.771 64.4046 -14.3508 -82.2756 -108.23 105.494 -137.291 244.545
ENERGY:  400000         5.2136        13.2366         3.4587         0.0000         -10531.1037      1389.2833         0.0000         0.0000      1795.2765          -7324.6350       306.5572     -9119.9114     -7395.2200       301.9969           -260.2416      -252.9419     30450.6524      -194.7344      -136.0869
FEP:     400000        21.9090    -10531.1037      1390.8714

WRITING EXTENDED SYSTEM TO RESTART FILE AT STEP 400000
WRITING COORDINATES TO DCD FILE mobley_6456034_prod.dcd AT STEP 400000
WRITING COORDINATES TO RESTART FILE AT STEP 400000
FINISHED WRITING RESTART COORDINATES
WRITING VELOCITIES TO RESTART FILE AT STEP 400000
FINISHED WRITING RESTART VELOCITIES
PRESSURE: 500000 -17.3966 -456.84 614.915 -456.838 374.916 -73.5058 614.913 -73.5018 -456.89
GPRESSURE: 500000 334.352 -133.14 357.134 -482.734 466.117 -225.425 632.43 -160.622 -580.306
PRESSAVG: 500000 25.4379 -116.739 94.4988 -116.739 -130.095 -139.693 94.4988 -139.693 71.5782
GPRESSAVG: 500000 103.381 -158.467 73.077 -63.7884 -82.7789 -99.3035 114.215 -126.423 148.385
ENERGY:  500000         3.2572        14.2293         4.3547         0.0000         -10618.1543      1445.2265         0.0000         0.0000      1728.8800          -7422.2066       295.2195     -9151.0866     -7399.7177       300.8673            -33.1235        73.3879     30309.3768      -167.7992      -101.1745
FEP:     500000        21.8412    -10618.1543      1447.2833

WRITING EXTENDED SYSTEM TO RESTART FILE AT STEP 500000
WRITING COORDINATES TO DCD FILE mobley_6456034_prod.dcd AT STEP 500000
WRITING COORDINATES TO RESTART FILE AT STEP 500000
FINISHED WRITING RESTART COORDINATES
WRITING VELOCITIES TO RESTART FILE AT STEP 500000
FINISHED WRITING RESTART VELOCITIES
PRESSURE: 600000 -44.3886 580.279 -439.073 580.277 256.297 179.031 -439.072 179.031 1028.55
GPRESSURE: 600000 8.74264 515.78 -454.792 440.967 326.056 299.316 -621.555 191.172 1295.47
PRESSAVG: 600000 35.6669 -87.4153 49.7758 -87.4153 -191.251 -137.21 49.7758 -137.21 115.177
GPRESSAVG: 600000 109.384 -131.042 13.6857 -32.2391 -140.368 -92.9626 68.8634 -104.135 209.676
ENERGY:  600000         1.9805        12.9328         3.2856         0.0000         -10695.9654      1491.2889         0.0000         0.0000      1761.6391          -7424.8385       300.8134     -9186.4776     -7403.3064       300.8596            413.4871       543.4225     30008.9449       -84.7583        -9.0892
FEP:     600000        18.1989    -10695.9654      1492.0905

WRITING EXTENDED SYSTEM TO RESTART FILE AT STEP 600000
WRITING COORDINATES TO DCD FILE mobley_6456034_prod.dcd AT STEP 600000
WRITING COORDINATES TO RESTART FILE AT STEP 600000
FINISHED WRITING RESTART COORDINATES
WRITING VELOCITIES TO RESTART FILE AT STEP 600000
FINISHED WRITING RESTART VELOCITIES
PRESSURE: 700000 -602.07 545.262 214.504 545.262 735.147 -253.159 214.506 -253.159 262.126
GPRESSURE: 700000 -222.126 501.65 440.992 413.203 570.538 -246.563 71.9765 -29.958 155.414
PRESSAVG: 700000 -9.22257 -53.8278 86.366 -53.8278 -148.283 -148.311 86.366 -148.311 136.289
GPRESSAVG: 700000 86.0126 -117.26 72.7217 7.15774 -109.381 -116.448 89.6931 -95.5133 216.03
ENERGY:  700000         6.4294        10.8106         2.7096         0.0000         -10594.6088      1438.0114         0.0000         0.0000      1749.8134          -7386.8344       298.7941     -9136.6478     -7401.2474       300.6014            131.7342       167.9419     30126.0443       -57.6967        13.0397
FEP:     700000        19.9496    -10594.6088      1438.4573

WRITING EXTENDED SYSTEM TO RESTART FILE AT STEP 700000
WRITING COORDINATES TO DCD FILE mobley_6456034_prod.dcd AT STEP 700000
WRITING COORDINATES TO RESTART FILE AT STEP 700000
FINISHED WRITING RESTART COORDINATES
WRITING VELOCITIES TO RESTART FILE AT STEP 700000
FINISHED WRITING RESTART VELOCITIES
PRESSURE: 800000 428.254 -356.412 541.745 -356.412 -417.089 193.297 541.747 193.296 -28.5087
GPRESSURE: 800000 345.683 -230.429 839.916 -431.607 -401.619 313.198 503.602 296.014 193.475
PRESSAVG: 800000 52.2348 -77.7252 125.857 -77.7252 -168.766 -95.9881 125.857 -95.9881 118.314
GPRESSAVG: 800000 141.727 -116.08 144.347 -32.6927 -124.548 -58.7082 123.904 -41.6101 196.024
ENERGY:  800000         4.5209         9.1493         1.5769         0.0000         -10572.6561      1430.5371         0.0000         0.0000      1749.7359          -7377.1361       298.7808     -9126.8720     -7398.5684       300.3991             -5.7811        45.8464     30116.3591       -51.9283        16.6849
FEP:     800000        15.2471    -10572.6561      1430.8140

WRITING EXTENDED SYSTEM TO RESTART FILE AT STEP 800000
WRITING COORDINATES TO DCD FILE mobley_6456034_prod.dcd AT STEP 800000
WRITING COORDINATES TO RESTART FILE AT STEP 800000
FINISHED WRITING RESTART COORDINATES
WRITING VELOCITIES TO RESTART FILE AT STEP 800000
FINISHED WRITING RESTART VELOCITIES
PRESSURE: 900000 97.2698 367.148 -64.6789 367.147 -1264.1 -455.813 -64.6782 -455.816 -621.832
GPRESSURE: 900000 -22.3167 269.341 -14.9537 397.62 -991.51 -289.946 -98.3905 -686.297 -447.771
PRESSAVG: 900000 45.8921 -65.7735 127.207 -65.7735 -203.35 -66.7244 127.207 -66.7244 103.196
GPRESSAVG: 900000 127.974 -91.4676 160.642 -30.6723 -148.448 -14.8711 126.516 -52.3743 183.851
ENERGY:  900000         4.9453        14.0243         6.6422         0.0000         -10600.4056      1368.1385         0.0000         0.0000      1778.5819          -7428.0735       303.7065     -9206.6554     -7401.5189       300.7299           -596.2209      -487.1993     29963.4321      -106.3576       -33.7035
FEP:     900000        25.6118    -10600.4056      1368.2619

WRITING EXTENDED SYSTEM TO RESTART FILE AT STEP 900000
WRITING COORDINATES TO DCD FILE mobley_6456034_prod.dcd AT STEP 900000
WRITING COORDINATES TO RESTART FILE AT STEP 900000
FINISHED WRITING RESTART COORDINATES
WRITING VELOCITIES TO RESTART FILE AT STEP 900000
FINISHED WRITING RESTART VELOCITIES
PRESSURE: 1000000 -247.774 44.9908 -495.988 44.9901 -660.241 -129.235 -495.988 -129.235 -758.098
GPRESSURE: 1000000 -47.1174 51.0941 -204.197 -265.058 -623.095 -187.248 -390.769 -279.497 -861.815
PRESSAVG: 1000000 16.4842 -26.5894 94.3209 -26.5894 -203.12 -50.4909 94.3209 -50.4909 44.3846
GPRESSAVG: 1000000 105.918 -67.9429 139.978 -15.8067 -150.432 -18.0084 89.7586 -41.8151 114.635
TIMING: 1000000  CPU: 3396.91, 0.000398706/step  Wall: 3412.4, 0.000400365/step, 431.606 ns/days, 0.0556063 hours remaining, 0.000000 MB of memory in use.
PERFORMANCE: 1000000  averaging 430.474 ns/day, 0.000401418 sec/step with standard deviation 1.1502e-06
ETITLE:      TS           BOND          ANGLE          DIHED          IMPRP               ELECT            VDW       BOUNDARY           MISC        KINETIC               TOTAL           TEMP      POTENTIAL       TOTALAVG        TEMPAVG            PRESSURE      GPRESSURE         VOLUME       PRESSAVG      GPRESSAVG
FEPTITLE:    TS          BOND2         ELECT2           VDW2

ENERGY: 1000000         5.2544         8.8247         4.3364         0.0000         -10445.4343      1337.1285         0.0000         0.0000      1721.4952          -7368.3951       293.9585     -9089.8903     -7398.5076       300.1143           -555.3709      -510.6756     29999.0491      -147.1770       -77.0646
FEP:    1000000        18.4155    -10445.4343      1336.8793

WRITING EXTENDED SYSTEM TO RESTART FILE AT STEP 1000000
WRITING COORDINATES TO DCD FILE mobley_6456034_prod.dcd AT STEP 1000000
WRITING COORDINATES TO RESTART FILE AT STEP 1000000
FINISHED WRITING RESTART COORDINATES
WRITING VELOCITIES TO RESTART FILE AT STEP 1000000
FINISHED WRITING RESTART VELOCITIES
PRESSURE: 1100000 -649.727 370.809 -347.186 370.807 281.623 116.892 -347.185 116.896 -672.203
GPRESSURE: 1100000 -685.465 371.147 -224.444 233.94 368.376 -263.35 -190.225 568.721 -507.739
PRESSAVG: 1100000 -7.17423 0.311676 64.7748 0.311676 -175.081 -23.103 64.7748 -23.103 11.645
GPRESSAVG: 1100000 79.6482 -35.0998 120.571 9.39049 -120.978 1.99263 63.6212 17.7276 81.1576
ENERGY: 1100000         2.7746        11.4617         5.5867         0.0000         -10706.3657      1445.7837         0.0000         0.0000      1738.5372          -7502.2219       296.8686     -9240.7591     -7407.1505       299.8438           -346.7690      -274.9426     30166.0450      -163.8096       -93.5545
FEP:    1100000        19.8230    -10706.3657      1445.7073

WRITING EXTENDED SYSTEM TO RESTART FILE AT STEP 1100000
WRITING COORDINATES TO DCD FILE mobley_6456034_prod.dcd AT STEP 1100000
WRITING COORDINATES TO RESTART FILE AT STEP 1100000
FINISHED WRITING RESTART COORDINATES
WRITING VELOCITIES TO RESTART FILE AT STEP 1100000
FINISHED WRITING RESTART VELOCITIES
PRESSURE: 1200000 234.644 -346.603 -199.534 -346.601 -743.119 458.539 -199.535 458.537 366.069
GPRESSURE: 1200000 65.8751 -357.905 -312.581 -461.347 -719.109 312.448 12.4662 292.028 620.249
PRESSAVG: 1200000 1.91541 -22.6926 55.3696 -22.6926 -164.476 21.0197 55.3696 21.0197 7.25949
GPRESSAVG: 1200000 85.1698 -42.9185 88.1736 -20.7749 -121.59 17.2175 64.4205 62.353 78.2045
ENERGY: 1200000         6.4591        13.8411         6.4909         0.0000         -10601.9726      1442.6313         0.0000         0.0000      1768.7744          -7363.7758       302.0318     -9132.5502     -7403.8140       300.0121            -47.4688       -10.9949     30670.2338      -154.8603       -87.2037
FEP:    1200000        26.7911    -10601.9726      1442.1504

WRITING EXTENDED SYSTEM TO RESTART FILE AT STEP 1200000
WRITING COORDINATES TO DCD FILE mobley_6456034_prod.dcd AT STEP 1200000
WRITING COORDINATES TO RESTART FILE AT STEP 1200000
FINISHED WRITING RESTART COORDINATES
WRITING VELOCITIES TO RESTART FILE AT STEP 1200000
FINISHED WRITING RESTART VELOCITIES
PRESSURE: 1300000 422.449 749.656 264.596 749.658 572.305 -81.904 264.596 -81.9065 -326.899
GPRESSURE: 1300000 420.157 1052.38 583.828 768.25 474.957 -217.849 -84.5052 195.971 -92.9537
PRESSAVG: 1300000 -13.3684 11.1287 63.0645 11.1287 -115.744 46.3882 63.0645 46.3882 -39.6533
GPRESSAVG: 1300000 69.0278 -8.32721 122.632 21.3885 -82.0928 36.1021 40.2629 104.704 34.5841
ENERGY: 1300000         6.5543        10.4872         3.0829         0.0000         -10518.6156      1412.5303         0.0000         0.0000      1730.6671          -7355.2938       295.5247     -9085.9609     -7400.3482       299.6916            222.6182       267.3865     29881.6705      -127.8976       -61.8759
FEP:    1300000        20.1244    -10518.6156      1412.6069

WRITING EXTENDED SYSTEM TO RESTART FILE AT STEP 1300000
WRITING COORDINATES TO DCD FILE mobley_6456034_prod.dcd AT STEP 1300000
WRITING COORDINATES TO RESTART FILE AT STEP 1300000
FINISHED WRITING RESTART COORDINATES
WRITING VELOCITIES TO RESTART FILE AT STEP 1300000
FINISHED WRITING RESTART VELOCITIES
PRESSURE: 1400000 -383.124 -56.4416 421.115 -56.4425 -220.532 79.278 421.114 79.2782 -436.009
GPRESSURE: 1400000 -173.436 -111.997 569.653 145.888 -238.039 346.475 401.664 -38.7 -197.734
PRESSAVG: 1400000 -7.38767 6.31095 72.4725 6.31095 -142.263 69.0657 72.4725 69.0657 -81.1103
GPRESSAVG: 1400000 82.5748 -9.46357 130.216 24.2928 -109.396 70.9218 60.9403 118.383 -1.69264
ENERGY: 1400000         8.2704         8.5802         2.8297         0.0000         -10565.2827      1410.5080         0.0000         0.0000      1765.5228          -7369.5717       301.4766     -9135.0944     -7398.2965       299.8106           -346.5550      -203.0699     30376.7457      -142.4748       -71.2888
FEP:    1400000        19.6803    -10565.2827      1410.9913

WRITING EXTENDED SYSTEM TO RESTART FILE AT STEP 1400000
WRITING COORDINATES TO DCD FILE mobley_6456034_prod.dcd AT STEP 1400000
WRITING COORDINATES TO RESTART FILE AT STEP 1400000
FINISHED WRITING RESTART COORDINATES
WRITING VELOCITIES TO RESTART FILE AT STEP 1400000
FINISHED WRITING RESTART VELOCITIES
PRESSURE: 1500000 -435.3 239.571 -22.7523 239.567 -897.332 740.337 -22.7523 740.334 -1102.53
GPRESSURE: 1500000 -364.681 221.287 -40.1754 -23.4965 -897 811.494 -157.89 753.904 -1119.75
PRESSAVG: 1500000 -44.9237 13.5732 57.0928 13.5732 -195.404 119.064 57.0928 119.064 -117.37
GPRESSAVG: 1500000 48.0282 -5.33833 111.27 5.14422 -173.074 129.234 49.8308 160.247 -39.5445
ENERGY: 1500000         3.8343        11.9247         5.5856         0.0000         -10571.1479      1330.8096         0.0000         0.0000      1706.4631          -7512.5307       291.3917     -9218.9938     -7405.4361       299.2844           -811.7223      -793.8093     29986.0433      -184.3027      -116.4463
FEP:    1500000        21.3446    -10571.1479      1331.2015

WRITING EXTENDED SYSTEM TO RESTART FILE AT STEP 1500000
WRITING COORDINATES TO DCD FILE mobley_6456034_prod.dcd AT STEP 1500000
WRITING COORDINATES TO RESTART FILE AT STEP 1500000
FINISHED WRITING RESTART COORDINATES
WRITING VELOCITIES TO RESTART FILE AT STEP 1500000
FINISHED WRITING RESTART VELOCITIES
TCL: Running FEP window   7: Lambda1 0.3    Lambda2 0.35   [dLambda 0.04999999999999999]
TCL: Setting parameter firsttimestep to 0
TCL: Setting parameter alchLambda to 0.3
Info: NONBONDED TABLE R-SQUARED SPACING: 0.0625
Info: NONBONDED TABLE SIZE: 705 POINTS
Info: INCONSISTENCY IN FAST TABLE ENERGY VS FORCE: 0.000290481 AT 0.251946
Info: INCONSISTENCY IN SCOR TABLE ENERGY VS FORCE: 0.000238233 AT 8.9687
Info: ABSOLUTE IMPRECISION IN VDWA TABLE ENERGY: 1.21169e-27 AT 8.99653
Info: ABSOLUTE IMPRECISION IN VDWA TABLE FORCE: 2.57484e-27 AT 8.99653
Info: INCONSISTENCY IN VDWA TABLE ENERGY VS FORCE: 0.0040507 AT 0.251946
Info: INCONSISTENCY IN VDWB TABLE ENERGY VS FORCE: 0.00150189 AT 0.251946
TCL: Setting parameter alchLambda2 to 0.35
Info: NONBONDED TABLE R-SQUARED SPACING: 0.0625
Info: NONBONDED TABLE SIZE: 705 POINTS
Info: INCONSISTENCY IN FAST TABLE ENERGY VS FORCE: 0.000290481 AT 0.251946
Info: INCONSISTENCY IN SCOR TABLE ENERGY VS FORCE: 0.000238233 AT 8.9687
Info: ABSOLUTE IMPRECISION IN VDWA TABLE ENERGY: 1.21169e-27 AT 8.99653
Info: ABSOLUTE IMPRECISION IN VDWA TABLE FORCE: 2.57484e-27 AT 8.99653
Info: INCONSISTENCY IN VDWA TABLE ENERGY VS FORCE: 0.0040507 AT 0.251946
Info: INCONSISTENCY IN VDWB TABLE ENERGY VS FORCE: 0.00150189 AT 0.251946
TCL: Running for 1500000 steps
FEP: RESETTING FOR NEW FEP WINDOW LAMBDA SET TO 0.3 LAMBDA2 0.35
FEP: WINDOW TO HAVE 100000 STEPS OF EQUILIBRATION PRIOR TO FEP DATA COLLECTION.
FEP: USING CONSTANT TEMPERATURE OF 300 K FOR FEP CALCULATION
PRESSURE: 0 -548.746 217.621 0.931391 217.623 -1013.69 724.898 0.932605 724.9 -1089.47
GPRESSURE: 0 -348.938 220.504 -43.8146 -23.1137 -893.249 808.551 -162.086 752.573 -1110.26
ETITLE:      TS           BOND          ANGLE          DIHED          IMPRP               ELECT            VDW       BOUNDARY           MISC        KINETIC               TOTAL           TEMP      POTENTIAL       TOTALAVG        TEMPAVG            PRESSURE      GPRESSURE         VOLUME       PRESSAVG      GPRESSAVG
FEPTITLE:    TS          BOND2         ELECT2           VDW2

ENERGY:       0         3.8343        11.9247         5.5856         0.0000         -10571.1484      1331.2014         0.0000         0.0000      1705.5802          -7513.0223       291.2409     -9218.6025     -7513.0223       291.2409           -883.9676      -784.1505     29986.0433      -883.9676      -784.1505
FEP:          0        21.3446    -10571.1484      1332.2637

PRESSURE: 100000 -228.791 323.399 -291.14 323.399 -916.556 592.56 -291.137 592.559 -366.968
GPRESSURE: 100000 -269.59 287.17 -278.476 494.771 -856.926 906.018 -252.379 391.114 -225.885
PRESSAVG: 100000 -98.8482 94.3434 69.924 94.3434 -298.215 180.318 69.924 180.318 -224.937
GPRESSAVG: 100000 -2.95497 72.4219 116.074 93.5894 -269.658 211.594 49.3818 231.471 -144.756
ENERGY:  100000         2.3196         7.9814         4.2867         0.0000         -10662.3668      1393.5245         0.0000         0.0000      1760.4018          -7493.8527       300.6021     -9254.2546     -7503.4375       295.9215           -504.1050      -450.8005     30243.5398      -694.0363      -617.4755
FEP:     100000        14.5877    -10662.3668      1394.0421

WRITING EXTENDED SYSTEM TO RESTART FILE AT STEP 100000
WRITING COORDINATES TO DCD FILE mobley_6456034_prod.dcd AT STEP 100000
WRITING COORDINATES TO RESTART FILE AT STEP 100000
FINISHED WRITING RESTART COORDINATES
WRITING VELOCITIES TO RESTART FILE AT STEP 100000
FINISHED WRITING RESTART VELOCITIES
PRESSURE: 200000 -376.751 -128.527 -545.26 -128.528 -28.2234 -126.802 -545.261 -126.807 -423.648
GPRESSURE: 200000 -137.977 57.0747 -627.493 -64.799 -198.049 137.869 -520.164 -255.234 -357.813
PRESSAVG: 200000 -146.493 68.3412 30.2026 68.3412 -299.856 151.36 30.2026 151.36 -270.367
GPRESSAVG: 200000 -41.7454 57.918 84.6415 73.9122 -280.79 196.419 4.32118 185.237 -194.963
ENERGY:  200000         4.4165        14.5059         3.7416         0.0000         -10547.9473      1399.2638         0.0000         0.0000      1793.9836          -7332.0360       306.3365     -9126.0196     -7446.3037       299.3932           -276.2073      -231.2796     30396.1481      -554.7600      -488.7435
FEP:     200000        22.6640    -10547.9473      1399.5336

WRITING EXTENDED SYSTEM TO RESTART FILE AT STEP 200000
WRITING COORDINATES TO DCD FILE mobley_6456034_prod.dcd AT STEP 200000
WRITING COORDINATES TO RESTART FILE AT STEP 200000
FINISHED WRITING RESTART COORDINATES
WRITING VELOCITIES TO RESTART FILE AT STEP 200000
FINISHED WRITING RESTART VELOCITIES
PRESSURE: 300000 -1060.62 167.512 -74.0761 167.511 -797.173 80.3546 -74.0775 80.3563 -300.832
GPRESSURE: 300000 -1023.47 -33.7727 -175.815 287.45 -837.364 -3.46577 -28.5788 112.892 -339.352
PRESSAVG: 300000 -195.813 100.055 7.38983 100.055 -339.093 125.908 7.38983 125.908 -264.994
GPRESSAVG: 300000 -92.2434 92.1861 57.8955 94.0702 -326.298 171.377 -29.9665 141.198 -190.873
ENERGY:  300000         4.7296        12.0241         3.7495         0.0000         -10495.1353      1300.6529         0.0000         0.0000      1709.1815          -7464.7978       291.8559     -9173.9793     -7450.9272       297.5088           -719.5415      -733.3951     29759.5013      -595.9554      -549.9064
FEP:     300000        20.5032    -10495.1353      1302.2495

WRITING EXTENDED SYSTEM TO RESTART FILE AT STEP 300000
WRITING COORDINATES TO DCD FILE mobley_6456034_prod.dcd AT STEP 300000
WRITING COORDINATES TO RESTART FILE AT STEP 300000
FINISHED WRITING RESTART COORDINATES
WRITING VELOCITIES TO RESTART FILE AT STEP 300000
FINISHED WRITING RESTART VELOCITIES
PRESSURE: 400000 1192.08 32.2611 346.923 32.2602 302.695 256.772 346.924 256.775 -112.032
GPRESSURE: 400000 1139.94 -318.267 494.173 -85.2922 342.765 -226.612 264.791 862.236 -206.465
PRESSAVG: 400000 -131.535 124.711 2.19212 124.711 -321.613 107.677 2.19212 107.677 -247.334
GPRESSAVG: 400000 -34.8859 112.358 64.7869 95.8471 -313.34 135.185 -49.3965 134.571 -180.816
ENERGY:  400000         2.4167         7.7263         4.5363         0.0000         -10618.8065      1445.1552         0.0000         0.0000      1723.6955          -7435.2764       294.3343     -9158.9719     -7447.7970       296.8739            460.9159       425.4120     29809.5856      -384.5811      -354.8428
FEP:     400000        14.6794    -10618.8065      1445.3416

WRITING EXTENDED SYSTEM TO RESTART FILE AT STEP 400000
WRITING COORDINATES TO DCD FILE mobley_6456034_prod.dcd AT STEP 400000
WRITING COORDINATES TO RESTART FILE AT STEP 400000
FINISHED WRITING RESTART COORDINATES
WRITING VELOCITIES TO RESTART FILE AT STEP 400000
FINISHED WRITING RESTART VELOCITIES
PRESSURE: 500000 778.054 -70.3499 194.508 -70.3515 363.071 219.91 194.509 219.91 -404.564
GPRESSURE: 500000 776.922 92.4838 177.236 109.494 251.755 -233.522 342.063 262.627 -247.859
PRESSAVG: 500000 -84.7452 112.437 -14.813 112.437 -307.269 121.877 -14.813 121.877 -257.045
GPRESSAVG: 500000 7.32236 115.457 64.4682 87.4022 -309.921 122.496 -63.6331 168.503 -186.359
ENERGY:  500000         2.1820         8.3977         4.4278         0.0000         -10671.6543      1471.7045         0.0000         0.0000      1807.5697          -7377.3725       308.6564     -9184.9422     -7436.0596       298.8377            245.5204       260.2727     30387.6254      -279.5642      -252.3235
FEP:     500000        15.0076    -10671.6543      1472.2356

WRITING EXTENDED SYSTEM TO RESTART FILE AT STEP 500000
WRITING COORDINATES TO DCD FILE mobley_6456034_prod.dcd AT STEP 500000
WRITING COORDINATES TO RESTART FILE AT STEP 500000
FINISHED WRITING RESTART COORDINATES
WRITING VELOCITIES TO RESTART FILE AT STEP 500000
FINISHED WRITING RESTART VELOCITIES
PRESSURE: 600000 803.347 238.636 -122.529 238.637 463.659 -99.2668 -122.532 -99.2649 362.516
GPRESSURE: 600000 627.042 328.817 -304.196 208.692 712.928 6.43994 -124.891 -152.9 326.871
PRESSAVG: 600000 -55.3169 129.961 8.64895 129.961 -282.622 96.0322 8.64895 96.0322 -248.7
GPRESSAVG: 600000 17.2815 125.953 72.9558 101.89 -266.643 91.4594 -44.1003 144.906 -182.938
ENERGY:  600000         5.1789        12.4196         5.4517         0.0000         -10661.9705      1493.4828         0.0000         0.0000      1785.1733          -7360.2641       304.8321     -9145.4375     -7425.2317       299.6940            543.1739       555.6134     30512.0042      -162.0302      -136.9040
FEP:     600000        23.0503    -10661.9705      1493.4334

WRITING EXTENDED SYSTEM TO RESTART FILE AT STEP 600000
WRITING COORDINATES TO DCD FILE mobley_6456034_prod.dcd AT STEP 600000
WRITING COORDINATES TO RESTART FILE AT STEP 600000
FINISHED WRITING RESTART COORDINATES
WRITING VELOCITIES TO RESTART FILE AT STEP 600000
FINISHED WRITING RESTART VELOCITIES
PRESSURE: 700000 597.6 11.3166 -121.96 11.3151 610.198 -32.6044 -121.96 -32.6049 812.961
GPRESSURE: 700000 621.888 -77.6088 -445.529 216.95 633.498 94.9201 -160.314 -33.7996 864.109
PRESSAVG: 700000 -6.6152 142.451 -10.2842 142.451 -191.225 104.829 -10.2842 104.829 -206.566
GPRESSAVG: 700000 63.0959 149.597 22.2768 113.124 -174.769 87.5793 -46.8149 145.127 -141.448
ENERGY:  700000         3.4484        11.6580         3.5413         0.0000         -10701.7971      1534.2819         0.0000         0.0000      1744.7957          -7404.0718       297.9373     -9148.8675     -7422.5867       299.4744            673.5862       706.4983     30405.7913       -57.5781       -31.4787
FEP:     700000        18.6477    -10701.7971      1534.5396

WRITING EXTENDED SYSTEM TO RESTART FILE AT STEP 700000
WRITING COORDINATES TO DCD FILE mobley_6456034_prod.dcd AT STEP 700000
WRITING COORDINATES TO RESTART FILE AT STEP 700000
FINISHED WRITING RESTART COORDINATES
WRITING VELOCITIES TO RESTART FILE AT STEP 700000
FINISHED WRITING RESTART VELOCITIES
PRESSURE: 800000 148.94 51.638 217.062 51.6356 -886.924 -171.651 217.061 -171.65 -42.7283
GPRESSURE: 800000 108.697 -134.793 133.999 252.866 -652.437 -27.6491 235.406 -297.001 7.99935
PRESSAVG: 800000 5.39773 126.246 4.60616 126.246 -194.253 110.896 4.60616 110.896 -215.55
GPRESSAVG: 800000 57.7089 128.541 23.5232 106.632 -158.07 105.755 -16.3675 137.262 -141.606
ENERGY:  800000         6.4075         9.1605         5.1881         0.0000         -10630.5036      1401.2090         0.0000         0.0000      1770.3391          -7438.1995       302.2990     -9208.5386     -7424.3215       299.7883           -260.2374      -178.5802     29719.6575       -80.0958       -47.8233
FEP:     800000        20.7560    -10630.5036      1401.4607

WRITING EXTENDED SYSTEM TO RESTART FILE AT STEP 800000
WRITING COORDINATES TO DCD FILE mobley_6456034_prod.dcd AT STEP 800000
WRITING COORDINATES TO RESTART FILE AT STEP 800000
FINISHED WRITING RESTART COORDINATES
WRITING VELOCITIES TO RESTART FILE AT STEP 800000
FINISHED WRITING RESTART VELOCITIES
PRESSURE: 900000 346.161 -110.74 -118.278 -110.739 257.971 128.201 -118.276 128.198 142.671
GPRESSURE: 900000 480.001 483.451 137.251 -139.837 360.766 289.534 -247.052 273.347 164.43
PRESSAVG: 900000 23.5756 143.551 -32.0532 143.551 -200.101 120.981 -32.0532 120.981 -185.572
GPRESSAVG: 900000 64.9914 159.37 12.529 123.777 -163.338 131.503 -60.3416 158.961 -104.369
ENERGY:  900000         3.3008        14.8751         3.5545         0.0000         -10625.4969      1441.6209         0.0000         0.0000      1743.0237          -7419.1220       297.6347     -9162.1457     -7423.8015       299.5729            248.9340       335.0659     29932.4634       -47.1928        -9.5344
FEP:     900000        21.7304    -10625.4969      1442.3070

WRITING EXTENDED SYSTEM TO RESTART FILE AT STEP 900000
WRITING COORDINATES TO DCD FILE mobley_6456034_prod.dcd AT STEP 900000
WRITING COORDINATES TO RESTART FILE AT STEP 900000
FINISHED WRITING RESTART COORDINATES
WRITING VELOCITIES TO RESTART FILE AT STEP 900000
FINISHED WRITING RESTART VELOCITIES
PRESSURE: 1000000 4.39337 -417.024 -154.636 -417.028 241.624 17.2238 -154.635 17.2255 -65.5088
GPRESSURE: 1000000 40.5284 -818.089 -101.68 -604.664 475.965 187.19 -73.304 -199.336 -115.267
PRESSAVG: 1000000 26.0147 93.6854 -17.8314 93.6854 -200.834 112.891 -17.8314 112.891 -240.275
GPRESSAVG: 1000000 66.5807 92.677 30.1846 71.4955 -155.843 125.897 -32.929 139.435 -174.906
TIMING: 1000000  CPU: 3994.51, 0.000398194/step  Wall: 4012.61, 0.000399899/step, 432.109 ns/days, 0.0555415 hours remaining, 0.000000 MB of memory in use.
PERFORMANCE: 1000000  averaging 430.707 ns/day, 0.000401201 sec/step with standard deviation 1.1967e-06
ETITLE:      TS           BOND          ANGLE          DIHED          IMPRP               ELECT            VDW       BOUNDARY           MISC        KINETIC               TOTAL           TEMP      POTENTIAL       TOTALAVG        TEMPAVG            PRESSURE      GPRESSURE         VOLUME       PRESSAVG      GPRESSAVG
FEPTITLE:    TS          BOND2         ELECT2           VDW2

ENERGY: 1000000         4.8117         9.3998         3.6211         0.0000         -10555.0899      1400.3412         0.0000         0.0000      1774.7019          -7362.2142       303.0440     -9136.9161     -7418.2027       299.8885             60.1695       133.7420     29848.3567       -37.4326         3.4908
FEP:    1000000        17.8326    -10555.0899      1400.8417

WRITING EXTENDED SYSTEM TO RESTART FILE AT STEP 1000000
WRITING COORDINATES TO DCD FILE mobley_6456034_prod.dcd AT STEP 1000000
WRITING COORDINATES TO RESTART FILE AT STEP 1000000
FINISHED WRITING RESTART COORDINATES
WRITING VELOCITIES TO RESTART FILE AT STEP 1000000
FINISHED WRITING RESTART VELOCITIES
PRESSURE: 1100000 25.1593 -210.502 -219.934 -210.503 515.568 -142.895 -219.936 -142.898 178.387
GPRESSURE: 1100000 140.645 35.8727 209.184 -251.167 560.071 -410.914 -332.366 36.6152 109.315
PRESSAVG: 1100000 57.3762 55.8972 -39.5535 55.8972 -211.813 118.404 -39.5535 118.404 -244.462
GPRESSAVG: 1100000 84.7192 69.3881 18.5942 38.277 -156.366 117.679 -53.1461 142.764 -177.211
ENERGY: 1100000         1.3090        12.2854         4.0790         0.0000         -10653.4950      1439.8469         0.0000         0.0000      1775.6099          -7420.3647       303.1990     -9195.9746     -7418.3828       300.1643            239.7048       270.0101     29935.7084       -14.3378        25.7007
FEP:    1100000        17.6734    -10653.4950      1440.2971

WRITING EXTENDED SYSTEM TO RESTART FILE AT STEP 1100000
WRITING COORDINATES TO DCD FILE mobley_6456034_prod.dcd AT STEP 1100000
WRITING COORDINATES TO RESTART FILE AT STEP 1100000
FINISHED WRITING RESTART COORDINATES
WRITING VELOCITIES TO RESTART FILE AT STEP 1100000
FINISHED WRITING RESTART VELOCITIES
PRESSURE: 1200000 468.164 -108.414 -602.621 -108.413 -17.2106 263.433 -602.622 263.431 391.352
GPRESSURE: 1200000 538.692 234.033 -358.534 -301.444 138.062 -127.53 -668.786 409.48 462.034
PRESSAVG: 1200000 59.3717 68.2971 -96.7719 68.2971 -191.819 121.911 -96.7719 121.911 -223.469
GPRESSAVG: 1200000 94.3697 92.6112 -41.3283 44.7851 -129.382 95.6428 -111.766 148.437 -163.783
ENERGY: 1200000         2.8465        12.8863         6.6016         0.0000         -10665.3708      1456.1670         0.0000         0.0000      1721.6421          -7465.2273       293.9836     -9186.8694     -7421.9863       299.6889            280.7684       379.5962     29821.5196         8.3626        52.9234
FEP:    1200000        22.3344    -10665.3708      1457.0581

WRITING EXTENDED SYSTEM TO RESTART FILE AT STEP 1200000
WRITING COORDINATES TO DCD FILE mobley_6456034_prod.dcd AT STEP 1200000
WRITING COORDINATES TO RESTART FILE AT STEP 1200000
FINISHED WRITING RESTART COORDINATES
WRITING VELOCITIES TO RESTART FILE AT STEP 1200000
FINISHED WRITING RESTART VELOCITIES
PRESSURE: 1300000 -398.014 -132.775 -489.737 -132.775 -1291.63 -283.325 -489.734 -283.323 -2037.43
GPRESSURE: 1300000 -273.28 5.60831 -442.435 -274.667 -1340.39 -76.7639 -345.634 -243.625 -1871.47
PRESSAVG: 1300000 34.6075 43.301 -118.025 43.301 -193.196 130.536 -118.025 130.536 -294.249
GPRESSAVG: 1300000 81.8216 79.4246 -62.7024 11.1708 -146.826 106.302 -124.128 170.571 -234.968
ENERGY: 1300000         3.2183         8.8429         4.0382         0.0000         -10462.4822      1292.0849         0.0000         0.0000      1739.0938          -7415.2041       296.9636     -9154.2979     -7421.5018       299.4942          -1242.3583     -1161.7135     30527.1349       -80.9746       -33.8364
FEP:    1300000        16.0994    -10462.4822      1291.6996

WRITING EXTENDED SYSTEM TO RESTART FILE AT STEP 1300000
WRITING COORDINATES TO DCD FILE mobley_6456034_prod.dcd AT STEP 1300000
WRITING COORDINATES TO RESTART FILE AT STEP 1300000
FINISHED WRITING RESTART COORDINATES
WRITING VELOCITIES TO RESTART FILE AT STEP 1300000
FINISHED WRITING RESTART VELOCITIES
PRESSURE: 1400000 541.369 309.781 -513.444 309.781 676.426 510.828 -513.447 510.831 1023.91
GPRESSURE: 1400000 670.313 291.843 -549.722 414.409 730.996 594.978 -348.751 374.68 1253.98
PRESSAVG: 1400000 74.0646 56.5405 -118.898 56.5405 -126.362 162.539 -118.898 162.539 -205.148
GPRESSAVG: 1400000 117.693 91.4621 -79.9786 45.1441 -79.1213 145.413 -122.027 203.28 -129.178
ENERGY: 1400000         1.5839        12.8832         3.7061         0.0000         -10899.9931      1560.8682         0.0000         0.0000      1751.1548          -7569.7969       299.0231     -9320.9517     -7431.3882       299.4628            747.2334       885.0955     29729.1137       -25.7607        27.4258
FEP:    1400000        18.1733    -10899.9931      1560.3952

WRITING EXTENDED SYSTEM TO RESTART FILE AT STEP 1400000
WRITING COORDINATES TO DCD FILE mobley_6456034_prod.dcd AT STEP 1400000
WRITING COORDINATES TO RESTART FILE AT STEP 1400000
FINISHED WRITING RESTART COORDINATES
WRITING VELOCITIES TO RESTART FILE AT STEP 1400000
FINISHED WRITING RESTART VELOCITIES
PRESSURE: 1500000 -293.41 -181.407 -392.031 -181.407 554.461 -622.181 -392.029 -622.179 -264.509
GPRESSURE: 1500000 -263.079 -0.341015 -372.409 -269.161 979.839 -582.167 -9.85657 -496.029 -225.332
PRESSAVG: 1500000 91.8804 28.9298 -121.14 28.9298 -112.72 125.585 -121.14 125.585 -184.764
GPRESSAVG: 1500000 138.812 72.8876 -87.3769 19.9891 -48.5481 129.472 -113.008 150.042 -115.058
ENERGY: 1500000         3.4412        10.3160         4.9237         0.0000         -10668.9196      1459.6140         0.0000         0.0000      1828.2079          -7362.4169       312.1805     -9190.6248     -7427.0775       300.2577             -1.1527       163.8093     30114.2153       -24.2227        35.9497
FEP:    1500000        18.6808    -10668.9196      1459.6510

WRITING EXTENDED SYSTEM TO RESTART FILE AT STEP 1500000
WRITING COORDINATES TO DCD FILE mobley_6456034_prod.dcd AT STEP 1500000
WRITING COORDINATES TO RESTART FILE AT STEP 1500000
FINISHED WRITING RESTART COORDINATES
WRITING VELOCITIES TO RESTART FILE AT STEP 1500000
FINISHED WRITING RESTART VELOCITIES
TCL: Running FEP window   8: Lambda1 0.35   Lambda2 0.39999999999999997 [dLambda 0.04999999999999999]
TCL: Setting parameter firsttimestep to 0
TCL: Setting parameter alchLambda to 0.35
Info: NONBONDED TABLE R-SQUARED SPACING: 0.0625
Info: NONBONDED TABLE SIZE: 705 POINTS
Info: INCONSISTENCY IN FAST TABLE ENERGY VS FORCE: 0.000290481 AT 0.251946
Info: INCONSISTENCY IN SCOR TABLE ENERGY VS FORCE: 0.000238233 AT 8.9687
Info: ABSOLUTE IMPRECISION IN VDWA TABLE ENERGY: 1.21169e-27 AT 8.99653
Info: ABSOLUTE IMPRECISION IN VDWA TABLE FORCE: 2.57484e-27 AT 8.99653
Info: INCONSISTENCY IN VDWA TABLE ENERGY VS FORCE: 0.0040507 AT 0.251946
Info: INCONSISTENCY IN VDWB TABLE ENERGY VS FORCE: 0.00150189 AT 0.251946
TCL: Setting parameter alchLambda2 to 0.39999999999999997
Info: NONBONDED TABLE R-SQUARED SPACING: 0.0625
Info: NONBONDED TABLE SIZE: 705 POINTS
Info: INCONSISTENCY IN FAST TABLE ENERGY VS FORCE: 0.000290481 AT 0.251946
Info: INCONSISTENCY IN SCOR TABLE ENERGY VS FORCE: 0.000238233 AT 8.9687
Info: ABSOLUTE IMPRECISION IN VDWA TABLE ENERGY: 1.21169e-27 AT 8.99653
Info: ABSOLUTE IMPRECISION IN VDWA TABLE FORCE: 2.57484e-27 AT 8.99653
Info: INCONSISTENCY IN VDWA TABLE ENERGY VS FORCE: 0.0040507 AT 0.251946
Info: INCONSISTENCY IN VDWB TABLE ENERGY VS FORCE: 0.00150189 AT 0.251946
TCL: Running for 1500000 steps
FEP: RESETTING FOR NEW FEP WINDOW LAMBDA SET TO 0.35 LAMBDA2 0.4
FEP: WINDOW TO HAVE 100000 STEPS OF EQUILIBRATION PRIOR TO FEP DATA COLLECTION.
FEP: USING CONSTANT TEMPERATURE OF 300 K FOR FEP CALCULATION
PRESSURE: 0 -221.739 -190.118 -406.937 -190.116 663.724 -637.396 -406.937 -637.396 -158.898
GPRESSURE: 0 -261.167 2.4201 -376.969 -266.645 998.644 -580.768 -13.5304 -495.5 -224.387
ETITLE:      TS           BOND          ANGLE          DIHED          IMPRP               ELECT            VDW       BOUNDARY           MISC        KINETIC               TOTAL           TEMP      POTENTIAL       TOTALAVG        TEMPAVG            PRESSURE      GPRESSURE         VOLUME       PRESSAVG      GPRESSAVG
FEPTITLE:    TS          BOND2         ELECT2           VDW2

ENERGY:       0         3.4412        10.3160         4.9237         0.0000         -10668.9203      1459.6508         0.0000         0.0000      1827.3609          -7363.2279       312.0359     -9190.5887     -7363.2279       312.0359             94.3624       171.0304     30114.2153        94.3624       171.0304
FEP:          0        18.6808    -10668.9203      1460.1919

PRESSURE: 100000 -472.719 -157.784 171.553 -157.785 -150.185 409.243 171.555 409.246 -875.109
GPRESSURE: 100000 -374.369 -330.252 191.95 -137.163 -69.9852 524.241 201.444 -141.786 -938.69
PRESSAVG: 100000 24.3028 -8.61808 -136.162 -8.61808 -78.5027 95.346 -136.162 95.346 -238.423
GPRESSAVG: 100000 82.734 21.7722 -110.19 -15.5465 10.0925 121.916 -100.011 93.7779 -199.577
ENERGY:  100000         1.1764        10.8104         4.2762         0.0000         -10616.2672      1387.5074         0.0000         0.0000      1770.8846          -7441.6123       302.3922     -9212.4969     -7402.4201       307.2140           -499.3376      -461.0148     30111.5545      -202.4876      -144.9922
FEP:     100000        16.2629    -10616.2672      1387.1995

WRITING EXTENDED SYSTEM TO RESTART FILE AT STEP 100000
WRITING COORDINATES TO DCD FILE mobley_6456034_prod.dcd AT STEP 100000
WRITING COORDINATES TO RESTART FILE AT STEP 100000
FINISHED WRITING RESTART COORDINATES
WRITING VELOCITIES TO RESTART FILE AT STEP 100000
FINISHED WRITING RESTART VELOCITIES
PRESSURE: 200000 -6.31786 -267.52 193.059 -267.522 643.735 398.938 193.059 398.934 -51.2719
GPRESSURE: 200000 -133.04 -131.153 307.776 -369.246 785.335 524.793 103.87 366.367 3.30062
PRESSAVG: 200000 43.1432 -19.172 -147.565 -19.172 -35.2893 111.329 -147.565 111.329 -219.186
GPRESSAVG: 200000 84.7538 20.8144 -123.284 -41.3032 61.2611 130.832 -114.901 114.031 -189.525
ENERGY:  200000         1.6364        13.5710         3.5512         0.0000         -10652.2572      1474.6883         0.0000         0.0000      1716.7765          -7442.0338       293.1528     -9158.8103     -7415.6247       302.5269            195.3818       218.5317     30686.5555       -69.8645       -23.8176
FEP:     200000        18.7586    -10652.2572      1474.1814

WRITING EXTENDED SYSTEM TO RESTART FILE AT STEP 200000
WRITING COORDINATES TO DCD FILE mobley_6456034_prod.dcd AT STEP 200000
WRITING COORDINATES TO RESTART FILE AT STEP 200000
FINISHED WRITING RESTART COORDINATES
WRITING VELOCITIES TO RESTART FILE AT STEP 200000
FINISHED WRITING RESTART VELOCITIES
PRESSURE: 300000 -603.998 -243.43 169.534 -243.431 -906.226 -333.734 169.532 -333.736 178.885
GPRESSURE: 300000 -254.736 247.51 -41.1119 -230.366 -999.374 -752.9 306.803 -134.034 315.703
PRESSAVG: 300000 34.7083 -43.3219 -137.95 -43.3219 -35.734 57.6253 -137.95 57.6253 -155.115
GPRESSAVG: 300000 90.2511 22.1255 -123.331 -51.6467 56.1424 52.6121 -91.6659 69.6344 -117.752
ENERGY:  300000         5.5810        10.4512         3.8756         0.0000         -10570.8313      1387.9438         0.0000         0.0000      1771.0632          -7391.9164       302.4227     -9162.9796     -7409.6976       302.5009           -443.7797      -312.8023     30645.7330      -163.3433       -96.0638
FEP:     300000        19.9079    -10570.8313      1387.7682

WRITING EXTENDED SYSTEM TO RESTART FILE AT STEP 300000
WRITING COORDINATES TO DCD FILE mobley_6456034_prod.dcd AT STEP 300000
WRITING COORDINATES TO RESTART FILE AT STEP 300000
FINISHED WRITING RESTART COORDINATES
WRITING VELOCITIES TO RESTART FILE AT STEP 300000
FINISHED WRITING RESTART VELOCITIES
PRESSURE: 400000 -1314.07 35.1139 -95.4968 35.1133 -484.006 577.058 -95.4963 577.054 -52.6671
GPRESSURE: 400000 -1043.94 57.0012 -196.635 67.5611 -426.583 735.705 -204.12 790.847 -277.552
PRESSAVG: 400000 -3.55801 -52.4474 -142.772 -52.4474 -9.24996 50.233 -142.772 50.233 -103.275
GPRESSAVG: 400000 55.5008 13.9504 -130.972 -47.113 79.4758 48.9698 -93.7676 71.5481 -76.1168
ENERGY:  400000         5.7498        10.0336         4.5749         0.0000         -10572.3581      1335.9897         0.0000         0.0000      1781.7483          -7434.2618       304.2472     -9216.0101     -7414.6104       302.8501           -616.9151      -582.6927     29673.8221      -254.0577      -193.3895
FEP:     400000        20.3583    -10572.3581      1335.7787

WRITING EXTENDED SYSTEM TO RESTART FILE AT STEP 400000
WRITING COORDINATES TO DCD FILE mobley_6456034_prod.dcd AT STEP 400000
WRITING COORDINATES TO RESTART FILE AT STEP 400000
FINISHED WRITING RESTART COORDINATES
WRITING VELOCITIES TO RESTART FILE AT STEP 400000
FINISHED WRITING RESTART VELOCITIES
PRESSURE: 500000 222.66 -169.774 89.2951 -169.774 -470.909 -543.126 89.2982 -543.125 1263.02
GPRESSURE: 500000 311.215 26.6164 185.631 -243.282 -139.226 -730.963 240.431 -449.637 1053.58
PRESSAVG: 500000 19.0145 -77.106 -123.75 -77.106 13.0324 -6.55116 -123.75 -6.55116 -21.7752
GPRESSAVG: 500000 84.541 0.922716 -107.766 -84.0156 115.361 -32.8792 -69.1271 29.5105 -12.1436
ENERGY:  500000         1.9345        16.5648         5.5641         0.0000         -10732.7270      1499.4756         0.0000         0.0000      1786.9673          -7422.2207       305.1384     -9209.1880     -7415.8788       303.2315            338.2574       408.5223     30326.4838      -155.3385       -93.0709
FEP:     500000        24.0634    -10732.7270      1500.2741

WRITING EXTENDED SYSTEM TO RESTART FILE AT STEP 500000
WRITING COORDINATES TO DCD FILE mobley_6456034_prod.dcd AT STEP 500000
WRITING COORDINATES TO RESTART FILE AT STEP 500000
FINISHED WRITING RESTART COORDINATES
WRITING VELOCITIES TO RESTART FILE AT STEP 500000
FINISHED WRITING RESTART VELOCITIES
PRESSURE: 600000 76.4591 -139.518 521.854 -139.518 -157.588 -78.4615 521.856 -78.4619 1170.02
GPRESSURE: 600000 92.8199 -135.486 358.149 0.995296 42.76 13.052 524.947 127.348 1289.87
PRESSAVG: 600000 41.675 -77.6555 -70.3943 -77.6555 6.56416 -4.13393 -70.3943 -4.13393 57.9083
GPRESSAVG: 600000 96.0808 -8.70533 -58.4843 -80.7259 127.401 -39.1201 -16.8715 48.6396 70.2407
ENERGY:  600000         1.8764        13.9874         5.4707         0.0000         -10697.9284      1494.6988         0.0000         0.0000      1741.6601          -7440.2350       297.4018     -9181.8951     -7419.3583       302.3987            362.9643       475.1506     30045.1629       -81.2952       -11.8964
FEP:     600000        21.3345    -10697.9284      1495.1544

WRITING EXTENDED SYSTEM TO RESTART FILE AT STEP 600000
WRITING COORDINATES TO DCD FILE mobley_6456034_prod.dcd AT STEP 600000
WRITING COORDINATES TO RESTART FILE AT STEP 600000
FINISHED WRITING RESTART COORDINATES
WRITING VELOCITIES TO RESTART FILE AT STEP 600000
FINISHED WRITING RESTART VELOCITIES
PRESSURE: 700000 74.634 74.4928 1.71136 74.4921 -432.764 170.392 1.71148 170.392 -191.087
GPRESSURE: 700000 -24.1461 130.906 -162.017 321.375 -309.516 438.22 328.289 332.284 -40.8147
PRESSAVG: 700000 98.4377 -82.3065 -66.6048 -82.3065 24.7846 0.367854 -66.6048 0.367854 63.3956
GPRESSAVG: 700000 146.047 -0.471372 -57.7944 -79.0297 153.794 -17.0358 0.971845 59.6092 85.1675
ENERGY:  700000         5.0834        10.2828         4.8956         0.0000         -10529.1038      1404.1881         0.0000         0.0000      1791.1659          -7313.4881       305.8553     -9104.6540     -7406.1245       302.8308           -183.0725      -124.8256     30425.7970       -94.0174       -26.0126
FEP:     700000        20.2617    -10529.1038      1404.2177

WRITING EXTENDED SYSTEM TO RESTART FILE AT STEP 700000
WRITING COORDINATES TO DCD FILE mobley_6456034_prod.dcd AT STEP 700000
WRITING COORDINATES TO RESTART FILE AT STEP 700000
FINISHED WRITING RESTART COORDINATES
WRITING VELOCITIES TO RESTART FILE AT STEP 700000
FINISHED WRITING RESTART VELOCITIES
PRESSURE: 800000 448.464 -34.4856 354.317 -34.4862 1086.96 -443.565 354.32 -443.566 -167.43
GPRESSURE: 800000 201.922 218.149 394.603 -205.213 1360.01 -635.33 260.028 -270.93 83.6203
PRESSAVG: 800000 61.2567 -85.6438 -66.2351 -85.6438 63.998 -34.6492 -66.2351 -34.6492 60.6257
GPRESSAVG: 800000 99.1463 26.3494 -62.7729 -85.0257 204.656 -37.4717 0.733684 2.9509 99.6718
ENERGY:  800000         1.2717        11.4268         2.8501         0.0000         -10575.3165      1467.6231         0.0000         0.0000      1772.1127          -7320.0322       302.6019     -9092.1449     -7396.5587       302.8053            455.9990       548.5160     30426.2474       -32.9045        37.8240
FEP:     800000        15.5485    -10575.3165      1467.0649

WRITING EXTENDED SYSTEM TO RESTART FILE AT STEP 800000
WRITING COORDINATES TO DCD FILE mobley_6456034_prod.dcd AT STEP 800000
WRITING COORDINATES TO RESTART FILE AT STEP 800000
FINISHED WRITING RESTART COORDINATES
WRITING VELOCITIES TO RESTART FILE AT STEP 800000
FINISHED WRITING RESTART VELOCITIES
PRESSURE: 900000 -4.91245 -460.218 -310.602 -460.217 457.567 108.725 -310.602 108.725 -809.638
GPRESSURE: 900000 4.95812 -540.641 -269.69 -53.1834 599.891 112.226 -359.067 -75.5656 -711.267
PRESSAVG: 900000 22.1084 -105.137 -91.4906 -105.137 68.7228 -40.2084 -91.4906 -40.2084 40.3719
GPRESSAVG: 900000 60.5481 -5.3068 -85.1192 -93.1596 222.062 -20.1843 -34.3228 -13.9587 76.5014
ENERGY:  900000         2.3283        10.1921         4.6743         0.0000         -10678.3039      1435.7734         0.0000         0.0000      1801.9410          -7423.3948       307.6953     -9225.3358     -7399.2423       303.2943           -118.9946       -35.4727     30139.8758       -41.5135        30.4943
FEP:     900000        17.1948    -10678.3039      1435.6285

WRITING EXTENDED SYSTEM TO RESTART FILE AT STEP 900000
WRITING COORDINATES TO DCD FILE mobley_6456034_prod.dcd AT STEP 900000
WRITING COORDINATES TO RESTART FILE AT STEP 900000
FINISHED WRITING RESTART COORDINATES
WRITING VELOCITIES TO RESTART FILE AT STEP 900000
FINISHED WRITING RESTART VELOCITIES
PRESSURE: 1000000 -117.977 32.7531 -106.228 32.7535 -235.265 44.2609 -106.231 44.2611 -447.655
GPRESSURE: 1000000 -121.149 -211.723 292.876 -23.8037 -163.143 84.358 -172.195 21.5269 -159.4
PRESSAVG: 1000000 -23.9578 -115.431 -90.6756 -115.431 33.7766 -33.0321 -90.6756 -33.0321 -0.136646
GPRESSAVG: 1000000 23.1386 -32.3338 -55.2657 -104.784 178.259 -16.2884 -36.688 -5.23738 52.1879
TIMING: 1000000  CPU: 4591.34, 0.000397985/step  Wall: 4612, 0.000399629/step, 432.401 ns/days, 0.055504 hours remaining, 0.000000 MB of memory in use.
PERFORMANCE: 1000000  averaging 430.918 ns/day, 0.000401004 sec/step with standard deviation 1.23954e-06
ETITLE:      TS           BOND          ANGLE          DIHED          IMPRP               ELECT            VDW       BOUNDARY           MISC        KINETIC               TOTAL           TEMP      POTENTIAL       TOTALAVG        TEMPAVG            PRESSURE      GPRESSURE         VOLUME       PRESSAVG      GPRESSAVG
FEPTITLE:    TS          BOND2         ELECT2           VDW2

ENERGY: 1000000         2.9085        13.8359         5.8983         0.0000         -10692.2235      1427.9210         0.0000         0.0000      1777.6678          -7463.9920       303.5504     -9241.6598     -7405.1286       303.3176           -266.9656      -147.8973     30032.6509       -62.0091        14.2769
FEP:    1000000        22.6427    -10692.2235      1427.8363

WRITING EXTENDED SYSTEM TO RESTART FILE AT STEP 1000000
WRITING COORDINATES TO DCD FILE mobley_6456034_prod.dcd AT STEP 1000000
WRITING COORDINATES TO RESTART FILE AT STEP 1000000
FINISHED WRITING RESTART COORDINATES
WRITING VELOCITIES TO RESTART FILE AT STEP 1000000
FINISHED WRITING RESTART VELOCITIES
PRESSURE: 1100000 693.132 -122.058 484.206 -122.055 312.129 134.49 484.207 134.493 708.637
GPRESSURE: 1100000 835.91 -474.74 253.044 533.525 536.166 -162.134 373.367 154.154 572.294
PRESSAVG: 1100000 -19.1812 -122.1 -60.3672 -122.1 18.8732 -24.6772 -60.3672 -24.6772 -5.35284
GPRESSAVG: 1100000 33.8397 -52.1904 -20.337 -88.9555 173.392 -29.1411 -10.004 4.16029 37.5971
ENERGY: 1100000         4.1087         8.0438         2.6669         0.0000         -10648.8952      1491.3866         0.0000         0.0000      1753.6760          -7389.0131       299.4536     -9142.6891     -7403.7857       302.9956            571.2992       648.1233     30147.4111        -9.2334        67.0974
FEP:    1100000        14.8195    -10648.8952      1492.3049

WRITING EXTENDED SYSTEM TO RESTART FILE AT STEP 1100000
WRITING COORDINATES TO DCD FILE mobley_6456034_prod.dcd AT STEP 1100000
WRITING COORDINATES TO RESTART FILE AT STEP 1100000
FINISHED WRITING RESTART COORDINATES
WRITING VELOCITIES TO RESTART FILE AT STEP 1100000
FINISHED WRITING RESTART VELOCITIES
PRESSURE: 1200000 -346.376 -398.236 186.051 -398.236 -5.74386 338.853 186.055 338.852 -986.222
GPRESSURE: 1200000 -141.911 -531.591 127.847 -481.327 -168.211 65.5691 225.572 447.834 -694.954
PRESSAVG: 1200000 -43.9471 -144.593 -61.9175 -144.593 62.9322 0.84788 -61.9175 0.84788 -52.5275
GPRESSAVG: 1200000 21.3092 -72.0302 -20.6446 -125.665 197.604 -24.4802 -10.4957 41.402 2.44945
ENERGY: 1200000         2.4826        14.8432         3.0278         0.0000         -10617.4026      1406.2410         0.0000         0.0000      1748.4577          -7442.3503       298.5626     -9190.8080     -7406.7522       302.6546           -446.1142      -335.0255     30323.1115       -42.8396        36.1649
FEP:    1200000        20.3536    -10617.4026      1406.2003

WRITING EXTENDED SYSTEM TO RESTART FILE AT STEP 1200000
WRITING COORDINATES TO DCD FILE mobley_6456034_prod.dcd AT STEP 1200000
WRITING COORDINATES TO RESTART FILE AT STEP 1200000
FINISHED WRITING RESTART COORDINATES
WRITING VELOCITIES TO RESTART FILE AT STEP 1200000
FINISHED WRITING RESTART VELOCITIES
PRESSURE: 1300000 281.981 120.854 38.0432 120.853 703.407 -202.503 38.041 -202.504 -1039.83
GPRESSURE: 1300000 170.55 51.1488 29.9594 7.19284 913.544 -196.649 21.5557 -46.2417 -769.082
PRESSAVG: 1300000 -47.1561 -133.014 -54.1017 -133.014 85.204 -15.6873 -54.1017 -15.6873 -111.653
GPRESSAVG: 1300000 5.83669 -93.6453 -26.0092 -118.314 225.243 -48.7893 2.93474 25.4226 -44.2262
ENERGY: 1300000         0.9974        11.5778         4.8419         0.0000         -10562.6243      1410.9567         0.0000         0.0000      1756.2296          -7378.0208       299.8897     -9134.2504     -7404.6999       302.4571            -18.1473       105.0038     30008.6455       -41.0759        41.0819
FEP:    1300000        17.4172    -10562.6243      1411.9852

WRITING EXTENDED SYSTEM TO RESTART FILE AT STEP 1300000
WRITING COORDINATES TO DCD FILE mobley_6456034_prod.dcd AT STEP 1300000
WRITING COORDINATES TO RESTART FILE AT STEP 1300000
FINISHED WRITING RESTART COORDINATES
WRITING VELOCITIES TO RESTART FILE AT STEP 1300000
FINISHED WRITING RESTART VELOCITIES
PRESSURE: 1400000 488.244 164.419 -167.662 164.421 639.942 188.164 -167.664 188.162 121.347
GPRESSURE: 1400000 659.752 0.499588 -366.83 -88.1313 650.508 85.5162 239.581 227.39 196.599
PRESSAVG: 1400000 -22.9635 -103.941 -54.7532 -103.941 105.12 -7.14044 -54.7532 -7.14044 -102.31
GPRESSAVG: 1400000 36.7979 -52.7159 -39.2667 -92.4871 233.97 -53.873 18.579 46.7588 -28.6329
ENERGY: 1400000         6.1918        12.0139         5.0990         0.0000         -10666.1861      1492.8885         0.0000         0.0000      1738.8892          -7411.1038       296.9287     -9149.9929     -7405.1269       302.0886            416.5110       502.2863     30025.6832       -10.5701        71.8289
FEP:    1400000        23.3046    -10666.1861      1492.6109

WRITING EXTENDED SYSTEM TO RESTART FILE AT STEP 1400000
WRITING COORDINATES TO DCD FILE mobley_6456034_prod.dcd AT STEP 1400000
WRITING COORDINATES TO RESTART FILE AT STEP 1400000
FINISHED WRITING RESTART COORDINATES
WRITING VELOCITIES TO RESTART FILE AT STEP 1400000
FINISHED WRITING RESTART VELOCITIES
PRESSURE: 1500000 -412.462 37.5763 -343.216 37.5759 199.005 -265.534 -343.214 -265.532 -427.677
GPRESSURE: 1500000 -257.352 6.5098 -212.313 114.522 155.226 -371.295 -241.625 -198.643 -343.905
PRESSAVG: 1500000 -44.8446 -91.5373 -60.9171 -91.5373 89.2917 -13.2722 -60.9171 -13.2722 -132.613
GPRESSAVG: 1500000 16.898 -54.184 -60.3415 -74.2026 213.727 -51.892 23.1161 34.9959 -51.2938
ENERGY: 1500000         2.5671        13.7851         3.1521         0.0000         -10611.2747      1406.1120         0.0000         0.0000      1703.6758          -7481.9827       290.9157     -9185.6584     -7409.9303       301.3903           -213.7114      -148.6767     29994.8907       -23.2664        58.0473
FEP:    1500000        19.5043    -10611.2747      1405.8664

WRITING EXTENDED SYSTEM TO RESTART FILE AT STEP 1500000
WRITING COORDINATES TO DCD FILE mobley_6456034_prod.dcd AT STEP 1500000
WRITING COORDINATES TO RESTART FILE AT STEP 1500000
FINISHED WRITING RESTART COORDINATES
WRITING VELOCITIES TO RESTART FILE AT STEP 1500000
FINISHED WRITING RESTART VELOCITIES
TCL: Running FEP window   9: Lambda1 0.39999999999999997 Lambda2 0.44999999999999996 [dLambda 0.04999999999999999]
TCL: Setting parameter firsttimestep to 0
TCL: Setting parameter alchLambda to 0.39999999999999997
Info: NONBONDED TABLE R-SQUARED SPACING: 0.0625
Info: NONBONDED TABLE SIZE: 705 POINTS
Info: INCONSISTENCY IN FAST TABLE ENERGY VS FORCE: 0.000290481 AT 0.251946
Info: INCONSISTENCY IN SCOR TABLE ENERGY VS FORCE: 0.000238233 AT 8.9687
Info: ABSOLUTE IMPRECISION IN VDWA TABLE ENERGY: 1.21169e-27 AT 8.99653
Info: ABSOLUTE IMPRECISION IN VDWA TABLE FORCE: 2.57484e-27 AT 8.99653
Info: INCONSISTENCY IN VDWA TABLE ENERGY VS FORCE: 0.0040507 AT 0.251946
Info: INCONSISTENCY IN VDWB TABLE ENERGY VS FORCE: 0.00150189 AT 0.251946
TCL: Setting parameter alchLambda2 to 0.44999999999999996
Info: NONBONDED TABLE R-SQUARED SPACING: 0.0625
Info: NONBONDED TABLE SIZE: 705 POINTS
Info: INCONSISTENCY IN FAST TABLE ENERGY VS FORCE: 0.000290481 AT 0.251946
Info: INCONSISTENCY IN SCOR TABLE ENERGY VS FORCE: 0.000238233 AT 8.9687
Info: ABSOLUTE IMPRECISION IN VDWA TABLE ENERGY: 1.21169e-27 AT 8.99653
Info: ABSOLUTE IMPRECISION IN VDWA TABLE FORCE: 2.57484e-27 AT 8.99653
Info: INCONSISTENCY IN VDWA TABLE ENERGY VS FORCE: 0.0040507 AT 0.251946
Info: INCONSISTENCY IN VDWB TABLE ENERGY VS FORCE: 0.00150189 AT 0.251946
TCL: Running for 1500000 steps
FEP: RESETTING FOR NEW FEP WINDOW LAMBDA SET TO 0.4 LAMBDA2 0.45
FEP: WINDOW TO HAVE 100000 STEPS OF EQUILIBRATION PRIOR TO FEP DATA COLLECTION.
FEP: USING CONSTANT TEMPERATURE OF 300 K FOR FEP CALCULATION
PRESSURE: 0 -437.441 56.334 -344.333 56.3346 241.246 -288.989 -344.33 -288.985 -466.337
GPRESSURE: 0 -254.401 9.36922 -215.348 117.896 154.844 -364.02 -242.392 -190.578 -334.65
ETITLE:      TS           BOND          ANGLE          DIHED          IMPRP               ELECT            VDW       BOUNDARY           MISC        KINETIC               TOTAL           TEMP      POTENTIAL       TOTALAVG        TEMPAVG            PRESSURE      GPRESSURE         VOLUME       PRESSAVG      GPRESSAVG
FEPTITLE:    TS          BOND2         ELECT2           VDW2

ENERGY:       0         2.5671        13.7851         3.1521         0.0000         -10611.2751      1405.8665         0.0000         0.0000      1702.7767          -7483.1275       290.7622     -9185.9043     -7483.1275       290.7622           -220.8440      -144.7354     29994.8907      -220.8440      -144.7354
FEP:          0        19.5043    -10611.2751      1405.9958

PRESSURE: 100000 318.129 163.708 -208.138 163.706 -41.6632 -181.945 -208.137 -181.942 -158.732
GPRESSURE: 100000 171.716 217.774 -189.783 393.266 -157.883 -128.246 133.134 -363.65 -66.4421
PRESSAVG: 100000 -54.3177 -68.4759 -33.9227 -68.4759 164.713 -35.824 -33.9227 -35.824 -81.5623
GPRESSAVG: 100000 -0.506807 -54.8089 -40.5496 -19.839 273.692 -66.2907 68.3742 -1.00826 -0.876504
ENERGY:  100000         1.1741        11.7005         3.5952         0.0000         -10621.7565      1407.8093         0.0000         0.0000      1773.0798          -7424.3977       302.7670     -9197.4775     -7453.7626       296.7646             39.2448       -17.5362     30044.5340       -90.7996       -81.1358
FEP:     100000        16.4697    -10621.7565      1408.3745

WRITING EXTENDED SYSTEM TO RESTART FILE AT STEP 100000
WRITING COORDINATES TO DCD FILE mobley_6456034_prod.dcd AT STEP 100000
WRITING COORDINATES TO RESTART FILE AT STEP 100000
FINISHED WRITING RESTART COORDINATES
WRITING VELOCITIES TO RESTART FILE AT STEP 100000
FINISHED WRITING RESTART VELOCITIES
PRESSURE: 200000 -483.981 715.895 126.016 715.892 -690.981 -189.718 126.018 -189.717 -668.884
GPRESSURE: 200000 -315.142 627.561 212.819 630.017 -1034.06 -93.4554 54.8454 -352.138 -520.05
PRESSAVG: 200000 -105.585 -48.1703 -1.94946 -48.1703 96.3424 -70.8513 -1.94946 -70.8513 -166.202
GPRESSAVG: 200000 -49.7796 -38.0231 -2.42253 -9.05857 185.439 -100.712 88.5541 -37.3492 -89.5779
ENERGY:  200000         4.9640        16.7387         6.8318         0.0000         -10622.4146      1391.0504         0.0000         0.0000      1760.7271          -7442.1027       300.6577     -9202.8297     -7449.8760       298.0623           -614.6153      -623.0842     30796.7735      -265.4048      -261.7853
FEP:     200000        28.5345    -10622.4146      1391.0768

WRITING EXTENDED SYSTEM TO RESTART FILE AT STEP 200000
WRITING COORDINATES TO DCD FILE mobley_6456034_prod.dcd AT STEP 200000
WRITING COORDINATES TO RESTART FILE AT STEP 200000
FINISHED WRITING RESTART COORDINATES
WRITING VELOCITIES TO RESTART FILE AT STEP 200000
FINISHED WRITING RESTART VELOCITIES
PRESSURE: 300000 -422.605 -760.65 424.633 -760.65 302.387 -411.802 424.633 -411.8 226.486
GPRESSURE: 300000 -274.694 -584.14 70.4079 -506.737 269.108 -254.787 157.593 -129.922 147.486
PRESSAVG: 300000 -112.045 -77.1324 38.8836 -77.1324 83.7387 -60.3323 38.8836 -60.3323 -141.652
GPRESSAVG: 300000 -50.3603 -67.213 19.7183 -20.9374 149.902 -84.3433 96.9265 -19.0439 -70.937
ENERGY:  300000         2.7509        15.0251         3.8115         0.0000         -10584.5316      1406.2048         0.0000         0.0000      1786.0984          -7370.6410       304.9900     -9156.7394     -7430.0672       299.7942             35.4224        47.2997     29927.0928      -190.1980      -184.5140
FEP:     300000        21.5874    -10584.5316      1405.6078

WRITING EXTENDED SYSTEM TO RESTART FILE AT STEP 300000
WRITING COORDINATES TO DCD FILE mobley_6456034_prod.dcd AT STEP 300000
WRITING COORDINATES TO RESTART FILE AT STEP 300000
FINISHED WRITING RESTART COORDINATES
WRITING VELOCITIES TO RESTART FILE AT STEP 300000
FINISHED WRITING RESTART VELOCITIES
PRESSURE: 400000 21.0522 -771.414 -12.3694 -771.413 -644.871 -445.418 -12.369 -445.419 -410.38
GPRESSURE: 400000 162.804 -314.468 -147.489 -490.214 -685.707 -394.879 42.1752 -186.264 -408.171
PRESSAVG: 400000 -99.9053 -106.197 58.612 -106.197 18.3089 -50.7335 58.612 -50.7335 -154.226
GPRESSAVG: 400000 -29.1618 -83.0574 31.1923 -32.1158 65.6849 -75.0489 99.7118 -3.58203 -80.1263
ENERGY:  400000         3.2359         8.2506         4.8183         0.0000         -10594.2309      1411.0109         0.0000         0.0000      1769.2565          -7397.6586       302.1141     -9166.9152     -7423.5855       300.2582           -344.7331      -310.3580     30382.3829      -221.1050      -209.6828
FEP:     400000        16.3048    -10594.2309      1410.6938

WRITING EXTENDED SYSTEM TO RESTART FILE AT STEP 400000
WRITING COORDINATES TO DCD FILE mobley_6456034_prod.dcd AT STEP 400000
WRITING COORDINATES TO RESTART FILE AT STEP 400000
FINISHED WRITING RESTART COORDINATES
WRITING VELOCITIES TO RESTART FILE AT STEP 400000
FINISHED WRITING RESTART VELOCITIES
PRESSURE: 500000 191.613 57.4516 -620.582 57.4516 -331.467 127.541 -620.585 127.544 1136.35
GPRESSURE: 500000 137.33 -47.6795 -645.018 57.1249 -394.426 297.161 -526.275 -175.819 1113.75
PRESSAVG: 500000 -66.6887 -95.4354 19.0051 -95.4354 9.24477 -64.8186 19.0051 -64.8186 -53.6532
GPRESSAVG: 500000 -3.5769 -68.9288 -10.6561 -22.4014 49.4629 -86.4029 63.3259 -5.28367 22.4956
ENERGY:  500000         3.6820        10.0560         6.0430         0.0000         -10570.2629      1444.9382         0.0000         0.0000      1769.6288          -7335.9148       302.1777     -9105.5436     -7408.9737       300.5781            332.1656       285.5506     30353.8231      -128.8933      -127.1439
FEP:     500000        19.7811    -10570.2629      1444.3488

WRITING EXTENDED SYSTEM TO RESTART FILE AT STEP 500000
WRITING COORDINATES TO DCD FILE mobley_6456034_prod.dcd AT STEP 500000
WRITING COORDINATES TO RESTART FILE AT STEP 500000
FINISHED WRITING RESTART COORDINATES
WRITING VELOCITIES TO RESTART FILE AT STEP 500000
FINISHED WRITING RESTART VELOCITIES
PRESSURE: 600000 756.161 -12.4481 -18.8288 -12.4482 129.843 -149.834 -18.8278 -149.834 549.665
GPRESSURE: 600000 1079.69 313.431 -330.452 -275.71 366.216 -107.254 245.261 -146.692 322.757
PRESSAVG: 600000 -28.5648 -82.6818 8.41072 -82.6818 -16.4498 -92.257 8.41072 -92.257 -23.6063
GPRESSAVG: 600000 57.0598 -46.6996 -42.5675 -17.7246 28.507 -118.005 70.3954 -30.9367 38.4684
ENERGY:  600000         2.3332        17.4351         2.7289         0.0000         -10621.0089      1476.2654         0.0000         0.0000      1768.5492          -7353.6972       301.9934     -9122.2463     -7401.0771       300.7803            478.5564       589.5556     30029.3646       -42.1148       -24.7583
FEP:     600000        22.4972    -10621.0089      1477.0089

WRITING EXTENDED SYSTEM TO RESTART FILE AT STEP 600000
WRITING COORDINATES TO DCD FILE mobley_6456034_prod.dcd AT STEP 600000
WRITING COORDINATES TO RESTART FILE AT STEP 600000
FINISHED WRITING RESTART COORDINATES
WRITING VELOCITIES TO RESTART FILE AT STEP 600000
FINISHED WRITING RESTART VELOCITIES
PRESSURE: 700000 -1143.91 134.083 333.436 134.082 -373.802 -134.161 333.436 -134.16 -459.598
GPRESSURE: 700000 -1061.79 149.855 220.804 39.6609 -117.782 197.388 419.787 -60.4929 -482.688
PRESSAVG: 700000 -55.5604 -63.8062 16.6059 -63.8062 10.1714 -82.2782 16.6059 -82.2782 -55.5305
GPRESSAVG: 700000 16.7071 -51.5824 -29.4717 -4.2232 72.5866 -70.4908 76.0447 -27.2596 -1.45111
ENERGY:  700000         1.5687        10.4656         4.4970         0.0000         -10545.6675      1344.7060         0.0000         0.0000      1798.2898          -7386.1403       307.0718     -9184.4301     -7399.2100       301.5667           -659.1033      -554.0870     29954.5634      -119.2383       -90.9244
FEP:     700000        16.5313    -10545.6675      1345.3939

WRITING EXTENDED SYSTEM TO RESTART FILE AT STEP 700000
WRITING COORDINATES TO DCD FILE mobley_6456034_prod.dcd AT STEP 700000
WRITING COORDINATES TO RESTART FILE AT STEP 700000
FINISHED WRITING RESTART COORDINATES
WRITING VELOCITIES TO RESTART FILE AT STEP 700000
FINISHED WRITING RESTART VELOCITIES
PRESSURE: 800000 -378.947 106.983 5.15037 106.983 -1449.32 31.5582 5.15153 31.5561 76.8782
GPRESSURE: 800000 -467.086 89.7315 203.96 -171.183 -1463.32 43.103 291.252 113.292 195.783
PRESSAVG: 800000 -8.80415 -60.2127 21.6383 -60.2127 -38.0945 -109.553 21.6383 -109.553 -49.0532
GPRESSAVG: 800000 45.5499 -49.9459 -9.44196 -16.1604 20.7496 -105.121 100.813 -61.1373 22.2156
ENERGY:  800000         4.6601         8.5169         4.8006         0.0000         -10519.6843      1341.4356         0.0000         0.0000      1785.2176          -7375.0535       304.8396     -9160.2711     -7396.5259       301.9304           -583.7979      -578.2085     30002.2308      -170.8560      -145.0671
FEP:     800000        17.9776    -10519.6843      1342.0829

WRITING EXTENDED SYSTEM TO RESTART FILE AT STEP 800000
WRITING COORDINATES TO DCD FILE mobley_6456034_prod.dcd AT STEP 800000
WRITING COORDINATES TO RESTART FILE AT STEP 800000
FINISHED WRITING RESTART COORDINATES
WRITING VELOCITIES TO RESTART FILE AT STEP 800000
FINISHED WRITING RESTART VELOCITIES
PRESSURE: 900000 -195.024 67.2124 9.3342 67.2107 544.39 71.1255 9.33272 71.1274 229.592
GPRESSURE: 900000 -317.448 77.3885 153.404 18.5195 765.87 90.8511 -20.7187 212.54 126.337
PRESSAVG: 900000 -29.6884 -48.3634 17.64 -48.3634 12.6704 -78.8405 17.64 -78.8405 -100.725
GPRESSAVG: 900000 14.1168 -47.4073 -11.0533 -3.07034 66.0044 -64.0302 87.7557 -28.0285 -24.1464
ENERGY:  900000         2.1192        10.8024         2.6165         0.0000         -10655.6299      1478.3764         0.0000         0.0000      1680.6196          -7481.0958       286.9787     -9161.7154     -7404.9829       300.4352            192.9861       191.5861     30341.7294      -134.4718      -111.4017
FEP:     900000        15.5382    -10655.6299      1478.0263

WRITING EXTENDED SYSTEM TO RESTART FILE AT STEP 900000
WRITING COORDINATES TO DCD FILE mobley_6456034_prod.dcd AT STEP 900000
WRITING COORDINATES TO RESTART FILE AT STEP 900000
FINISHED WRITING RESTART COORDINATES
WRITING VELOCITIES TO RESTART FILE AT STEP 900000
FINISHED WRITING RESTART VELOCITIES
PRESSURE: 1000000 710.817 355.228 183.305 355.229 -127.867 30.7309 183.302 30.7313 -566.565
GPRESSURE: 1000000 623.598 53.4428 244.255 588.328 4.76761 -519.186 -69.5082 482.587 -336.721
PRESSAVG: 1000000 2.02956 -23.626 0.712346 -23.626 14.1565 -73.3808 0.712346 -73.3808 -187.554
GPRESSAVG: 1000000 40.6557 -37.9608 -16.748 26.2963 64.1048 -90.6422 58.033 -10.2665 -105.476
TIMING: 1000000  CPU: 5187.73, 0.00039744/step  Wall: 5211.2, 0.000399284/step, 432.775 ns/days, 0.0554561 hours remaining, 0.000000 MB of memory in use.
PERFORMANCE: 1000000  averaging 431.123 ns/day, 0.000400813 sec/step with standard deviation 1.29356e-06
ETITLE:      TS           BOND          ANGLE          DIHED          IMPRP               ELECT            VDW       BOUNDARY           MISC        KINETIC               TOTAL           TEMP      POTENTIAL       TOTALAVG        TEMPAVG            PRESSURE      GPRESSURE         VOLUME       PRESSAVG      GPRESSAVG
FEPTITLE:    TS          BOND2         ELECT2           VDW2

ENERGY: 1000000         2.8423         8.1645         4.4690         0.0000         -10630.0143      1425.6022         0.0000         0.0000      1781.1591          -7407.7772       304.1466     -9188.9363     -7405.2369       300.7726              5.4620        97.2149     30058.1653      -121.7506       -92.4366
FEP:    1000000        15.4758    -10630.0143      1425.9467

WRITING EXTENDED SYSTEM TO RESTART FILE AT STEP 1000000
WRITING COORDINATES TO DCD FILE mobley_6456034_prod.dcd AT STEP 1000000
WRITING COORDINATES TO RESTART FILE AT STEP 1000000
FINISHED WRITING RESTART COORDINATES
WRITING VELOCITIES TO RESTART FILE AT STEP 1000000
FINISHED WRITING RESTART VELOCITIES
PRESSURE: 1100000 -375.946 439.126 -13.2361 439.13 527.911 4.37448 -13.2365 4.37631 69.2585
GPRESSURE: 1100000 -371.29 519.596 -415.449 429.684 380.428 -148.329 279.115 167.05 381.305
PRESSAVG: 1100000 -20.4994 -5.39417 -0.0350547 -5.39417 62.1903 -81.6816 -0.0350547 -81.6816 -174.537
GPRESSAVG: 1100000 23.2984 -18.5263 -29.4196 31.7118 98.602 -119.97 55.5743 -18.5282 -84.3701
ENERGY: 1100000         3.1901        10.6798         4.5248         0.0000         -10597.0562      1451.8255         0.0000         0.0000      1773.7839          -7353.0521       302.8872     -9126.8360     -7400.8882       300.9488             73.7412       130.1476     30487.6593      -105.4596       -73.8879
FEP:    1100000        18.3947    -10597.0562      1451.9128

WRITING EXTENDED SYSTEM TO RESTART FILE AT STEP 1100000
WRITING COORDINATES TO DCD FILE mobley_6456034_prod.dcd AT STEP 1100000
WRITING COORDINATES TO RESTART FILE AT STEP 1100000
FINISHED WRITING RESTART COORDINATES
WRITING VELOCITIES TO RESTART FILE AT STEP 1100000
FINISHED WRITING RESTART VELOCITIES
PRESSURE: 1200000 508.104 -263.631 -472.664 -263.633 171.54 -457.175 -472.664 -457.176 8.2461
GPRESSURE: 1200000 471.252 80.9714 -574.014 -265.42 488.777 -586.118 -167.643 -112.047 -44.0717
PRESSAVG: 1200000 -17.5174 -16.8515 -41.3842 -16.8515 16.4191 -82.3621 -41.3842 -82.3621 -165.753
GPRESSAVG: 1200000 36.765 -25.3852 -77.8504 28.7014 55.0405 -117.509 34.1907 -10.584 -90.7547
ENERGY: 1200000         3.4646        11.1077         5.2327         0.0000         -10602.0873      1415.7886         0.0000         0.0000      1784.4729          -7382.0208       304.7125     -9166.4937     -7399.4369       301.2383            229.2967       305.3192     29882.9513       -79.7091       -44.7181
FEP:    1200000        19.8050    -10602.0873      1416.9728

WRITING EXTENDED SYSTEM TO RESTART FILE AT STEP 1200000
WRITING COORDINATES TO DCD FILE mobley_6456034_prod.dcd AT STEP 1200000
WRITING COORDINATES TO RESTART FILE AT STEP 1200000
FINISHED WRITING RESTART COORDINATES
WRITING VELOCITIES TO RESTART FILE AT STEP 1200000
FINISHED WRITING RESTART VELOCITIES
PRESSURE: 1300000 -166.04 248.588 -134.052 248.587 -680.562 -429.022 -134.05 -429.019 650.229
GPRESSURE: 1300000 -133.594 196.006 126.041 558.476 -666.101 -406.449 -217.186 -674.381 731.356
PRESSAVG: 1300000 -25.5738 18.5887 -32.5567 18.5887 -40.4873 -109.249 -32.5567 -109.249 -92.7595
GPRESSAVG: 1300000 29.8373 11.4471 -58.0639 59.2844 -8.25908 -143.443 41.2848 -40.5248 -18.6235
ENERGY: 1300000         2.5555         7.4887         3.6769         0.0000         -10695.4483      1432.9474         0.0000         0.0000      1756.4710          -7492.3089       299.9309     -9248.7799     -7406.0706       301.1450            -65.4575       -22.7799     30035.3594       -78.6911       -43.1511
FEP:    1300000        13.7210    -10695.4483      1433.9001

WRITING EXTENDED SYSTEM TO RESTART FILE AT STEP 1300000
WRITING COORDINATES TO DCD FILE mobley_6456034_prod.dcd AT STEP 1300000
WRITING COORDINATES TO RESTART FILE AT STEP 1300000
FINISHED WRITING RESTART COORDINATES
WRITING VELOCITIES TO RESTART FILE AT STEP 1300000
FINISHED WRITING RESTART VELOCITIES
PRESSURE: 1400000 427.994 247.142 377.011 247.144 39.7765 -324.788 377.009 -324.788 722.638
GPRESSURE: 1400000 642.278 142.19 338.451 305.053 183.393 -243.073 473.698 -525.328 561.79
PRESSAVG: 1400000 1.72474 29.3083 -8.3947 29.3083 -26.7353 -127.702 -8.3947 -127.702 -34.2449
GPRESSAVG: 1400000 68.0087 29.1428 -55.7851 75.7272 9.06775 -159.814 73.5795 -67.8675 17.436
ENERGY: 1400000         1.9609        12.1777         4.9649         0.0000         -10644.3407      1466.3419         0.0000         0.0000      1759.6675          -7399.2277       300.4768     -9158.8953     -7405.6144       301.1004            396.8027       462.4872     30174.6913       -46.9915        -9.4419
FEP:    1400000        19.1036    -10644.3407      1466.2033

WRITING EXTENDED SYSTEM TO RESTART FILE AT STEP 1400000
WRITING COORDINATES TO DCD FILE mobley_6456034_prod.dcd AT STEP 1400000
WRITING COORDINATES TO RESTART FILE AT STEP 1400000
FINISHED WRITING RESTART COORDINATES
WRITING VELOCITIES TO RESTART FILE AT STEP 1400000
FINISHED WRITING RESTART VELOCITIES
PRESSURE: 1500000 -442.629 -90.1331 -527.836 -90.1336 -1494.11 370.773 -527.839 370.773 -970.003
GPRESSURE: 1500000 -447.102 -314.566 -580.18 78.7782 -1557.36 513.392 -297.931 267.378 -913.376
PRESSAVG: 1500000 -55.0633 30.9043 -58.997 30.9043 -117.047 -115.888 -58.997 -115.888 -118.177
GPRESSAVG: 1500000 3.85813 37.1515 -97.4464 52.9898 -95.6087 -126.038 40.0146 -62.2063 -56.8475
ENERGY: 1500000         1.5601        10.6181         5.0940         0.0000         -10465.7551      1303.5363         0.0000         0.0000      1823.4404          -7321.5063       311.3664     -9144.9466     -7400.3576       301.7420           -968.9140      -972.6131     30368.8315      -104.6117       -69.6401
FEP:    1500000        17.2721    -10465.7551      1303.8087

WRITING EXTENDED SYSTEM TO RESTART FILE AT STEP 1500000
WRITING COORDINATES TO DCD FILE mobley_6456034_prod.dcd AT STEP 1500000
WRITING COORDINATES TO RESTART FILE AT STEP 1500000
FINISHED WRITING RESTART COORDINATES
WRITING VELOCITIES TO RESTART FILE AT STEP 1500000
FINISHED WRITING RESTART VELOCITIES
TCL: Running FEP window  10: Lambda1 0.44999999999999996 Lambda2 0.49999999999999994 [dLambda 0.04999999999999999]
TCL: Setting parameter firsttimestep to 0
TCL: Setting parameter alchLambda to 0.44999999999999996
Info: NONBONDED TABLE R-SQUARED SPACING: 0.0625
Info: NONBONDED TABLE SIZE: 705 POINTS
Info: INCONSISTENCY IN FAST TABLE ENERGY VS FORCE: 0.000290481 AT 0.251946
Info: INCONSISTENCY IN SCOR TABLE ENERGY VS FORCE: 0.000238233 AT 8.9687
Info: ABSOLUTE IMPRECISION IN VDWA TABLE ENERGY: 1.21169e-27 AT 8.99653
Info: ABSOLUTE IMPRECISION IN VDWA TABLE FORCE: 2.57484e-27 AT 8.99653
Info: INCONSISTENCY IN VDWA TABLE ENERGY VS FORCE: 0.0040507 AT 0.251946
Info: INCONSISTENCY IN VDWB TABLE ENERGY VS FORCE: 0.00150189 AT 0.251946
TCL: Setting parameter alchLambda2 to 0.49999999999999994
Info: NONBONDED TABLE R-SQUARED SPACING: 0.0625
Info: NONBONDED TABLE SIZE: 705 POINTS
Info: INCONSISTENCY IN FAST TABLE ENERGY VS FORCE: 0.000290481 AT 0.251946
Info: INCONSISTENCY IN SCOR TABLE ENERGY VS FORCE: 0.000238233 AT 8.9687
Info: ABSOLUTE IMPRECISION IN VDWA TABLE ENERGY: 1.21169e-27 AT 8.99653
Info: ABSOLUTE IMPRECISION IN VDWA TABLE FORCE: 2.57484e-27 AT 8.99653
Info: INCONSISTENCY IN VDWA TABLE ENERGY VS FORCE: 0.0040507 AT 0.251946
Info: INCONSISTENCY IN VDWB TABLE ENERGY VS FORCE: 0.00150189 AT 0.251946
TCL: Running for 1500000 steps
FEP: RESETTING FOR NEW FEP WINDOW LAMBDA SET TO 0.45 LAMBDA2 0.5
FEP: WINDOW TO HAVE 100000 STEPS OF EQUILIBRATION PRIOR TO FEP DATA COLLECTION.
FEP: USING CONSTANT TEMPERATURE OF 300 K FOR FEP CALCULATION
PRESSURE: 0 -514.12 -97.372 -516.112 -97.3702 -1564.02 356.459 -516.112 356.461 -1079.79
GPRESSURE: 0 -435.838 -315.198 -582.645 77.6074 -1556.5 507.472 -301.711 260.889 -898.281
ETITLE:      TS           BOND          ANGLE          DIHED          IMPRP               ELECT            VDW       BOUNDARY           MISC        KINETIC               TOTAL           TEMP      POTENTIAL       TOTALAVG        TEMPAVG            PRESSURE      GPRESSURE         VOLUME       PRESSAVG      GPRESSAVG
FEPTITLE:    TS          BOND2         ELECT2           VDW2

ENERGY:       0         1.5601        10.6181         5.0940         0.0000         -10465.7540      1303.8085         0.0000         0.0000      1822.5217          -7322.1516       311.2096     -9144.6734     -7322.1516       311.2096          -1052.6452      -963.5414     30368.8315     -1052.6452      -963.5414
FEP:          0        17.2721    -10465.7540      1304.6781

PRESSURE: 100000 -370.334 -27.2362 -4.48807 -27.2344 -78.7006 -571.823 -4.48802 -571.827 -695.897
GPRESSURE: 100000 -393.441 239.918 -125.016 109.214 -65.6057 -401.776 -196.26 -827.627 -512.069
PRESSAVG: 100000 -96.0662 38.5432 -96.2318 38.5432 -234.067 -133.473 -96.2318 -133.473 -105.659
GPRESSAVG: 100000 -39.0378 57.4095 -140.72 86.0376 -213.981 -114.199 2.75966 -110.623 -54.1632
ENERGY:  100000         3.5309        10.2413         3.5441         0.0000         -10594.8398      1422.5213         0.0000         0.0000      1731.7306          -7423.2715       295.7063     -9155.0021     -7372.7115       303.4579           -381.6439      -323.7050     30987.4589      -717.1446      -643.6232
FEP:     100000        17.3164    -10594.8398      1423.6963

WRITING EXTENDED SYSTEM TO RESTART FILE AT STEP 100000
WRITING COORDINATES TO DCD FILE mobley_6456034_prod.dcd AT STEP 100000
WRITING COORDINATES TO RESTART FILE AT STEP 100000
FINISHED WRITING RESTART COORDINATES
WRITING VELOCITIES TO RESTART FILE AT STEP 100000
FINISHED WRITING RESTART VELOCITIES
PRESSURE: 200000 978.079 259.019 99.5761 259.021 22.3725 137.565 99.5762 137.564 -192.77
GPRESSURE: 200000 1275.08 329.305 308.448 32.657 66.9363 248.118 101.484 299.083 -342.001
PRESSAVG: 200000 -71.5745 43.2733 -82.8697 43.2733 -264.945 -136.003 -82.8697 -136.003 -121.365
GPRESSAVG: 200000 -8.27157 73.8498 -106.956 92.077 -243.159 -106.069 -4.14523 -107.038 -81.0932
ENERGY:  200000         1.7107         9.6858         5.6240         0.0000         -10718.1777      1492.4190         0.0000         0.0000      1692.2589          -7516.4792       288.9662     -9208.7381     -7420.6341       298.6274            269.2273       333.3372     30338.1708      -388.3539      -317.9698
FEP:     200000        17.0205    -10718.1777      1491.8680

WRITING EXTENDED SYSTEM TO RESTART FILE AT STEP 200000
WRITING COORDINATES TO DCD FILE mobley_6456034_prod.dcd AT STEP 200000
WRITING COORDINATES TO RESTART FILE AT STEP 200000
FINISHED WRITING RESTART COORDINATES
WRITING VELOCITIES TO RESTART FILE AT STEP 200000
FINISHED WRITING RESTART VELOCITIES
PRESSURE: 300000 -359.791 227.975 -132.548 227.975 1049.51 -52.2743 -132.549 -52.2756 373.449
GPRESSURE: 300000 -156.251 283.5 -235.357 165.784 1004.86 -453.734 -199.401 -219.502 502.697
PRESSAVG: 300000 -68.9409 52.7932 -72.3365 52.7932 -222.42 -125.341 -72.3365 -125.341 -81.3083
GPRESSAVG: 300000 -3.21653 87.6993 -108.108 94.6402 -200.678 -110.191 -2.03405 -108.081 -38.7631
ENERGY:  300000         1.6552        10.7660         5.7076         0.0000         -10598.4742      1459.2830         0.0000         0.0000      1701.5965          -7419.4658       290.5607     -9121.0623     -7420.3420       296.6107            354.3899       450.4341     30051.2930      -202.6680      -125.8688
FEP:     300000        18.1289    -10598.4742      1459.0941

WRITING EXTENDED SYSTEM TO RESTART FILE AT STEP 300000
WRITING COORDINATES TO DCD FILE mobley_6456034_prod.dcd AT STEP 300000
WRITING COORDINATES TO RESTART FILE AT STEP 300000
FINISHED WRITING RESTART COORDINATES
WRITING VELOCITIES TO RESTART FILE AT STEP 300000
FINISHED WRITING RESTART VELOCITIES
PRESSURE: 400000 -226.948 -544.742 266.025 -544.743 523.097 -462.845 266.022 -462.842 293.406
GPRESSURE: 400000 -113.87 -567.127 590.768 -259.232 544.315 -565.077 -225.536 -538.889 376.714
PRESSAVG: 400000 -58.4163 22.7393 -41.8189 22.7393 -208.327 -134.033 -41.8189 -134.033 -43.3211
GPRESSAVG: 400000 3.81 58.8745 -67.8022 75.7838 -181.204 -120.244 -1.19127 -125.497 -3.1949
ENERGY:  400000         6.2725        13.8853         5.8671         0.0000         -10646.2627      1453.4554         0.0000         0.0000      1770.8569          -7395.9255       302.3874     -9166.7824     -7415.4587       297.7660            196.5183       269.0533     29844.9890      -122.8307       -46.8844
FEP:     400000        26.0249    -10646.2627      1454.0589

WRITING EXTENDED SYSTEM TO RESTART FILE AT STEP 400000
WRITING COORDINATES TO DCD FILE mobley_6456034_prod.dcd AT STEP 400000
WRITING COORDINATES TO RESTART FILE AT STEP 400000
FINISHED WRITING RESTART COORDINATES
WRITING VELOCITIES TO RESTART FILE AT STEP 400000
FINISHED WRITING RESTART VELOCITIES
PRESSURE: 500000 505.383 -141.949 213.508 -141.95 -504.518 93.5617 213.504 93.5609 -226.777
GPRESSURE: 500000 730.641 -252.669 270.024 -296.378 -283.548 358.855 212.5 -227.238 -273.14
PRESSAVG: 500000 -49.0536 7.4565 -20.7368 7.4565 -231.47 -120.258 -20.7368 -120.258 -46.7233
GPRESSAVG: 500000 31.7562 35.3524 -44.8119 41.3016 -187.488 -95.8889 2.77704 -118.676 -13.5298
ENERGY:  500000         2.2467         9.3900         4.8151         0.0000         -10555.7096      1370.4029         0.0000         0.0000      1769.0609          -7399.7942       302.0807     -9168.8551     -7412.8480       298.4852            -75.3036        57.9843     29592.7308      -114.9095       -29.4063
FEP:     500000        16.4517    -10555.7096      1370.2283

WRITING EXTENDED SYSTEM TO RESTART FILE AT STEP 500000
WRITING COORDINATES TO DCD FILE mobley_6456034_prod.dcd AT STEP 500000
WRITING COORDINATES TO RESTART FILE AT STEP 500000
FINISHED WRITING RESTART COORDINATES
WRITING VELOCITIES TO RESTART FILE AT STEP 500000
FINISHED WRITING RESTART VELOCITIES
PRESSURE: 600000 -69.7762 -81.9031 147.011 -81.9057 -100.005 -276.977 147.01 -276.98 -219.741
GPRESSURE: 600000 12.2981 -220 132.228 94.9086 54.3569 -163.485 358.195 -600.901 -173.468
PRESSAVG: 600000 -28.3433 -32.4334 -19.6872 -32.4334 -201.921 -124.621 -19.6872 -124.621 -24.2662
GPRESSAVG: 600000 48.1283 -7.02565 -48.8415 14.5462 -133.067 -99.3904 17.9445 -131.114 3.79931
ENERGY:  600000         3.0865        11.9042         6.3193         0.0000         -10550.7364      1412.6710         0.0000         0.0000      1730.3878          -7386.3676       295.4770     -9116.7554     -7409.0651       298.0554           -129.8408       -35.6042     30503.9714      -117.0426       -30.2917
FEP:     600000        21.3100    -10550.7364      1413.5133

WRITING EXTENDED SYSTEM TO RESTART FILE AT STEP 600000
WRITING COORDINATES TO DCD FILE mobley_6456034_prod.dcd AT STEP 600000
WRITING COORDINATES TO RESTART FILE AT STEP 600000
FINISHED WRITING RESTART COORDINATES
WRITING VELOCITIES TO RESTART FILE AT STEP 600000
FINISHED WRITING RESTART VELOCITIES
PRESSURE: 700000 -358.588 -168.705 168.486 -168.706 -343.465 472.823 168.486 472.818 -266.203
GPRESSURE: 700000 -294.25 -14.9 224.469 -227.027 -274.837 540.97 -136.392 236.61 -196.121
PRESSAVG: 700000 -25.1425 -2.83621 -32.4946 -2.83621 -234.214 -80.3904 -32.4946 -80.3904 -48.9006
GPRESSAVG: 700000 47.1505 21.4363 -41.1384 28.5317 -160.264 -59.6026 3.24527 -112.788 -13.381
ENERGY:  700000         5.3477         9.4743         3.6523         0.0000         -10693.0700      1428.5642         0.0000         0.0000      1734.7916          -7511.2400       296.2290     -9246.0315     -7421.8369       297.8271           -322.7521      -255.0694     29957.4599      -142.7563       -58.3889
FEP:     700000        18.4743    -10693.0700      1428.5857

WRITING EXTENDED SYSTEM TO RESTART FILE AT STEP 700000
WRITING COORDINATES TO DCD FILE mobley_6456034_prod.dcd AT STEP 700000
WRITING COORDINATES TO RESTART FILE AT STEP 700000
FINISHED WRITING RESTART COORDINATES
WRITING VELOCITIES TO RESTART FILE AT STEP 700000
FINISHED WRITING RESTART VELOCITIES
PRESSURE: 800000 324.326 38.0918 575.728 38.0889 125.859 -62.7867 575.73 -62.7887 508.309
GPRESSURE: 800000 316.015 101.429 418.803 176.87 213.067 -127.403 406.615 -72.4761 839.459
PRESSAVG: 800000 -9.97874 37.6389 -3.08964 37.6389 -195.677 -61.2589 -3.08964 -61.2589 -2.96619
GPRESSAVG: 800000 54.811 42.2312 -12.8239 61.8859 -115.325 -46.2288 21.4673 -107.098 49.0005
ENERGY:  800000         1.8235        14.2152         4.3413         0.0000         -10797.7150      1514.6698         0.0000         0.0000      1773.4277          -7489.2375       302.8264     -9262.6652     -7429.3259       298.3826            319.4980       456.1805     30295.7995       -91.3947        -1.2145
FEP:     800000        20.3800    -10797.7150      1515.7977

WRITING EXTENDED SYSTEM TO RESTART FILE AT STEP 800000
WRITING COORDINATES TO DCD FILE mobley_6456034_prod.dcd AT STEP 800000
WRITING COORDINATES TO RESTART FILE AT STEP 800000
FINISHED WRITING RESTART COORDINATES
WRITING VELOCITIES TO RESTART FILE AT STEP 800000
FINISHED WRITING RESTART VELOCITIES
PRESSURE: 900000 -183.375 470.008 -228.425 470.008 274.298 51.9308 -228.423 51.9268 -428.1
GPRESSURE: 900000 -140.015 508.548 -472.917 579.25 411.015 -63.1342 -98.8134 56.6851 -448.749
PRESSAVG: 900000 -28.7281 58.2667 16.5184 58.2667 -165.389 -65.0398 16.5184 -65.0398 -81.1887
GPRESSAVG: 900000 40.9438 70.0426 -4.21883 87.9921 -75.0532 -64.2435 42.8404 -95.473 -29.1244
ENERGY:  900000         4.9761        12.9254         7.4811         0.0000         -10631.4524      1438.2910         0.0000         0.0000      1735.6830          -7432.0956       296.3812     -9167.7787     -7429.6028       298.1825           -112.3922       -59.2496     30104.2955       -93.4944        -7.0180
FEP:     900000        25.3826    -10631.4524      1438.1668

WRITING EXTENDED SYSTEM TO RESTART FILE AT STEP 900000
WRITING COORDINATES TO DCD FILE mobley_6456034_prod.dcd AT STEP 900000
WRITING COORDINATES TO RESTART FILE AT STEP 900000
FINISHED WRITING RESTART COORDINATES
WRITING VELOCITIES TO RESTART FILE AT STEP 900000
FINISHED WRITING RESTART VELOCITIES
PRESSURE: 1000000 619.949 98.417 826.386 98.4211 1084.66 -194.282 826.387 -194.279 1110.95
GPRESSURE: 1000000 567.844 5.60954 615.049 162.429 1304.69 -549.568 1230 175.27 1026.07
PRESSAVG: 1000000 -35.5387 63.8102 58.7791 63.8102 -117.648 -67.262 58.7791 -67.262 -53.1245
GPRESSAVG: 1000000 15.3513 54.6515 43.0562 109.899 -28.1297 -86.3592 92.0772 -79.3749 6.04135
TIMING: 1000000  CPU: 5784.94, 0.000398385/step  Wall: 5811.21, 0.000400153/step, 431.835 ns/days, 0.0555768 hours remaining, 0.000000 MB of memory in use.
PERFORMANCE: 1000000  averaging 431.194 ns/day, 0.000400747 sec/step with standard deviation 1.23732e-06
ETITLE:      TS           BOND          ANGLE          DIHED          IMPRP               ELECT            VDW       BOUNDARY           MISC        KINETIC               TOTAL           TEMP      POTENTIAL       TOTALAVG        TEMPAVG            PRESSURE      GPRESSURE         VOLUME       PRESSAVG      GPRESSAVG
FEPTITLE:    TS          BOND2         ELECT2           VDW2

ENERGY: 1000000         2.4154        10.4221         4.3133         0.0000         -10662.6721      1521.8644         0.0000         0.0000      1738.6565          -7385.0004       296.8890     -9123.6569     -7425.5481       298.0649            938.5181       966.2004     29968.2133         0.3249        81.4564
FEP:    1000000        17.1508    -10662.6721      1522.7366

WRITING EXTENDED SYSTEM TO RESTART FILE AT STEP 1000000
WRITING COORDINATES TO DCD FILE mobley_6456034_prod.dcd AT STEP 1000000
WRITING COORDINATES TO RESTART FILE AT STEP 1000000
FINISHED WRITING RESTART COORDINATES
WRITING VELOCITIES TO RESTART FILE AT STEP 1000000
FINISHED WRITING RESTART VELOCITIES
PRESSURE: 1100000 895.514 -2.20186 -5.2499 -2.20371 942.455 461.226 -5.25151 461.227 727.996
GPRESSURE: 1100000 945.68 139.053 207.978 208.776 1038.07 720.284 -167.886 846.516 719.291
PRESSAVG: 1100000 66.4325 56.9959 41.8448 56.9959 -51.8354 -37.4927 41.8448 -37.4927 6.25519
GPRESSAVG: 1100000 115.725 54.1115 42.4149 118.355 29.6631 -60.2144 62.6935 -34.0244 66.1403
ENERGY: 1100000         3.1218        13.2089         5.1438         0.0000         -10855.9512      1591.0936         0.0000         0.0000      1741.5986          -7501.7845       297.3913     -9243.3831     -7431.9011       298.0087            855.3218       901.0149     30657.4714        71.5746       149.7529
FEP:    1100000        21.4745    -10855.9512      1590.6401

WRITING EXTENDED SYSTEM TO RESTART FILE AT STEP 1100000
WRITING COORDINATES TO DCD FILE mobley_6456034_prod.dcd AT STEP 1100000
WRITING COORDINATES TO RESTART FILE AT STEP 1100000
FINISHED WRITING RESTART COORDINATES
WRITING VELOCITIES TO RESTART FILE AT STEP 1100000
FINISHED WRITING RESTART VELOCITIES
PRESSURE: 1200000 315.984 -225.101 -19.3007 -225.101 -841.025 -83.3438 -19.3012 -83.3441 -898.186
GPRESSURE: 1200000 447.71 -150.984 -16.6586 -286.002 -694.269 206.924 -33.5637 -406.078 -897.255
PRESSAVG: 1200000 101.179 40.3917 40.6222 40.3917 -21.4204 -43.2377 40.6222 -43.2377 -42.498
GPRESSAVG: 1200000 161.465 42.0757 31.384 112.614 68.1158 -52.0233 46.4528 -59.993 11.4884
ENERGY: 1200000         3.4865        10.4849         5.4521         0.0000         -10619.3978      1388.8643         0.0000         0.0000      1782.6865          -7428.4234       304.4074     -9211.1099     -7431.6336       298.5009           -474.4092      -381.2715     30230.1507        29.5759       108.9049
FEP:    1200000        19.4236    -10619.3978      1388.3980

WRITING EXTENDED SYSTEM TO RESTART FILE AT STEP 1200000
WRITING COORDINATES TO DCD FILE mobley_6456034_prod.dcd AT STEP 1200000
WRITING COORDINATES TO RESTART FILE AT STEP 1200000
FINISHED WRITING RESTART COORDINATES
WRITING VELOCITIES TO RESTART FILE AT STEP 1200000
FINISHED WRITING RESTART VELOCITIES
PRESSURE: 1300000 -58.6675 109.484 -129.206 109.486 -27.1377 -33.8753 -129.206 -33.873 -265.582
GPRESSURE: 1300000 96.1561 423.61 150.462 95.3005 -90.6911 142.031 -268.704 -151.435 -345.24
PRESSAVG: 1300000 107.997 42.5055 33.6952 42.5055 -49.9968 -48.4877 33.6952 -48.4877 -67.2567
GPRESSAVG: 1300000 182.145 59.3867 31.2369 116.453 25.2877 -49.4643 34.0535 -78.1917 -12.0905
ENERGY: 1300000         3.1220         8.4045         2.9697         0.0000         -10625.5418      1390.3333         0.0000         0.0000      1765.4102          -7455.3021       301.4574     -9220.7124     -7433.3242       298.7121           -117.1290      -113.2584     29762.7238        19.0970        93.0361
FEP:    1300000        14.4962    -10625.5418      1390.8200

WRITING EXTENDED SYSTEM TO RESTART FILE AT STEP 1300000
WRITING COORDINATES TO DCD FILE mobley_6456034_prod.dcd AT STEP 1300000
WRITING COORDINATES TO RESTART FILE AT STEP 1300000
FINISHED WRITING RESTART COORDINATES
WRITING VELOCITIES TO RESTART FILE AT STEP 1300000
FINISHED WRITING RESTART VELOCITIES
PRESSURE: 1400000 1009.14 -322.589 -49.1169 -322.591 -449.012 -85.6428 -49.1189 -85.6453 656.293
GPRESSURE: 1400000 763.84 -478.48 -157.815 -339.716 -102.767 -408.195 -81.883 38.4721 758.855
PRESSAVG: 1400000 122.913 8.61448 22.0741 8.61448 -66.0541 -54.3065 22.0741 -54.3065 -6.11385
GPRESSAVG: 1400000 189.157 32.7906 11.1334 70.0507 19.911 -43.9148 33.4348 -100.397 42.6883
ENERGY: 1400000         3.7297         8.7142         3.3758         0.0000         -10624.1273      1471.3684         0.0000         0.0000      1827.8364          -7309.1028       312.1171     -9136.9392     -7425.0428       299.6058            405.4720       473.3097     30425.1359        44.8553       118.3877
FEP:    1400000        15.8197    -10624.1273      1471.1294

WRITING EXTENDED SYSTEM TO RESTART FILE AT STEP 1400000
WRITING COORDINATES TO DCD FILE mobley_6456034_prod.dcd AT STEP 1400000
WRITING COORDINATES TO RESTART FILE AT STEP 1400000
FINISHED WRITING RESTART COORDINATES
WRITING VELOCITIES TO RESTART FILE AT STEP 1400000
FINISHED WRITING RESTART VELOCITIES
PRESSURE: 1500000 208.15 148.852 112.016 148.855 -172.724 -510.831 112.015 -510.832 -422.617
GPRESSURE: 1500000 292.719 657.29 0.820443 -36.5195 -116.604 -575.677 -12.1359 -206.273 -229.232
PRESSAVG: 1500000 152.118 -5.89925 28.3367 -5.89925 -101.086 -80.0669 28.3367 -80.0669 -30.7076
GPRESSAVG: 1500000 222.358 39.6753 31.9469 46.7405 -4.94056 -65.2822 18.8723 -119.064 12.1615
ENERGY: 1500000         4.1652        10.8776         3.6817         0.0000         -10716.3535      1453.0633         0.0000         0.0000      1720.1884          -7524.3773       293.7354     -9244.5657     -7431.2512       299.2389           -129.0637       -17.7055     30168.5246        33.9854       109.8818
FEP:    1500000        18.7245    -10716.3535      1452.6411

WRITING EXTENDED SYSTEM TO RESTART FILE AT STEP 1500000
WRITING COORDINATES TO DCD FILE mobley_6456034_prod.dcd AT STEP 1500000
WRITING COORDINATES TO RESTART FILE AT STEP 1500000
FINISHED WRITING RESTART COORDINATES
WRITING VELOCITIES TO RESTART FILE AT STEP 1500000
FINISHED WRITING RESTART VELOCITIES
TCL: Running FEP window  11: Lambda1 0.49999999999999994 Lambda2 0.5499999999999999 [dLambda 0.04999999999999999]
TCL: Setting parameter firsttimestep to 0
TCL: Setting parameter alchLambda to 0.49999999999999994
Info: NONBONDED TABLE R-SQUARED SPACING: 0.0625
Info: NONBONDED TABLE SIZE: 705 POINTS
Info: INCONSISTENCY IN FAST TABLE ENERGY VS FORCE: 0.000290481 AT 0.251946
Info: INCONSISTENCY IN SCOR TABLE ENERGY VS FORCE: 0.000238233 AT 8.9687
Info: ABSOLUTE IMPRECISION IN VDWA TABLE ENERGY: 1.21169e-27 AT 8.99653
Info: ABSOLUTE IMPRECISION IN VDWA TABLE FORCE: 2.57484e-27 AT 8.99653
Info: INCONSISTENCY IN VDWA TABLE ENERGY VS FORCE: 0.0040507 AT 0.251946
Info: INCONSISTENCY IN VDWB TABLE ENERGY VS FORCE: 0.00150189 AT 0.251946
TCL: Setting parameter alchLambda2 to 0.5499999999999999
Info: NONBONDED TABLE R-SQUARED SPACING: 0.0625
Info: NONBONDED TABLE SIZE: 705 POINTS
Info: INCONSISTENCY IN FAST TABLE ENERGY VS FORCE: 0.000290481 AT 0.251946
Info: INCONSISTENCY IN SCOR TABLE ENERGY VS FORCE: 0.000238233 AT 8.9687
Info: ABSOLUTE IMPRECISION IN VDWA TABLE ENERGY: 1.21169e-27 AT 8.99653
Info: ABSOLUTE IMPRECISION IN VDWA TABLE FORCE: 2.57484e-27 AT 8.99653
Info: INCONSISTENCY IN VDWA TABLE ENERGY VS FORCE: 0.0040507 AT 0.251946
Info: INCONSISTENCY IN VDWB TABLE ENERGY VS FORCE: 0.00150189 AT 0.251946
TCL: Running for 1500000 steps
FEP: RESETTING FOR NEW FEP WINDOW LAMBDA SET TO 0.5 LAMBDA2 0.55
FEP: WINDOW TO HAVE 100000 STEPS OF EQUILIBRATION PRIOR TO FEP DATA COLLECTION.
FEP: USING CONSTANT TEMPERATURE OF 300 K FOR FEP CALCULATION
PRESSURE: 0 141.244 142.152 91.8569 142.154 -82.7944 -468.968 91.8595 -468.967 -334.336
GPRESSURE: 0 300.541 661.833 -3.71959 -32.2789 -110.9 -577.258 -15.9406 -208.27 -222.784
ETITLE:      TS           BOND          ANGLE          DIHED          IMPRP               ELECT            VDW       BOUNDARY           MISC        KINETIC               TOTAL           TEMP      POTENTIAL       TOTALAVG        TEMPAVG            PRESSURE      GPRESSURE         VOLUME       PRESSAVG      GPRESSAVG
FEPTITLE:    TS          BOND2         ELECT2           VDW2

ENERGY:       0         4.1652        10.8776         3.6817         0.0000         -10716.3541      1452.6411         0.0000         0.0000      1719.2953          -7525.6932       293.5829     -9244.9885     -7525.6932       293.5829            -91.9620       -11.0479     30168.5246       -91.9620       -11.0479
FEP:          0        18.7245    -10716.3935      1452.5033

PRESSURE: 100000 137.072 -306.942 65.8825 -306.941 435.159 353.111 65.8845 353.109 -187.912
GPRESSURE: 100000 269.222 -77.3426 -70.7477 -571.515 556.975 532.528 339.36 -37.6013 -333.04
PRESSAVG: 100000 148.93 -13.3863 66.5596 -13.3863 -58.0166 -41.5501 66.5596 -41.5501 -89.7437
GPRESSAVG: 100000 233.963 55.0509 50.6222 1.89806 26.2294 -17.8903 54.2847 -92.0358 -49.9939
ENERGY:  100000         2.5373        11.8373         3.4272         0.0000         -10588.3571      1415.5260         0.0000         0.0000      1752.5588          -7402.4705       299.2629     -9155.0294     -7464.0818       296.4229            128.1061       164.3858     29911.8484        18.0720        76.6690
FEP:     100000        17.8017    -10588.2279      1414.7891

WRITING EXTENDED SYSTEM TO RESTART FILE AT STEP 100000
WRITING COORDINATES TO DCD FILE mobley_6456034_prod.dcd AT STEP 100000
WRITING COORDINATES TO RESTART FILE AT STEP 100000
FINISHED WRITING RESTART COORDINATES
WRITING VELOCITIES TO RESTART FILE AT STEP 100000
FINISHED WRITING RESTART VELOCITIES
PRESSURE: 200000 618.905 -185.036 384.152 -185.037 -112.464 -48.6699 384.152 -48.6651 -363.964
GPRESSURE: 200000 488.03 13.693 289.705 -420.329 45.6087 61.577 157.461 -335.42 -123.694
PRESSAVG: 200000 158.476 -34.9954 66.9168 -34.9954 -65.6286 -27.7439 66.9168 -27.7439 -144.074
GPRESSAVG: 200000 226.25 48.6261 48.1849 -34.371 19.3402 -2.65786 38.4728 -82.5404 -84.2681
ENERGY:  200000         1.1113        11.2519         3.4284         0.0000         -10610.7962      1452.8837         0.0000         0.0000      1717.7398          -7424.3812       293.3173     -9142.1210     -7450.8483       295.3877             47.4921       136.6482     30458.0259        27.8787        96.6620
FEP:     200000        15.7915    -10610.3566      1453.8004

WRITING EXTENDED SYSTEM TO RESTART FILE AT STEP 200000
WRITING COORDINATES TO DCD FILE mobley_6456034_prod.dcd AT STEP 200000
WRITING COORDINATES TO RESTART FILE AT STEP 200000
FINISHED WRITING RESTART COORDINATES
WRITING VELOCITIES TO RESTART FILE AT STEP 200000
FINISHED WRITING RESTART VELOCITIES
PRESSURE: 300000 -39.7175 -204.834 49.4103 -204.834 -1.97413 -116.68 49.4114 -116.677 979.272
GPRESSURE: 300000 121.24 -531.37 324.704 -60.0544 -183.515 -247.141 -72.1689 -83.1514 1119.04
PRESSAVG: 300000 178.621 -40.7304 95.7793 -40.7304 8.97817 -52.1164 95.7793 -52.1164 -46.6101
GPRESSAVG: 300000 254.667 37.7859 93.4291 -41.3127 88.0325 -40.6845 49.7609 -100.067 17.3527
ENERGY:  300000         4.1661        10.6573         5.3785         0.0000         -10611.1771      1439.7647         0.0000         0.0000      1758.1599          -7393.0506       300.2193     -9151.2104     -7436.3989       296.5956            312.5269       352.2554     29890.7998        99.0408       160.5604
FEP:     300000        20.2019    -10611.3381      1440.1562

WRITING EXTENDED SYSTEM TO RESTART FILE AT STEP 300000
WRITING COORDINATES TO DCD FILE mobley_6456034_prod.dcd AT STEP 300000
WRITING COORDINATES TO RESTART FILE AT STEP 300000
FINISHED WRITING RESTART COORDINATES
WRITING VELOCITIES TO RESTART FILE AT STEP 300000
FINISHED WRITING RESTART VELOCITIES
PRESSURE: 400000 -372.715 792.624 -63.4059 792.626 -151.286 85.2522 -63.4078 85.2538 -217.933
GPRESSURE: 400000 -365.28 865.592 -51.6152 773.683 -221.932 265.733 -251.724 169.527 -35.0103
PRESSAVG: 400000 185.691 3.76944 118.415 3.76944 79.6151 -65.6768 118.415 -65.6768 -3.51714
GPRESSAVG: 400000 258.195 96.8253 119.981 -6.50893 154.761 -52.7715 52.2602 -104.635 60.5162
ENERGY:  400000         4.1410        11.6531         5.3406         0.0000         -10489.4678      1347.1643         0.0000         0.0000      1748.9405          -7372.2284       298.6450     -9121.1689     -7423.5648       297.0055           -247.3112      -207.4077     29862.3259        29.7704        86.9668
FEP:     400000        21.1347    -10488.9638      1346.6204

WRITING EXTENDED SYSTEM TO RESTART FILE AT STEP 400000
WRITING COORDINATES TO DCD FILE mobley_6456034_prod.dcd AT STEP 400000
WRITING COORDINATES TO RESTART FILE AT STEP 400000
FINISHED WRITING RESTART COORDINATES
WRITING VELOCITIES TO RESTART FILE AT STEP 400000
FINISHED WRITING RESTART VELOCITIES
PRESSURE: 500000 79.377 -57.9934 497.882 -57.9946 -731.965 -206.652 497.882 -206.652 874.935
GPRESSURE: 500000 137.78 -341.207 453.891 -60.987 -644.33 -182.826 582.29 -37.7275 871.329
PRESSAVG: 500000 208.177 2.23143 143.533 2.23143 46.9519 -47.4181 143.533 -47.4181 75.0245
GPRESSAVG: 500000 284.756 67.7691 148.926 -15.019 125.825 -41.824 91.1877 -65.14 129.686
ENERGY:  500000         2.7056         9.6801         5.3066         0.0000         -10619.8906      1430.3938         0.0000         0.0000      1821.4045          -7350.4000       311.0188     -9171.8045     -7411.3706       299.3410             74.1156       121.5928     30109.4271        37.1613        92.7378
FEP:     500000        17.6923    -10619.7912      1430.2006

WRITING EXTENDED SYSTEM TO RESTART FILE AT STEP 500000
WRITING COORDINATES TO DCD FILE mobley_6456034_prod.dcd AT STEP 500000
WRITING COORDINATES TO RESTART FILE AT STEP 500000
FINISHED WRITING RESTART COORDINATES
WRITING VELOCITIES TO RESTART FILE AT STEP 500000
FINISHED WRITING RESTART VELOCITIES
PRESSURE: 600000 -366.975 176.708 699.334 176.709 -618.868 -324.93 699.331 -324.929 -912.416
GPRESSURE: 600000 -543.1 237.951 724.017 215.881 -440.071 -520.623 710.193 -559.801 -851.696
PRESSAVG: 600000 140.924 -1.88419 173.521 -1.88419 14.8898 -70.5427 173.521 -70.5427 39.0422
GPRESSAVG: 600000 193.848 63.2014 169.704 -5.8578 100.474 -80.261 121.623 -108.084 104.201
ENERGY:  600000         5.1279        10.9904         3.8572         0.0000         -10549.5804      1372.8130         0.0000         0.0000      1782.3214          -7374.4704       304.3451     -9156.7919     -7406.0992       300.0559           -632.7532      -611.6224     30489.2717       -58.5408        -7.8851
FEP:     600000        19.9755    -10549.3684      1373.3556

WRITING EXTENDED SYSTEM TO RESTART FILE AT STEP 600000
WRITING COORDINATES TO DCD FILE mobley_6456034_prod.dcd AT STEP 600000
WRITING COORDINATES TO RESTART FILE AT STEP 600000
FINISHED WRITING RESTART COORDINATES
WRITING VELOCITIES TO RESTART FILE AT STEP 600000
FINISHED WRITING RESTART VELOCITIES
PRESSURE: 700000 130.343 179.316 36.0352 179.317 68.163 -461.493 36.038 -461.492 253.877
GPRESSURE: 700000 100.998 327.051 196.073 357.259 114.422 -3.12766 46.9797 -608.695 470.909
PRESSAVG: 700000 165.431 -4.31707 181.95 -4.31707 -34.1776 -91.0035 181.95 -91.0035 33.0636
GPRESSAVG: 700000 206.71 65.379 191.276 3.71593 55.9527 -57.7307 133.942 -127.544 102.612
ENERGY:  700000         1.7529         9.7916         3.2511         0.0000         -10684.3862      1443.9059         0.0000         0.0000      1760.0879          -7465.5968       300.5485     -9225.6847     -7413.5364       300.1175            150.7944       228.7760     29891.5258       -32.3739        21.6975
FEP:     700000        14.7956    -10683.9244      1443.5457

WRITING EXTENDED SYSTEM TO RESTART FILE AT STEP 700000
WRITING COORDINATES TO DCD FILE mobley_6456034_prod.dcd AT STEP 700000
WRITING COORDINATES TO RESTART FILE AT STEP 700000
FINISHED WRITING RESTART COORDINATES
WRITING VELOCITIES TO RESTART FILE AT STEP 700000
FINISHED WRITING RESTART VELOCITIES
PRESSURE: 800000 1497.13 -367.893 41.1957 -367.892 162.89 -198.764 41.1988 -198.763 1791.43
GPRESSURE: 800000 1379.07 -808.5 78.1957 -362.093 142.687 -199.817 10.7441 -436.169 1913.34
PRESSAVG: 800000 251.635 4.52548 170.709 4.52548 -52.1879 -77.7996 170.709 -77.7996 107.965
GPRESSAVG: 800000 281.357 53.3103 165.647 -1.42715 35.8713 -39.4677 145.756 -122.408 179.443
ENERGY:  800000         1.4593        15.6670         3.6733         0.0000         -10736.5930      1536.6681         0.0000         0.0000      1735.0226          -7444.1027       296.2684     -9179.1252     -7416.9326       299.6898           1150.4849      1145.0294     29901.5498        99.0548       146.5122
FEP:     800000        20.7996    -10736.7261      1537.1830

WRITING EXTENDED SYSTEM TO RESTART FILE AT STEP 800000
WRITING COORDINATES TO DCD FILE mobley_6456034_prod.dcd AT STEP 800000
WRITING COORDINATES TO RESTART FILE AT STEP 800000
FINISHED WRITING RESTART COORDINATES
WRITING VELOCITIES TO RESTART FILE AT STEP 800000
FINISHED WRITING RESTART VELOCITIES
PRESSURE: 900000 1110.8 -240.667 -68.0817 -240.667 671.84 651.394 -68.0801 651.396 1377.02
GPRESSURE: 900000 1171.49 -404.303 177.55 -61.3866 733.565 579.39 -87.5565 556.263 1474.8
PRESSAVG: 900000 281.906 -0.41038 156.63 -0.41038 6.62995 -49.9078 156.63 -49.9078 188.155
GPRESSAVG: 900000 303.399 45.7286 161.024 10.3224 86.727 -28.441 130.753 -83.2328 266.84
ENERGY:  900000         0.8551        11.8160         2.6813         0.0000         -10843.7279      1573.4119         0.0000         0.0000      1744.3124          -7510.6512       297.8547     -9254.9636     -7426.3045       299.5063           1053.2194      1126.6182     29884.4402       194.4713       244.5228
FEP:     900000        15.3524    -10843.6998      1572.9008

WRITING EXTENDED SYSTEM TO RESTART FILE AT STEP 900000
WRITING COORDINATES TO DCD FILE mobley_6456034_prod.dcd AT STEP 900000
WRITING COORDINATES TO RESTART FILE AT STEP 900000
FINISHED WRITING RESTART COORDINATES
WRITING VELOCITIES TO RESTART FILE AT STEP 900000
FINISHED WRITING RESTART VELOCITIES
PRESSURE: 1000000 988.387 487.183 -640.246 487.182 477.794 714.532 -640.246 714.53 -1234.37
GPRESSURE: 1000000 941.948 390.46 -496.229 481.19 493.815 649.914 -595.7 484.802 -915.189
PRESSAVG: 1000000 334.814 28.044 117.267 28.044 35.5199 -0.332327 117.267 -0.332327 137.423
GPRESSAVG: 1000000 349.882 76.2516 129.601 29.6364 108.7 12.229 83.0587 -28.9477 229.754
TIMING: 1000000  CPU: 6380.63, 0.000396389/step  Wall: 6409.95, 0.000398396/step, 433.739 ns/days, 0.0553328 hours remaining, 0.000000 MB of memory in use.
PERFORMANCE: 1000000  averaging 431.425 ns/day, 0.000400534 sec/step with standard deviation 1.37127e-06
ETITLE:      TS           BOND          ANGLE          DIHED          IMPRP               ELECT            VDW       BOUNDARY           MISC        KINETIC               TOTAL           TEMP      POTENTIAL       TOTALAVG        TEMPAVG            PRESSURE      GPRESSURE         VOLUME       PRESSAVG      GPRESSAVG
FEPTITLE:    TS          BOND2         ELECT2           VDW2

ENERGY: 1000000         2.0791        12.7360         2.9970         0.0000         -10598.3966      1444.1899         0.0000         0.0000      1751.9737          -7384.4210       299.1630     -9136.3947     -7422.4969       299.4751             77.2697       173.5246     30285.0771       183.8166       238.0684
FEP:    1000000        17.8120    -10598.5321      1444.6018

WRITING EXTENDED SYSTEM TO RESTART FILE AT STEP 1000000
WRITING COORDINATES TO DCD FILE mobley_6456034_prod.dcd AT STEP 1000000
WRITING COORDINATES TO RESTART FILE AT STEP 1000000
FINISHED WRITING RESTART COORDINATES
WRITING VELOCITIES TO RESTART FILE AT STEP 1000000
FINISHED WRITING RESTART VELOCITIES
PRESSURE: 1100000 778.721 -723.569 -455.735 -723.572 -420.737 570.525 -455.737 570.525 105.314
GPRESSURE: 1100000 682.028 -686.161 -114.475 -348.397 -408.219 527.575 -823.722 881.325 249.477
PRESSAVG: 1100000 391.679 0.300755 86.0558 0.300755 31.6563 4.553 86.0558 4.553 155.999
GPRESSAVG: 1100000 398.695 42.6886 112.654 23.5679 102.031 11.5593 48.6922 3.28812 252.034
ENERGY: 1100000         4.4791        10.7364         3.4257         0.0000         -10656.5091      1475.7658         0.0000         0.0000      1774.2768          -7387.8254       302.9714     -9162.1022     -7419.6076       299.7664            154.4326       174.4285     30688.6457       181.3679       232.7651
FEP:    1100000        18.6412    -10656.7075      1475.8092

WRITING EXTENDED SYSTEM TO RESTART FILE AT STEP 1100000
WRITING COORDINATES TO DCD FILE mobley_6456034_prod.dcd AT STEP 1100000
WRITING COORDINATES TO RESTART FILE AT STEP 1100000
FINISHED WRITING RESTART COORDINATES
WRITING VELOCITIES TO RESTART FILE AT STEP 1100000
FINISHED WRITING RESTART VELOCITIES
PRESSURE: 1200000 -992.521 -17.1789 -294.287 -17.1788 -354.729 449.772 -294.288 449.77 -126.381
GPRESSURE: 1200000 -951.144 -191.647 -415.81 -88.7384 39.0211 269.37 -219.246 247.514 -264.352
PRESSAVG: 1200000 325.837 -2.46263 42.5549 -2.46263 7.62689 30.1809 42.5549 30.1809 124.265
GPRESSAVG: 1200000 335.337 28.0348 70.9229 10.2875 93.3285 31.3979 17.3991 19.2876 196.843
ENERGY: 1200000         2.4339        11.0644         2.9734         0.0000         -10484.3147      1341.0474         0.0000         0.0000      1759.6157          -7367.1798       300.4679     -9126.7956     -7415.5747       299.8204           -491.2106      -392.1584     30400.7529       129.6311       184.6940
FEP:    1200000        16.4717    -10485.0461      1340.7557

WRITING EXTENDED SYSTEM TO RESTART FILE AT STEP 1200000
WRITING COORDINATES TO DCD FILE mobley_6456034_prod.dcd AT STEP 1200000
WRITING COORDINATES TO RESTART FILE AT STEP 1200000
FINISHED WRITING RESTART COORDINATES
WRITING VELOCITIES TO RESTART FILE AT STEP 1200000
FINISHED WRITING RESTART VELOCITIES
PRESSURE: 1300000 -25.1828 -160.951 -31.5943 -160.952 -381.741 -101.086 -31.5967 -101.081 -463.683
GPRESSURE: 1300000 -2.90192 -250.381 -182.87 175.824 -320.663 -50.0254 -37.0354 60.2325 -302.464
PRESSAVG: 1300000 333.746 -34.0106 52.3963 -34.0106 -25.175 22.5305 52.3963 22.5305 122.485
GPRESSAVG: 1300000 342.193 -9.91171 85.4253 -9.88378 56.7445 32.0534 20.488 19.465 204.158
ENERGY: 1300000         2.8064        11.4389         3.9151         0.0000         -10690.5137      1425.2132         0.0000         0.0000      1728.2833          -7518.8568       295.1176     -9247.1401     -7422.9520       299.4845           -290.2021      -208.6761     30211.5345        99.6430       156.5962
FEP:    1300000        18.1604    -10690.1138      1425.7982

WRITING EXTENDED SYSTEM TO RESTART FILE AT STEP 1300000
WRITING COORDINATES TO DCD FILE mobley_6456034_prod.dcd AT STEP 1300000
WRITING COORDINATES TO RESTART FILE AT STEP 1300000
FINISHED WRITING RESTART COORDINATES
WRITING VELOCITIES TO RESTART FILE AT STEP 1300000
FINISHED WRITING RESTART VELOCITIES
PRESSURE: 1400000 -75.6995 -310.546 102.658 -310.547 -238.446 -95.4641 102.658 -95.4649 -257.304
GPRESSURE: 1400000 233.561 -275.68 -45.9528 -464.62 -402.019 -229.939 155.796 9.42674 -215.6
PRESSAVG: 1400000 298.964 -54.459 16.2098 -54.459 -91.3302 27.4712 16.2098 27.4712 54.0728
GPRESSAVG: 1400000 325.479 -23.9762 52.3752 -41.2363 -28.5907 48.0348 -33.222 11.1729 142.074
ENERGY: 1400000         5.4455         7.6620         5.8115         0.0000         -10497.1112      1375.0265         0.0000         0.0000      1780.0778          -7323.0879       303.9620     -9103.1657     -7416.2944       299.7830           -190.4832      -128.0191     30092.0427        80.3013       137.6218
FEP:    1400000        18.9189    -10497.2214      1376.2818

WRITING EXTENDED SYSTEM TO RESTART FILE AT STEP 1400000
WRITING COORDINATES TO DCD FILE mobley_6456034_prod.dcd AT STEP 1400000
WRITING COORDINATES TO RESTART FILE AT STEP 1400000
FINISHED WRITING RESTART COORDINATES
WRITING VELOCITIES TO RESTART FILE AT STEP 1400000
FINISHED WRITING RESTART VELOCITIES
PRESSURE: 1500000 297.616 133.591 -383.503 133.59 -558.681 -368.185 -383.502 -368.186 -391.217
GPRESSURE: 1500000 283.873 105.836 -112.182 34.3008 -575.57 -324.646 -390.311 -578.424 -146.065
PRESSAVG: 1500000 269.069 -47.6693 -2.70274 -47.6693 -166.387 -13.9994 -2.70274 -13.9994 -1.88788
GPRESSAVG: 1500000 292.389 -25.6371 36.3672 -49.96 -109.273 -4.21173 -44.3433 -60.0742 98.8064
ENERGY: 1500000         2.1164        10.4340         3.5007         0.0000         -10560.0646      1389.6619         0.0000         0.0000      1711.1162          -7443.2353       292.1862     -9154.3515     -7417.9782       299.3082           -217.4273      -145.9206     30220.6845        61.6933       119.9004
FEP:    1500000        16.0511    -10560.4201      1389.1825

WRITING EXTENDED SYSTEM TO RESTART FILE AT STEP 1500000
WRITING COORDINATES TO DCD FILE mobley_6456034_prod.dcd AT STEP 1500000
WRITING COORDINATES TO RESTART FILE AT STEP 1500000
FINISHED WRITING RESTART COORDINATES
WRITING VELOCITIES TO RESTART FILE AT STEP 1500000
FINISHED WRITING RESTART VELOCITIES
TCL: Running FEP window  12: Lambda1 0.5499999999999999 Lambda2 0.6    [dLambda 0.050000000000000044]
TCL: Setting parameter firsttimestep to 0
TCL: Setting parameter alchLambda to 0.5499999999999999
Info: NONBONDED TABLE R-SQUARED SPACING: 0.0625
Info: NONBONDED TABLE SIZE: 705 POINTS
Info: INCONSISTENCY IN FAST TABLE ENERGY VS FORCE: 0.000290481 AT 0.251946
Info: INCONSISTENCY IN SCOR TABLE ENERGY VS FORCE: 0.000238233 AT 8.9687
Info: ABSOLUTE IMPRECISION IN VDWA TABLE ENERGY: 1.21169e-27 AT 8.99653
Info: ABSOLUTE IMPRECISION IN VDWA TABLE FORCE: 2.57484e-27 AT 8.99653
Info: INCONSISTENCY IN VDWA TABLE ENERGY VS FORCE: 0.0040507 AT 0.251946
Info: INCONSISTENCY IN VDWB TABLE ENERGY VS FORCE: 0.00150189 AT 0.251946
TCL: Setting parameter alchLambda2 to 0.6
Info: NONBONDED TABLE R-SQUARED SPACING: 0.0625
Info: NONBONDED TABLE SIZE: 705 POINTS
Info: INCONSISTENCY IN FAST TABLE ENERGY VS FORCE: 0.000290481 AT 0.251946
Info: INCONSISTENCY IN SCOR TABLE ENERGY VS FORCE: 0.000238233 AT 8.9687
Info: ABSOLUTE IMPRECISION IN VDWA TABLE ENERGY: 1.21169e-27 AT 8.99653
Info: ABSOLUTE IMPRECISION IN VDWA TABLE FORCE: 2.57484e-27 AT 8.99653
Info: INCONSISTENCY IN VDWA TABLE ENERGY VS FORCE: 0.0040507 AT 0.251946
Info: INCONSISTENCY IN VDWB TABLE ENERGY VS FORCE: 0.00150189 AT 0.251946
TCL: Running for 1500000 steps
FEP: RESETTING FOR NEW FEP WINDOW LAMBDA SET TO 0.55 LAMBDA2 0.6
FEP: WINDOW TO HAVE 100000 STEPS OF EQUILIBRATION PRIOR TO FEP DATA COLLECTION.
FEP: USING CONSTANT TEMPERATURE OF 300 K FOR FEP CALCULATION
PRESSURE: 0 208.087 97.9898 -266.879 97.9896 -490.438 -366.781 -266.879 -366.781 -400.081
GPRESSURE: 0 286.444 109.301 -111.73 38.0743 -574.022 -322.943 -392.145 -575.521 -141.483
ETITLE:      TS           BOND          ANGLE          DIHED          IMPRP               ELECT            VDW       BOUNDARY           MISC        KINETIC               TOTAL           TEMP      POTENTIAL       TOTALAVG        TEMPAVG            PRESSURE      GPRESSURE         VOLUME       PRESSAVG      GPRESSAVG
FEPTITLE:    TS          BOND2         ELECT2           VDW2

ENERGY:       0         2.1164        10.4340         3.5007         0.0000         -10560.4212      1389.1823         0.0000         0.0000      1710.2473          -7444.9404       292.0379     -9155.1877     -7444.9404       292.0379           -227.4772      -143.0204     30220.6845      -227.4772      -143.0204
FEP:          0        16.0511    -10560.7767      1388.9625

PRESSURE: 100000 -674.816 -93.1382 260.56 -93.1371 -304.384 -144.947 260.557 -144.948 614.328
GPRESSURE: 100000 -455.431 -205.14 489.453 114.253 -220.941 -191.636 42.7334 75.2018 710.083
PRESSAVG: 100000 232.867 -41.646 4.4065 -41.646 -162.72 -33.725 4.4065 -33.725 67.0129
GPRESSAVG: 100000 256.746 -44.0603 48.5631 -32.8086 -109.773 -47.3885 -46.7005 -57.2145 189.361
ENERGY:  100000         3.0333        10.6286         2.9487         0.0000         -10560.6139      1393.7085         0.0000         0.0000      1771.0381          -7379.2567       302.4184     -9150.2948     -7412.0986       297.2281           -121.6239        11.2368     30036.1676      -174.5505       -65.8918
FEP:     100000        16.6106    -10561.0311      1393.1423

WRITING EXTENDED SYSTEM TO RESTART FILE AT STEP 100000
WRITING COORDINATES TO DCD FILE mobley_6456034_prod.dcd AT STEP 100000
WRITING COORDINATES TO RESTART FILE AT STEP 100000
FINISHED WRITING RESTART COORDINATES
WRITING VELOCITIES TO RESTART FILE AT STEP 100000
FINISHED WRITING RESTART VELOCITIES
PRESSURE: 200000 94.3996 71.1649 157.79 71.1656 190.774 69.3727 157.786 69.3737 -149.157
GPRESSURE: 200000 65.9152 265.661 -145.847 640.356 296.443 113.82 59.0997 61.9025 86.384
PRESSAVG: 200000 187.13 -21.9582 14.7517 -21.9582 -130.731 -25.9741 14.7517 -25.9741 26.7404
GPRESSAVG: 200000 221.85 -6.85321 49.1615 16.195 -89.8125 -21.2877 -39.6514 -56.043 155.738
ENERGY:  200000         1.1997        12.4667         3.3961         0.0000         -10528.3225      1401.4466         0.0000         0.0000      1736.6782          -7373.1353       296.5511     -9109.8135     -7399.1108       297.0025             45.3389       149.5808     30095.4666      -101.2541         5.9324
FEP:     200000        17.0624    -10528.4218      1401.3033

WRITING EXTENDED SYSTEM TO RESTART FILE AT STEP 200000
WRITING COORDINATES TO DCD FILE mobley_6456034_prod.dcd AT STEP 200000
WRITING COORDINATES TO RESTART FILE AT STEP 200000
FINISHED WRITING RESTART COORDINATES
WRITING VELOCITIES TO RESTART FILE AT STEP 200000
FINISHED WRITING RESTART VELOCITIES
PRESSURE: 300000 1547.63 -185.256 -52.0636 -185.258 125.063 -207.159 -52.061 -207.161 -156.693
GPRESSURE: 300000 1621.84 64.3083 -515.238 -329.028 137.841 -151.53 297.975 -78.4861 -39.455
PRESSAVG: 300000 254.104 -38.6638 6.54795 -38.6638 -115.841 -10.7906 6.54795 -10.7906 40.0366
GPRESSAVG: 300000 288.306 -36.5023 23.3586 1.56958 -77.0903 -0.0803161 -24.1458 -49.6536 165.226
ENERGY:  300000         1.6974        13.1788         7.4526         0.0000         -10565.6899      1464.9690         0.0000         0.0000      1787.2185          -7291.1737       305.1813     -9078.3922     -7372.1265       299.0472            505.3341       573.4079     30554.7691        50.3930       147.8013
FEP:     300000        22.3288    -10565.4628      1465.1736

WRITING EXTENDED SYSTEM TO RESTART FILE AT STEP 300000
WRITING COORDINATES TO DCD FILE mobley_6456034_prod.dcd AT STEP 300000
WRITING COORDINATES TO RESTART FILE AT STEP 300000
FINISHED WRITING RESTART COORDINATES
WRITING VELOCITIES TO RESTART FILE AT STEP 300000
FINISHED WRITING RESTART VELOCITIES
PRESSURE: 400000 869.849 287.805 -43.8537 287.808 609.007 127.622 -43.8544 127.62 550.152
GPRESSURE: 400000 1016.7 20.9751 -138.612 36.7501 781.684 301.84 154.987 -463.887 350.879
PRESSAVG: 400000 290.535 -31.3811 -0.237742 -31.3811 -81.2512 19.0388 -0.237742 19.0388 84.261
GPRESSAVG: 400000 324.114 -68.5452 16.6139 5.02104 -32.4611 43.8746 -15.5994 -62.4345 193.91
ENERGY:  400000         1.9799        15.4774         4.1717         0.0000         -10756.9787      1510.9797         0.0000         0.0000      1823.4456          -7400.9243       311.3674     -9224.3699     -7377.8861       301.5112            676.3360       716.4211     30158.5767       175.5816       261.5252
FEP:     400000        21.6291    -10757.1503      1510.6625

WRITING EXTENDED SYSTEM TO RESTART FILE AT STEP 400000
WRITING COORDINATES TO DCD FILE mobley_6456034_prod.dcd AT STEP 400000
WRITING COORDINATES TO RESTART FILE AT STEP 400000
FINISHED WRITING RESTART COORDINATES
WRITING VELOCITIES TO RESTART FILE AT STEP 400000
FINISHED WRITING RESTART VELOCITIES
PRESSURE: 500000 -399.415 541.344 -270.754 541.346 350.645 -53.3186 -270.749 -53.3161 -387.466
GPRESSURE: 500000 -287.436 560.796 -187.376 702.697 350.078 -9.75009 -154.479 240.938 -480.197
PRESSAVG: 500000 263.71 11.0332 -17.0694 11.0332 -85.4769 -1.28247 -17.0694 -1.28247 74.2833
GPRESSAVG: 500000 296.281 -36.6382 10.7825 68.7316 -42.8059 16.7607 -40.2914 -48.5075 186.552
ENERGY:  500000         1.7876        12.0310         2.2944         0.0000         -10580.8293      1400.1512         0.0000         0.0000      1773.1122          -7391.4529       302.7725     -9164.5651     -7380.1472       301.7214           -145.4120      -139.1849     30297.8137       122.0827       194.7402
FEP:     500000        16.1130    -10581.1451      1400.2003

WRITING EXTENDED SYSTEM TO RESTART FILE AT STEP 500000
WRITING COORDINATES TO DCD FILE mobley_6456034_prod.dcd AT STEP 500000
WRITING COORDINATES TO RESTART FILE AT STEP 500000
FINISHED WRITING RESTART COORDINATES
WRITING VELOCITIES TO RESTART FILE AT STEP 500000
FINISHED WRITING RESTART VELOCITIES
PRESSURE: 600000 -336.992 -241.932 -624.937 -241.932 421.394 90.6816 -624.94 90.6776 483.815
GPRESSURE: 600000 -462.901 -275.265 -643.546 95.2454 570.78 50.8453 -736.366 93.252 375.362
PRESSAVG: 600000 215.915 8.18846 -67.524 8.18846 -58.784 5.68466 -67.524 5.68466 116.672
GPRESSAVG: 600000 248.734 -51.0861 -35.88 94.5103 -16.5473 16.2241 -84.9827 -27.0739 211.504
ENERGY:  600000         2.3322        12.9784         3.4239         0.0000         -10532.0316      1409.7594         0.0000         0.0000      1767.5598          -7335.9779       301.8244     -9103.5377     -7373.8373       301.7361            189.4055       161.0805     30205.4912       131.7002       189.9317
FEP:     600000        18.7345    -10532.2375      1409.8294

WRITING EXTENDED SYSTEM TO RESTART FILE AT STEP 600000
WRITING COORDINATES TO DCD FILE mobley_6456034_prod.dcd AT STEP 600000
WRITING COORDINATES TO RESTART FILE AT STEP 600000
FINISHED WRITING RESTART COORDINATES
WRITING VELOCITIES TO RESTART FILE AT STEP 600000
FINISHED WRITING RESTART VELOCITIES
PRESSURE: 700000 234.828 76.6954 -582.508 76.6928 -625.121 216.983 -582.512 216.983 -154.281
GPRESSURE: 700000 99.4924 -136.335 -798.87 96.2805 -415.121 212.492 -439.345 28.3457 50.592
PRESSAVG: 700000 229.643 22.2648 -99.1202 22.2648 -89.9413 22.3677 -99.1202 22.3677 59.9945
GPRESSAVG: 700000 247.647 -31.3344 -92.0587 102.327 -28.1276 39.2058 -103.342 -21.4991 158.082
ENERGY:  700000         1.1924        12.3407         1.9757         0.0000         -10635.5402      1421.0596         0.0000         0.0000      1723.1682          -7475.8036       294.2442     -9198.9718     -7386.5831       300.7996           -181.5249       -88.3454     30088.2477        92.5471       155.1470
FEP:     700000        15.5088    -10635.1986      1421.0011

WRITING EXTENDED SYSTEM TO RESTART FILE AT STEP 700000
WRITING COORDINATES TO DCD FILE mobley_6456034_prod.dcd AT STEP 700000
WRITING COORDINATES TO RESTART FILE AT STEP 700000
FINISHED WRITING RESTART COORDINATES
WRITING VELOCITIES TO RESTART FILE AT STEP 700000
FINISHED WRITING RESTART VELOCITIES
PRESSURE: 800000 -151.431 -174.326 237.591 -174.327 221.27 63.0145 237.592 63.013 814.56
GPRESSURE: 800000 10.2935 -25.5283 -206.78 -137.228 303.449 4.70609 362.446 154.043 680.7
PRESSAVG: 800000 240.707 -26.0828 -84.0702 -26.0828 -71.3135 21.2556 -84.0702 21.2556 111.619
GPRESSAVG: 800000 266.425 -75.8904 -99.817 56.7816 -1.85854 26.1544 -72.633 -22.2733 193.868
ENERGY:  800000         3.3958        13.6633         5.9328         0.0000         -10607.5033      1439.8389         0.0000         0.0000      1761.9366          -7382.7359       300.8642     -9144.6725     -7386.1556       300.8068            294.7999       331.4806     29897.1029       115.0196       174.7396
FEP:     800000        22.9919    -10607.9348      1439.9480

WRITING EXTENDED SYSTEM TO RESTART FILE AT STEP 800000
WRITING COORDINATES TO DCD FILE mobley_6456034_prod.dcd AT STEP 800000
WRITING COORDINATES TO RESTART FILE AT STEP 800000
FINISHED WRITING RESTART COORDINATES
WRITING VELOCITIES TO RESTART FILE AT STEP 800000
FINISHED WRITING RESTART VELOCITIES
PRESSURE: 900000 -680.777 876.147 -73.3021 876.148 -1029.26 193.509 -73.3031 193.512 -483.987
GPRESSURE: 900000 -585.88 648.211 -255.722 744.413 -953.927 249.528 67.3541 90.788 -446.483
PRESSAVG: 900000 202.699 20.6243 -112.629 20.6243 -86.1785 41.2638 -112.629 41.2638 43.6731
GPRESSAVG: 900000 230.242 -26.4195 -135.298 97.0516 -17.3384 47.7722 -98.3798 -15.8475 127.977
ENERGY:  900000        10.3687         9.8404         5.4833         0.0000         -10584.4296      1385.8379         0.0000         0.0000      1718.4767          -7454.4225       293.4431     -9172.8992     -7392.9823       300.0704           -731.3430      -662.0966     30180.5377        30.3833        91.0560
FEP:     900000        25.6925    -10584.7135      1386.0174

WRITING EXTENDED SYSTEM TO RESTART FILE AT STEP 900000
WRITING COORDINATES TO DCD FILE mobley_6456034_prod.dcd AT STEP 900000
WRITING COORDINATES TO RESTART FILE AT STEP 900000
FINISHED WRITING RESTART COORDINATES
WRITING VELOCITIES TO RESTART FILE AT STEP 900000
FINISHED WRITING RESTART VELOCITIES
PRESSURE: 1000000 -1352.19 27.4218 398.543 27.4235 116.848 -545.655 398.541 -545.657 -419.988
GPRESSURE: 1000000 -901.468 -74.3306 337.103 263.357 32.6273 -453.546 308.816 -141.071 -599.107
PRESSAVG: 1000000 153.439 13.16 -127.669 13.16 -49.3927 30.2274 -127.669 30.2274 68.2945
GPRESSAVG: 1000000 212.324 -42.0336 -154.643 99.4254 6.29657 51.126 -118.449 5.08904 140.606
TIMING: 1000000  CPU: 6974.8, 0.000396007/step  Wall: 7007.39, 0.000398169/step, 433.986 ns/days, 0.0553013 hours remaining, 0.000000 MB of memory in use.
PERFORMANCE: 1000000  averaging 431.637 ns/day, 0.000400337 sec/step with standard deviation 1.4749e-06
ETITLE:      TS           BOND          ANGLE          DIHED          IMPRP               ELECT            VDW       BOUNDARY           MISC        KINETIC               TOTAL           TEMP      POTENTIAL       TOTALAVG        TEMPAVG            PRESSURE      GPRESSURE         VOLUME       PRESSAVG      GPRESSAVG
FEPTITLE:    TS          BOND2         ELECT2           VDW2

ENERGY: 1000000         2.3004        16.1799         2.8541         0.0000         -10541.7233      1379.0417         0.0000         0.0000      1769.1291          -7372.2181       302.0924     -9141.3472     -7391.0947       300.2543           -551.7751      -489.3160     30437.8130       -22.5402        38.2949
FEP:    1000000        21.3344    -10541.4833      1378.4065

WRITING EXTENDED SYSTEM TO RESTART FILE AT STEP 1000000
WRITING COORDINATES TO DCD FILE mobley_6456034_prod.dcd AT STEP 1000000
WRITING COORDINATES TO RESTART FILE AT STEP 1000000
FINISHED WRITING RESTART COORDINATES
WRITING VELOCITIES TO RESTART FILE AT STEP 1000000
FINISHED WRITING RESTART VELOCITIES
PRESSURE: 1100000 304.711 143.307 -11.8051 143.307 542.067 198.857 -11.8066 198.86 -64.4932
GPRESSURE: 1100000 520.267 -72.4042 352.446 257.365 578.041 500.888 -46.7668 30.9884 -4.39914
PRESSAVG: 1100000 162.157 11.3595 -130.061 11.3595 -25.6975 63.245 -130.061 63.245 52.376
GPRESSAVG: 1100000 233.288 -62.0064 -146.825 94.4307 29.4775 76.3268 -123.136 37.0732 116.841
ENERGY: 1100000         2.5571        10.9002         3.1359         0.0000         -10657.3932      1453.2811         0.0000         0.0000      1742.2653          -7445.2536       297.5052     -9187.5189     -7395.6079       300.0252            260.7616       364.6361     30254.7492         1.0683        65.4900
FEP:    1100000        16.5932    -10657.5667      1453.1247

WRITING EXTENDED SYSTEM TO RESTART FILE AT STEP 1100000
WRITING COORDINATES TO DCD FILE mobley_6456034_prod.dcd AT STEP 1100000
WRITING COORDINATES TO RESTART FILE AT STEP 1100000
FINISHED WRITING RESTART COORDINATES
WRITING VELOCITIES TO RESTART FILE AT STEP 1100000
FINISHED WRITING RESTART VELOCITIES
PRESSURE: 1200000 -266.686 259.203 -534.261 259.203 -216.512 -103.123 -534.263 -103.124 136.97
GPRESSURE: 1200000 -149.108 220.576 -474.036 488.478 -108.348 160.653 -814.411 -477.594 163.55
PRESSAVG: 1200000 73.9661 42.7143 -158.834 42.7143 -44.6676 68.027 -158.834 68.027 -30.3472
GPRESSAVG: 1200000 156.879 -10.5526 -174.436 136.959 16.9258 94.3503 -164.394 35.0019 29.3517
ENERGY: 1200000         2.8790         6.5311         5.6335         0.0000         -10515.6167      1404.1827         0.0000         0.0000      1686.6900          -7409.7004       288.0153     -9096.3904     -7396.6919       299.1013           -115.4092       -31.3017     30525.7150        -7.8915        58.0445
FEP:    1200000        15.0436    -10516.0166      1405.0469

WRITING EXTENDED SYSTEM TO RESTART FILE AT STEP 1200000
WRITING COORDINATES TO DCD FILE mobley_6456034_prod.dcd AT STEP 1200000
WRITING COORDINATES TO RESTART FILE AT STEP 1200000
FINISHED WRITING RESTART COORDINATES
WRITING VELOCITIES TO RESTART FILE AT STEP 1200000
FINISHED WRITING RESTART VELOCITIES
PRESSURE: 1300000 -253.81 -645.254 465.845 -645.254 -276.796 -57.6783 465.844 -57.6762 -88.2457
GPRESSURE: 1300000 -284.124 -564.789 473.315 -568.429 -275.541 10.6657 477.627 -264.179 250.741
PRESSAVG: 1300000 5.73577 22.4849 -132.138 22.4849 -92.0994 32.5733 -132.138 32.5733 -103.61
GPRESSAVG: 1300000 84.0983 -18.5769 -159.648 111.607 -33.5295 65.9141 -136.135 -6.02016 -31.8514
ENERGY: 1300000         2.1970        11.9623         3.2640         0.0000         -10608.9979      1413.1517         0.0000         0.0000      1742.5708          -7435.8522       297.5573     -9178.4229     -7399.4891       298.9910           -206.2837      -102.9747     30471.4790       -22.0624        46.5431
FEP:    1300000        17.4233    -10610.2390      1413.6406

WRITING EXTENDED SYSTEM TO RESTART FILE AT STEP 1300000
WRITING COORDINATES TO DCD FILE mobley_6456034_prod.dcd AT STEP 1300000
WRITING COORDINATES TO RESTART FILE AT STEP 1300000
FINISHED WRITING RESTART COORDINATES
WRITING VELOCITIES TO RESTART FILE AT STEP 1300000
FINISHED WRITING RESTART VELOCITIES
PRESSURE: 1400000 -35.4619 -613.809 -39.7527 -613.81 624.686 25.7698 -39.7546 25.7688 14.3842
GPRESSURE: 1400000 4.77764 -600.554 -107.303 -375.455 710.394 222.721 -51.5372 278.852 74.7445
PRESSAVG: 1400000 -45.4567 -32.5647 -102.113 -32.5647 -84.7547 -1.86473 -102.113 -1.86473 -41.1727
GPRESSAVG: 1400000 37.2398 -68.1276 -140.202 68.7749 -22.7005 44.5544 -108.926 -16.3176 17.6453
ENERGY: 1400000         2.7626        12.2763         5.6886         0.0000         -10650.2998      1433.0644         0.0000         0.0000      1752.5063          -7444.0017       299.2539     -9196.5079     -7402.4566       299.0086            201.2029       263.3054     29915.9503        -7.1780        60.9940
FEP:    1400000        20.7275    -10650.7475      1433.7294

WRITING EXTENDED SYSTEM TO RESTART FILE AT STEP 1400000
WRITING COORDINATES TO DCD FILE mobley_6456034_prod.dcd AT STEP 1400000
WRITING COORDINATES TO RESTART FILE AT STEP 1400000
FINISHED WRITING RESTART COORDINATES
WRITING VELOCITIES TO RESTART FILE AT STEP 1400000
FINISHED WRITING RESTART VELOCITIES
PRESSURE: 1500000 -397.916 191.927 284.305 191.929 -490.4 -398.068 284.304 -398.068 602.55
GPRESSURE: 1500000 -628.189 -30.6494 202.559 229.463 -252.217 -757.86 184.218 -458.171 656.874
PRESSAVG: 1500000 -104.289 13.2104 -65.1114 13.2104 -88.2379 -50.2944 -65.1114 -50.2944 -16.3108
GPRESSAVG: 1500000 -28.271 -35.352 -124.35 97.668 -14.9004 -19.7174 -58.5295 -83.2925 38.0151
ENERGY: 1500000         2.7978        13.4117         3.8075         0.0000         -10726.6778      1444.1765         0.0000         0.0000      1707.5083          -7554.9760       291.5702     -9262.4843     -7411.9891       298.5437            -95.2553       -74.5106     29937.3165       -12.6828        52.5249
FEP:    1500000        20.0170    -10727.1392      1443.6621

WRITING EXTENDED SYSTEM TO RESTART FILE AT STEP 1500000
WRITING COORDINATES TO DCD FILE mobley_6456034_prod.dcd AT STEP 1500000
WRITING COORDINATES TO RESTART FILE AT STEP 1500000
FINISHED WRITING RESTART COORDINATES
WRITING VELOCITIES TO RESTART FILE AT STEP 1500000
FINISHED WRITING RESTART VELOCITIES
TCL: Running FEP window  13: Lambda1 0.6    Lambda2 0.65   [dLambda 0.050000000000000044]
TCL: Setting parameter firsttimestep to 0
TCL: Setting parameter alchLambda to 0.6
Info: NONBONDED TABLE R-SQUARED SPACING: 0.0625
Info: NONBONDED TABLE SIZE: 705 POINTS
Info: INCONSISTENCY IN FAST TABLE ENERGY VS FORCE: 0.000290481 AT 0.251946
Info: INCONSISTENCY IN SCOR TABLE ENERGY VS FORCE: 0.000238233 AT 8.9687
Info: ABSOLUTE IMPRECISION IN VDWA TABLE ENERGY: 1.21169e-27 AT 8.99653
Info: ABSOLUTE IMPRECISION IN VDWA TABLE FORCE: 2.57484e-27 AT 8.99653
Info: INCONSISTENCY IN VDWA TABLE ENERGY VS FORCE: 0.0040507 AT 0.251946
Info: INCONSISTENCY IN VDWB TABLE ENERGY VS FORCE: 0.00150189 AT 0.251946
TCL: Setting parameter alchLambda2 to 0.65
Info: NONBONDED TABLE R-SQUARED SPACING: 0.0625
Info: NONBONDED TABLE SIZE: 705 POINTS
Info: INCONSISTENCY IN FAST TABLE ENERGY VS FORCE: 0.000290481 AT 0.251946
Info: INCONSISTENCY IN SCOR TABLE ENERGY VS FORCE: 0.000238233 AT 8.9687
Info: ABSOLUTE IMPRECISION IN VDWA TABLE ENERGY: 1.21169e-27 AT 8.99653
Info: ABSOLUTE IMPRECISION IN VDWA TABLE FORCE: 2.57484e-27 AT 8.99653
Info: INCONSISTENCY IN VDWA TABLE ENERGY VS FORCE: 0.0040507 AT 0.251946
Info: INCONSISTENCY IN VDWB TABLE ENERGY VS FORCE: 0.00150189 AT 0.251946
TCL: Running for 1500000 steps
FEP: RESETTING FOR NEW FEP WINDOW LAMBDA SET TO 0.6 LAMBDA2 0.65
FEP: WINDOW TO HAVE 100000 STEPS OF EQUILIBRATION PRIOR TO FEP DATA COLLECTION.
FEP: USING CONSTANT TEMPERATURE OF 300 K FOR FEP CALCULATION
PRESSURE: 0 -436.667 245.162 317.064 245.163 -538.54 -403.255 317.06 -403.254 519.082
GPRESSURE: 0 -619.716 -28.1491 205.257 229.405 -244.62 -763.854 184.336 -459.186 657.218
ETITLE:      TS           BOND          ANGLE          DIHED          IMPRP               ELECT            VDW       BOUNDARY           MISC        KINETIC               TOTAL           TEMP      POTENTIAL       TOTALAVG        TEMPAVG            PRESSURE      GPRESSURE         VOLUME       PRESSAVG      GPRESSAVG
FEPTITLE:    TS          BOND2         ELECT2           VDW2

ENERGY:       0         2.7978        13.4117         3.8075         0.0000         -10727.1394      1443.6619         0.0000         0.0000      1706.5749          -7556.8857       291.4108     -9263.4606     -7556.8857       291.4108           -152.0414       -69.0393     29937.3165      -152.0414       -69.0393
FEP:          0        20.0170    -10727.6007      1443.4240

PRESSURE: 100000 -474.503 -106.013 -99.2638 -106.015 332.682 -182.68 -99.2639 -182.68 609.76
GPRESSURE: 100000 -384.996 -221.027 211.102 -160.07 345.721 -394.054 31.1785 -30.1602 731.81
PRESSAVG: 100000 -98.9618 29.0743 -37.9274 29.0743 -61.7073 -97.0255 -37.9274 -97.0255 69.6345
GPRESSAVG: 100000 -30.8043 -25.7094 -73.598 96.7804 4.23671 -88.58 -34.9397 -123.147 135.807
ENERGY:  100000         5.9407         7.9031         7.4244         0.0000         -10518.7937      1421.0133         0.0000         0.0000      1769.9133          -7306.5990       302.2263     -9076.5122     -7431.7423       296.8185            155.9796       230.8450     30269.6650         1.9691        80.9028
FEP:     100000        21.2682    -10519.2868      1421.6402

WRITING EXTENDED SYSTEM TO RESTART FILE AT STEP 100000
WRITING COORDINATES TO DCD FILE mobley_6456034_prod.dcd AT STEP 100000
WRITING COORDINATES TO RESTART FILE AT STEP 100000
FINISHED WRITING RESTART COORDINATES
WRITING VELOCITIES TO RESTART FILE AT STEP 100000
FINISHED WRITING RESTART VELOCITIES
PRESSURE: 200000 -1087.98 -213.064 458.386 -213.065 329.886 97.6387 458.387 97.6401 -743.329
GPRESSURE: 200000 -873.113 97.5239 493.74 -231.447 319.584 109.398 71.227 -244.337 -486.349
PRESSAVG: 200000 -149.576 33.9484 -20.1409 33.9484 -33.2906 -87.3703 -20.1409 -87.3703 45.3332
GPRESSAVG: 200000 -86.138 -7.04923 -46.6134 108.439 40.3169 -71.6131 -39.1682 -135.835 122.27
ENERGY:  200000         4.7809        14.0149         4.8097         0.0000         -10588.3167      1402.3337         0.0000         0.0000      1708.6571          -7453.7203       291.7663     -9162.3774     -7439.0683       295.1345           -500.4744      -346.6259     30525.5885      -165.5121       -61.6068
FEP:     200000        23.6056    -10588.4218      1401.9895

WRITING EXTENDED SYSTEM TO RESTART FILE AT STEP 200000
WRITING COORDINATES TO DCD FILE mobley_6456034_prod.dcd AT STEP 200000
WRITING COORDINATES TO RESTART FILE AT STEP 200000
FINISHED WRITING RESTART COORDINATES
WRITING VELOCITIES TO RESTART FILE AT STEP 200000
FINISHED WRITING RESTART VELOCITIES
PRESSURE: 300000 -1142.05 309.062 -353.957 309.061 -1139.45 185.303 -353.959 185.302 -559.749
GPRESSURE: 300000 -1169.13 307.845 -335.169 293.55 -1029.31 284.104 -191.73 249.696 -602.546
PRESSAVG: 300000 -221.559 42.722 -18.6638 42.722 -62.3293 -59.6958 -18.6638 -59.6958 36.9066
GPRESSAVG: 300000 -158.788 3.05126 -57.7627 121.402 17.6301 -41.1756 -29.2392 -94.4293 99.4458
ENERGY:  300000         2.3943         8.5525         2.3425         0.0000         -10631.9918      1348.4824         0.0000         0.0000      1818.5286          -7451.6916       310.5277     -9270.2202     -7442.2241       298.9828           -947.0846      -933.6619     30411.4590      -360.9052      -279.6205
FEP:     300000        13.2892    -10632.7775      1348.2804

WRITING EXTENDED SYSTEM TO RESTART FILE AT STEP 300000
WRITING COORDINATES TO DCD FILE mobley_6456034_prod.dcd AT STEP 300000
WRITING COORDINATES TO RESTART FILE AT STEP 300000
FINISHED WRITING RESTART COORDINATES
WRITING VELOCITIES TO RESTART FILE AT STEP 300000
FINISHED WRITING RESTART VELOCITIES
PRESSURE: 400000 278.424 479.609 965.189 479.608 62.3995 89.7855 965.187 89.7891 444.423
GPRESSURE: 400000 311.3 471.211 1069.16 426.398 123.36 235.274 856.161 -44.9531 529.852
PRESSAVG: 400000 -218.042 61.8029 42.9395 61.8029 -34.6874 -36.8673 42.9395 -36.8673 79.1318
GPRESSAVG: 400000 -157.546 21.1468 1.28172 140.818 52.4991 -13.2647 33.1761 -67.9009 133.013
ENERGY:  400000         3.0472         9.7691         5.3846         0.0000         -10501.5001      1420.0279         0.0000         0.0000      1783.9470          -7279.3243       304.6227     -9063.2713     -7409.6442       300.1108            261.7488       321.5042     30246.5726      -236.3744      -159.3956
FEP:     400000        18.2009    -10501.5488      1420.1243

WRITING EXTENDED SYSTEM TO RESTART FILE AT STEP 400000
WRITING COORDINATES TO DCD FILE mobley_6456034_prod.dcd AT STEP 400000
WRITING COORDINATES TO RESTART FILE AT STEP 400000
FINISHED WRITING RESTART COORDINATES
WRITING VELOCITIES TO RESTART FILE AT STEP 400000
FINISHED WRITING RESTART VELOCITIES
PRESSURE: 500000 -171.986 -80.9896 -365.602 -80.9883 685.336 300.42 -365.603 300.418 -628.696
GPRESSURE: 500000 -290.275 -108.333 -487.929 -48.4776 636.459 -253.035 9.24518 607.318 -420.011
PRESSAVG: 500000 -192.901 62.4103 11.6315 62.4103 14.7986 -14.599 11.6315 -14.599 16.9806
GPRESSAVG: 500000 -149.288 25.9871 -47.5874 132.681 95.3691 -16.3347 31.5017 -41.2951 76.5079
ENERGY:  500000         3.1535         8.0087         2.7450         0.0000         -10641.1542      1430.5942         0.0000         0.0000      1793.5917          -7403.0610       306.2696     -9196.6528     -7408.5470       301.1372            -38.4488       -24.6090     30138.2396      -203.3868      -136.9312
FEP:     500000        13.9072    -10641.3550      1430.3118

WRITING EXTENDED SYSTEM TO RESTART FILE AT STEP 500000
WRITING COORDINATES TO DCD FILE mobley_6456034_prod.dcd AT STEP 500000
WRITING COORDINATES TO RESTART FILE AT STEP 500000
FINISHED WRITING RESTART COORDINATES
WRITING VELOCITIES TO RESTART FILE AT STEP 500000
FINISHED WRITING RESTART VELOCITIES
PRESSURE: 600000 1023.62 -403.741 477.152 -403.739 380.48 -118.456 477.152 -118.457 1381.88
GPRESSURE: 600000 1286.99 -494.433 178.844 -693.204 286.608 -195.868 778.74 26.8868 1591.41
PRESSAVG: 600000 -146.44 38.6651 27.5999 38.6651 24.2839 -23.9905 27.5999 -23.9905 93.5324
GPRESSAVG: 600000 -88.2339 -12.0176 -31.3528 66.0033 94.8774 -31.8191 67.4837 -43.0458 151.759
ENERGY:  600000         3.5916        11.1035         4.3430         0.0000         -10669.6185      1524.2518         0.0000         0.0000      1794.6141          -7331.7144       306.4441     -9126.3285     -7397.5709       301.8954            928.6593      1055.0037     29873.5681       -41.6659        33.3452
FEP:     600000        19.0382    -10669.8053      1525.2174

WRITING EXTENDED SYSTEM TO RESTART FILE AT STEP 600000
WRITING COORDINATES TO DCD FILE mobley_6456034_prod.dcd AT STEP 600000
WRITING COORDINATES TO RESTART FILE AT STEP 600000
FINISHED WRITING RESTART COORDINATES
WRITING VELOCITIES TO RESTART FILE AT STEP 600000
FINISHED WRITING RESTART VELOCITIES
PRESSURE: 700000 -141.295 -102.917 561.11 -102.915 -255.728 -226.522 561.111 -226.525 67.6361
GPRESSURE: 700000 -88.6091 -196.498 473.411 1.14851 -240.03 -245.444 492.351 -203.216 237.216
PRESSAVG: 700000 -230.886 42.7822 58.2584 42.7822 5.24435 -24.9587 58.2584 -24.9587 104.749
GPRESSAVG: 700000 -173.756 -25.0579 18.0796 82.5121 75.9838 -36.5147 77.2025 -49.2823 165.593
ENERGY:  700000         1.0953         9.8637         4.7010         0.0000         -10553.1494      1420.9492         0.0000         0.0000      1728.4632          -7388.0770       295.1484     -9116.5402     -7396.3841       301.0520           -109.7957       -30.4744     30562.9755       -50.1821        25.3678
FEP:     700000        15.6600    -10553.8796      1420.9288

WRITING EXTENDED SYSTEM TO RESTART FILE AT STEP 700000
WRITING COORDINATES TO DCD FILE mobley_6456034_prod.dcd AT STEP 700000
WRITING COORDINATES TO RESTART FILE AT STEP 700000
FINISHED WRITING RESTART COORDINATES
WRITING VELOCITIES TO RESTART FILE AT STEP 700000
FINISHED WRITING RESTART VELOCITIES
PRESSURE: 800000 -870.974 197.534 503.347 197.533 -195.432 -508.132 503.344 -508.129 -194.757
GPRESSURE: 800000 -737.799 330.949 601.585 468.148 -182.376 -451.928 419.877 -451.326 -36.9737
PRESSAVG: 800000 -317.928 38.2685 85.6183 38.2685 -34.9776 -56.7462 85.6183 -56.7462 67.5034
GPRESSAVG: 800000 -261.481 -9.55922 55.0895 104.082 27.7808 -74.2032 90.447 -48.6543 146.2
ENERGY:  800000         0.7260        10.8747         4.0240         0.0000         -10613.9128      1361.2497         0.0000         0.0000      1724.8136          -7512.2250       294.5252     -9237.0386     -7409.2554       300.3268           -420.3874      -319.0496     29626.1510       -91.3161       -12.9008
FEP:     800000        15.6246    -10614.5573      1362.3450

WRITING EXTENDED SYSTEM TO RESTART FILE AT STEP 800000
WRITING COORDINATES TO DCD FILE mobley_6456034_prod.dcd AT STEP 800000
WRITING COORDINATES TO RESTART FILE AT STEP 800000
FINISHED WRITING RESTART COORDINATES
WRITING VELOCITIES TO RESTART FILE AT STEP 800000
FINISHED WRITING RESTART VELOCITIES
PRESSURE: 900000 -36.9976 -100.764 -204.847 -100.762 -25.4249 -160.72 -204.848 -160.72 -73.6506
GPRESSURE: 900000 201.619 -49.1254 -196.008 -174.839 99.5201 -30.1605 75.0865 -381.485 4.56644
PRESSAVG: 900000 -299.807 6.16313 88.9134 6.16313 -53.7811 -62.1164 88.9134 -62.1164 83.1942
GPRESSAVG: 900000 -237.028 -40.0553 54.6579 60.2052 15.2529 -75.2237 101.925 -79.7754 170.438
ENERGY:  900000         3.0011        12.6465         3.0825         0.0000         -10649.7336      1424.9992         0.0000         0.0000      1796.8236          -7409.1807       306.8214     -9206.0044     -7409.2479       300.9762            -45.3577       101.9020     29973.0062       -86.7202        -1.4205
FEP:     900000        18.7300    -10649.9706      1424.2395

WRITING EXTENDED SYSTEM TO RESTART FILE AT STEP 900000
WRITING COORDINATES TO DCD FILE mobley_6456034_prod.dcd AT STEP 900000
WRITING COORDINATES TO RESTART FILE AT STEP 900000
FINISHED WRITING RESTART COORDINATES
WRITING VELOCITIES TO RESTART FILE AT STEP 900000
FINISHED WRITING RESTART VELOCITIES
PRESSURE: 1000000 -830.487 589.566 -4.08005 589.566 834.622 609.849 -4.08003 609.846 -475.233
GPRESSURE: 1000000 -743.937 630.751 187.065 561.775 888.035 717.05 -130.423 285.071 -285.892
PRESSAVG: 1000000 -324.481 47.738 119.956 47.738 -33.1197 -36.1579 119.956 -36.1579 35.2418
GPRESSAVG: 1000000 -251.08 5.24551 96.1885 83.5317 31.1157 -41.9135 132.222 -70.1845 137.376
TIMING: 1000000  CPU: 7569.7, 0.000396813/step  Wall: 7605.52, 0.000398887/step, 433.205 ns/days, 0.055401 hours remaining, 0.000000 MB of memory in use.
PERFORMANCE: 1000000  averaging 431.757 ns/day, 0.000400225 sec/step with standard deviation 1.4682e-06
ETITLE:      TS           BOND          ANGLE          DIHED          IMPRP               ELECT            VDW       BOUNDARY           MISC        KINETIC               TOTAL           TEMP      POTENTIAL       TOTALAVG        TEMPAVG            PRESSURE      GPRESSURE         VOLUME       PRESSAVG      GPRESSAVG
FEPTITLE:    TS          BOND2         ELECT2           VDW2

ENERGY: 1000000         4.7498        19.2073         5.7312         0.0000         -10726.5607      1424.4326         0.0000         0.0000      1779.0762          -7493.3638       303.7909     -9272.4399     -7416.8948       301.2321           -157.0326       -47.2648     29789.6278       -93.1123        -5.5882
FEP:    1000000        29.6882    -10726.8155      1424.6330

WRITING EXTENDED SYSTEM TO RESTART FILE AT STEP 1000000
WRITING COORDINATES TO DCD FILE mobley_6456034_prod.dcd AT STEP 1000000
WRITING COORDINATES TO RESTART FILE AT STEP 1000000
FINISHED WRITING RESTART COORDINATES
WRITING VELOCITIES TO RESTART FILE AT STEP 1000000
FINISHED WRITING RESTART VELOCITIES
PRESSURE: 1100000 -489.145 30.5828 491.831 30.5836 226.14 -212.391 491.831 -212.392 -2.16013
GPRESSURE: 1100000 -500.639 13.7729 322.47 -17.7871 409.474 -20.1185 469.569 -255.112 133.936
PRESSAVG: 1100000 -360.68 45.4326 173.674 45.4326 9.44339 -57.6266 173.674 -57.6266 42.8479
GPRESSAVG: 1100000 -281.087 12.7509 152.255 77.8283 72.3454 -53.544 177.668 -84.3574 141.543
ENERGY: 1100000         6.0543         9.4699         3.4212         0.0000         -10558.9122      1415.5969         0.0000         0.0000      1765.1753          -7359.1945       301.4172     -9124.3698     -7412.0864       301.2476            -88.3882        14.2571     30426.9452       -92.7186        -3.9344
FEP:    1100000        18.9455    -10559.0378      1415.2798

WRITING EXTENDED SYSTEM TO RESTART FILE AT STEP 1100000
WRITING COORDINATES TO DCD FILE mobley_6456034_prod.dcd AT STEP 1100000
WRITING COORDINATES TO RESTART FILE AT STEP 1100000
FINISHED WRITING RESTART COORDINATES
WRITING VELOCITIES TO RESTART FILE AT STEP 1100000
FINISHED WRITING RESTART VELOCITIES
PRESSURE: 1200000 -9.32992 -46.1579 -560.221 -46.1587 187.011 -343.118 -560.219 -343.12 -312.401
GPRESSURE: 1200000 10.0877 -27.6593 -371.018 -4.95494 252.298 -48.6561 -334.195 -263.716 -207.568
PRESSAVG: 1200000 -353.575 51.841 133.783 51.841 7.73045 -77.9333 133.783 -77.9333 -13.5002
GPRESSAVG: 1200000 -281.097 12.6444 144.044 84.4419 69.7879 -56.2121 142.836 -105.245 97.1295
ENERGY: 1200000         4.1244        10.0145         6.8255         0.0000         -10653.1751      1434.2139         0.0000         0.0000      1776.5843          -7421.4126       303.3654     -9197.9968     -7412.8038       301.4105            -44.9065        18.2728     30012.8305       -89.0407        -2.2262
FEP:    1200000        20.9644    -10653.1867      1434.2147

WRITING EXTENDED SYSTEM TO RESTART FILE AT STEP 1200000
WRITING COORDINATES TO DCD FILE mobley_6456034_prod.dcd AT STEP 1200000
WRITING COORDINATES TO RESTART FILE AT STEP 1200000
FINISHED WRITING RESTART COORDINATES
WRITING VELOCITIES TO RESTART FILE AT STEP 1200000
FINISHED WRITING RESTART VELOCITIES
PRESSURE: 1300000 209.486 195.857 -772.552 195.858 379.34 -158.471 -772.552 -158.475 -127.404
GPRESSURE: 1300000 158.981 -56.1193 -967.555 123.375 436.007 -96.1702 -399.646 -287.151 18.6923
PRESSAVG: 1300000 -309.062 17.8265 98.8205 17.8265 78.1607 -95.5326 98.8205 -95.5326 4.32895
GPRESSAVG: 1300000 -243.854 -22.5721 108.452 53.39 139.285 -73.497 119.486 -124.142 120.388
ENERGY: 1300000         2.9492        10.3282         3.0534         0.0000         -10738.3023      1485.8316         0.0000         0.0000      1770.5017          -7465.6381       302.3268     -9236.1398     -7416.5777       301.4759            153.8072       204.5601     30373.3760       -71.6945        12.5443
FEP:    1300000        16.3309    -10739.2666      1485.9849

WRITING EXTENDED SYSTEM TO RESTART FILE AT STEP 1300000
WRITING COORDINATES TO DCD FILE mobley_6456034_prod.dcd AT STEP 1300000
WRITING COORDINATES TO RESTART FILE AT STEP 1300000
FINISHED WRITING RESTART COORDINATES
WRITING VELOCITIES TO RESTART FILE AT STEP 1300000
FINISHED WRITING RESTART VELOCITIES
PRESSURE: 1400000 569.336 -186.003 165.721 -186.002 220.309 -30.7755 165.719 -30.7764 59.0505
GPRESSURE: 1400000 696.423 -293.611 331.99 122.775 273.079 -213.959 82.8875 -156.092 9.04879
PRESSAVG: 1400000 -212.986 7.15516 87.1795 7.15516 83.3337 -69.7886 87.1795 -69.7886 28.2809
GPRESSAVG: 1400000 -163.96 -33.5361 108.196 46.3609 151.307 -61.5176 108.19 -124.893 150.796
ENERGY: 1400000         3.0930         9.7795         6.1169         0.0000         -10846.0129      1485.3219         0.0000         0.0000      1728.1817          -7613.5199       295.1003     -9341.7016     -7429.7072       301.0509            282.8986       326.1836     29642.2648       -48.0549        33.4536
FEP:    1400000        18.9895    -10846.3823      1485.0191

WRITING EXTENDED SYSTEM TO RESTART FILE AT STEP 1400000
WRITING COORDINATES TO DCD FILE mobley_6456034_prod.dcd AT STEP 1400000
WRITING COORDINATES TO RESTART FILE AT STEP 1400000
FINISHED WRITING RESTART COORDINATES
WRITING VELOCITIES TO RESTART FILE AT STEP 1400000
FINISHED WRITING RESTART VELOCITIES
PRESSURE: 1500000 769.726 280.747 -351.344 280.745 397.834 164.872 -351.341 164.87 1568.66
GPRESSURE: 1500000 719.244 231.278 -406.231 513.372 792.809 410.808 -216.497 197.013 1426.89
PRESSAVG: 1500000 -189.735 14.027 70.2027 14.027 76.1221 -71.4881 70.2027 -71.4881 109.939
GPRESSAVG: 1500000 -154.011 -18.352 70.2624 59.1613 162.046 -66.0216 99.7032 -116.592 222.361
ENERGY: 1500000         2.0827        12.7489         3.5250         0.0000         -10660.8266      1515.6449         0.0000         0.0000      1845.1107          -7281.7144       315.0668     -9126.8251     -7420.4576       301.9269            912.0744       979.6483     30444.3407        11.9532        92.5907
FEP:    1500000        18.3566    -10661.4979      1515.3481

WRITING EXTENDED SYSTEM TO RESTART FILE AT STEP 1500000
WRITING COORDINATES TO DCD FILE mobley_6456034_prod.dcd AT STEP 1500000
WRITING COORDINATES TO RESTART FILE AT STEP 1500000
FINISHED WRITING RESTART COORDINATES
WRITING VELOCITIES TO RESTART FILE AT STEP 1500000
FINISHED WRITING RESTART VELOCITIES
TCL: Running FEP window  14: Lambda1 0.65   Lambda2 0.7000000000000001 [dLambda 0.050000000000000044]
TCL: Setting parameter firsttimestep to 0
TCL: Setting parameter alchLambda to 0.65
Info: NONBONDED TABLE R-SQUARED SPACING: 0.0625
Info: NONBONDED TABLE SIZE: 705 POINTS
Info: INCONSISTENCY IN FAST TABLE ENERGY VS FORCE: 0.000290481 AT 0.251946
Info: INCONSISTENCY IN SCOR TABLE ENERGY VS FORCE: 0.000238233 AT 8.9687
Info: ABSOLUTE IMPRECISION IN VDWA TABLE ENERGY: 1.21169e-27 AT 8.99653
Info: ABSOLUTE IMPRECISION IN VDWA TABLE FORCE: 2.57484e-27 AT 8.99653
Info: INCONSISTENCY IN VDWA TABLE ENERGY VS FORCE: 0.0040507 AT 0.251946
Info: INCONSISTENCY IN VDWB TABLE ENERGY VS FORCE: 0.00150189 AT 0.251946
TCL: Setting parameter alchLambda2 to 0.7000000000000001
Info: NONBONDED TABLE R-SQUARED SPACING: 0.0625
Info: NONBONDED TABLE SIZE: 705 POINTS
Info: INCONSISTENCY IN FAST TABLE ENERGY VS FORCE: 0.000290481 AT 0.251946
Info: INCONSISTENCY IN SCOR TABLE ENERGY VS FORCE: 0.000238233 AT 8.9687
Info: ABSOLUTE IMPRECISION IN VDWA TABLE ENERGY: 1.21169e-27 AT 8.99653
Info: ABSOLUTE IMPRECISION IN VDWA TABLE FORCE: 2.57484e-27 AT 8.99653
Info: INCONSISTENCY IN VDWA TABLE ENERGY VS FORCE: 0.0040507 AT 0.251946
Info: INCONSISTENCY IN VDWB TABLE ENERGY VS FORCE: 0.00150189 AT 0.251946
TCL: Running for 1500000 steps
FEP: RESETTING FOR NEW FEP WINDOW LAMBDA SET TO 0.65 LAMBDA2 0.7
FEP: WINDOW TO HAVE 100000 STEPS OF EQUILIBRATION PRIOR TO FEP DATA COLLECTION.
FEP: USING CONSTANT TEMPERATURE OF 300 K FOR FEP CALCULATION
PRESSURE: 0 833.141 342.923 -364.992 342.923 356.787 210.917 -364.99 210.915 1547.33
GPRESSURE: 0 726.57 236.537 -407.262 518.375 795.39 406.995 -217.967 193.146 1428.6
ETITLE:      TS           BOND          ANGLE          DIHED          IMPRP               ELECT            VDW       BOUNDARY           MISC        KINETIC               TOTAL           TEMP      POTENTIAL       TOTALAVG        TEMPAVG            PRESSURE      GPRESSURE         VOLUME       PRESSAVG      GPRESSAVG
FEPTITLE:    TS          BOND2         ELECT2           VDW2

ENERGY:       0         2.0827        12.7489         3.5250         0.0000         -10661.4973      1515.3484         0.0000         0.0000      1844.2351          -7283.5572       314.9173     -9127.7923     -7283.5572       314.9173            912.4184       983.5214     30444.3407       912.4184       983.5214
FEP:          0        18.3566    -10662.1687      1515.3391

PRESSURE: 100000 -773.154 -177.236 451.878 -177.235 843.893 218.924 451.881 218.924 -409.534
GPRESSURE: 100000 -716.715 -439.431 586.57 -33.1452 788.789 -143.55 197.256 454.828 -258.685
PRESSAVG: 100000 -160.711 41.614 77.9683 41.614 160.821 -41.9561 77.9683 -41.9561 164.392
GPRESSAVG: 100000 -131.856 -11.286 79.2638 87.4203 260.449 -61.4153 115.507 -47.1048 260.142
ENERGY:  100000         2.0178        12.2900         2.4798         0.0000         -10598.3208      1416.2070         0.0000         0.0000      1776.8651          -7388.4610       303.4134     -9165.3261     -7336.0091       309.1653           -112.9315       -62.2036     30394.5537       399.7434       460.6589
FEP:     100000        16.7877    -10599.6700      1416.6700

WRITING EXTENDED SYSTEM TO RESTART FILE AT STEP 100000
WRITING COORDINATES TO DCD FILE mobley_6456034_prod.dcd AT STEP 100000
WRITING COORDINATES TO RESTART FILE AT STEP 100000
FINISHED WRITING RESTART COORDINATES
WRITING VELOCITIES TO RESTART FILE AT STEP 100000
FINISHED WRITING RESTART VELOCITIES
PRESSURE: 200000 511.119 -284.21 208.8 -284.21 482.379 -570.234 208.802 -570.233 -521.702
GPRESSURE: 200000 223.363 -687.632 111.013 -127.16 716.773 -468.485 312.797 -390.605 -345.226
PRESSAVG: 200000 -133.382 58.094 90.3961 58.094 153.706 -71.7562 90.3961 -71.7562 137.588
GPRESSAVG: 200000 -120.927 -15.64 90.1796 99.8351 260.768 -95.9756 133.724 -80.5776 239.144
ENERGY:  200000         1.3120         8.8556         5.9315         0.0000         -10616.7284      1431.9972         0.0000         0.0000      1746.7612          -7421.8709       298.2729     -9168.6321     -7364.6297       305.5345            157.2655       198.3032     30327.1838       318.9174       373.2070
FEP:     200000        16.0991    -10616.9822      1432.3575

WRITING EXTENDED SYSTEM TO RESTART FILE AT STEP 200000
WRITING COORDINATES TO DCD FILE mobley_6456034_prod.dcd AT STEP 200000
WRITING COORDINATES TO RESTART FILE AT STEP 200000
FINISHED WRITING RESTART COORDINATES
WRITING VELOCITIES TO RESTART FILE AT STEP 200000
FINISHED WRITING RESTART VELOCITIES
PRESSURE: 300000 885.04 53.8365 286.342 53.8376 -541.14 66.1394 286.339 66.1406 442.478
GPRESSURE: 300000 920.72 106.906 395.134 -1.91632 -221.192 -65.845 681.05 -33.1184 296.559
PRESSAVG: 300000 -69.2339 51.1894 90.4978 51.1894 151.169 -48.5458 90.4978 -48.5458 129.584
GPRESSAVG: 300000 -43.4817 -8.76216 99.8083 88.2661 262.319 -61.3749 158.565 -59.325 221.128
ENERGY:  300000         3.1455         7.4620         3.2091         0.0000         -10657.0528      1435.2832         0.0000         0.0000      1777.7132          -7430.2398       303.5582     -9207.9530     -7381.0322       305.0404            262.1262       332.0289     29475.7040       304.7196       362.9125
FEP:     300000        13.8166    -10657.3188      1436.3625

WRITING EXTENDED SYSTEM TO RESTART FILE AT STEP 300000
WRITING COORDINATES TO DCD FILE mobley_6456034_prod.dcd AT STEP 300000
WRITING COORDINATES TO RESTART FILE AT STEP 300000
FINISHED WRITING RESTART COORDINATES
WRITING VELOCITIES TO RESTART FILE AT STEP 300000
FINISHED WRITING RESTART VELOCITIES
PRESSURE: 400000 378.391 -577.575 178.474 -577.578 90.9778 -17.6566 178.473 -17.6545 -491.325
GPRESSURE: 400000 302.231 -437.445 273.473 -402.353 290.256 308.358 -12.5834 -323.128 -347.226
PRESSAVG: 400000 -28.4811 10.0524 83.5685 10.0524 182.645 -29.2658 83.5685 -29.2658 79.0639
GPRESSAVG: 400000 2.61568 -29.227 103.219 56.6782 289.063 -7.7643 148.719 -52.5221 170.906
ENERGY:  400000         1.0673        10.8991         4.8489         0.0000         -10430.6640      1387.4148         0.0000         0.0000      1734.3226          -7292.1112       296.1489     -9026.4338     -7363.2480       303.2621             -7.3187        81.7537     30483.7380       242.3120       306.6807
FEP:     400000        16.8153    -10430.9740      1387.1419

WRITING EXTENDED SYSTEM TO RESTART FILE AT STEP 400000
WRITING COORDINATES TO DCD FILE mobley_6456034_prod.dcd AT STEP 400000
WRITING COORDINATES TO RESTART FILE AT STEP 400000
FINISHED WRITING RESTART COORDINATES
WRITING VELOCITIES TO RESTART FILE AT STEP 400000
FINISHED WRITING RESTART VELOCITIES
PRESSURE: 500000 702.546 231.495 -495.262 231.494 -359.266 -111.229 -495.26 -111.225 -385.049
GPRESSURE: 500000 736.486 158.535 -434.05 262.604 -215.695 -473.037 -457.336 550.708 -547.436
PRESSAVG: 500000 30.3714 26.9278 63.7687 26.9278 148.048 -25.693 63.7687 -25.693 29.3234
GPRESSAVG: 500000 58.6898 -10.2488 70.9615 77.8119 260.992 -11.7135 124.294 -23.4787 106.943
ENERGY:  500000         3.1600        11.0475         3.0730         0.0000         -10647.3520      1423.9131         0.0000         0.0000      1763.5907          -7442.5677       301.1467     -9206.1584     -7376.4679       302.9096            -13.9229        -8.8816     30105.4757       199.6062       254.0870
FEP:     500000        17.2806    -10647.6559      1424.1395

WRITING EXTENDED SYSTEM TO RESTART FILE AT STEP 500000
WRITING COORDINATES TO DCD FILE mobley_6456034_prod.dcd AT STEP 500000
WRITING COORDINATES TO RESTART FILE AT STEP 500000
FINISHED WRITING RESTART COORDINATES
WRITING VELOCITIES TO RESTART FILE AT STEP 500000
FINISHED WRITING RESTART VELOCITIES
PRESSURE: 600000 842.547 -96.871 -648.542 -96.8707 436.704 266.409 -648.54 266.408 301.045
GPRESSURE: 600000 973.588 -88.6883 -405.78 -238.409 445.983 339.37 -990.732 162.87 195.502
PRESSAVG: 600000 126.898 32.7375 8.42237 32.7375 153.388 -17.2546 8.42237 -17.2546 81.5421
GPRESSAVG: 600000 151.025 -19.5594 25.9854 77.4638 267.312 -0.214878 71.1955 -3.1183 141.036
ENERGY:  600000         4.2212        10.8204         4.2571         0.0000         -10722.5610      1510.2990         0.0000         0.0000      1765.9143          -7427.0489       301.5434     -9192.9632     -7383.6938       302.7144            526.7655       538.3577     30628.1693       246.3432       294.6971
FEP:     600000        19.2988    -10723.2047      1510.5947

WRITING EXTENDED SYSTEM TO RESTART FILE AT STEP 600000
WRITING COORDINATES TO DCD FILE mobley_6456034_prod.dcd AT STEP 600000
WRITING COORDINATES TO RESTART FILE AT STEP 600000
FINISHED WRITING RESTART COORDINATES
WRITING VELOCITIES TO RESTART FILE AT STEP 600000
FINISHED WRITING RESTART VELOCITIES
PRESSURE: 700000 810.082 -135.421 -146.629 -135.422 770.143 523.533 -146.632 523.533 -617.36
GPRESSURE: 700000 787.253 -253.165 -51.452 249.984 1148.9 459.952 -437.877 369.861 -448.808
PRESSAVG: 700000 224.504 10.5134 18.7887 10.5134 248.868 -0.343122 18.7887 -0.343122 78.6616
GPRESSAVG: 700000 248.844 -47.6099 40.1713 75.2855 376.223 8.57749 58.8882 2.88997 148.723
ENERGY:  700000         4.5635        14.7974         4.5201         0.0000         -10654.7188      1477.8170         0.0000         0.0000      1774.6562          -7378.3646       303.0362     -9153.0208     -7383.0276       302.7546            320.9551       495.7821     30241.9315       255.6697       319.8327
FEP:     700000        23.8810    -10655.3474      1477.3914

WRITING EXTENDED SYSTEM TO RESTART FILE AT STEP 700000
WRITING COORDINATES TO DCD FILE mobley_6456034_prod.dcd AT STEP 700000
WRITING COORDINATES TO RESTART FILE AT STEP 700000
FINISHED WRITING RESTART COORDINATES
WRITING VELOCITIES TO RESTART FILE AT STEP 700000
FINISHED WRITING RESTART VELOCITIES
PRESSURE: 800000 221.754 -41.756 26.3205 -41.7555 603.878 140.296 26.321 140.297 -322.968
GPRESSURE: 800000 312.406 -29.9903 171.716 47.9847 380.542 206.74 -202.365 142.031 -167.945
PRESSAVG: 800000 221.671 -15.5548 -28.1546 -15.5548 275.942 2.18227 -28.1546 2.18227 40.292
GPRESSAVG: 800000 248.899 -72.67 -4.70084 56.3648 389.082 7.15082 5.96194 12.2392 113.833
ENERGY:  800000         6.4064        12.7157         3.4974         0.0000         -10709.8875      1472.4540         0.0000         0.0000      1758.2247          -7456.5892       300.2304     -9214.8139     -7391.2012       302.4741            167.5547       175.0009     30295.6524       245.8791       303.7403
FEP:     800000        22.6196    -10710.1928      1472.2862

WRITING EXTENDED SYSTEM TO RESTART FILE AT STEP 800000
WRITING COORDINATES TO DCD FILE mobley_6456034_prod.dcd AT STEP 800000
WRITING COORDINATES TO RESTART FILE AT STEP 800000
FINISHED WRITING RESTART COORDINATES
WRITING VELOCITIES TO RESTART FILE AT STEP 800000
FINISHED WRITING RESTART VELOCITIES
PRESSURE: 900000 -609.19 748.369 -394.72 748.368 -531.1 237.684 -394.719 237.682 -835.09
GPRESSURE: 900000 -503.969 399.135 -503.71 772.701 -631.253 36.1753 -309.843 308.58 -620.015
PRESSAVG: 900000 199.811 25.913 -29.6104 25.913 215.12 -0.954521 -29.6104 -0.954521 29.9723
GPRESSAVG: 900000 238.215 -47.2966 -5.48989 97.4237 325.696 21.6113 -9.99247 -2.69774 103.833
ENERGY:  900000         1.7957        14.4390         7.8640         0.0000         -10530.4172      1336.9813         0.0000         0.0000      1772.7638          -7396.5732       302.7130     -9169.3371     -7391.7384       302.4980           -658.4600      -585.0793     30062.2792       155.4452       214.8583
FEP:     900000        24.0988    -10532.2956      1337.3539

WRITING EXTENDED SYSTEM TO RESTART FILE AT STEP 900000
WRITING COORDINATES TO DCD FILE mobley_6456034_prod.dcd AT STEP 900000
WRITING COORDINATES TO RESTART FILE AT STEP 900000
FINISHED WRITING RESTART COORDINATES
WRITING VELOCITIES TO RESTART FILE AT STEP 900000
FINISHED WRITING RESTART VELOCITIES
PRESSURE: 1000000 -89.7055 -74.4461 -289.947 -74.4442 -1427.11 -326.253 -289.949 -326.254 395.436
GPRESSURE: 1000000 -11.3247 30.8605 -4.21332 6.93054 -1163.12 -287.159 -444.077 -495.159 279.932
PRESSAVG: 1000000 144.145 42.3777 -67.9655 42.3777 124.741 -11.3444 -67.9655 -11.3444 -19.3499
GPRESSAVG: 1000000 173.299 -21.032 -14.6428 132.43 253.209 17.0468 -71.1333 -28.8 38.2586
TIMING: 1000000  CPU: 8164.61, 0.000396609/step  Wall: 8203.73, 0.000398779/step, 433.323 ns/days, 0.055386 hours remaining, 0.000000 MB of memory in use.
PERFORMANCE: 1000000  averaging 431.869 ns/day, 0.000400122 sec/step with standard deviation 1.46258e-06
ETITLE:      TS           BOND          ANGLE          DIHED          IMPRP               ELECT            VDW       BOUNDARY           MISC        KINETIC               TOTAL           TEMP      POTENTIAL       TOTALAVG        TEMPAVG            PRESSURE      GPRESSURE         VOLUME       PRESSAVG      GPRESSAVG
FEPTITLE:    TS          BOND2         ELECT2           VDW2

ENERGY: 1000000         3.8736         6.9854         4.3643         0.0000         -10558.9033      1363.8539         0.0000         0.0000      1767.4286          -7412.3976       301.8020     -9179.8262     -7393.6165       302.4348           -373.7917      -298.1724     29978.8615       107.3328       168.2192
FEP:    1000000        15.2232    -10558.9721      1364.3147

WRITING EXTENDED SYSTEM TO RESTART FILE AT STEP 1000000
WRITING COORDINATES TO DCD FILE mobley_6456034_prod.dcd AT STEP 1000000
WRITING COORDINATES TO RESTART FILE AT STEP 1000000
FINISHED WRITING RESTART COORDINATES
WRITING VELOCITIES TO RESTART FILE AT STEP 1000000
FINISHED WRITING RESTART VELOCITIES
PRESSURE: 1100000 665.646 -546.847 376.225 -546.847 284.961 -7.89416 376.226 -7.8947 -92.9063
GPRESSURE: 1100000 814.137 -527.414 215.354 -54.4707 325.421 -100.932 369.047 299.847 26.059
PRESSAVG: 1100000 184.492 20.1811 -77.2097 20.1811 151.776 -0.412904 -77.2097 -0.412904 -27.377
GPRESSAVG: 1100000 218.436 -37.5778 -27.5456 129.649 281.482 24.2723 -77.2985 -3.64689 27.7008
ENERGY: 1100000         3.8413        10.2489         4.7769         0.0000         -10686.8095      1451.5102         0.0000         0.0000      1765.4033          -7451.0289       301.4562     -9216.4322     -7398.4008       302.3532            285.9004       388.5391     29854.8316       122.2134       186.5792
FEP:    1100000        18.8671    -10687.0041      1452.1623

WRITING EXTENDED SYSTEM TO RESTART FILE AT STEP 1100000
WRITING COORDINATES TO DCD FILE mobley_6456034_prod.dcd AT STEP 1100000
WRITING COORDINATES TO RESTART FILE AT STEP 1100000
FINISHED WRITING RESTART COORDINATES
WRITING VELOCITIES TO RESTART FILE AT STEP 1100000
FINISHED WRITING RESTART VELOCITIES
PRESSURE: 1200000 -422.071 52.7858 -161.862 52.7869 -98.9401 -381.528 -161.865 -381.529 -65.208
GPRESSURE: 1200000 -211.406 113.437 -174.908 297.976 -33.6116 -116.096 -266.152 -339.508 -56.3647
PRESSAVG: 1200000 206.937 12.9438 -110.47 12.9438 156.6 5.91707 -110.47 5.91707 -20.8996
GPRESSAVG: 1200000 244.756 -48.4534 -66.3703 121.141 288.92 41.0639 -111.6 1.94401 26.7312
ENERGY: 1200000         6.7101        12.5416         3.4080         0.0000         -10608.5264      1442.1597         0.0000         0.0000      1754.3765          -7389.3305       299.5733     -9143.7070     -7397.7031       302.1394           -195.4063      -100.4606     30674.1102        97.7811       164.4992
FEP:    1200000        22.6597    -10609.7822      1442.4115

WRITING EXTENDED SYSTEM TO RESTART FILE AT STEP 1200000
WRITING COORDINATES TO DCD FILE mobley_6456034_prod.dcd AT STEP 1200000
WRITING COORDINATES TO RESTART FILE AT STEP 1200000
FINISHED WRITING RESTART COORDINATES
WRITING VELOCITIES TO RESTART FILE AT STEP 1200000
FINISHED WRITING RESTART VELOCITIES
PRESSURE: 1300000 197.524 -175.143 212.801 -175.143 388.14 221.035 212.8 221.035 110.057
GPRESSURE: 1300000 201.388 -82.2672 -1.3229 -490.009 479.36 439.377 493.325 -96.8849 260.858
PRESSAVG: 1300000 218.663 9.22476 -89.5877 9.22476 177.278 25.0048 -89.5877 25.0048 -11.7142
GPRESSAVG: 1300000 244.744 -50.1104 -56.636 105.382 307.912 64.5408 -90.688 16.174 39.5458
ENERGY: 1300000         3.9344         6.7708         3.0265         0.0000         -10446.7137      1409.5630         0.0000         0.0000      1750.6408          -7272.7782       298.9354     -9023.4190     -7388.7799       301.9105            231.9073       313.8684     30512.8611       107.3616       175.1684
FEP:    1300000        13.7317    -10447.0077      1408.9770

WRITING EXTENDED SYSTEM TO RESTART FILE AT STEP 1300000
WRITING COORDINATES TO DCD FILE mobley_6456034_prod.dcd AT STEP 1300000
WRITING COORDINATES TO RESTART FILE AT STEP 1300000
FINISHED WRITING RESTART COORDINATES
WRITING VELOCITIES TO RESTART FILE AT STEP 1300000
FINISHED WRITING RESTART VELOCITIES
PRESSURE: 1400000 -548.272 295.716 -282.523 295.717 -1226.55 -748.029 -282.527 -748.028 -1491.07
GPRESSURE: 1400000 -624.226 395.611 -242.17 256.34 -1073.41 -573.413 -278.833 -550.516 -1271.64
PRESSAVG: 1400000 232.774 -5.46768 -103.51 -5.46768 74.2196 -42.8889 -103.51 -42.8889 -62.5059
GPRESSAVG: 1400000 250.73 -61.8674 -78.0978 90.1106 209.84 0.0176564 -98.1085 -25.6053 -9.74161
ENERGY: 1400000         3.6264         8.8821         7.7197         0.0000         -10477.3546      1283.7709         0.0000         0.0000      1741.5011          -7431.8544       297.3747     -9173.3555     -7391.6515       301.6081          -1088.6309      -989.7593     30000.3833        27.6287        97.5066
FEP:    1400000        20.2283    -10477.5243      1283.2573

WRITING EXTENDED SYSTEM TO RESTART FILE AT STEP 1400000
WRITING COORDINATES TO DCD FILE mobley_6456034_prod.dcd AT STEP 1400000
WRITING COORDINATES TO RESTART FILE AT STEP 1400000
FINISHED WRITING RESTART COORDINATES
WRITING VELOCITIES TO RESTART FILE AT STEP 1400000
FINISHED WRITING RESTART VELOCITIES
PRESSURE: 1500000 273.719 -385.715 -306.895 -385.715 503.744 -156.098 -306.894 -156.096 -193.331
GPRESSURE: 1500000 123.937 -387.818 -375.734 -261.653 784.739 48.1185 -825.899 -222.316 -150.324
PRESSAVG: 1500000 270.917 -26.2826 -143.446 -26.2826 88.0998 -40.0741 -143.446 -40.0741 -72.0644
GPRESSAVG: 1500000 281.959 -81.947 -113.008 77.9174 228.603 3.42951 -162.882 -23.9655 -23.9546
ENERGY: 1500000         2.4459        10.7435         6.5079         0.0000         -10629.0991      1442.5981         0.0000         0.0000      1808.9482          -7357.8556       308.8918     -9166.8038     -7389.5393       302.0634            194.7106       252.7840     30115.9848        38.0713       107.2114
FEP:    1500000        19.6973    -10629.5105      1442.1488

WRITING EXTENDED SYSTEM TO RESTART FILE AT STEP 1500000
WRITING COORDINATES TO DCD FILE mobley_6456034_prod.dcd AT STEP 1500000
WRITING COORDINATES TO RESTART FILE AT STEP 1500000
FINISHED WRITING RESTART COORDINATES
WRITING VELOCITIES TO RESTART FILE AT STEP 1500000
FINISHED WRITING RESTART VELOCITIES
TCL: Running FEP window  15: Lambda1 0.7000000000000001 Lambda2 0.7500000000000001 [dLambda 0.050000000000000044]
TCL: Setting parameter firsttimestep to 0
TCL: Setting parameter alchLambda to 0.7000000000000001
Info: NONBONDED TABLE R-SQUARED SPACING: 0.0625
Info: NONBONDED TABLE SIZE: 705 POINTS
Info: INCONSISTENCY IN FAST TABLE ENERGY VS FORCE: 0.000290481 AT 0.251946
Info: INCONSISTENCY IN SCOR TABLE ENERGY VS FORCE: 0.000238233 AT 8.9687
Info: ABSOLUTE IMPRECISION IN VDWA TABLE ENERGY: 1.21169e-27 AT 8.99653
Info: ABSOLUTE IMPRECISION IN VDWA TABLE FORCE: 2.57484e-27 AT 8.99653
Info: INCONSISTENCY IN VDWA TABLE ENERGY VS FORCE: 0.0040507 AT 0.251946
Info: INCONSISTENCY IN VDWB TABLE ENERGY VS FORCE: 0.00150189 AT 0.251946
TCL: Setting parameter alchLambda2 to 0.7500000000000001
Info: NONBONDED TABLE R-SQUARED SPACING: 0.0625
Info: NONBONDED TABLE SIZE: 705 POINTS
Info: INCONSISTENCY IN FAST TABLE ENERGY VS FORCE: 0.000290481 AT 0.251946
Info: INCONSISTENCY IN SCOR TABLE ENERGY VS FORCE: 0.000238233 AT 8.9687
Info: ABSOLUTE IMPRECISION IN VDWA TABLE ENERGY: 1.21169e-27 AT 8.99653
Info: ABSOLUTE IMPRECISION IN VDWA TABLE FORCE: 2.57484e-27 AT 8.99653
Info: INCONSISTENCY IN VDWA TABLE ENERGY VS FORCE: 0.0040507 AT 0.251946
Info: INCONSISTENCY IN VDWB TABLE ENERGY VS FORCE: 0.00150189 AT 0.251946
TCL: Running for 1500000 steps
FEP: RESETTING FOR NEW FEP WINDOW LAMBDA SET TO 0.7 LAMBDA2 0.75
FEP: WINDOW TO HAVE 100000 STEPS OF EQUILIBRATION PRIOR TO FEP DATA COLLECTION.
FEP: USING CONSTANT TEMPERATURE OF 300 K FOR FEP CALCULATION
PRESSURE: 0 213.041 -389.372 -326.996 -389.37 491.56 -124.019 -326.997 -124.019 -155.841
GPRESSURE: 0 134.334 -394.147 -377.342 -266.237 796.924 52.5423 -827.201 -219.135 -142.524
ETITLE:      TS           BOND          ANGLE          DIHED          IMPRP               ELECT            VDW       BOUNDARY           MISC        KINETIC               TOTAL           TEMP      POTENTIAL       TOTALAVG        TEMPAVG            PRESSURE      GPRESSURE         VOLUME       PRESSAVG      GPRESSAVG
FEPTITLE:    TS          BOND2         ELECT2           VDW2

ENERGY:       0         2.4460        10.7435         6.5079         0.0000         -10629.5095      1442.1486         0.0000         0.0000      1808.0992          -7359.5643       308.7468     -9167.6635     -7359.5643       308.7468            182.9199       262.9114     30115.9848       182.9199       262.9114
FEP:          0        19.6974    -10629.9208      1442.0560

PRESSURE: 100000 314.407 -255.091 205.195 -255.09 -0.781909 37.5441 205.194 37.5443 -268.15
GPRESSURE: 100000 -45.772 -175.226 353.444 -603.015 119.744 29.3778 -34.8332 377.884 42.6321
PRESSAVG: 100000 287.282 -65.9906 -82.8979 -65.9906 84.3211 -19.3181 -82.8979 -19.3181 -71.2737
GPRESSAVG: 100000 277.933 -106.227 -47.2742 28.5337 240.021 14.7668 -169.292 11.5153 -19.5054
ENERGY:  100000         4.3118        10.3552         4.3404         0.0000         -10607.2215      1423.1209         0.0000         0.0000      1740.6296          -7424.4636       297.2259     -9165.0932     -7392.0140       302.9864             15.1582        38.8682     30039.3881        99.0390       150.8898
FEP:     100000        19.0074    -10608.3306      1423.8484

WRITING EXTENDED SYSTEM TO RESTART FILE AT STEP 100000
WRITING COORDINATES TO DCD FILE mobley_6456034_prod.dcd AT STEP 100000
WRITING COORDINATES TO RESTART FILE AT STEP 100000
FINISHED WRITING RESTART COORDINATES
WRITING VELOCITIES TO RESTART FILE AT STEP 100000
FINISHED WRITING RESTART VELOCITIES
PRESSURE: 200000 -156.859 -189.179 -119.727 -189.181 -142.565 233.427 -119.728 233.429 -1110.89
GPRESSURE: 200000 -139.607 -133.406 186.792 -201.532 -204.265 749.406 -444.399 -134.827 -921.774
PRESSAVG: 200000 250.972 -66.1495 -97.1702 -66.1495 66.1774 -6.10786 -97.1702 -6.10786 -129.771
GPRESSAVG: 200000 236.132 -98.2165 -54.5341 12.3184 216.154 62.935 -195.656 12.5785 -66.0466
ENERGY:  200000         1.5057        13.5002         4.1887         0.0000         -10591.4610      1379.1349         0.0000         0.0000      1785.0893          -7408.0421       304.8177     -9193.1314     -7397.3567       303.5968           -470.1063      -421.8818     30514.5862       -90.6761       -40.0341
FEP:     200000        19.1947    -10591.4626      1378.8283

WRITING EXTENDED SYSTEM TO RESTART FILE AT STEP 200000
WRITING COORDINATES TO DCD FILE mobley_6456034_prod.dcd AT STEP 200000
WRITING COORDINATES TO RESTART FILE AT STEP 200000
FINISHED WRITING RESTART COORDINATES
WRITING VELOCITIES TO RESTART FILE AT STEP 200000
FINISHED WRITING RESTART VELOCITIES
PRESSURE: 300000 -225.782 -39.743 -24.5813 -39.7428 -269.364 169.991 -24.5821 169.992 -440.277
GPRESSURE: 300000 -112.976 -240.529 -64.7019 9.45221 -259.227 41.7845 119.068 281.178 -417.969
PRESSAVG: 300000 201.196 -82.1739 -80.8323 -82.1739 32.8175 -5.85174 -80.8323 -5.85174 -230.218
GPRESSAVG: 300000 194.521 -121.807 -37.4576 -12.8776 163.552 44.4839 -178.878 16.7868 -158.29
ENERGY:  300000         3.2693        12.3313         6.9064         0.0000         -10588.5676      1395.3427         0.0000         0.0000      1724.3608          -7446.3572       294.4479     -9170.7179     -7409.6068       301.3096           -311.8076      -263.3904     30186.1412      -145.9590       -95.8732
FEP:     300000        22.5069    -10589.2314      1395.3682

WRITING EXTENDED SYSTEM TO RESTART FILE AT STEP 300000
WRITING COORDINATES TO DCD FILE mobley_6456034_prod.dcd AT STEP 300000
WRITING COORDINATES TO RESTART FILE AT STEP 300000
FINISHED WRITING RESTART COORDINATES
WRITING VELOCITIES TO RESTART FILE AT STEP 300000
FINISHED WRITING RESTART VELOCITIES
PRESSURE: 400000 95.5207 251.804 -67.2625 251.802 188.35 -106.411 -67.2583 -106.413 -76.1622
GPRESSURE: 400000 251.708 114.008 122.475 -249.99 294.029 78.9236 -124.152 152.791 -119.703
PRESSAVG: 400000 164.315 -86.7299 -65.9457 -86.7299 24.3956 -21.7182 -65.9457 -21.7182 -311.392
GPRESSAVG: 400000 170.778 -127.933 -10.9708 -51.2959 138.484 28.0803 -174.187 14.769 -235.705
ENERGY:  400000         4.9531        11.1433         3.2932         0.0000         -10688.7948      1436.1857         0.0000         0.0000      1766.9740          -7466.2455       301.7244     -9233.2196     -7420.9345       301.3925             69.2362       142.0115     29740.3299      -102.9199       -48.2962
FEP:     400000        19.3895    -10690.1747      1437.1162

WRITING EXTENDED SYSTEM TO RESTART FILE AT STEP 400000
WRITING COORDINATES TO DCD FILE mobley_6456034_prod.dcd AT STEP 400000
WRITING COORDINATES TO RESTART FILE AT STEP 400000
FINISHED WRITING RESTART COORDINATES
WRITING VELOCITIES TO RESTART FILE AT STEP 400000
FINISHED WRITING RESTART VELOCITIES
PRESSURE: 500000 -766.663 -330.497 301.842 -330.498 -905.136 166.459 301.846 166.458 -253.789
GPRESSURE: 500000 -586.018 -384.047 662.709 -346.519 -873.172 189.201 -199.95 236.442 -401.8
PRESSAVG: 500000 164.64 -94.393 -73.4475 -94.393 -63.0558 -24.3414 -73.4475 -24.3414 -303.605
GPRESSAVG: 500000 177.313 -125.164 -7.16377 -66.9645 55.3861 44.7179 -194.047 3.84971 -242.861
ENERGY:  500000         3.4761        10.0547         4.3664         0.0000         -10491.6318      1334.4452         0.0000         0.0000      1759.9797          -7379.3096       300.5301     -9139.2893     -7413.9971       301.2488           -641.8631      -620.3301     30142.6982      -192.7438      -143.6352
FEP:     500000        17.8973    -10492.6075      1334.0400

WRITING EXTENDED SYSTEM TO RESTART FILE AT STEP 500000
WRITING COORDINATES TO DCD FILE mobley_6456034_prod.dcd AT STEP 500000
WRITING COORDINATES TO RESTART FILE AT STEP 500000
FINISHED WRITING RESTART COORDINATES
WRITING VELOCITIES TO RESTART FILE AT STEP 500000
FINISHED WRITING RESTART VELOCITIES
PRESSURE: 600000 -294.039 -1022.76 -101.336 -1022.76 297.607 426.498 -101.334 426.499 -85.4149
GPRESSURE: 600000 -156.853 -1201.33 -64.3873 -947.273 613.035 56.8642 -211.653 265.336 -242.899
PRESSAVG: 600000 124.382 -131.32 -88.9542 -131.32 -72.2944 25.4952 -88.9542 25.4952 -281.791
GPRESSAVG: 600000 158.302 -150.849 -15.9338 -107.97 50.1992 70.9853 -220.27 36.6468 -237.744
ENERGY:  600000         2.6931         8.4717         5.2460         0.0000         -10685.6070      1427.5545         0.0000         0.0000      1799.1420          -7442.4998       307.2173     -9241.6418     -7418.0689       302.1014            -27.2822        71.0941     29709.4364      -169.1064      -112.9596
FEP:     600000        16.4107    -10685.9084      1426.8895

WRITING EXTENDED SYSTEM TO RESTART FILE AT STEP 600000
WRITING COORDINATES TO DCD FILE mobley_6456034_prod.dcd AT STEP 600000
WRITING COORDINATES TO RESTART FILE AT STEP 600000
FINISHED WRITING RESTART COORDINATES
WRITING VELOCITIES TO RESTART FILE AT STEP 600000
FINISHED WRITING RESTART VELOCITIES
PRESSURE: 700000 -943.415 278.016 -549.517 278.015 -715.631 487.595 -549.515 487.597 -421.948
GPRESSURE: 700000 -697.71 28.8591 -194.534 731.398 -705.621 446.492 -637.062 417.675 -286.118
PRESSAVG: 700000 32.9592 -120.112 -130.747 -120.112 -81.0189 46.568 -130.747 46.568 -325.012
GPRESSAVG: 700000 77.3803 -154.751 -45.4172 -71.3045 25.9777 96.6022 -286.175 59.1864 -266.878
ENERGY:  700000         3.2318        11.7897         6.3161         0.0000         -10540.9729      1347.7979         0.0000         0.0000      1733.6733          -7438.1640       296.0380     -9171.8373     -7420.5808       301.3435           -693.6645      -563.1499     30392.9342      -234.6762      -169.2334
FEP:     700000        21.3376    -10541.8990      1348.0073

WRITING EXTENDED SYSTEM TO RESTART FILE AT STEP 700000
WRITING COORDINATES TO DCD FILE mobley_6456034_prod.dcd AT STEP 700000
WRITING COORDINATES TO RESTART FILE AT STEP 700000
FINISHED WRITING RESTART COORDINATES
WRITING VELOCITIES TO RESTART FILE AT STEP 700000
FINISHED WRITING RESTART VELOCITIES
PRESSURE: 800000 -671.572 569.264 266.691 569.262 537.71 297.509 266.692 297.508 -231.108
GPRESSURE: 800000 -663.255 443.986 55.0336 299.999 570.161 355.697 249.731 308.535 -184.071
PRESSAVG: 800000 -19.5389 -62.7696 -126.336 -62.7696 -58.6823 62.3261 -126.336 62.3261 -312.001
GPRESSAVG: 800000 29.106 -110.68 -56.3391 -36.1869 39.9729 98.9691 -273.06 90.7695 -258.72
ENERGY:  800000         2.5851        15.0066         6.0200         0.0000         -10506.7502      1383.8055         0.0000         0.0000      1723.8011          -7375.5319       294.3523     -9099.3330     -7415.5753       300.5667           -121.6565       -92.3885     30329.4106      -222.1184      -160.6951
FEP:     800000        23.6117    -10507.5491      1383.7364

WRITING EXTENDED SYSTEM TO RESTART FILE AT STEP 800000
WRITING COORDINATES TO DCD FILE mobley_6456034_prod.dcd AT STEP 800000
WRITING COORDINATES TO RESTART FILE AT STEP 800000
FINISHED WRITING RESTART COORDINATES
WRITING VELOCITIES TO RESTART FILE AT STEP 800000
FINISHED WRITING RESTART VELOCITIES
PRESSURE: 900000 445.066 12.6265 -387.637 12.6267 24.2035 355.247 -387.637 355.25 -143.169
GPRESSURE: 900000 485.284 -230.766 -335.736 -295.707 47.7751 396.549 -585.571 369.837 89.8332
PRESSAVG: 900000 -32.413 -73.7129 -120.955 -73.7129 -39.5089 85.6499 -120.955 85.6499 -299.907
GPRESSAVG: 900000 16.5459 -130.145 -51.4235 -64.1025 53.1464 142.448 -279.471 81.726 -226.857
ENERGY:  900000         2.9045        10.9992         3.9394         0.0000         -10589.1115      1414.3483         0.0000         0.0000      1773.5009          -7383.4193       302.8389     -9156.9202     -7412.3597       300.7939            108.7002       207.6308     29979.9942      -189.0366      -123.8625
FEP:     900000        17.8430    -10590.1085      1414.8322

WRITING EXTENDED SYSTEM TO RESTART FILE AT STEP 900000
WRITING COORDINATES TO DCD FILE mobley_6456034_prod.dcd AT STEP 900000
WRITING COORDINATES TO RESTART FILE AT STEP 900000
FINISHED WRITING RESTART COORDINATES
WRITING VELOCITIES TO RESTART FILE AT STEP 900000
FINISHED WRITING RESTART VELOCITIES
PRESSURE: 1000000 -83.6703 -157.037 -310.788 -157.037 -702.644 -59.9018 -310.786 -59.9051 -118.265
GPRESSURE: 1000000 165.816 237.604 -123.483 -384.282 -805.578 9.87252 -385.013 300.9 -16.8454
PRESSAVG: 1000000 -78.7238 -76.7212 -104.067 -76.7212 -96.4762 69.3342 -104.067 69.3342 -320.873
GPRESSAVG: 1000000 -23.8427 -113.83 -37.3086 -71.3962 -9.43166 125.974 -249.185 88.6275 -237.474
TIMING: 1000000  CPU: 8758.96, 0.000396248/step  Wall: 8801.2, 0.000398215/step, 433.936 ns/days, 0.0553077 hours remaining, 0.000000 MB of memory in use.
PERFORMANCE: 1000000  averaging 432.006 ns/day, 0.000399995 sec/step with standard deviation 1.49288e-06
ETITLE:      TS           BOND          ANGLE          DIHED          IMPRP               ELECT            VDW       BOUNDARY           MISC        KINETIC               TOTAL           TEMP      POTENTIAL       TOTALAVG        TEMPAVG            PRESSURE      GPRESSURE         VOLUME       PRESSAVG      GPRESSAVG
FEPTITLE:    TS          BOND2         ELECT2           VDW2

ENERGY: 1000000         1.6973        12.9159         4.2575         0.0000         -10532.9078      1378.6846         0.0000         0.0000      1830.9177          -7304.4349       312.6433     -9135.3526     -7402.5484       301.8711           -301.5264      -218.8692     30596.8037      -199.2629      -132.4995
FEP:    1000000        18.8707    -10533.8173      1378.8225

WRITING EXTENDED SYSTEM TO RESTART FILE AT STEP 1000000
WRITING COORDINATES TO DCD FILE mobley_6456034_prod.dcd AT STEP 1000000
WRITING COORDINATES TO RESTART FILE AT STEP 1000000
FINISHED WRITING RESTART COORDINATES
WRITING VELOCITIES TO RESTART FILE AT STEP 1000000
FINISHED WRITING RESTART VELOCITIES
PRESSURE: 1100000 -802.452 542.798 -66.6186 542.799 -313.576 -275.652 -66.6161 -275.654 -199.528
GPRESSURE: 1100000 -552.402 195.083 -109.082 857.544 -488.487 -31.7636 271.689 -278.271 -203.14
PRESSAVG: 1100000 -159.351 -42.8102 -100.066 -42.8102 -150.662 29.3749 -100.066 29.3749 -299.981
GPRESSAVG: 1100000 -90.8255 -91.4178 -40.1901 -41.0181 -91.301 101.388 -213.707 56.2209 -225.191
ENERGY: 1100000         2.9051        10.6455         4.0258         0.0000         -10601.1290      1374.1979         0.0000         0.0000      1792.3403          -7417.0145       306.0559     -9209.3547     -7403.7539       302.2199           -438.5185      -414.6761     30157.2182      -219.2009      -156.0142
FEP:    1100000        17.5764    -10601.5926      1374.5078

WRITING EXTENDED SYSTEM TO RESTART FILE AT STEP 1100000
WRITING COORDINATES TO DCD FILE mobley_6456034_prod.dcd AT STEP 1100000
WRITING COORDINATES TO RESTART FILE AT STEP 1100000
FINISHED WRITING RESTART COORDINATES
WRITING VELOCITIES TO RESTART FILE AT STEP 1100000
FINISHED WRITING RESTART VELOCITIES
PRESSURE: 1200000 445.666 134.244 -364.091 134.242 74.9717 -697.385 -364.091 -697.385 1209.81
GPRESSURE: 1200000 504.51 275.503 -307.212 -62.5431 -5.8523 -1066.28 -405.582 -617.198 1182.16
PRESSAVG: 1200000 -148.155 -34.0103 -119.587 -34.0103 -177.108 -12.5093 -119.587 -12.5093 -223.342
GPRESSAVG: 1200000 -81.2203 -76.1432 -64.1364 -46.5445 -110.621 37.7367 -223.868 18.2594 -157.686
ENERGY: 1200000         2.1062        10.3687         3.4263         0.0000         -10617.1660      1480.1493         0.0000         0.0000      1811.3179          -7309.7976       309.2964     -9121.1155     -7396.5265       302.7642            576.8171       560.2731     30418.1402      -157.9687      -100.9152
FEP:    1200000        15.9012    -10618.1042      1480.2918

WRITING EXTENDED SYSTEM TO RESTART FILE AT STEP 1200000
WRITING COORDINATES TO DCD FILE mobley_6456034_prod.dcd AT STEP 1200000
WRITING COORDINATES TO RESTART FILE AT STEP 1200000
FINISHED WRITING RESTART COORDINATES
WRITING VELOCITIES TO RESTART FILE AT STEP 1200000
FINISHED WRITING RESTART VELOCITIES
PRESSURE: 1300000 -659.389 -269.241 -189.642 -269.24 51.0214 329.132 -189.642 329.132 -106.992
GPRESSURE: 1300000 -847.809 -153.779 14.7458 -259.738 317.913 474.976 -478.246 161.378 114.057
PRESSAVG: 1300000 -150.665 -84.8906 -109.333 -84.8906 -148.001 -7.93678 -109.333 -7.93678 -186.937
GPRESSAVG: 1300000 -98.4123 -103.789 -38.2136 -98.1665 -63.1624 59.6768 -232.288 10.8993 -120.982
ENERGY: 1300000         2.8036        11.6747         3.2095         0.0000         -10622.2830      1423.8986         0.0000         0.0000      1716.9963          -7463.7003       293.1903     -9180.6966     -7401.3246       302.0804           -238.4530      -138.6129     30531.3652      -163.7176      -103.6079
FEP:    1300000        17.6877    -10622.9789      1423.4634

WRITING EXTENDED SYSTEM TO RESTART FILE AT STEP 1300000
WRITING COORDINATES TO DCD FILE mobley_6456034_prod.dcd AT STEP 1300000
WRITING COORDINATES TO RESTART FILE AT STEP 1300000
FINISHED WRITING RESTART COORDINATES
WRITING VELOCITIES TO RESTART FILE AT STEP 1300000
FINISHED WRITING RESTART VELOCITIES
PRESSURE: 1400000 -216.09 102.005 470.562 102.006 -289.813 316.243 470.561 316.245 -49.4802
GPRESSURE: 1400000 68.7809 90.0627 232.006 18.0565 -260.816 385.437 409.131 -36.4794 -183.281
PRESSAVG: 1400000 -156.984 -76.0682 -71.3077 -76.0682 -91.1368 24.1882 -71.3077 24.1882 -209.183
GPRESSAVG: 1400000 -94.407 -100.829 -26.4026 -97.6102 -18.047 93.3066 -189.628 33.8333 -144.143
ENERGY: 1400000         3.0095        14.3890         3.4464         0.0000         -10518.9286      1374.1672         0.0000         0.0000      1794.9574          -7328.9591       306.5028     -9123.9165     -7396.5003       302.3752           -185.1275      -125.1056     30366.2293      -165.1449      -105.0410
FEP:    1400000        20.8449    -10519.2914      1375.0293

WRITING EXTENDED SYSTEM TO RESTART FILE AT STEP 1400000
WRITING COORDINATES TO DCD FILE mobley_6456034_prod.dcd AT STEP 1400000
WRITING COORDINATES TO RESTART FILE AT STEP 1400000
FINISHED WRITING RESTART COORDINATES
WRITING VELOCITIES TO RESTART FILE AT STEP 1400000
FINISHED WRITING RESTART VELOCITIES
PRESSURE: 1500000 -224.507 -281.382 -204.919 -281.381 -433.914 598.68 -204.916 598.682 -790.124
GPRESSURE: 1500000 -440.989 -326.687 -198.962 -318.208 -374.264 563.174 -206.325 658.485 -661.666
PRESSAVG: 1500000 -201.492 -62.7949 -100.365 -62.7949 -127.081 54.517 -100.365 54.517 -244.044
GPRESSAVG: 1500000 -157.163 -90.7924 -47.1184 -110.797 -53.0313 126.512 -218.396 51.7652 -178.529
ENERGY: 1500000         3.1074        14.6962         3.9614         0.0000         -10602.7699      1376.7100         0.0000         0.0000      1804.5158          -7399.7792       308.1349     -9204.2950     -7396.7052       302.7352           -482.8480      -492.3066     30469.9215      -185.0014      -129.2451
FEP:    1500000        21.7650    -10603.8929      1376.7216

WRITING EXTENDED SYSTEM TO RESTART FILE AT STEP 1500000
WRITING COORDINATES TO DCD FILE mobley_6456034_prod.dcd AT STEP 1500000
WRITING COORDINATES TO RESTART FILE AT STEP 1500000
FINISHED WRITING RESTART COORDINATES
WRITING VELOCITIES TO RESTART FILE AT STEP 1500000
FINISHED WRITING RESTART VELOCITIES
TCL: Running FEP window  16: Lambda1 0.7500000000000001 Lambda2 0.8000000000000002 [dLambda 0.050000000000000044]
TCL: Setting parameter firsttimestep to 0
TCL: Setting parameter alchLambda to 0.7500000000000001
Info: NONBONDED TABLE R-SQUARED SPACING: 0.0625
Info: NONBONDED TABLE SIZE: 705 POINTS
Info: INCONSISTENCY IN FAST TABLE ENERGY VS FORCE: 0.000290481 AT 0.251946
Info: INCONSISTENCY IN SCOR TABLE ENERGY VS FORCE: 0.000238233 AT 8.9687
Info: ABSOLUTE IMPRECISION IN VDWA TABLE ENERGY: 1.21169e-27 AT 8.99653
Info: ABSOLUTE IMPRECISION IN VDWA TABLE FORCE: 2.57484e-27 AT 8.99653
Info: INCONSISTENCY IN VDWA TABLE ENERGY VS FORCE: 0.0040507 AT 0.251946
Info: INCONSISTENCY IN VDWB TABLE ENERGY VS FORCE: 0.00150189 AT 0.251946
TCL: Setting parameter alchLambda2 to 0.8000000000000002
Info: NONBONDED TABLE R-SQUARED SPACING: 0.0625
Info: NONBONDED TABLE SIZE: 705 POINTS
Info: INCONSISTENCY IN FAST TABLE ENERGY VS FORCE: 0.000290481 AT 0.251946
Info: INCONSISTENCY IN SCOR TABLE ENERGY VS FORCE: 0.000238233 AT 8.9687
Info: ABSOLUTE IMPRECISION IN VDWA TABLE ENERGY: 1.21169e-27 AT 8.99653
Info: ABSOLUTE IMPRECISION IN VDWA TABLE FORCE: 2.57484e-27 AT 8.99653
Info: INCONSISTENCY IN VDWA TABLE ENERGY VS FORCE: 0.0040507 AT 0.251946
Info: INCONSISTENCY IN VDWB TABLE ENERGY VS FORCE: 0.00150189 AT 0.251946
TCL: Running for 1500000 steps
FEP: RESETTING FOR NEW FEP WINDOW LAMBDA SET TO 0.75 LAMBDA2 0.8
FEP: WINDOW TO HAVE 100000 STEPS OF EQUILIBRATION PRIOR TO FEP DATA COLLECTION.
FEP: USING CONSTANT TEMPERATURE OF 300 K FOR FEP CALCULATION
PRESSURE: 0 -346.992 -266.882 -153.031 -266.881 -523.363 662.605 -153.027 662.607 -810.358
GPRESSURE: 0 -433.216 -326.404 -201.774 -311.914 -362.673 563.264 -213.138 663.945 -641.439
ETITLE:      TS           BOND          ANGLE          DIHED          IMPRP               ELECT            VDW       BOUNDARY           MISC        KINETIC               TOTAL           TEMP      POTENTIAL       TOTALAVG        TEMPAVG            PRESSURE      GPRESSURE         VOLUME       PRESSAVG      GPRESSAVG
FEPTITLE:    TS          BOND2         ELECT2           VDW2

ENERGY:       0         3.1074        14.6962         3.9614         0.0000         -10603.8932      1376.7215         0.0000         0.0000      1803.6243          -7401.7825       307.9827     -9205.4068     -7401.7825       307.9827           -560.2378      -479.1096     30469.9215      -560.2378      -479.1096
FEP:          0        21.7649    -10605.0161      1377.3016

PRESSURE: 100000 382.951 341.447 458.66 341.45 -294.416 14.2471 458.66 14.2525 -322.563
GPRESSURE: 100000 325.431 384.395 389.67 608.699 -422.611 176.007 665.81 -115.93 41.026
PRESSAVG: 100000 -188.467 -52.9487 -87.6299 -52.9487 -182.43 96.3847 -87.6299 96.3847 -302.932
GPRESSAVG: 100000 -162.052 -89.4514 -28.9121 -86.3561 -114.583 147.311 -207.121 100.986 -218.774
ENERGY:  100000         2.9847        11.9509         4.2273         0.0000         -10569.3261      1421.0262         0.0000         0.0000      1755.8933          -7373.2436       299.8323     -9129.1369     -7387.5130       303.9075            -78.0096       -18.7178     30361.6187      -319.1237      -248.9137
FEP:     100000        19.1629    -10570.8238      1422.0159

WRITING EXTENDED SYSTEM TO RESTART FILE AT STEP 100000
WRITING COORDINATES TO DCD FILE mobley_6456034_prod.dcd AT STEP 100000
WRITING COORDINATES TO RESTART FILE AT STEP 100000
FINISHED WRITING RESTART COORDINATES
WRITING VELOCITIES TO RESTART FILE AT STEP 100000
FINISHED WRITING RESTART VELOCITIES
PRESSURE: 200000 717.12 -57.9951 305.847 -57.9958 -1242.56 -146.867 305.848 -146.869 -702.263
GPRESSURE: 200000 493.482 197.492 186.613 -294.626 -957.043 -40.8504 420.149 -630.629 -684.415
PRESSAVG: 200000 -125.197 -70.6343 -58.2112 -70.6343 -183.23 126.443 -58.2112 126.443 -263.492
GPRESSAVG: 200000 -106.166 -99.3573 -7.47297 -113.904 -108.764 173.94 -172.172 96.9799 -189.413
ENERGY:  200000         5.3071        10.7130         2.7051         0.0000         -10653.0071      1407.7018         0.0000         0.0000      1737.2704          -7489.3097       296.6523     -9226.5801     -7421.4453       301.4891           -409.2331      -382.6584     30343.4262      -349.1602      -293.4952
FEP:     200000        18.7252    -10653.9202      1407.9381

WRITING EXTENDED SYSTEM TO RESTART FILE AT STEP 200000
WRITING COORDINATES TO DCD FILE mobley_6456034_prod.dcd AT STEP 200000
WRITING COORDINATES TO RESTART FILE AT STEP 200000
FINISHED WRITING RESTART COORDINATES
WRITING VELOCITIES TO RESTART FILE AT STEP 200000
FINISHED WRITING RESTART VELOCITIES
PRESSURE: 300000 -761.468 -351.171 -904.31 -351.17 209.512 -512.105 -904.311 -512.104 25.0014
GPRESSURE: 300000 -669.824 -290.221 -860.632 -543.609 278.391 -501.076 -940.506 -387.749 40.4272
PRESSAVG: 300000 -176.956 -68.907 -88.082 -68.907 -197.941 108.642 -88.082 108.642 -252.576
GPRESSAVG: 300000 -145.854 -94.4774 -31.7179 -128.002 -134.082 146.48 -177.903 88.7083 -179.875
ENERGY:  300000         4.3221         7.6816         5.0416         0.0000         -10661.3102      1438.1650         0.0000         0.0000      1712.6310          -7493.4689       292.4449     -9206.0999     -7439.4512       299.2280           -175.6518      -117.0019     30330.9002      -305.7831      -249.3719
FEP:     300000        17.0454    -10662.0118      1438.0524

WRITING EXTENDED SYSTEM TO RESTART FILE AT STEP 300000
WRITING COORDINATES TO DCD FILE mobley_6456034_prod.dcd AT STEP 300000
WRITING COORDINATES TO RESTART FILE AT STEP 300000
FINISHED WRITING RESTART COORDINATES
WRITING VELOCITIES TO RESTART FILE AT STEP 300000
FINISHED WRITING RESTART VELOCITIES
PRESSURE: 400000 15.3197 -0.508693 102.597 -0.508976 -666.631 -644.322 102.596 -644.323 -351.639
GPRESSURE: 400000 188.663 -296.102 207.654 -4.81998 -739.327 -757.996 -46.6304 -546.848 -328.149
PRESSAVG: 400000 -186.842 -49.464 -66.6024 -49.464 -255.851 82.6271 -66.6024 82.6271 -262.366
GPRESSAVG: 400000 -143.138 -89.5752 -2.46804 -114.931 -210.894 105.953 -138.874 72.3226 -189.157
ENERGY:  400000         1.1243         8.6129         4.8961         0.0000         -10627.6900      1384.3323         0.0000         0.0000      1785.1867          -7443.5376       304.8344     -9228.7244     -7440.2685       300.3493           -334.3168      -292.9376     30103.8889      -311.4898      -258.0850
FEP:     400000        14.6333    -10628.3628      1385.5528

WRITING EXTENDED SYSTEM TO RESTART FILE AT STEP 400000
WRITING COORDINATES TO DCD FILE mobley_6456034_prod.dcd AT STEP 400000
WRITING COORDINATES TO RESTART FILE AT STEP 400000
FINISHED WRITING RESTART COORDINATES
WRITING VELOCITIES TO RESTART FILE AT STEP 400000
FINISHED WRITING RESTART VELOCITIES
PRESSURE: 500000 53.0931 -101.85 -380.326 -101.848 -604.118 131.987 -380.323 131.985 83.2281
GPRESSURE: 500000 117.979 165.388 -679.231 -318.709 -478.113 136.933 -59.547 294.046 125.854
PRESSAVG: 500000 -199.908 -41.8019 -95.8782 -41.8019 -286.018 87.3491 -95.8782 87.3491 -244.797
GPRESSAVG: 500000 -134.95 -72.5445 -54.1018 -100.716 -240.787 111.331 -140.11 68.1308 -184.995
ENERGY:  500000         0.7557        11.4438         3.0421         0.0000         -10651.0911      1427.0808         0.0000         0.0000      1829.6714          -7379.0973       312.4305     -9208.7687     -7430.0733       302.3628           -155.9322       -78.0934     30418.1250      -285.5635      -228.0864
FEP:     500000        15.2415    -10652.1654      1427.7354

WRITING EXTENDED SYSTEM TO RESTART FILE AT STEP 500000
WRITING COORDINATES TO DCD FILE mobley_6456034_prod.dcd AT STEP 500000
WRITING COORDINATES TO RESTART FILE AT STEP 500000
FINISHED WRITING RESTART COORDINATES
WRITING VELOCITIES TO RESTART FILE AT STEP 500000
FINISHED WRITING RESTART VELOCITIES
PRESSURE: 600000 63.951 245.129 -53.8419 245.127 -281.218 74.8222 -53.845 74.8197 -162.703
GPRESSURE: 600000 411.21 360.483 -220.646 -85.0087 -343.663 137.043 242.584 184.312 -183.933
PRESSAVG: 600000 -188.868 -20.0865 -92.5841 -20.0865 -292.95 79.4187 -92.5841 79.4187 -197.387
GPRESSAVG: 600000 -107.409 -47.8501 -74.4737 -94.8899 -247.757 80.7125 -105.761 84.0877 -148.103
ENERGY:  600000         3.2324         7.5632         6.9507         0.0000         -10476.1583      1363.6314         0.0000         0.0000      1790.3050          -7304.4756       305.7083     -9094.7806     -7412.1307       302.8408           -126.6567       -38.7955     30150.0530      -262.8626      -201.0449
FEP:     600000        17.7463    -10476.9174      1363.8320

WRITING EXTENDED SYSTEM TO RESTART FILE AT STEP 600000
WRITING COORDINATES TO DCD FILE mobley_6456034_prod.dcd AT STEP 600000
WRITING COORDINATES TO RESTART FILE AT STEP 600000
FINISHED WRITING RESTART COORDINATES
WRITING VELOCITIES TO RESTART FILE AT STEP 600000
FINISHED WRITING RESTART VELOCITIES
PRESSURE: 700000 -461.377 536.784 -237.457 536.783 -16.7886 264.095 -237.456 264.098 -82.0524
GPRESSURE: 700000 -158.74 701.652 -296.682 750.39 -126.496 139.652 -99.3061 298.541 -243.299
PRESSAVG: 700000 -200.647 8.73975 -103.228 8.73975 -280.321 84.124 -103.228 84.124 -179.476
GPRESSAVG: 700000 -109.698 -0.741009 -86.0727 -57.843 -241.121 85.6059 -116.679 84.9559 -139.37
ENERGY:  700000         2.2312        10.4741         3.4760         0.0000         -10551.0788      1377.5258         0.0000         0.0000      1731.2669          -7426.1049       295.6271     -9157.3718     -7413.8775       301.9391           -186.7393      -176.1785     30307.5860      -253.3472      -197.9366
FEP:     700000        16.1812    -10551.6745      1377.4297

WRITING EXTENDED SYSTEM TO RESTART FILE AT STEP 700000
WRITING COORDINATES TO DCD FILE mobley_6456034_prod.dcd AT STEP 700000
WRITING COORDINATES TO RESTART FILE AT STEP 700000
FINISHED WRITING RESTART COORDINATES
WRITING VELOCITIES TO RESTART FILE AT STEP 700000
FINISHED WRITING RESTART VELOCITIES
PRESSURE: 800000 558.866 68.2575 288.353 68.2571 675.007 -49.0068 288.356 -49.0066 285.6
GPRESSURE: 800000 385.922 -151.898 345.676 132.72 493.602 -87.1207 121.188 -69.9916 586.271
PRESSAVG: 800000 -177.48 -0.437501 -85.4471 -0.437501 -255.989 86.9943 -85.4471 86.9943 -161.388
GPRESSAVG: 800000 -102.987 -14.0363 -74.9126 -38.7074 -231.142 77.3037 -104.412 73.8168 -104.071
ENERGY:  800000         1.9660        12.7626         4.7919         0.0000         -10642.0342      1424.0695         0.0000         0.0000      1746.8108          -7451.6334       298.2814     -9198.4442     -7418.0726       301.5326            506.4911       488.5982     29672.7827      -168.9207      -121.6549
FEP:     800000        19.5205    -10643.4214      1423.9114

WRITING EXTENDED SYSTEM TO RESTART FILE AT STEP 800000
WRITING COORDINATES TO DCD FILE mobley_6456034_prod.dcd AT STEP 800000
WRITING COORDINATES TO RESTART FILE AT STEP 800000
FINISHED WRITING RESTART COORDINATES
WRITING VELOCITIES TO RESTART FILE AT STEP 800000
FINISHED WRITING RESTART VELOCITIES
PRESSURE: 900000 -283.985 5.71384 -633.997 5.71493 -152.799 -697.45 -634.001 -697.452 -708.387
GPRESSURE: 900000 -36.8466 -48.8071 -359.466 -155.144 -164.746 -768.843 -515.675 -562.653 -461.158
PRESSAVG: 900000 -153.346 16.3731 -132.239 16.3731 -218.372 43.7988 -132.239 43.7988 -184.118
GPRESSAVG: 900000 -75.5283 2.72571 -126.021 -29.1387 -195.721 29.4015 -120.199 33.862 -107.039
ENERGY:  900000         3.6245        13.1205         5.0664         0.0000         -10465.5317      1347.3489         0.0000         0.0000      1763.5369          -7332.8344       301.1375     -9096.3714     -7409.5488       301.4931           -381.7237      -220.9168     30343.9577      -190.2010      -131.5811
FEP:     900000        21.8115    -10466.5015      1346.6845

WRITING EXTENDED SYSTEM TO RESTART FILE AT STEP 900000
WRITING COORDINATES TO DCD FILE mobley_6456034_prod.dcd AT STEP 900000
WRITING COORDINATES TO RESTART FILE AT STEP 900000
FINISHED WRITING RESTART COORDINATES
WRITING VELOCITIES TO RESTART FILE AT STEP 900000
FINISHED WRITING RESTART VELOCITIES
PRESSURE: 1000000 -388.583 -31.6394 -188.108 -31.6402 -763.612 -233.297 -188.106 -233.299 -1290.51
GPRESSURE: 1000000 -175.66 80.1884 -217.906 322.257 -957.164 -252.821 -211.349 -38.1782 -1100.99
PRESSAVG: 1000000 -158.073 65.929 -136.578 65.929 -271.433 10.8089 -136.578 10.8089 -244.372
GPRESSAVG: 1000000 -76.4686 66.8015 -133.697 34.3378 -274.231 13.9172 -120.183 18.6863 -149.944
TIMING: 1000000  CPU: 9353.15, 0.000396073/step  Wall: 9398.39, 0.000397992/step, 434.18 ns/days, 0.0552766 hours remaining, 0.000000 MB of memory in use.
PERFORMANCE: 1000000  averaging 432.141 ns/day, 0.000399869 sec/step with standard deviation 1.52672e-06
ETITLE:      TS           BOND          ANGLE          DIHED          IMPRP               ELECT            VDW       BOUNDARY           MISC        KINETIC               TOTAL           TEMP      POTENTIAL       TOTALAVG        TEMPAVG            PRESSURE      GPRESSURE         VOLUME       PRESSAVG      GPRESSAVG
FEPTITLE:    TS          BOND2         ELECT2           VDW2

ENERGY: 1000000         4.6280         9.5061         4.0396         0.0000         -10486.3535      1333.8657         0.0000         0.0000      1764.7021          -7369.6119       301.3364     -9134.3140     -7405.9182       301.4789           -814.2354      -744.6046     30630.3747      -246.9314      -187.3105
FEP:    1000000        18.1737    -10487.5696      1334.5887

WRITING EXTENDED SYSTEM TO RESTART FILE AT STEP 1000000
WRITING COORDINATES TO DCD FILE mobley_6456034_prod.dcd AT STEP 1000000
WRITING COORDINATES TO RESTART FILE AT STEP 1000000
FINISHED WRITING RESTART COORDINATES
WRITING VELOCITIES TO RESTART FILE AT STEP 1000000
FINISHED WRITING RESTART VELOCITIES
PRESSURE: 1100000 1515.82 -39.5524 -200.663 -39.5518 884.465 -156.224 -200.663 -156.223 1541
GPRESSURE: 1100000 1530.79 -30.1569 -281.747 -181.57 1026.63 -247.705 232.65 61.7161 1489.83
PRESSAVG: 1100000 -35.1113 50.0507 -119.135 50.0507 -191.428 -21.3821 -119.135 -21.3821 -146.225
GPRESSAVG: 1100000 34.9563 63.8507 -138.058 -11.3107 -187.618 -20.7926 -76.6978 0.8884 -61.1462
ENERGY: 1100000         2.7887        12.2651         4.7151         0.0000         -10904.2000      1602.0863         0.0000         0.0000      1726.1305          -7556.2142       294.7500     -9282.3446     -7418.4428       300.9181           1313.7642      1349.0830     29592.6245      -116.8734       -59.2777
FEP:    1100000        19.7690    -10905.4888      1603.7741

WRITING EXTENDED SYSTEM TO RESTART FILE AT STEP 1100000
WRITING COORDINATES TO DCD FILE mobley_6456034_prod.dcd AT STEP 1100000
WRITING COORDINATES TO RESTART FILE AT STEP 1100000
FINISHED WRITING RESTART COORDINATES
WRITING VELOCITIES TO RESTART FILE AT STEP 1100000
FINISHED WRITING RESTART VELOCITIES
PRESSURE: 1200000 872.372 -139.647 -255.558 -139.646 488.752 143.723 -255.556 143.722 -239.226
GPRESSURE: 1200000 1059.65 -513.354 -539.044 -183.027 409.755 107.903 -218.678 69.7012 -58.0002
PRESSAVG: 1200000 42.0858 14.6053 -145.248 14.6053 -193.876 -29.0714 -145.248 -29.0714 -146.631
GPRESSAVG: 1200000 121.101 15.9837 -167.762 -35.4619 -195.639 -33.1823 -100.118 -11.0533 -54.8426
ENERGY: 1200000         2.2813         8.8008         3.7190         0.0000         -10577.7907      1441.9653         0.0000         0.0000      1751.0373          -7369.9871       299.0031     -9121.0243     -7414.7155       300.7708            373.9655       470.4666     30175.3230       -79.1166       -18.5282
FEP:    1200000        14.8011    -10579.0616      1443.4443

WRITING EXTENDED SYSTEM TO RESTART FILE AT STEP 1200000
WRITING COORDINATES TO DCD FILE mobley_6456034_prod.dcd AT STEP 1200000
WRITING COORDINATES TO RESTART FILE AT STEP 1200000
FINISHED WRITING RESTART COORDINATES
WRITING VELOCITIES TO RESTART FILE AT STEP 1200000
FINISHED WRITING RESTART VELOCITIES
PRESSURE: 1300000 -103.488 271.219 -88.7484 271.217 -44.3994 347.572 -88.7488 347.573 507.405
GPRESSURE: 1300000 252.696 301.259 12.6473 148.772 -128.623 360.026 -106.457 169.263 470.138
PRESSAVG: 1300000 14.6581 27.5348 -130.303 27.5348 -197.306 -29.4553 -130.303 -29.4553 -114.102
GPRESSAVG: 1300000 109.472 42.585 -150.343 -13.238 -204.459 -35.0084 -76.1626 -21.082 -35.8274
ENERGY: 1300000         1.7163        11.2136         4.2260         0.0000         -10677.6716      1462.3522         0.0000         0.0000      1753.7095          -7444.4540       299.4594     -9198.1634     -7416.8396       300.6772            119.8392       198.0702     30418.2047       -64.9055        -3.0568
FEP:    1300000        17.1559    -10679.0179      1462.3154

WRITING EXTENDED SYSTEM TO RESTART FILE AT STEP 1300000
WRITING COORDINATES TO DCD FILE mobley_6456034_prod.dcd AT STEP 1300000
WRITING COORDINATES TO RESTART FILE AT STEP 1300000
FINISHED WRITING RESTART COORDINATES
WRITING VELOCITIES TO RESTART FILE AT STEP 1300000
FINISHED WRITING RESTART VELOCITIES
PRESSURE: 1400000 -685.021 -154.548 -136.027 -154.548 13.6433 59.372 -136.029 59.3718 -599.149
GPRESSURE: 1400000 -628.466 -143.387 108.885 -417.496 -226.867 -85.1407 -637.014 416.372 -379.803
PRESSAVG: 1400000 -15.4094 27.6592 -121.566 27.6592 -161.492 -23.4914 -121.566 -23.4914 -138.146
GPRESSAVG: 1400000 69.7579 23.5354 -138.724 -14.8986 -175.523 -39.7591 -88.7626 -15.3084 -53.9753
ENERGY: 1400000         3.3798         8.3928         4.2075         0.0000         -10492.5007      1343.9428         0.0000         0.0000      1756.1945          -7376.3834       299.8837     -9132.5779     -7414.1426       300.6243           -423.5092      -411.7119     30384.6061       -88.8124       -30.3005
FEP:    1400000        15.9801    -10493.5107      1344.2141

WRITING EXTENDED SYSTEM TO RESTART FILE AT STEP 1400000
WRITING COORDINATES TO DCD FILE mobley_6456034_prod.dcd AT STEP 1400000
WRITING COORDINATES TO RESTART FILE AT STEP 1400000
FINISHED WRITING RESTART COORDINATES
WRITING VELOCITIES TO RESTART FILE AT STEP 1400000
FINISHED WRITING RESTART VELOCITIES
PRESSURE: 1500000 -402 324.201 -367.201 324.2 -302.17 97.7796 -367.2 97.7794 -81.6487
GPRESSURE: 1500000 -186.08 380.361 -423.243 348.15 -262.502 -245.664 -359.738 412.606 -111.976
PRESSAVG: 1500000 4.6131 16.7292 -136.595 16.7292 -160.921 -4.81971 -136.595 -4.81971 -132.252
GPRESSAVG: 1500000 88.074 32.7993 -154.432 -40.3683 -164.224 -50.4541 -120.334 19.2354 -49.4171
ENERGY: 1500000         3.6050        12.8471         3.6050         0.0000         -10528.0736      1389.0679         0.0000         0.0000      1734.4090          -7384.5397       296.1637     -9118.9487     -7412.2924       300.3455           -261.9396      -186.8528     30443.1010       -99.6328       -40.0850
FEP:    1500000        20.0571    -10529.2591      1390.8293

WRITING EXTENDED SYSTEM TO RESTART FILE AT STEP 1500000
WRITING COORDINATES TO DCD FILE mobley_6456034_prod.dcd AT STEP 1500000
WRITING COORDINATES TO RESTART FILE AT STEP 1500000
FINISHED WRITING RESTART COORDINATES
WRITING VELOCITIES TO RESTART FILE AT STEP 1500000
FINISHED WRITING RESTART VELOCITIES
TCL: Running FEP window  17: Lambda1 0.8000000000000002 Lambda2 0.8500000000000002 [dLambda 0.050000000000000044]
TCL: Setting parameter firsttimestep to 0
TCL: Setting parameter alchLambda to 0.8000000000000002
Info: NONBONDED TABLE R-SQUARED SPACING: 0.0625
Info: NONBONDED TABLE SIZE: 705 POINTS
Info: INCONSISTENCY IN FAST TABLE ENERGY VS FORCE: 0.000290481 AT 0.251946
Info: INCONSISTENCY IN SCOR TABLE ENERGY VS FORCE: 0.000238233 AT 8.9687
Info: ABSOLUTE IMPRECISION IN VDWA TABLE ENERGY: 1.21169e-27 AT 8.99653
Info: ABSOLUTE IMPRECISION IN VDWA TABLE FORCE: 2.57484e-27 AT 8.99653
Info: INCONSISTENCY IN VDWA TABLE ENERGY VS FORCE: 0.0040507 AT 0.251946
Info: INCONSISTENCY IN VDWB TABLE ENERGY VS FORCE: 0.00150189 AT 0.251946
TCL: Setting parameter alchLambda2 to 0.8500000000000002
Info: NONBONDED TABLE R-SQUARED SPACING: 0.0625
Info: NONBONDED TABLE SIZE: 705 POINTS
Info: INCONSISTENCY IN FAST TABLE ENERGY VS FORCE: 0.000290481 AT 0.251946
Info: INCONSISTENCY IN SCOR TABLE ENERGY VS FORCE: 0.000238233 AT 8.9687
Info: ABSOLUTE IMPRECISION IN VDWA TABLE ENERGY: 1.21169e-27 AT 8.99653
Info: ABSOLUTE IMPRECISION IN VDWA TABLE FORCE: 2.57484e-27 AT 8.99653
Info: INCONSISTENCY IN VDWA TABLE ENERGY VS FORCE: 0.0040507 AT 0.251946
Info: INCONSISTENCY IN VDWB TABLE ENERGY VS FORCE: 0.00150189 AT 0.251946
TCL: Running for 1500000 steps
FEP: RESETTING FOR NEW FEP WINDOW LAMBDA SET TO 0.8 LAMBDA2 0.85
FEP: WINDOW TO HAVE 100000 STEPS OF EQUILIBRATION PRIOR TO FEP DATA COLLECTION.
FEP: USING CONSTANT TEMPERATURE OF 300 K FOR FEP CALCULATION
PRESSURE: 0 -341.193 262.853 -359.555 262.853 -270.889 52.0871 -359.556 52.0894 -106.109
GPRESSURE: 0 -141.656 368.794 -432.708 332.875 -231.391 -235.213 -377.28 427.829 -94.4921
ETITLE:      TS           BOND          ANGLE          DIHED          IMPRP               ELECT            VDW       BOUNDARY           MISC        KINETIC               TOTAL           TEMP      POTENTIAL       TOTALAVG        TEMPAVG            PRESSURE      GPRESSURE         VOLUME       PRESSAVG      GPRESSAVG
FEPTITLE:    TS          BOND2         ELECT2           VDW2

ENERGY:       0         3.6050        12.8471         3.6050         0.0000         -10529.2592      1390.8295         0.0000         0.0000      1733.4725          -7384.9002       296.0038     -9118.3727     -7384.9002       296.0038           -239.3968      -155.8462     30443.1010      -239.3968      -155.8462
FEP:          0        20.0571    -10530.4446      1393.9473

PRESSURE: 100000 -496.806 312.127 221.925 312.127 -428.886 -49.1364 221.924 -49.1356 -556.524
GPRESSURE: 100000 -476.714 368.465 102.564 394.307 -507.561 209.217 399.697 -338.608 -507.686
PRESSAVG: 100000 -26.6007 52.2281 -115.79 52.2281 -202.21 13.7407 -115.79 13.7407 -220.525
GPRESSAVG: 100000 74.3204 63.5761 -156.316 12.1048 -216.774 -22.1886 -75.0217 46.4875 -144.337
ENERGY:  100000         5.9096         8.7345         5.2574         0.0000         -10568.4777      1380.5927         0.0000         0.0000      1724.3547          -7443.6289       294.4468     -9167.9836     -7414.2645       295.2253           -494.0721      -497.3205     30443.8428      -366.7345      -326.5833
FEP:     100000        19.9015    -10569.3262      1380.8755

WRITING EXTENDED SYSTEM TO RESTART FILE AT STEP 100000
WRITING COORDINATES TO DCD FILE mobley_6456034_prod.dcd AT STEP 100000
WRITING COORDINATES TO RESTART FILE AT STEP 100000
FINISHED WRITING RESTART COORDINATES
WRITING VELOCITIES TO RESTART FILE AT STEP 100000
FINISHED WRITING RESTART VELOCITIES
PRESSURE: 200000 -98.0841 480.881 2.99674 480.879 124.963 -236.553 2.99615 -236.55 -986.789
GPRESSURE: 200000 180.536 611.416 30.9586 270.827 55.9077 -312.617 106.582 -18.8865 -986.947
PRESSAVG: 200000 -20.7004 71.1717 -139.168 71.1717 -181.471 -13.8991 -139.168 -13.8991 -267.391
GPRESSAVG: 200000 79.9082 89.6437 -166.369 24.7433 -200.938 -57.0914 -90.1491 47.3671 -184.52
ENERGY:  200000         2.2088        13.4279         4.2774         0.0000         -10499.8907      1395.5424         0.0000         0.0000      1678.6666          -7405.7676       286.6452     -9084.4343     -7411.4322       292.3653           -319.9699      -250.1678     30774.2824      -351.1463      -301.1115
FEP:     200000        19.9140    -10501.2150      1395.1567

WRITING EXTENDED SYSTEM TO RESTART FILE AT STEP 200000
WRITING COORDINATES TO DCD FILE mobley_6456034_prod.dcd AT STEP 200000
WRITING COORDINATES TO RESTART FILE AT STEP 200000
FINISHED WRITING RESTART COORDINATES
WRITING VELOCITIES TO RESTART FILE AT STEP 200000
FINISHED WRITING RESTART VELOCITIES
PRESSURE: 300000 169.234 654.775 339.228 654.775 -426.694 -124.379 339.226 -124.379 -1170.3
GPRESSURE: 300000 92.0091 594.056 273.223 389.333 -289.724 44.6369 403.619 -95.9101 -1116.74
PRESSAVG: 300000 -1.01339 117.98 -111.961 117.98 -181.11 -50.0522 -111.961 -50.0522 -286.399
GPRESSAVG: 300000 106.558 135.681 -142.759 60.1204 -196.711 -83.0182 -59.652 9.64738 -207.274
ENERGY:  300000         2.1017        12.5886         5.0877         0.0000         -10490.6379      1370.6612         0.0000         0.0000      1697.2631          -7402.9357       289.8207     -9100.1987     -7409.3081       291.7291           -475.9197      -438.1510     30723.3020      -382.3396      -335.3714
FEP:     300000        19.7780    -10491.8754      1370.6897

WRITING EXTENDED SYSTEM TO RESTART FILE AT STEP 300000
WRITING COORDINATES TO DCD FILE mobley_6456034_prod.dcd AT STEP 300000
WRITING COORDINATES TO RESTART FILE AT STEP 300000
FINISHED WRITING RESTART COORDINATES
WRITING VELOCITIES TO RESTART FILE AT STEP 300000
FINISHED WRITING RESTART VELOCITIES
PRESSURE: 400000 -201.608 381.109 -143.415 381.108 -37.2246 298.188 -143.416 298.188 683.448
GPRESSURE: 400000 -0.247497 507.833 -243.513 304.093 154.275 363.378 -88.1315 165.061 588.733
PRESSAVG: 400000 6.25579 150.379 -111.48 150.379 -156.803 -68.2731 -111.48 -68.2731 -211.709
GPRESSAVG: 400000 128.207 177.393 -144.846 90.9207 -170.864 -93.0125 -53.4016 -15.2968 -145.765
ENERGY:  400000         3.6781        13.4215         5.4511         0.0000         -10613.7759      1408.2893         0.0000         0.0000      1755.5757          -7427.3601       299.7780     -9182.9358     -7412.9185       293.3389            148.2049       247.5869     29597.4857      -276.2307      -218.7797
FEP:     400000        22.5507    -10615.6372      1409.9269

WRITING EXTENDED SYSTEM TO RESTART FILE AT STEP 400000
WRITING COORDINATES TO DCD FILE mobley_6456034_prod.dcd AT STEP 400000
WRITING COORDINATES TO RESTART FILE AT STEP 400000
FINISHED WRITING RESTART COORDINATES
WRITING VELOCITIES TO RESTART FILE AT STEP 400000
FINISHED WRITING RESTART VELOCITIES
PRESSURE: 500000 292.83 -430.545 352.395 -430.545 -653.867 -50.0377 352.395 -50.0366 -509.752
GPRESSURE: 500000 490.207 -536.323 459.158 -457.274 -512.542 -359.549 223.662 29.7348 -705.357
PRESSAVG: 500000 1.74976 111.779 -116.794 111.779 -174.776 -71.4875 -116.794 -71.4875 -221.068
GPRESSAVG: 500000 136.445 131.357 -141.372 37.6221 -175.36 -119.79 -75.509 -8.01359 -183.084
ENERGY:  500000         2.0526        12.3526         4.8937         0.0000         -10536.7819      1382.6475         0.0000         0.0000      1739.7503          -7395.0851       297.0757     -9134.8354     -7409.9463       293.9617           -290.2632      -242.5638     30553.6633      -278.5695      -222.7437
FEP:     500000        19.2990    -10537.6589      1382.2283

WRITING EXTENDED SYSTEM TO RESTART FILE AT STEP 500000
WRITING COORDINATES TO DCD FILE mobley_6456034_prod.dcd AT STEP 500000
WRITING COORDINATES TO RESTART FILE AT STEP 500000
FINISHED WRITING RESTART COORDINATES
WRITING VELOCITIES TO RESTART FILE AT STEP 500000
FINISHED WRITING RESTART VELOCITIES
PRESSURE: 600000 1175.36 -349.202 165.7 -349.202 633.041 367.778 165.7 367.78 -103.537
GPRESSURE: 600000 1114.46 -375.49 20.6448 -572.301 709.181 34.4245 174.317 366.944 -123.519
PRESSAVG: 600000 24.6617 97.219 -123.801 97.219 -80.9957 -45.7551 -123.801 -45.7551 -191.132
GPRESSAVG: 600000 167.494 102.708 -149.67 23.7383 -92.0491 -116.027 -87.8006 41.8651 -155.04
ENERGY:  600000         3.3895        10.8475         6.3192         0.0000         -10580.4055      1450.4788         0.0000         0.0000      1711.4341          -7397.9364       292.2405     -9109.3705     -7408.2306       293.7158            568.2877       566.7078     30261.6464      -157.5899      -109.9650
FEP:     600000        20.5562    -10581.8583      1451.5278

WRITING EXTENDED SYSTEM TO RESTART FILE AT STEP 600000
WRITING COORDINATES TO DCD FILE mobley_6456034_prod.dcd AT STEP 600000
WRITING COORDINATES TO RESTART FILE AT STEP 600000
FINISHED WRITING RESTART COORDINATES
WRITING VELOCITIES TO RESTART FILE AT STEP 600000
FINISHED WRITING RESTART VELOCITIES
PRESSURE: 700000 847.948 -176.418 24.9644 -176.417 917.964 766.345 24.966 766.346 638.28
GPRESSURE: 700000 858.753 -352.95 196.611 -254.929 922.463 1020.62 62.6357 553.902 591.478
PRESSAVG: 700000 105.133 105.957 -77.3371 105.957 -45.573 18.1674 -77.3371 18.1674 -160.468
GPRESSAVG: 700000 243.923 99.5713 -96.8082 38.1723 -59.8455 -39.9418 -37.6435 88.9476 -127.487
ENERGY:  700000         3.7706        19.5445         4.7298         0.0000         -10725.1646      1508.5057         0.0000         0.0000      1725.0554          -7463.5586       294.5665     -9188.6140     -7415.1466       293.8222            801.3973       790.8981     29862.5147       -37.7165         2.6429
FEP:     700000        28.0449    -10725.6769      1507.7699

WRITING EXTENDED SYSTEM TO RESTART FILE AT STEP 700000
WRITING COORDINATES TO DCD FILE mobley_6456034_prod.dcd AT STEP 700000
WRITING COORDINATES TO RESTART FILE AT STEP 700000
FINISHED WRITING RESTART COORDINATES
WRITING VELOCITIES TO RESTART FILE AT STEP 700000
FINISHED WRITING RESTART VELOCITIES
PRESSURE: 800000 -82.9422 -395.472 130.341 -395.473 310.316 293.298 130.341 293.294 104.514
GPRESSURE: 800000 40.9721 -560.579 208.146 -423.732 519.633 451.862 -30.6653 116.44 153.276
PRESSAVG: 800000 100.219 86.2084 -75.9499 86.2084 3.27428 65.0482 -75.9499 65.0482 -137.661
GPRESSAVG: 800000 236.538 86.3474 -96.7836 17.2267 3.10253 20.5511 -36.8453 122.112 -103.416
ENERGY:  800000         2.9818        12.0095         3.6878         0.0000         -10645.8430      1443.7690         0.0000         0.0000      1758.2356          -7425.1594       300.2322     -9183.3950     -7416.2591       294.5344            110.6291       237.9604     29940.4880       -21.2336        28.7893
FEP:     800000        18.6791    -10647.1346      1443.6813

WRITING EXTENDED SYSTEM TO RESTART FILE AT STEP 800000
WRITING COORDINATES TO DCD FILE mobley_6456034_prod.dcd AT STEP 800000
WRITING COORDINATES TO RESTART FILE AT STEP 800000
FINISHED WRITING RESTART COORDINATES
WRITING VELOCITIES TO RESTART FILE AT STEP 800000
FINISHED WRITING RESTART VELOCITIES
PRESSURE: 900000 709.254 -40.3968 437.615 -40.3958 -31.4859 224.703 437.614 224.702 124.728
GPRESSURE: 900000 887.095 -58.3658 480.885 -78.4669 172.903 -131.076 521.449 250.453 90.561
PRESSAVG: 900000 133.027 89.281 -35.053 89.281 31.9059 69.6841 -35.053 69.6841 -135.586
GPRESSAVG: 900000 274.994 75.1597 -38.7778 29.2388 35.6533 7.15064 -7.79547 119.932 -105.18
ENERGY:  900000         3.3479        10.2106         3.2633         0.0000         -10620.2160      1455.5915         0.0000         0.0000      1753.7913          -7394.0115       299.4733     -9147.8028     -7414.0343       295.0283            267.4989       383.5198     30267.2006         7.6396        64.2624
FEP:     900000        16.8217    -10621.0645      1455.0583

WRITING EXTENDED SYSTEM TO RESTART FILE AT STEP 900000
WRITING COORDINATES TO DCD FILE mobley_6456034_prod.dcd AT STEP 900000
WRITING COORDINATES TO RESTART FILE AT STEP 900000
FINISHED WRITING RESTART COORDINATES
WRITING VELOCITIES TO RESTART FILE AT STEP 900000
FINISHED WRITING RESTART VELOCITIES
PRESSURE: 1000000 -14.0192 -267.276 57.0013 -267.274 710.512 244.053 57.002 244.054 -89.7638
GPRESSURE: 1000000 377.161 122.686 -27.3177 -335.34 784.452 -19.355 353.685 498.607 -170.982
PRESSAVG: 1000000 129.129 63.661 -29.5107 63.661 81.4924 78.1458 -29.5107 78.1458 -131.939
GPRESSAVG: 1000000 273.292 63.2699 -29.1114 16.7223 92.0591 -0.669278 -2.24043 135.647 -104.533
TIMING: 1000000  CPU: 9947.55, 0.000396455/step  Wall: 9995.91, 0.000398531/step, 433.593 ns/days, 0.0553515 hours remaining, 0.000000 MB of memory in use.
PERFORMANCE: 1000000  averaging 432.226 ns/day, 0.000399791 sec/step with standard deviation 1.51347e-06
ETITLE:      TS           BOND          ANGLE          DIHED          IMPRP               ELECT            VDW       BOUNDARY           MISC        KINETIC               TOTAL           TEMP      POTENTIAL       TOTALAVG        TEMPAVG            PRESSURE      GPRESSURE         VOLUME       PRESSAVG      GPRESSAVG
FEPTITLE:    TS          BOND2         ELECT2           VDW2

ENERGY: 1000000         2.4813        12.9382         4.2767         0.0000         -10533.0609      1430.6976         0.0000         0.0000      1774.0293          -7308.6377       302.9291     -9082.6670     -7404.4528       295.7465            202.2431       330.2103     30694.9028        25.3308        88.4394
FEP:    1000000        19.6962    -10533.8854      1429.8442

WRITING EXTENDED SYSTEM TO RESTART FILE AT STEP 1000000
WRITING COORDINATES TO DCD FILE mobley_6456034_prod.dcd AT STEP 1000000
WRITING COORDINATES TO RESTART FILE AT STEP 1000000
FINISHED WRITING RESTART COORDINATES
WRITING VELOCITIES TO RESTART FILE AT STEP 1000000
FINISHED WRITING RESTART VELOCITIES
PRESSURE: 1100000 139.004 -518.095 -91.9283 -518.097 425.866 429.629 -91.9304 429.631 680.745
GPRESSURE: 1100000 339.321 -450.269 -37.6546 -464.607 448.673 502.223 -305.04 327.641 596.157
PRESSAVG: 1100000 159.148 10.917 -22.2344 10.917 103.625 86.4224 -22.2344 86.4224 -93.7987
GPRESSAVG: 1100000 298.195 5.67385 -16.16 -44.0276 120.818 17.4593 -12.5271 137.102 -62.56
ENERGY: 1100000         1.8235         8.1452         3.8635         0.0000         -10609.1529      1466.4567         0.0000         0.0000      1739.8689          -7388.9951       297.0960     -9128.8640     -7403.1647       295.8590            415.2053       461.3839     30258.1869        57.8204       119.5181
FEP:    1100000        13.8321    -10609.6896      1466.5320

WRITING EXTENDED SYSTEM TO RESTART FILE AT STEP 1100000
WRITING COORDINATES TO DCD FILE mobley_6456034_prod.dcd AT STEP 1100000
WRITING COORDINATES TO RESTART FILE AT STEP 1100000
FINISHED WRITING RESTART COORDINATES
WRITING VELOCITIES TO RESTART FILE AT STEP 1100000
FINISHED WRITING RESTART VELOCITIES
PRESSURE: 1200000 11.1061 542.682 190.793 542.681 -562.496 419.501 190.794 419.5 14.072
GPRESSURE: 1200000 92.9966 277.014 262.909 361.725 -691.222 528.04 495.406 249.549 217.273
PRESSAVG: 1200000 131.76 34.6383 -27.1125 34.6383 41.75 109.848 -27.1125 109.848 -107.375
GPRESSAVG: 1200000 283.549 27.1194 -20.2984 -32.5774 61.5764 48.2173 6.18378 153.079 -81.0099
ENERGY: 1200000         4.1085         8.2669         4.5268         0.0000         -10502.2767      1388.7531         0.0000         0.0000      1749.6634          -7346.9581       298.7685     -9096.6215     -7398.8411       296.0828           -179.1060      -126.9841     30323.0195        39.5953       100.5564
FEP:    1200000        16.9021    -10503.7664      1390.4922

WRITING EXTENDED SYSTEM TO RESTART FILE AT STEP 1200000
WRITING COORDINATES TO DCD FILE mobley_6456034_prod.dcd AT STEP 1200000
WRITING COORDINATES TO RESTART FILE AT STEP 1200000
FINISHED WRITING RESTART COORDINATES
WRITING VELOCITIES TO RESTART FILE AT STEP 1200000
FINISHED WRITING RESTART VELOCITIES
PRESSURE: 1300000 119.143 -121.115 268.437 -121.114 -652.328 34.7694 268.437 34.77 -252.927
GPRESSURE: 1300000 385.022 -560.818 -313.398 331.516 -625.421 255.501 509.662 116.939 -266.913
PRESSAVG: 1300000 151.916 28.2968 18.0094 28.2968 16.7736 146.459 18.0094 146.459 -84.6021
GPRESSAVG: 1300000 304.642 1.51888 -17.995 -8.24439 38.5426 99.4345 57.4506 187.059 -71.2976
ENERGY: 1300000         2.7119        11.8741         3.4127         0.0000         -10569.7319      1379.4280         0.0000         0.0000      1696.5323          -7475.7729       289.6959     -9172.3052     -7404.3362       295.6266           -262.0371      -169.1040     29936.6900        18.0501        81.2950
FEP:    1300000        17.9987    -10569.8783      1378.8902

WRITING EXTENDED SYSTEM TO RESTART FILE AT STEP 1300000
WRITING COORDINATES TO DCD FILE mobley_6456034_prod.dcd AT STEP 1300000
WRITING COORDINATES TO RESTART FILE AT STEP 1300000
FINISHED WRITING RESTART COORDINATES
WRITING VELOCITIES TO RESTART FILE AT STEP 1300000
FINISHED WRITING RESTART VELOCITIES
PRESSURE: 1400000 -337.778 319.185 20.5633 319.185 -452.574 397.894 20.5634 397.892 896.327
GPRESSURE: 1400000 -285.999 128.896 -186.042 380.724 -477.353 258.734 201.785 445.365 1037.1
PRESSAVG: 1400000 154.457 45.8381 28.4429 45.8381 32.3255 178.018 28.4429 178.018 24.7399
GPRESSAVG: 1400000 299.125 3.95427 -16.4018 -5.32103 62.5332 125.012 78.1073 211.236 35.6067
ENERGY: 1400000         0.5818        13.9949         3.0301         0.0000         -10550.9728      1387.6544         0.0000         0.0000      1765.1816          -7380.5300       301.4183     -9145.7116     -7402.7492       296.0127             35.3252        91.2484     29974.9393        19.2018        81.9585
FEP:    1400000        17.6068    -10552.2705      1387.3416

WRITING EXTENDED SYSTEM TO RESTART FILE AT STEP 1400000
WRITING COORDINATES TO DCD FILE mobley_6456034_prod.dcd AT STEP 1400000
WRITING COORDINATES TO RESTART FILE AT STEP 1400000
FINISHED WRITING RESTART COORDINATES
WRITING VELOCITIES TO RESTART FILE AT STEP 1400000
FINISHED WRITING RESTART VELOCITIES
PRESSURE: 1500000 -43.5366 147.429 149.796 147.428 -347.652 -255.419 149.796 -255.423 -219.826
GPRESSURE: 1500000 33.6236 133.103 87.9014 226.088 -395.294 -411.415 -90.7165 -57.9424 60.6683
PRESSAVG: 1500000 76.4886 55.187 45.9659 55.187 -29.2803 173.058 45.9659 173.058 -63.3015
GPRESSAVG: 1500000 224.267 12.1172 2.08056 15.0619 -8.56285 116.827 61.939 205.253 -35.8515
ENERGY: 1500000         0.9833        16.8019         3.3663         0.0000         -10600.5236      1393.3604         0.0000         0.0000      1681.9383          -7504.0735       287.2039     -9186.0118     -7409.0819       295.4622           -203.6713      -100.3340     30106.7955         5.2722        70.5653
FEP:    1500000        21.1515    -10601.3729      1394.7333

WRITING EXTENDED SYSTEM TO RESTART FILE AT STEP 1500000
WRITING COORDINATES TO DCD FILE mobley_6456034_prod.dcd AT STEP 1500000
WRITING COORDINATES TO RESTART FILE AT STEP 1500000
FINISHED WRITING RESTART COORDINATES
WRITING VELOCITIES TO RESTART FILE AT STEP 1500000
FINISHED WRITING RESTART VELOCITIES
TCL: Running FEP window  18: Lambda1 0.8500000000000002 Lambda2 0.9000000000000002 [dLambda 0.050000000000000044]
TCL: Setting parameter firsttimestep to 0
TCL: Setting parameter alchLambda to 0.8500000000000002
Info: NONBONDED TABLE R-SQUARED SPACING: 0.0625
Info: NONBONDED TABLE SIZE: 705 POINTS
Info: INCONSISTENCY IN FAST TABLE ENERGY VS FORCE: 0.000290481 AT 0.251946
Info: INCONSISTENCY IN SCOR TABLE ENERGY VS FORCE: 0.000238233 AT 8.9687
Info: ABSOLUTE IMPRECISION IN VDWA TABLE ENERGY: 1.21169e-27 AT 8.99653
Info: ABSOLUTE IMPRECISION IN VDWA TABLE FORCE: 2.57484e-27 AT 8.99653
Info: INCONSISTENCY IN VDWA TABLE ENERGY VS FORCE: 0.0040507 AT 0.251946
Info: INCONSISTENCY IN VDWB TABLE ENERGY VS FORCE: 0.00150189 AT 0.251946
TCL: Setting parameter alchLambda2 to 0.9000000000000002
Info: NONBONDED TABLE R-SQUARED SPACING: 0.0625
Info: NONBONDED TABLE SIZE: 705 POINTS
Info: INCONSISTENCY IN FAST TABLE ENERGY VS FORCE: 0.000290481 AT 0.251946
Info: INCONSISTENCY IN SCOR TABLE ENERGY VS FORCE: 0.000238233 AT 8.9687
Info: ABSOLUTE IMPRECISION IN VDWA TABLE ENERGY: 1.21169e-27 AT 8.99653
Info: ABSOLUTE IMPRECISION IN VDWA TABLE FORCE: 2.57484e-27 AT 8.99653
Info: INCONSISTENCY IN VDWA TABLE ENERGY VS FORCE: 0.0040507 AT 0.251946
Info: INCONSISTENCY IN VDWB TABLE ENERGY VS FORCE: 0.00150189 AT 0.251946
TCL: Running for 1500000 steps
FEP: RESETTING FOR NEW FEP WINDOW LAMBDA SET TO 0.85 LAMBDA2 0.9
FEP: WINDOW TO HAVE 100000 STEPS OF EQUILIBRATION PRIOR TO FEP DATA COLLECTION.
FEP: USING CONSTANT TEMPERATURE OF 300 K FOR FEP CALCULATION
PRESSURE: 0 -14.1311 138.878 135.661 138.878 -330.417 -300.717 135.662 -300.719 -112.226
GPRESSURE: 0 79.8113 127.229 62.4617 220.564 -365.241 -414.317 -112.471 -62.2443 85.9001
ETITLE:      TS           BOND          ANGLE          DIHED          IMPRP               ELECT            VDW       BOUNDARY           MISC        KINETIC               TOTAL           TEMP      POTENTIAL       TOTALAVG        TEMPAVG            PRESSURE      GPRESSURE         VOLUME       PRESSAVG      GPRESSAVG
FEPTITLE:    TS          BOND2         ELECT2           VDW2

ENERGY:       0         0.9833        16.8019         3.3663         0.0000         -10601.3721      1394.7338         0.0000         0.0000      1681.0644          -7504.4224       287.0547     -9185.4868     -7504.4224       287.0547           -152.2582       -66.5099     30106.7955      -152.2582       -66.5099
FEP:          0        21.1515    -10602.2213      1397.2558

PRESSURE: 100000 266.213 -852.244 -522.858 -852.243 -478.182 442.613 -522.858 442.609 172.533
GPRESSURE: 100000 255.676 -562.832 -653.1 -846.945 -328.216 237.515 -355.521 414.682 42.8393
PRESSAVG: 100000 50.6485 12.9403 43.8213 12.9403 -91.9279 155.588 43.8213 155.588 -73.6952
GPRESSAVG: 100000 175.424 0.941876 -1.13149 -14.5444 -57.2923 84.5902 54.7962 210.927 -50.0214
ENERGY:  100000         2.7040         9.3675         3.4961         0.0000         -10637.5609      1428.7484         0.0000         0.0000      1772.6277          -7420.6172       302.6898     -9193.2449     -7462.5198       294.8722            -13.1457        -9.9005     30312.8138       -82.7019       -38.2052
FEP:     100000        15.5676    -10638.8034      1431.1889

WRITING EXTENDED SYSTEM TO RESTART FILE AT STEP 100000
WRITING COORDINATES TO DCD FILE mobley_6456034_prod.dcd AT STEP 100000
WRITING COORDINATES TO RESTART FILE AT STEP 100000
FINISHED WRITING RESTART COORDINATES
WRITING VELOCITIES TO RESTART FILE AT STEP 100000
FINISHED WRITING RESTART VELOCITIES
PRESSURE: 200000 -458.08 101.221 -363.311 101.218 -235.842 -404.796 -363.313 -404.794 -14.0377
GPRESSURE: 200000 -228.378 -71.7334 -359.34 68.0881 -110.331 -269.511 -368.952 -574.619 -155.626
PRESSAVG: 200000 61.9956 25.7286 32.4571 25.7286 -104.402 132.38 32.4571 132.38 -44.4396
GPRESSAVG: 200000 195.428 4.52458 -24.5427 9.73474 -51.4655 75.3717 68.1993 161.377 -38.8126
ENERGY:  200000         3.4481        15.3044         4.6922         0.0000         -10551.7014      1397.3548         0.0000         0.0000      1757.4255          -7373.4764       300.0939     -9130.9019     -7432.8386       296.6128           -235.9865      -164.7784     30350.4630      -133.7968       -80.3963
FEP:     200000        23.4447    -10553.4725      1397.8449

WRITING EXTENDED SYSTEM TO RESTART FILE AT STEP 200000
WRITING COORDINATES TO DCD FILE mobley_6456034_prod.dcd AT STEP 200000
WRITING COORDINATES TO RESTART FILE AT STEP 200000
FINISHED WRITING RESTART COORDINATES
WRITING VELOCITIES TO RESTART FILE AT STEP 200000
FINISHED WRITING RESTART VELOCITIES
PRESSURE: 300000 -453.452 -222.827 -127.13 -222.828 662.237 -113.579 -127.13 -113.58 -362.697
GPRESSURE: 300000 -242.586 -812.954 -100.837 -42.6062 624.962 30.1776 -123.672 -176.166 -230.251
PRESSAVG: 300000 59.423 -1.62283 44.4606 -1.62283 -56.1819 121.812 44.4606 121.812 -58.492
GPRESSAVG: 300000 192.603 -55.1411 -8.42244 -9.80307 -7.09232 89.1637 80.0026 131.938 -44.7263
ENERGY:  300000         4.4918         9.9177         5.1579         0.0000         -10565.0006      1389.7685         0.0000         0.0000      1781.6804          -7373.9844       304.2356     -9155.6647     -7418.1251       298.5185            -51.3041        50.7081     30276.2548      -113.1736       -47.6202
FEP:     300000        19.5673    -10566.3509      1390.4750

WRITING EXTENDED SYSTEM TO RESTART FILE AT STEP 300000
WRITING COORDINATES TO DCD FILE mobley_6456034_prod.dcd AT STEP 300000
WRITING COORDINATES TO RESTART FILE AT STEP 300000
FINISHED WRITING RESTART COORDINATES
WRITING VELOCITIES TO RESTART FILE AT STEP 300000
FINISHED WRITING RESTART VELOCITIES
PRESSURE: 400000 426.403 175.014 -206.061 175.012 -251.061 169.346 -206.062 169.348 246.126
GPRESSURE: 400000 618.675 351.531 -313.923 -36.1211 -337.448 212.249 -439.441 185.644 377.57
PRESSAVG: 400000 97.8028 -6.01488 52.1353 -6.01488 -55.1905 127.675 52.1353 127.675 -40.8802
GPRESSAVG: 400000 230.62 -56.0043 -2.48316 -28.2529 -12.3952 111.537 76.8945 119.829 -21.1232
ENERGY:  400000         0.8752        13.6703         4.7754         0.0000         -10647.0628      1468.4247         0.0000         0.0000      1706.4968          -7452.8204       291.3974     -9159.3172     -7425.0641       297.0943            140.4896       219.5986     30734.5598       -62.4410         5.8236
FEP:     400000        19.3209    -10648.7395      1468.4679

WRITING EXTENDED SYSTEM TO RESTART FILE AT STEP 400000
WRITING COORDINATES TO DCD FILE mobley_6456034_prod.dcd AT STEP 400000
WRITING COORDINATES TO RESTART FILE AT STEP 400000
FINISHED WRITING RESTART COORDINATES
WRITING VELOCITIES TO RESTART FILE AT STEP 400000
FINISHED WRITING RESTART VELOCITIES
PRESSURE: 500000 -97.5372 9.71047 1.45248 9.71139 506.223 167.213 1.45288 167.214 -68.2837
GPRESSURE: 500000 121.454 156.818 -357.193 -515.031 698.784 176.301 91.7169 127.534 -221.397
PRESSAVG: 500000 117.766 -21.1356 41.1118 -21.1356 -8.43501 138.492 41.1118 138.492 -16.4682
GPRESSAVG: 500000 260.528 -66.5866 -25.471 -73.7197 47.9221 109.891 61.4955 143.136 -6.80876
ENERGY:  500000         2.5881         8.2440         3.6733         0.0000         -10600.7136      1420.6482         0.0000         0.0000      1722.7259          -7442.8341       294.1687     -9165.5600     -7428.0258       296.6067            113.4673       199.6137     30164.5045       -33.1229        38.1219
FEP:     500000        14.5054    -10601.0155      1420.9315

WRITING EXTENDED SYSTEM TO RESTART FILE AT STEP 500000
WRITING COORDINATES TO DCD FILE mobley_6456034_prod.dcd AT STEP 500000
WRITING COORDINATES TO RESTART FILE AT STEP 500000
FINISHED WRITING RESTART COORDINATES
WRITING VELOCITIES TO RESTART FILE AT STEP 500000
FINISHED WRITING RESTART VELOCITIES
PRESSURE: 600000 -1294.49 -485.187 123.86 -485.187 -480.253 371.845 123.856 371.842 -550.527
GPRESSURE: 600000 -1234.54 -398.965 -66.1501 -459.199 -466.825 286.594 264.612 322.163 -461.797
PRESSAVG: 600000 57.9462 -69.4389 47.1547 -69.4389 -38.6958 168.912 47.1547 168.912 5.34489
GPRESSAVG: 600000 189.774 -117.106 -30.3264 -110.221 21.7854 139.852 69.397 160.189 19.4487
ENERGY:  600000         3.4177        14.7985         4.4239         0.0000         -10587.2647      1377.5061         0.0000         0.0000      1753.3640          -7433.7545       299.4004     -9187.1185     -7428.8442       297.0058           -775.0885      -721.0549     30663.2655      -139.1180       -70.3319
FEP:     600000        22.6401    -10587.9863      1377.7936

WRITING EXTENDED SYSTEM TO RESTART FILE AT STEP 600000
WRITING COORDINATES TO DCD FILE mobley_6456034_prod.dcd AT STEP 600000
WRITING COORDINATES TO RESTART FILE AT STEP 600000
FINISHED WRITING RESTART COORDINATES
WRITING VELOCITIES TO RESTART FILE AT STEP 600000
FINISHED WRITING RESTART VELOCITIES
PRESSURE: 700000 -1597.05 171.55 129.279 171.548 -409.406 -95.4756 129.281 -95.4727 -406.829
GPRESSURE: 700000 -1485.12 11.4212 201.16 208.003 -529.074 -194.942 69.7742 136.305 -257.787
PRESSAVG: 700000 -30.368 -93.6002 36.6575 -93.6002 -37.8315 170.357 36.6575 170.357 43.5184
GPRESSAVG: 700000 110.918 -146.237 -33.9296 -119.288 9.81791 127.873 52.7048 171.8 62.3963
ENERGY:  700000         2.5800        13.3094         4.6836         0.0000         -10552.8203      1358.1407         0.0000         0.0000      1760.4915          -7413.6151       300.6174     -9174.1065     -7426.9405       297.4572           -804.4284      -757.3263     30642.5879      -222.2818      -156.2062
FEP:     700000        20.5730    -10553.2906      1357.7742

WRITING EXTENDED SYSTEM TO RESTART FILE AT STEP 700000
WRITING COORDINATES TO DCD FILE mobley_6456034_prod.dcd AT STEP 700000
WRITING COORDINATES TO RESTART FILE AT STEP 700000
FINISHED WRITING RESTART COORDINATES
WRITING VELOCITIES TO RESTART FILE AT STEP 700000
FINISHED WRITING RESTART VELOCITIES
PRESSURE: 800000 -121.709 -568.872 445.226 -568.871 165.222 27.5359 445.227 27.5362 194.078
GPRESSURE: 800000 95.2123 -658.577 282.635 -549.024 366.739 -562.657 477.922 356.698 260.123
PRESSAVG: 800000 -26.373 -141.099 66.0897 -141.099 -27.7091 156.825 66.0897 156.825 19.0499
GPRESSAVG: 800000 115.691 -204.558 -7.62216 -161.943 20.4411 81.5709 81.0075 181.381 45.9658
ENERGY:  800000         3.1383         8.3689         2.6259         0.0000         -10503.4526      1422.0590         0.0000         0.0000      1773.9542          -7293.3063       302.9163     -9067.2605     -7412.0923       298.0638             79.1973       240.6914     30221.5372      -188.7841      -112.1064
FEP:     800000        14.1331    -10504.4171      1423.3175

WRITING EXTENDED SYSTEM TO RESTART FILE AT STEP 800000
WRITING COORDINATES TO DCD FILE mobley_6456034_prod.dcd AT STEP 800000
WRITING COORDINATES TO RESTART FILE AT STEP 800000
FINISHED WRITING RESTART COORDINATES
WRITING VELOCITIES TO RESTART FILE AT STEP 800000
FINISHED WRITING RESTART VELOCITIES
PRESSURE: 900000 -985.811 -67.4837 337.346 -67.4841 -862.122 -619.707 337.346 -619.706 -962.427
GPRESSURE: 900000 -799.242 -80.7789 154.388 200.374 -851.801 -739.577 263.571 -146.609 -892.481
PRESSAVG: 900000 -90.305 -122.946 65.3372 -122.946 -38.1219 128.341 65.3372 128.341 -3.5838
GPRESSAVG: 900000 51.2184 -181.781 -22.8607 -129.061 3.47819 62.5695 83.0029 172.564 36.6095
ENERGY:  900000         2.4473        10.2256         4.8745         0.0000         -10394.6964      1286.6032         0.0000         0.0000      1756.8603          -7333.6854       299.9974     -9090.5458     -7404.2516       298.2572           -936.7865      -847.8411     30521.2564      -263.5844      -185.6799
FEP:     900000        17.5474    -10396.0416      1287.8545

WRITING EXTENDED SYSTEM TO RESTART FILE AT STEP 900000
WRITING COORDINATES TO DCD FILE mobley_6456034_prod.dcd AT STEP 900000
WRITING COORDINATES TO RESTART FILE AT STEP 900000
FINISHED WRITING RESTART COORDINATES
WRITING VELOCITIES TO RESTART FILE AT STEP 900000
FINISHED WRITING RESTART VELOCITIES
PRESSURE: 1000000 647.392 393.427 19.6346 393.427 368.043 -118.646 19.6346 -118.643 -754.696
GPRESSURE: 1000000 753.872 205.316 -98.2513 366.228 374.149 24.1115 196.154 -267.353 -601.018
PRESSAVG: 1000000 -116.703 -85.8147 58.0339 -85.8147 -51.3718 104.02 58.0339 104.02 -36.1418
GPRESSAVG: 1000000 33.189 -152.74 -28.8055 -82.1345 -13.2734 62.0538 84.0948 140.849 12.7346
TIMING: 1000000  CPU: 10542, 0.000396342/step  Wall: 10593.5, 0.000398306/step, 433.837 ns/days, 0.0553203 hours remaining, 0.000000 MB of memory in use.
PERFORMANCE: 1000000  averaging 432.315 ns/day, 0.000399708 sec/step with standard deviation 1.50941e-06
ETITLE:      TS           BOND          ANGLE          DIHED          IMPRP               ELECT            VDW       BOUNDARY           MISC        KINETIC               TOTAL           TEMP      POTENTIAL       TOTALAVG        TEMPAVG            PRESSURE      GPRESSURE         VOLUME       PRESSAVG      GPRESSAVG
FEPTITLE:    TS          BOND2         ELECT2           VDW2

ENERGY: 1000000         2.6776        12.9733         5.0181         0.0000         -10705.4220      1463.3353         0.0000         0.0000      1751.7282          -7469.6896       299.1210     -9221.4177     -7410.2005       298.3357             86.9130       175.6679     30204.8359      -231.7210      -152.8301
FEP:    1000000        20.6690    -10706.1184      1463.0088

WRITING EXTENDED SYSTEM TO RESTART FILE AT STEP 1000000
WRITING COORDINATES TO DCD FILE mobley_6456034_prod.dcd AT STEP 1000000
WRITING COORDINATES TO RESTART FILE AT STEP 1000000
FINISHED WRITING RESTART COORDINATES
WRITING VELOCITIES TO RESTART FILE AT STEP 1000000
FINISHED WRITING RESTART VELOCITIES
PRESSURE: 1100000 -1224.69 -153.971 -237.646 -153.969 -1015.8 -154.861 -237.645 -154.862 -695.117
GPRESSURE: 1100000 -1122.21 -103.676 -566.454 -241.29 -1067.26 19.8732 190.186 -633.467 -633.998
PRESSAVG: 1100000 -220.335 -84.6923 44.9034 -84.6923 -148.06 57.9597 44.9034 57.9597 -102.812
GPRESSAVG: 1100000 -65.8592 -140.277 -66.9587 -81.4526 -112.76 12.0165 90.4722 81.481 -48.5392
ENERGY: 1100000         4.6610         9.7282         2.6654         0.0000         -10425.5382      1293.7465         0.0000         0.0000      1693.7036          -7421.0335       289.2129     -9114.7371     -7411.1033       297.5755           -978.5359      -941.1573     30588.7567      -293.9555      -218.5240
FEP:    1100000        17.0546    -10426.5765      1294.3388

WRITING EXTENDED SYSTEM TO RESTART FILE AT STEP 1100000
WRITING COORDINATES TO DCD FILE mobley_6456034_prod.dcd AT STEP 1100000
WRITING COORDINATES TO RESTART FILE AT STEP 1100000
FINISHED WRITING RESTART COORDINATES
WRITING VELOCITIES TO RESTART FILE AT STEP 1100000
FINISHED WRITING RESTART VELOCITIES
PRESSURE: 1200000 -297.243 -182.948 714.034 -182.946 618.091 558.216 714.037 558.212 488.001
GPRESSURE: 1200000 -249.488 -176.065 747.44 -181.301 725.693 492.477 600.996 242.874 482.744
PRESSAVG: 1200000 -231.05 -74.0659 74.0882 -74.0659 -132.671 71.2056 74.0882 71.2056 -83.6372
GPRESSAVG: 1200000 -80.3823 -121.051 -39.994 -69.3311 -102.457 14.0473 122.055 87.8027 -32.0659
ENERGY: 1200000         4.7156        18.6888         5.7214         0.0000         -10609.5920      1456.3792         0.0000         0.0000      1753.8460          -7370.2410       299.4827     -9124.0870     -7407.9600       297.7222            269.6164       319.6496     30539.3191      -250.6039      -177.1261
FEP:    1200000        29.1258    -10611.1335      1456.9029

WRITING EXTENDED SYSTEM TO RESTART FILE AT STEP 1200000
WRITING COORDINATES TO DCD FILE mobley_6456034_prod.dcd AT STEP 1200000
WRITING COORDINATES TO RESTART FILE AT STEP 1200000
FINISHED WRITING RESTART COORDINATES
WRITING VELOCITIES TO RESTART FILE AT STEP 1200000
FINISHED WRITING RESTART VELOCITIES
PRESSURE: 1300000 351.915 -281.477 -308.561 -281.475 -136.653 42.7437 -308.56 42.7452 -152.12
GPRESSURE: 1300000 259.838 -291.573 -143.464 -66.7048 -43.9719 334.728 -682.736 279.258 -2.49638
PRESSAVG: 1300000 -248.917 -86.1199 36.7795 -86.1199 -137.93 62.1077 36.7795 62.1077 -97.4796
GPRESSAVG: 1300000 -111.745 -132.711 -71.2115 -68.743 -113.3 37.3374 61.8461 89.243 -36.7187
ENERGY: 1300000         2.3558        16.6036         3.7115         0.0000         -10624.1961      1423.0275         0.0000         0.0000      1753.4355          -7425.0621       299.4126     -9178.4976     -7409.1816       297.8429             21.0476        71.1232     29976.3134      -231.2002      -159.3940
FEP:    1300000        22.6710    -10626.1268      1424.5268

WRITING EXTENDED SYSTEM TO RESTART FILE AT STEP 1300000
WRITING COORDINATES TO DCD FILE mobley_6456034_prod.dcd AT STEP 1300000
WRITING COORDINATES TO RESTART FILE AT STEP 1300000
FINISHED WRITING RESTART COORDINATES
WRITING VELOCITIES TO RESTART FILE AT STEP 1300000
FINISHED WRITING RESTART VELOCITIES
PRESSURE: 1400000 -719.787 -24.6605 165.865 -24.6604 468.181 -745.917 165.868 -745.921 1093.72
GPRESSURE: 1400000 -389.358 6.6808 314.478 -393.191 457.953 -460.84 58.8408 -876.396 1051.51
PRESSAVG: 1400000 -284.205 -73.9892 42.2228 -73.9892 -150.046 12.609 42.2228 12.609 -38.3052
GPRESSAVG: 1400000 -150.071 -138.512 -54.1217 -71.6356 -129.625 15.2632 47.1038 20.4928 24.4059
ENERGY: 1400000         2.8593        17.7264         4.7293         0.0000         -10727.4503      1483.5630         0.0000         0.0000      1717.1397          -7501.4326       293.2148     -9218.5723     -7415.3317       297.5344            280.7064       373.3687     30164.4647      -197.0731      -123.8765
FEP:    1400000        25.3150    -10728.5219      1483.9400

WRITING EXTENDED SYSTEM TO RESTART FILE AT STEP 1400000
WRITING COORDINATES TO DCD FILE mobley_6456034_prod.dcd AT STEP 1400000
WRITING COORDINATES TO RESTART FILE AT STEP 1400000
FINISHED WRITING RESTART COORDINATES
WRITING VELOCITIES TO RESTART FILE AT STEP 1400000
FINISHED WRITING RESTART VELOCITIES
PRESSURE: 1500000 470.67 -612.576 -548.476 -612.576 -515.094 -166.794 -548.475 -166.792 -152.046
GPRESSURE: 1500000 506.064 -321.366 -480.384 -567.711 -628.614 -271.266 -645.478 94.7375 101.241
PRESSAVG: 1500000 -267.622 -78.7132 19.3956 -78.7132 -197.094 -17.2122 19.3956 -17.2122 -79.9447
GPRESSAVG: 1500000 -141.734 -132.066 -76.2582 -76.7907 -183.49 -23.4112 30.0819 8.84768 -0.339874
ENERGY: 1500000         2.3828        16.3158         3.7875         0.0000         -10597.4520      1408.7515         0.0000         0.0000      1809.3340          -7356.8804       308.9577     -9166.2143     -7411.6785       298.2483            -65.4899        -7.1031     30344.6292      -188.8491      -116.5781
FEP:    1500000        22.4861    -10598.3928      1409.7811

WRITING EXTENDED SYSTEM TO RESTART FILE AT STEP 1500000
WRITING COORDINATES TO DCD FILE mobley_6456034_prod.dcd AT STEP 1500000
WRITING COORDINATES TO RESTART FILE AT STEP 1500000
FINISHED WRITING RESTART COORDINATES
WRITING VELOCITIES TO RESTART FILE AT STEP 1500000
FINISHED WRITING RESTART VELOCITIES
TCL: Running FEP window  19: Lambda1 0.9000000000000002 Lambda2 0.9500000000000003 [dLambda 0.050000000000000044]
TCL: Setting parameter firsttimestep to 0
TCL: Setting parameter alchLambda to 0.9000000000000002
Info: NONBONDED TABLE R-SQUARED SPACING: 0.0625
Info: NONBONDED TABLE SIZE: 705 POINTS
Info: INCONSISTENCY IN FAST TABLE ENERGY VS FORCE: 0.000290481 AT 0.251946
Info: INCONSISTENCY IN SCOR TABLE ENERGY VS FORCE: 0.000238233 AT 8.9687
Info: ABSOLUTE IMPRECISION IN VDWA TABLE ENERGY: 1.21169e-27 AT 8.99653
Info: ABSOLUTE IMPRECISION IN VDWA TABLE FORCE: 2.57484e-27 AT 8.99653
Info: INCONSISTENCY IN VDWA TABLE ENERGY VS FORCE: 0.0040507 AT 0.251946
Info: INCONSISTENCY IN VDWB TABLE ENERGY VS FORCE: 0.00150189 AT 0.251946
TCL: Setting parameter alchLambda2 to 0.9500000000000003
Info: NONBONDED TABLE R-SQUARED SPACING: 0.0625
Info: NONBONDED TABLE SIZE: 705 POINTS
Info: INCONSISTENCY IN FAST TABLE ENERGY VS FORCE: 0.000290481 AT 0.251946
Info: INCONSISTENCY IN SCOR TABLE ENERGY VS FORCE: 0.000238233 AT 8.9687
Info: ABSOLUTE IMPRECISION IN VDWA TABLE ENERGY: 1.21169e-27 AT 8.99653
Info: ABSOLUTE IMPRECISION IN VDWA TABLE FORCE: 2.57484e-27 AT 8.99653
Info: INCONSISTENCY IN VDWA TABLE ENERGY VS FORCE: 0.0040507 AT 0.251946
Info: INCONSISTENCY IN VDWB TABLE ENERGY VS FORCE: 0.00150189 AT 0.251946
TCL: Running for 1500000 steps
FEP: RESETTING FOR NEW FEP WINDOW LAMBDA SET TO 0.9 LAMBDA2 0.95
FEP: WINDOW TO HAVE 100000 STEPS OF EQUILIBRATION PRIOR TO FEP DATA COLLECTION.
FEP: USING CONSTANT TEMPERATURE OF 300 K FOR FEP CALCULATION
PRESSURE: 0 516.966 -596.028 -603.322 -596.031 -565.364 -140.718 -603.323 -140.723 -150
GPRESSURE: 0 534.975 -302.361 -491.193 -551.919 -612.152 -275.15 -654.73 87.1562 142.096
ETITLE:      TS           BOND          ANGLE          DIHED          IMPRP               ELECT            VDW       BOUNDARY           MISC        KINETIC               TOTAL           TEMP      POTENTIAL       TOTALAVG        TEMPAVG            PRESSURE      GPRESSURE         VOLUME       PRESSAVG      GPRESSAVG
FEPTITLE:    TS          BOND2         ELECT2           VDW2

ENERGY:       0         2.3828        16.3158         3.7875         0.0000         -10598.3917      1409.7812         0.0000         0.0000      1808.4821          -7357.6423       308.8122     -9166.1244     -7357.6423       308.8122            -66.1330        21.6394     30344.6292       -66.1330        21.6394
FEP:          0        22.4861    -10599.3326      1411.7565

PRESSURE: 100000 -283.854 -22.2116 -145.606 -22.2131 -171.094 73.367 -145.607 73.3691 -818.278
GPRESSURE: 100000 -250.128 -37.0562 8.60427 30.4414 -208.155 -402.466 -184.198 196.809 -906.24
PRESSAVG: 100000 -262.479 -130.704 -41.0125 -130.704 -173.176 -43.2934 -41.0125 -43.2934 -116.416
GPRESSAVG: 100000 -151.393 -134.847 -97.8631 -137.527 -158.673 -96.4691 -62.1179 4.72149 -36.0651
ENERGY:  100000         2.4052        14.1352         2.1267         0.0000         -10549.6243      1364.8221         0.0000         0.0000      1785.6696          -7380.4655       304.9168     -9166.1351     -7369.0539       306.8645           -424.4091      -454.8408     30563.1431      -245.2710      -216.6007
FEP:     100000        18.6672    -10550.7045      1365.2060

WRITING EXTENDED SYSTEM TO RESTART FILE AT STEP 100000
WRITING COORDINATES TO DCD FILE mobley_6456034_prod.dcd AT STEP 100000
WRITING COORDINATES TO RESTART FILE AT STEP 100000
FINISHED WRITING RESTART COORDINATES
WRITING VELOCITIES TO RESTART FILE AT STEP 100000
FINISHED WRITING RESTART VELOCITIES
PRESSURE: 200000 853.005 -450.282 374.983 -450.281 -576.07 -546.915 374.979 -546.915 -115.997
GPRESSURE: 200000 782.724 -477.744 321.503 -315.931 -493.357 -663.013 306.163 -336.375 -41.2772
PRESSAVG: 200000 -202.94 -169.177 -23.2917 -169.177 -179.351 -90.5337 -23.2917 -90.5337 -167.032
GPRESSAVG: 200000 -97.9564 -165.179 -72.4859 -172.359 -159.473 -142.556 -56.899 -34.3655 -89.9838
ENERGY:  200000         2.6856        13.1234         4.7508         0.0000         -10661.1883      1422.2047         0.0000         0.0000      1743.9867          -7474.4371       297.7991     -9218.4238     -7404.1816       303.8427             53.6463        82.6967     30180.9686      -145.6319      -116.8349
FEP:     200000        20.5598    -10661.8530      1422.1185

WRITING EXTENDED SYSTEM TO RESTART FILE AT STEP 200000
WRITING COORDINATES TO DCD FILE mobley_6456034_prod.dcd AT STEP 200000
WRITING COORDINATES TO RESTART FILE AT STEP 200000
FINISHED WRITING RESTART COORDINATES
WRITING VELOCITIES TO RESTART FILE AT STEP 200000
FINISHED WRITING RESTART VELOCITIES
PRESSURE: 300000 160.696 -201.429 142.137 -201.431 708.453 2.10826 142.138 2.10971 472.355
GPRESSURE: 300000 294.936 -53.0598 174.338 -563.886 658.961 -86.9492 84.4254 124.191 637.622
PRESSAVG: 300000 -192.728 -186.62 -23.6747 -186.62 -126.546 -77.6571 -23.6747 -77.6571 -132.423
GPRESSAVG: 300000 -84.8908 -174.487 -68.1641 -211.858 -106.76 -126.333 -48.1419 -25.2589 -61.1361
ENERGY:  300000         2.2055        11.9679         3.3646         0.0000         -10685.9576      1481.6262         0.0000         0.0000      1760.1884          -7426.6050       300.5657     -9186.7934     -7409.7875       303.0235            447.1681       530.5064     30313.3907         2.5681        45.0004
FEP:     300000        17.5380    -10687.2426      1482.2646

WRITING EXTENDED SYSTEM TO RESTART FILE AT STEP 300000
WRITING COORDINATES TO DCD FILE mobley_6456034_prod.dcd AT STEP 300000
WRITING COORDINATES TO RESTART FILE AT STEP 300000
FINISHED WRITING RESTART COORDINATES
WRITING VELOCITIES TO RESTART FILE AT STEP 300000
FINISHED WRITING RESTART VELOCITIES
PRESSURE: 400000 -705.945 -330.486 1.73007 -330.488 280.92 -680.308 1.73124 -680.306 -743.441
GPRESSURE: 400000 -702.901 -118.178 76.7053 -356.22 388.243 -441.268 -175.426 -860.834 -623.755
PRESSAVG: 400000 -227.319 -210.088 -30.3712 -210.088 -95.9788 -96.6365 -30.3712 -96.6365 -163.984
GPRESSAVG: 400000 -124.026 -186.757 -67.4519 -240.697 -69.0862 -127.681 -51.2897 -65.1883 -96.6189
ENERGY:  400000         1.9275         9.4309         4.0016         0.0000         -10532.0358      1353.8044         0.0000         0.0000      1780.0427          -7382.8287       303.9560     -9162.8714     -7404.3957       303.2100           -389.4888      -312.8047     30093.4708       -75.8433       -26.5606
FEP:     400000        15.3600    -10532.9930      1354.7688

WRITING EXTENDED SYSTEM TO RESTART FILE AT STEP 400000
WRITING COORDINATES TO DCD FILE mobley_6456034_prod.dcd AT STEP 400000
WRITING COORDINATES TO RESTART FILE AT STEP 400000
FINISHED WRITING RESTART COORDINATES
WRITING VELOCITIES TO RESTART FILE AT STEP 400000
FINISHED WRITING RESTART VELOCITIES
PRESSURE: 500000 354.775 81.7451 252.646 81.744 886.842 84.4674 252.645 84.4683 69.1122
GPRESSURE: 500000 383.217 417.05 303.386 0.780441 864.67 -129.624 275.095 3.77118 190.923
PRESSAVG: 500000 -222.891 -163.389 8.40396 -163.389 -27.7276 -114.543 8.40396 -114.543 -169.155
GPRESSAVG: 500000 -117.649 -137.763 -19.6276 -198.311 -9.44184 -146.038 -19.7589 -85.7339 -89.2147
ENERGY:  500000         1.6601        10.1414         3.9705         0.0000         -10716.8412      1474.6782         0.0000         0.0000      1769.1486          -7457.2424       302.0957     -9226.3910     -7413.2035       303.0243            436.9096       479.6033     30114.1347         9.6155        57.8001
FEP:     500000        15.7720    -10717.6841      1475.3528

WRITING EXTENDED SYSTEM TO RESTART FILE AT STEP 500000
WRITING COORDINATES TO DCD FILE mobley_6456034_prod.dcd AT STEP 500000
WRITING COORDINATES TO RESTART FILE AT STEP 500000
FINISHED WRITING RESTART COORDINATES
WRITING VELOCITIES TO RESTART FILE AT STEP 500000
FINISHED WRITING RESTART VELOCITIES
PRESSURE: 600000 -408.063 264.35 -220.439 264.35 207.979 -424.441 -220.438 -424.44 -51.0115
GPRESSURE: 600000 -220.359 187.149 -400.615 249.755 261.51 -613.092 -158.886 154.54 -69.5138
PRESSAVG: 600000 -220.39 -155.232 15.5477 -155.232 -5.53657 -115.526 15.5477 -115.526 -171.004
GPRESSAVG: 600000 -117.248 -124.819 -21.6914 -189.228 9.1502 -163.217 -9.2556 -49.2759 -84.9091
ENERGY:  600000         3.0262         8.8596         5.0039         0.0000         -10582.5310      1414.4053         0.0000         0.0000      1770.0864          -7381.1495       302.2559     -9151.2359     -7408.6244       302.9145            -83.6986        -9.4544     30439.2576        -3.7151        48.1923
FEP:     600000        16.8897    -10583.7021      1414.6777

WRITING EXTENDED SYSTEM TO RESTART FILE AT STEP 600000
WRITING COORDINATES TO DCD FILE mobley_6456034_prod.dcd AT STEP 600000
WRITING COORDINATES TO RESTART FILE AT STEP 600000
FINISHED WRITING RESTART COORDINATES
WRITING VELOCITIES TO RESTART FILE AT STEP 600000
FINISHED WRITING RESTART VELOCITIES
PRESSURE: 700000 4.48398 214.762 -385.931 214.761 26.248 642.272 -385.926 642.273 535.69
GPRESSURE: 700000 274.38 514.186 -306.868 -134.604 137.014 501.078 -429.329 544.397 338.87
PRESSAVG: 700000 -197.493 -133.353 2.60794 -133.353 -37.336 -77.7332 2.60794 -77.7332 -126.084
GPRESSAVG: 700000 -91.4001 -58.4623 -31.9929 -193.828 -15.2472 -139.672 -24.5384 -13.2478 -56.4531
ENERGY:  700000         3.7181        12.1098         5.0784         0.0000         -10560.2291      1418.0910         0.0000         0.0000      1741.7230          -7379.5089       297.4126     -9121.2319     -7404.9849       302.2267            188.8072       250.0880     30341.1368        20.3502        73.4292
FEP:     700000        20.9062    -10561.2997      1418.7407

WRITING EXTENDED SYSTEM TO RESTART FILE AT STEP 700000
WRITING COORDINATES TO DCD FILE mobley_6456034_prod.dcd AT STEP 700000
WRITING COORDINATES TO RESTART FILE AT STEP 700000
FINISHED WRITING RESTART COORDINATES
WRITING VELOCITIES TO RESTART FILE AT STEP 700000
FINISHED WRITING RESTART VELOCITIES
PRESSURE: 800000 433.113 -279.982 210.692 -279.982 141.656 -509.148 210.693 -509.145 -218.005
GPRESSURE: 800000 433.904 12.6334 -272.998 -292.894 207.194 -519.079 618.802 -545.58 -156.788
PRESSAVG: 800000 -197.158 -156.103 23.4457 -156.103 -17.7001 -111.658 23.4457 -111.658 -149.291
GPRESSAVG: 800000 -100.639 -75.4072 -29.9467 -206.666 11.985 -176.238 28.3737 -49.809 -83.171
ENERGY:  800000         1.9538        14.7320         4.3340         0.0000         -10613.9438      1426.7190         0.0000         0.0000      1728.7555          -7437.4495       295.1983     -9166.2050     -7408.5921       301.4458            118.9216       161.4371     30002.7683        31.3026        83.2079
FEP:     800000        21.0198    -10615.1063      1427.1212

WRITING EXTENDED SYSTEM TO RESTART FILE AT STEP 800000
WRITING COORDINATES TO DCD FILE mobley_6456034_prod.dcd AT STEP 800000
WRITING COORDINATES TO RESTART FILE AT STEP 800000
FINISHED WRITING RESTART COORDINATES
WRITING VELOCITIES TO RESTART FILE AT STEP 800000
FINISHED WRITING RESTART VELOCITIES
PRESSURE: 900000 1092.32 -511.588 329.623 -511.59 353.514 -8.83263 329.619 -8.83446 322.573
GPRESSURE: 900000 1194.07 -763.598 575.85 -378.577 368.07 -152.15 -89.5616 -83.7685 633.804
PRESSAVG: 900000 -137.665 -182.168 39.854 -182.168 -25.3356 -120.46 39.854 -120.46 -129.748
GPRESSAVG: 900000 -47.008 -121.428 16.7055 -199.843 -4.55069 -192.661 19.3098 -60.3741 -40.4109
ENERGY:  900000         1.1585         9.5100         6.2262         0.0000         -10771.0908      1523.8834         0.0000         0.0000      1758.9177          -7471.3950       300.3487     -9230.3127     -7414.8724       301.3361            589.4684       731.9802     30232.8929        87.1192       148.0851
FEP:     900000        16.8947    -10772.2063      1524.5122

WRITING EXTENDED SYSTEM TO RESTART FILE AT STEP 900000
WRITING COORDINATES TO DCD FILE mobley_6456034_prod.dcd AT STEP 900000
WRITING COORDINATES TO RESTART FILE AT STEP 900000
FINISHED WRITING RESTART COORDINATES
WRITING VELOCITIES TO RESTART FILE AT STEP 900000
FINISHED WRITING RESTART VELOCITIES
PRESSURE: 1000000 -276.15 375.66 -479.551 375.66 -480.151 -288.877 -479.554 -288.878 -1382.34
GPRESSURE: 1000000 -358.368 373.752 -398.642 366.994 -620.469 -207.901 -442.095 -233.351 -1154.93
PRESSAVG: 1000000 -86.7482 -139.125 9.68353 -139.125 -25.3305 -153.496 9.68353 -153.496 -171.339
GPRESSAVG: 1000000 -3.19928 -82.7922 0.0808661 -158.534 -12.2329 -217.385 -16.0255 -88.1498 -75.0675
TIMING: 1000000  CPU: 11135.9, 0.000395994/step  Wall: 11190.3, 0.000397903/step, 434.276 ns/days, 0.0552644 hours remaining, 0.000000 MB of memory in use.
PERFORMANCE: 1000000  averaging 432.418 ns/day, 0.000399613 sec/step with standard deviation 1.52421e-06
ETITLE:      TS           BOND          ANGLE          DIHED          IMPRP               ELECT            VDW       BOUNDARY           MISC        KINETIC               TOTAL           TEMP      POTENTIAL       TOTALAVG        TEMPAVG            PRESSURE      GPRESSURE         VOLUME       PRESSAVG      GPRESSAVG
FEPTITLE:    TS          BOND2         ELECT2           VDW2

ENERGY: 1000000         1.6105        13.9372         4.2026         0.0000         -10469.7806      1317.9755         0.0000         0.0000      1737.1805          -7394.8743       296.6369     -9132.0548     -7413.0544       300.9089           -712.8798      -711.2561     30848.8021        14.3920        69.9632
FEP:    1000000        19.7503    -10470.6595      1319.5785

WRITING EXTENDED SYSTEM TO RESTART FILE AT STEP 1000000
WRITING COORDINATES TO DCD FILE mobley_6456034_prod.dcd AT STEP 1000000
WRITING COORDINATES TO RESTART FILE AT STEP 1000000
FINISHED WRITING RESTART COORDINATES
WRITING VELOCITIES TO RESTART FILE AT STEP 1000000
FINISHED WRITING RESTART VELOCITIES
PRESSURE: 1100000 -812.175 -189.708 -335.694 -189.71 -513.418 94.9069 -335.696 94.9068 -336.638
GPRESSURE: 1100000 -915.852 42.1106 -179.301 -286.771 -313.467 41.9606 -241.335 10.9912 -292.326
PRESSAVG: 1100000 -47.5045 -157.188 -13.5653 -157.188 -30.531 -143.977 -13.5653 -143.977 -167.829
GPRESSAVG: 1100000 25.264 -81.2578 -18.9422 -183.273 -1.45256 -205.54 -31.581 -94.4155 -76.7945
ENERGY: 1100000         3.7688        10.9154         3.0214         0.0000         -10541.8179      1338.7157         0.0000         0.0000      1830.2932          -7355.1033       312.5366     -9185.3966     -7408.2251       301.8779           -554.0770      -507.2152     30233.6279       -32.9804        21.8650
FEP:    1100000        17.7056    -10543.4195      1339.5594

WRITING EXTENDED SYSTEM TO RESTART FILE AT STEP 1100000
WRITING COORDINATES TO DCD FILE mobley_6456034_prod.dcd AT STEP 1100000
WRITING COORDINATES TO RESTART FILE AT STEP 1100000
FINISHED WRITING RESTART COORDINATES
WRITING VELOCITIES TO RESTART FILE AT STEP 1100000
FINISHED WRITING RESTART VELOCITIES
PRESSURE: 1200000 -448.23 -68.1871 -88.9845 -68.1867 255.135 46.6596 -88.9875 46.6577 -113.199
GPRESSURE: 1200000 -471.153 -201.731 -129.644 -124.266 345.841 -39.6585 -80.2325 -337.259 12.778
PRESSAVG: 1200000 -63.8305 -132.154 -40.2761 -132.154 -26.0354 -143.021 -40.2761 -143.021 -183.193
GPRESSAVG: 1200000 -3.05425 -58.4154 -39.5561 -162.035 -2.4975 -179.39 -59.4887 -129.113 -89.1618
ENERGY: 1200000         1.4310        10.0303         3.6471         0.0000         -10628.8434      1430.2671         0.0000         0.0000      1708.8107          -7474.6571       291.7926     -9183.4679     -7413.3353       301.1021           -102.0981       -37.5113     30526.0964       -38.2972        17.2976
FEP:    1200000        15.1084    -10630.1756      1431.0730

WRITING EXTENDED SYSTEM TO RESTART FILE AT STEP 1200000
WRITING COORDINATES TO DCD FILE mobley_6456034_prod.dcd AT STEP 1200000
WRITING COORDINATES TO RESTART FILE AT STEP 1200000
FINISHED WRITING RESTART COORDINATES
WRITING VELOCITIES TO RESTART FILE AT STEP 1200000
FINISHED WRITING RESTART VELOCITIES
PRESSURE: 1300000 424.027 437.286 438.558 437.288 249.908 434.767 438.56 434.766 1316.72
GPRESSURE: 1300000 841.999 722.934 254.776 477.297 220.82 293.425 393.597 36.0645 1188.59
PRESSAVG: 1300000 6.66139 -106.915 -35.2153 -106.915 29.5661 -90.2976 -35.2153 -90.2976 -69.2356
GPRESSAVG: 1300000 79.0078 -18.2298 -34.5367 -148.188 51.1335 -127.74 -52.9874 -119.98 14.8918
ENERGY: 1300000         4.8327        11.9182         2.7831         0.0000         -10663.4576      1483.4727         0.0000         0.0000      1755.0511          -7405.3996       299.6885     -9160.4508     -7412.7685       301.0011            663.5519       750.4695     30030.1564        11.8349        69.6670
FEP:    1300000        19.5340    -10664.3723      1483.2712

WRITING EXTENDED SYSTEM TO RESTART FILE AT STEP 1300000
WRITING COORDINATES TO DCD FILE mobley_6456034_prod.dcd AT STEP 1300000
WRITING COORDINATES TO RESTART FILE AT STEP 1300000
FINISHED WRITING RESTART COORDINATES
WRITING VELOCITIES TO RESTART FILE AT STEP 1300000
FINISHED WRITING RESTART VELOCITIES
PRESSURE: 1400000 376.05 331.84 732.411 331.842 -300.007 77.53 732.411 77.5296 203.975
GPRESSURE: 1400000 436.692 455.562 660.91 200.12 -162.55 -71.1494 731.163 136.278 204.426
PRESSAVG: 1400000 -6.90572 -109.995 0.423494 -109.995 -3.83638 -80.489 0.423494 -80.489 -21.302
GPRESSAVG: 1400000 63.1488 -5.71746 3.42138 -156.494 24.2986 -132.503 -26.237 -99.7981 55.164
ENERGY: 1400000         3.4309         9.0563         5.7980         0.0000         -10656.3041      1421.5782         0.0000         0.0000      1777.9130          -7438.5277       303.5923     -9216.4407     -7414.4857       301.1739             93.3394       159.5227     30157.4355        17.2685        75.6574
FEP:    1400000        18.2852    -10657.0000      1421.4878

WRITING EXTENDED SYSTEM TO RESTART FILE AT STEP 1400000
WRITING COORDINATES TO DCD FILE mobley_6456034_prod.dcd AT STEP 1400000
WRITING COORDINATES TO RESTART FILE AT STEP 1400000
FINISHED WRITING RESTART COORDINATES
WRITING VELOCITIES TO RESTART FILE AT STEP 1400000
FINISHED WRITING RESTART VELOCITIES
PRESSURE: 1500000 -1033.19 -266.55 -689.198 -266.549 218.442 260.728 -689.197 260.725 -924.395
GPRESSURE: 1500000 -833.471 -80.0088 -276.639 -487.373 390.981 356.606 -567.3 325.653 -832.833
PRESSAVG: 1500000 2.66891 -115.624 -22.1541 -115.624 57.8759 -59.7096 -22.1541 -59.7096 -32.7659
GPRESSAVG: 1500000 77.5858 -4.53411 17.9121 -168.798 97.2107 -115.667 -64.1113 -51.8421 45.2222
ENERGY: 1500000         2.9351         6.3284         4.0359         0.0000         -10588.3115      1368.1754         0.0000         0.0000      1741.4910          -7465.3458       297.3730     -9206.8368     -7417.6645       300.9363           -579.7156      -425.1077     29998.3049       -20.0430        44.3596
FEP:    1500000        13.2993    -10589.9727      1368.6596

WRITING EXTENDED SYSTEM TO RESTART FILE AT STEP 1500000
WRITING COORDINATES TO DCD FILE mobley_6456034_prod.dcd AT STEP 1500000
WRITING COORDINATES TO RESTART FILE AT STEP 1500000
FINISHED WRITING RESTART COORDINATES
WRITING VELOCITIES TO RESTART FILE AT STEP 1500000
FINISHED WRITING RESTART VELOCITIES
TCL: Running FEP window  20: Lambda1 0.9500000000000003 Lambda2 1.0    [dLambda 0.04999999999999971]
TCL: Setting parameter firsttimestep to 0
TCL: Setting parameter alchLambda to 0.9500000000000003
Info: NONBONDED TABLE R-SQUARED SPACING: 0.0625
Info: NONBONDED TABLE SIZE: 705 POINTS
Info: INCONSISTENCY IN FAST TABLE ENERGY VS FORCE: 0.000290481 AT 0.251946
Info: INCONSISTENCY IN SCOR TABLE ENERGY VS FORCE: 0.000238233 AT 8.9687
Info: ABSOLUTE IMPRECISION IN VDWA TABLE ENERGY: 1.21169e-27 AT 8.99653
Info: ABSOLUTE IMPRECISION IN VDWA TABLE FORCE: 2.57484e-27 AT 8.99653
Info: INCONSISTENCY IN VDWA TABLE ENERGY VS FORCE: 0.0040507 AT 0.251946
Info: INCONSISTENCY IN VDWB TABLE ENERGY VS FORCE: 0.00150189 AT 0.251946
TCL: Setting parameter alchLambda2 to 1.0
Info: NONBONDED TABLE R-SQUARED SPACING: 0.0625
Info: NONBONDED TABLE SIZE: 705 POINTS
Info: INCONSISTENCY IN FAST TABLE ENERGY VS FORCE: 0.000290481 AT 0.251946
Info: INCONSISTENCY IN SCOR TABLE ENERGY VS FORCE: 0.000238233 AT 8.9687
Info: ABSOLUTE IMPRECISION IN VDWA TABLE ENERGY: 1.21169e-27 AT 8.99653
Info: ABSOLUTE IMPRECISION IN VDWA TABLE FORCE: 2.57484e-27 AT 8.99653
Info: INCONSISTENCY IN VDWA TABLE ENERGY VS FORCE: 0.0040507 AT 0.251946
Info: INCONSISTENCY IN VDWB TABLE ENERGY VS FORCE: 0.00150189 AT 0.251946
TCL: Running for 1500000 steps
FEP: RESETTING FOR NEW FEP WINDOW LAMBDA SET TO 0.95 LAMBDA2 1
FEP: WINDOW TO HAVE 100000 STEPS OF EQUILIBRATION PRIOR TO FEP DATA COLLECTION.
FEP: USING CONSTANT TEMPERATURE OF 300 K FOR FEP CALCULATION
PRESSURE: 0 -862.677 -193.092 -661.838 -193.091 205.028 249.301 -661.836 249.303 -819.869
GPRESSURE: 0 -814.347 -74.1441 -278.037 -482.642 405.884 368.489 -568.745 338.831 -814.29
ETITLE:      TS           BOND          ANGLE          DIHED          IMPRP               ELECT            VDW       BOUNDARY           MISC        KINETIC               TOTAL           TEMP      POTENTIAL       TOTALAVG        TEMPAVG            PRESSURE      GPRESSURE         VOLUME       PRESSAVG      GPRESSAVG
FEPTITLE:    TS          BOND2         ELECT2           VDW2

ENERGY:       0         2.9351         6.3284         4.0359         0.0000         -10589.9729      1368.6597         0.0000         0.0000      1740.6668          -7467.3471       297.2322     -9208.0139     -7467.3471       297.2322           -492.5060      -407.5842     29998.3049      -492.5060      -407.5842
FEP:          0        13.2993    -10591.6342      1369.7991

PRESSURE: 100000 -254.175 39.6818 -292.979 39.6831 219.33 295.99 -292.979 295.987 267.835
GPRESSURE: 100000 -22.3093 37.3465 -45.142 -128.365 43.3609 552.225 -522.582 152.137 300.786
PRESSAVG: 100000 -55.9073 -100.073 -90.1687 -100.073 55.0219 -62.4929 -90.1687 -62.4929 -77.1617
GPRESSAVG: 100000 35.2355 17.0079 -28.4456 -186.948 85.5869 -110.991 -114.591 -53.4004 -4.46538
ENERGY:  100000         3.7510        12.8108         3.9484         0.0000         -10698.6916      1440.0580         0.0000         0.0000      1701.7977          -7536.3258       290.5950     -9238.1235     -7501.8364       293.9136             77.6632       107.2792     30026.9474      -207.4214      -150.1525
FEP:     100000        20.5102    -10700.0850      1440.1053

WRITING EXTENDED SYSTEM TO RESTART FILE AT STEP 100000
WRITING COORDINATES TO DCD FILE mobley_6456034_prod.dcd AT STEP 100000
WRITING COORDINATES TO RESTART FILE AT STEP 100000
FINISHED WRITING RESTART COORDINATES
WRITING VELOCITIES TO RESTART FILE AT STEP 100000
FINISHED WRITING RESTART VELOCITIES
PRESSURE: 200000 -264.992 148.457 -323.801 148.457 -45.8091 183.236 -323.798 183.231 154.144
GPRESSURE: 200000 14.5703 500.789 -422.93 -115.619 42.2995 254.909 -470.177 296.361 171.399
PRESSAVG: 200000 -33.1676 -91.4171 -114.652 -91.4171 29.3224 -16.0353 -114.652 -16.0353 -124.141
GPRESSAVG: 200000 55.4319 41.7133 -65.316 -173.069 64.8042 -75.2037 -141.042 5.23747 -48.471
ENERGY:  200000         4.9544        14.4924         2.3294         0.0000         -10562.9628      1419.8863         0.0000         0.0000      1776.2314          -7345.0690       303.3052     -9121.3004     -7449.5806       297.0441            -52.2191        76.0895     30468.1721      -155.6873       -74.7385
FEP:     200000        21.7762    -10564.6855      1419.9148

WRITING EXTENDED SYSTEM TO RESTART FILE AT STEP 200000
WRITING COORDINATES TO DCD FILE mobley_6456034_prod.dcd AT STEP 200000
WRITING COORDINATES TO RESTART FILE AT STEP 200000
FINISHED WRITING RESTART COORDINATES
WRITING VELOCITIES TO RESTART FILE AT STEP 200000
FINISHED WRITING RESTART VELOCITIES
PRESSURE: 300000 -765.119 6.03809 75.2608 6.03643 -11.3131 -59.4022 75.2615 -59.4066 -779.397
GPRESSURE: 300000 -799.327 278.001 -214.524 -74.4714 89.1712 188.732 306.016 -331.214 -725.115
PRESSAVG: 300000 -94.957 -60.4865 -83.4652 -60.4865 54.5115 -10.666 -83.4652 -10.666 -155.508
GPRESSAVG: 300000 -9.83761 71.6817 -52.023 -148.408 100.694 -52.2039 -93.4668 -16.0601 -89.7889
ENERGY:  300000         4.2805         9.9373         5.1134         0.0000         -10661.0617      1385.8680         0.0000         0.0000      1737.9363          -7517.9261       296.7660     -9255.8625     -7466.6670       296.9746           -518.6098      -478.4238     30510.4638      -246.4179      -175.6599
FEP:     300000        19.3312    -10661.7346      1386.0879

WRITING EXTENDED SYSTEM TO RESTART FILE AT STEP 300000
WRITING COORDINATES TO DCD FILE mobley_6456034_prod.dcd AT STEP 300000
WRITING COORDINATES TO RESTART FILE AT STEP 300000
FINISHED WRITING RESTART COORDINATES
WRITING VELOCITIES TO RESTART FILE AT STEP 300000
FINISHED WRITING RESTART VELOCITIES
PRESSURE: 400000 -352.261 30.963 -305.403 30.9662 -261.619 628.16 -305.403 628.165 23.2823
GPRESSURE: 400000 -577.242 78.1314 -211.991 -71.7991 -377.54 679.984 -661.561 555.977 242.334
PRESSAVG: 400000 -138.418 -29.1367 -68.5692 -29.1367 69.6987 27.7783 -68.5692 27.7783 -146.844
GPRESSAVG: 400000 -65.4484 90.7063 -38.0629 -124.402 112.424 -4.44716 -93.8083 7.38092 -84.777
ENERGY:  400000         2.9342        13.9454         3.6034         0.0000         -10621.6429      1394.7727         0.0000         0.0000      1804.7724          -7401.6147       308.1787     -9206.3871     -7453.6565       299.2154           -196.8660      -237.4830     30218.3693      -236.5075      -188.0245
FEP:     400000        20.4831    -10622.5882      1395.7466

WRITING EXTENDED SYSTEM TO RESTART FILE AT STEP 400000
WRITING COORDINATES TO DCD FILE mobley_6456034_prod.dcd AT STEP 400000
WRITING COORDINATES TO RESTART FILE AT STEP 400000
FINISHED WRITING RESTART COORDINATES
WRITING VELOCITIES TO RESTART FILE AT STEP 400000
FINISHED WRITING RESTART VELOCITIES
PRESSURE: 500000 -529.881 406.209 -250.817 406.209 -255.715 216.763 -250.816 216.764 -89.2314
GPRESSURE: 500000 -496.345 432.648 -575.68 255.416 -62.3026 -29.5036 175.988 285.383 -139.388
PRESSAVG: 500000 -150.72 -7.71561 -73.8296 -7.71561 65.4677 34.9481 -73.8296 34.9481 -110.392
GPRESSAVG: 500000 -77.7593 114.191 -67.2771 -113.153 119.717 14.201 -75.799 11.8096 -46.4344
ENERGY:  500000         3.9117        19.8916         4.7922         0.0000         -10554.1221      1370.3200         0.0000         0.0000      1788.0807          -7367.1260       305.3285     -9155.2066     -7439.2348       300.2343           -291.6092      -232.6786     30304.2966      -245.6911      -195.4668
FEP:     500000        28.5955    -10555.5161      1371.5297

WRITING EXTENDED SYSTEM TO RESTART FILE AT STEP 500000
WRITING COORDINATES TO DCD FILE mobley_6456034_prod.dcd AT STEP 500000
WRITING COORDINATES TO RESTART FILE AT STEP 500000
FINISHED WRITING RESTART COORDINATES
WRITING VELOCITIES TO RESTART FILE AT STEP 500000
FINISHED WRITING RESTART VELOCITIES
PRESSURE: 600000 -215.043 481.725 528.823 481.724 -487.78 -179.232 528.822 -179.231 -486.799
GPRESSURE: 600000 -388.548 90.556 550.505 490.915 -105.113 -385.296 438.406 -17.3302 -429.782
PRESSAVG: 600000 -204.122 38.8846 -66.1374 38.8846 69.8822 53.3323 -66.1374 53.3323 -128.932
GPRESSAVG: 600000 -136.323 142.607 -55.827 -72.8105 139.129 28.0868 -69.1868 27.7619 -65.8597
ENERGY:  600000         2.0979         8.4387         4.4129         0.0000         -10566.2837      1414.0361         0.0000         0.0000      1685.5159          -7451.7823       287.8148     -9137.2981     -7441.0273       298.4601           -396.5409      -307.8143     30760.9177      -267.2411      -211.5165
FEP:     600000        14.9495    -10567.0063      1413.6213

WRITING EXTENDED SYSTEM TO RESTART FILE AT STEP 600000
WRITING COORDINATES TO DCD FILE mobley_6456034_prod.dcd AT STEP 600000
WRITING COORDINATES TO RESTART FILE AT STEP 600000
FINISHED WRITING RESTART COORDINATES
WRITING VELOCITIES TO RESTART FILE AT STEP 600000
FINISHED WRITING RESTART VELOCITIES
PRESSURE: 700000 -677.556 75.9997 79.1268 76.0004 -189.985 245.509 79.1291 245.512 -1177.25
GPRESSURE: 700000 -604.843 -22.9155 213.143 -61.085 -249.732 556.064 -180.781 44.4776 -859.247
PRESSAVG: 700000 -246.035 52.7562 -69.2879 52.7562 24.9603 65.5024 -69.2879 65.5024 -211.412
GPRESSAVG: 700000 -181.312 144.114 -53.8868 -47.6704 93.6942 60.2374 -82.4472 23.7762 -140.703
ENERGY:  700000         5.3466        10.4487         3.5067         0.0000         -10544.7685      1334.5816         0.0000         0.0000      1771.3636          -7419.5213       302.4740     -9190.8849     -7438.3390       298.9618           -681.5980      -571.2740     30114.4840      -319.0357      -256.4862
FEP:     700000        19.3020    -10546.4372      1335.3802

WRITING EXTENDED SYSTEM TO RESTART FILE AT STEP 700000
WRITING COORDINATES TO DCD FILE mobley_6456034_prod.dcd AT STEP 700000
WRITING COORDINATES TO RESTART FILE AT STEP 700000
FINISHED WRITING RESTART COORDINATES
WRITING VELOCITIES TO RESTART FILE AT STEP 700000
FINISHED WRITING RESTART VELOCITIES
PRESSURE: 800000 -554.509 334.729 513.949 334.73 -35.7874 163.316 513.949 163.318 483.56
GPRESSURE: 800000 -335.846 229.307 193.268 314.709 115.868 165.193 508.974 50.6917 285.154
PRESSAVG: 800000 -238.463 86.0171 -43.677 86.0171 9.12491 107.684 -43.677 107.684 -150.062
GPRESSAVG: 800000 -162.959 161.488 -48.0587 -14.124 80.0755 90.5605 -48.2272 69.3525 -95.2576
ENERGY:  800000         1.2551        13.4098         3.6365         0.0000         -10541.6976      1392.7131         0.0000         0.0000      1770.4814          -7360.2017       302.3233     -9130.6831     -7429.6571       299.3353            -35.5788        21.7253     30649.0909      -287.5405      -225.5738
FEP:     800000        18.3014    -10543.2256      1392.6967

WRITING EXTENDED SYSTEM TO RESTART FILE AT STEP 800000
WRITING COORDINATES TO DCD FILE mobley_6456034_prod.dcd AT STEP 800000
WRITING COORDINATES TO RESTART FILE AT STEP 800000
FINISHED WRITING RESTART COORDINATES
WRITING VELOCITIES TO RESTART FILE AT STEP 800000
FINISHED WRITING RESTART VELOCITIES
PRESSURE: 900000 -750.229 393.598 -496.526 393.598 264.195 268.987 -496.52 268.986 346.866
GPRESSURE: 900000 -770.507 640.669 -181.549 -19.5134 690.914 -82.7292 -401.996 249.613 82.4901
PRESSAVG: 900000 -293.713 101.61 -81.1353 101.61 -22.0074 116.91 -81.1353 116.91 -136.175
GPRESSAVG: 900000 -220.645 172.669 -72.3054 -15.1387 71.3877 92.9052 -82.0817 81.6446 -100.679
ENERGY:  900000         1.2866        13.8101         5.6617         0.0000         -10691.9125      1440.1903         0.0000         0.0000      1735.8728          -7495.0911       296.4136     -9230.9639     -7436.2005       299.0431            -46.3892         0.9655     30171.2726      -263.4254      -202.9198
FEP:     900000        20.7584    -10692.8045      1441.1674

WRITING EXTENDED SYSTEM TO RESTART FILE AT STEP 900000
WRITING COORDINATES TO DCD FILE mobley_6456034_prod.dcd AT STEP 900000
WRITING COORDINATES TO RESTART FILE AT STEP 900000
FINISHED WRITING RESTART COORDINATES
WRITING VELOCITIES TO RESTART FILE AT STEP 900000
FINISHED WRITING RESTART VELOCITIES
PRESSURE: 1000000 -481.288 225.329 -129.135 225.328 -1512.56 -700.088 -129.135 -700.087 -955.07
GPRESSURE: 1000000 -382.801 243.118 151.885 123.299 -1349.01 -698.008 -445.838 -6.74508 -893.486
PRESSAVG: 1000000 -297.374 99.6587 -76.5701 99.6587 -108.035 103.127 -76.5701 103.127 -181.378
GPRESSAVG: 1000000 -228.767 175.467 -44.6804 -21.4615 -9.13822 88.6594 -96.4293 73.5804 -141.878
TIMING: 1000000  CPU: 11729.1, 0.000395401/step  Wall: 11786.1, 0.000397061/step, 435.197 ns/days, 0.0551474 hours remaining, 0.000000 MB of memory in use.
PERFORMANCE: 1000000  averaging 432.556 ns/day, 0.000399486 sec/step with standard deviation 1.5895e-06
ETITLE:      TS           BOND          ANGLE          DIHED          IMPRP               ELECT            VDW       BOUNDARY           MISC        KINETIC               TOTAL           TEMP      POTENTIAL       TOTALAVG        TEMPAVG            PRESSURE      GPRESSURE         VOLUME       PRESSAVG      GPRESSAVG
FEPTITLE:    TS          BOND2         ELECT2           VDW2

ENERGY: 1000000         1.9419        15.0364         5.5699         0.0000         -10567.8666      1326.0074         0.0000         0.0000      1738.0960          -7481.2149       296.7933     -9219.3109     -7440.2927       298.8386           -982.9744      -875.0985     30445.1309      -328.8389      -264.0270
FEP:    1000000        22.5483    -10569.0966      1326.9482

WRITING EXTENDED SYSTEM TO RESTART FILE AT STEP 1000000
WRITING COORDINATES TO DCD FILE mobley_6456034_prod.dcd AT STEP 1000000
WRITING COORDINATES TO RESTART FILE AT STEP 1000000
FINISHED WRITING RESTART COORDINATES
WRITING VELOCITIES TO RESTART FILE AT STEP 1000000
FINISHED WRITING RESTART VELOCITIES
PRESSURE: 1100000 643.398 -431.797 -124.63 -431.796 1327.07 -462.148 -124.626 -462.15 455.386
GPRESSURE: 1100000 539.908 -580.92 -161.455 -197.382 1623.1 -634.829 92.1586 -129.595 453.925
PRESSAVG: 1100000 -265.429 67.3308 -63.5051 67.3308 -42.9938 47.906 -63.5051 47.906 -185.393
GPRESSAVG: 1100000 -215.491 120.712 -37.4098 -24.6004 65.1662 31.8641 -70.3549 39.8808 -136.125
ENERGY: 1100000         2.2661        13.7860         4.3870         0.0000         -10561.7392      1484.6399         0.0000         0.0000      1814.3824          -7242.2779       309.8197     -9056.6603     -7423.7915       299.7537            808.6164       872.3123     30255.3711      -234.0510      -169.3321
FEP:    1100000        20.4390    -10563.5026      1486.2122

WRITING EXTENDED SYSTEM TO RESTART FILE AT STEP 1100000
WRITING COORDINATES TO DCD FILE mobley_6456034_prod.dcd AT STEP 1100000
WRITING COORDINATES TO RESTART FILE AT STEP 1100000
FINISHED WRITING RESTART COORDINATES
WRITING VELOCITIES TO RESTART FILE AT STEP 1100000
FINISHED WRITING RESTART VELOCITIES
PRESSURE: 1200000 -217.268 -666.066 -376.858 -666.067 -161.066 72.322 -376.858 72.3216 618.443
GPRESSURE: 1200000 -71.2002 -705.941 -181.99 -972.001 -85.4276 -169.682 -551.563 209.967 526.474
PRESSAVG: 1200000 -297.948 48.0265 -92.8827 48.0265 -58.1299 76.9794 -92.8827 76.9794 -143.57
GPRESSAVG: 1200000 -240.746 84.7834 -32.8593 -58.5558 50.5351 49.3339 -128.873 77.6581 -101.962
ENERGY: 1200000         2.7666        13.2892         2.2842         0.0000         -10685.0910      1442.8023         0.0000         0.0000      1736.4140          -7487.5347       296.5060     -9223.9488     -7428.6948       299.5039             80.0364       123.2821     30064.7473      -209.8904      -146.8233
FEP:    1200000        18.3399    -10686.2912      1442.8091

WRITING EXTENDED SYSTEM TO RESTART FILE AT STEP 1200000
WRITING COORDINATES TO DCD FILE mobley_6456034_prod.dcd AT STEP 1200000
WRITING COORDINATES TO RESTART FILE AT STEP 1200000
FINISHED WRITING RESTART COORDINATES
WRITING VELOCITIES TO RESTART FILE AT STEP 1200000
FINISHED WRITING RESTART VELOCITIES
PRESSURE: 1300000 -108.133 -106.868 69.8053 -106.868 -317.088 103.167 69.8065 103.166 -315.598
GPRESSURE: 1300000 82.0167 345.983 332.561 -254.659 -244.012 -135.149 219.51 343.915 -410.1
PRESSAVG: 1300000 -357.97 68.2626 -105.873 68.2626 -91.66 82.5794 -105.873 82.5794 -175.479
GPRESSAVG: 1300000 -296.349 140.262 -45.0238 -52.3598 19.931 50.184 -113.42 99.0423 -154.157
ENERGY: 1300000         4.6426        13.7661         3.0138         0.0000         -10713.5565      1441.8659         0.0000         0.0000      1756.9433          -7493.3248       300.0116     -9250.2681     -7433.3112       299.5401           -246.9398      -190.6984     30609.3159      -212.5368      -149.9572
FEP:    1300000        21.4225    -10715.1176      1442.9776

WRITING EXTENDED SYSTEM TO RESTART FILE AT STEP 1300000
WRITING COORDINATES TO DCD FILE mobley_6456034_prod.dcd AT STEP 1300000
WRITING COORDINATES TO RESTART FILE AT STEP 1300000
FINISHED WRITING RESTART COORDINATES
WRITING VELOCITIES TO RESTART FILE AT STEP 1300000
FINISHED WRITING RESTART VELOCITIES
PRESSURE: 1400000 1002.27 27.8249 203.976 27.8249 -27.7163 -604.323 203.973 -604.326 -120.949
GPRESSURE: 1400000 945.598 374.522 391.674 209.337 -257.266 -522.011 -63.5912 -705.448 160.832
PRESSAVG: 1400000 -294.049 50.8709 -71.697 50.8709 -69.0383 66.807 -71.697 66.807 -112.409
GPRESSAVG: 1400000 -231.15 140.301 -5.50801 -60.2427 38.0912 34.4785 -94.4944 75.4374 -88.369
ENERGY: 1400000         2.5850        10.9635         4.7756         0.0000         -10607.2547      1410.5239         0.0000         0.0000      1776.1059          -7402.3009       303.2837     -9178.4067     -7431.2439       299.7897            284.5346       283.0550     29949.8034      -179.3987      -121.0897
FEP:    1400000        18.3241    -10607.7674      1411.5274

WRITING EXTENDED SYSTEM TO RESTART FILE AT STEP 1400000
WRITING COORDINATES TO DCD FILE mobley_6456034_prod.dcd AT STEP 1400000
WRITING COORDINATES TO RESTART FILE AT STEP 1400000
FINISHED WRITING RESTART COORDINATES
WRITING VELOCITIES TO RESTART FILE AT STEP 1400000
FINISHED WRITING RESTART VELOCITIES
PRESSURE: 1500000 -6.98644 1.63606 -283.17 1.63518 710.575 205.449 -283.17 205.446 -466.357
GPRESSURE: 1500000 207.527 -337.98 -136.99 99.8693 798.523 421.802 -364.132 246.644 -466.412
PRESSAVG: 1500000 -253.79 60.4382 -69.0707 60.4382 -7.83862 72.3339 -69.0707 72.3339 -118.895
GPRESSAVG: 1500000 -174.981 121.296 -3.39249 -40.9107 93.6907 53.4706 -100.634 87.2201 -97.0733
ENERGY: 1500000         1.2626        11.4555         6.1646         0.0000         -10632.3432      1447.4033         0.0000         0.0000      1803.8135          -7362.2438       308.0150     -9166.0573     -7426.9314       300.3038             79.0772       179.8792     30834.7941      -163.2440      -102.2792
FEP:    1500000        18.8827    -10633.4203      1447.8816

WRITING EXTENDED SYSTEM TO RESTART FILE AT STEP 1500000
WRITING COORDINATES TO DCD FILE mobley_6456034_prod.dcd AT STEP 1500000
WRITING COORDINATES TO RESTART FILE AT STEP 1500000
FINISHED WRITING RESTART COORDINATES
WRITING VELOCITIES TO RESTART FILE AT STEP 1500000
FINISHED WRITING RESTART VELOCITIES
TCL: Exiting due to exit command.
WRITING EXTENDED SYSTEM TO OUTPUT FILE AT STEP 1500000
CLOSING EXTENDED SYSTEM TRAJECTORY FILE
WRITING COORDINATES TO OUTPUT FILE AT STEP 1500000
CLOSING COORDINATE DCD FILE mobley_6456034_prod.dcd
WRITING VELOCITIES TO OUTPUT FILE AT STEP 1500000
====================================================

WallClock: 11985.095703  CPUTime: 11940.667969  Memory: 0.000000 MB
[Partition 0][Node 0] End of program
