{
   "temperature":     298.150000000000,
   "unit": "hartree",
   "energy":     -28.033881553145,
   "free energy":     -27.999519173001,
   "G(T)":       0.034362380144,
   "ZPVE":       0.068842860580,
   "number of imags":0,
   "point group": "cs",
   "gradient norm":       0.000032404535
}
