{
   "temperature":     298.150000000000,
   "unit": "hartree",
   "energy":     -43.389677338178,
   "free energy":     -43.242652764512,
   "G(T)":       0.147024573666,
   "ZPVE":       0.186316770597,
   "number of imags":0,
   "point group": "c1",
   "gradient norm":       0.000031755579
}
