{
    "partname": "prescreening",
    "runtime": 8.533268010243773,
    "results": {
        "CONF1": {
            "xtb_gsolv": {
                "gsolv": -0.014447255685002602,
                "energy_xtb_gas": -29.779125045816,
                "energy_xtb_solv": -29.793572301501
            },
            "sp": {
                "energy": -491.130478525267
            },
            "gtot": -491.144925780952,
            "bmw": 1.0
        }
    },
    "settings": {
        "threshold": 4.0,
        "func": "pbe-d4",
        "basis": "def2-sv(p)",
        "prog": "orca",
        "gfnv": "gfn2",
        "run": true,
        "template": false
    },
    "nconf_in": 1,
    "nconf_out": 1
}