{
    "partname": "prescreening",
    "runtime": 22.481149383820593,
    "results": {
        "CONF2": {
            "xtb_gsolv": {
                "gsolv": -0.006185602777001975,
                "energy_xtb_gas": -55.058825733187,
                "energy_xtb_solv": -55.065011335964
            },
            "sp": {
                "energy": -3217.96143842124
            },
            "gtot": -3217.967624024017,
            "bmw": 0.7841058015935524
        },
        "CONF1": {
            "xtb_gsolv": {
                "gsolv": -0.00607315604900549,
                "energy_xtb_gas": -55.059478028486,
                "energy_xtb_solv": -55.065551184535
            },
            "sp": {
                "energy": -3217.960333101733
            },
            "gtot": -3217.9664062577817,
            "bmw": 0.21589419840644763
        }
    },
    "settings": {
        "threshold": 4.0,
        "func": "pbe-d4",
        "basis": "def2-sv(p)",
        "prog": "orca",
        "gfnv": "gfn2",
        "run": true,
        "template": false
    },
    "nconf_in": 2,
    "nconf_out": 2
}