{
    "partname": "screening",
    "runtime": 168.74815644323826,
    "results": {
        "CONF2": {
            "gsolv": {
                "gsolv": -0.0018527857182562002,
                "energy_gas": -3220.644283611965,
                "energy_solv": -3220.646136397683
            },
            "gtot": -3220.646136397683,
            "bmw": 0.7408377034629529
        },
        "CONF1": {
            "gsolv": {
                "gsolv": -0.0017052492112270556,
                "energy_gas": -3220.643439446663,
                "energy_solv": -3220.645144695874
            },
            "gtot": -3220.645144695874,
            "bmw": 0.25916229653704714
        }
    },
    "settings": {
        "threshold": 3.5,
        "func": "r2scan-3c",
        "basis": "def2-tzvp",
        "prog": "orca",
        "sm": "smd",
        "gfnv": "gfn2",
        "run": true,
        "implicit": false,
        "template": false
    },
    "nconf_in": 2,
    "nconf_out": 2
}