{
    "partname": "refinement",
    "runtime": 1494.7411849480122,
    "results": {
        "CONF1": {
            "gsolv": {
                "gsolv": -0.002197193816300569,
                "energy_gas": -3220.589521677329,
                "energy_solv": -3220.591718871145
            },
            "gtot": -3220.591718871145,
            "bmw": 0.4692249835313607
        },
        "CONF2": {
            "gsolv": {
                "gsolv": -0.0022182106517902866,
                "energy_gas": -3220.589617036689,
                "energy_solv": -3220.591835247341
            },
            "gtot": -3220.591835247341,
            "bmw": 0.5307750164686392
        }
    },
    "settings": {
        "threshold": 0.95,
        "func": "wb97x-v",
        "basis": "def2-tzvp",
        "prog": "orca",
        "sm": "smd",
        "gfnv": "gfn2",
        "run": true,
        "implicit": false,
        "template": false
    },
    "nconf_in": 2,
    "nconf_out": 2
}