{
   "temperature":     298.150000000000,
   "unit": "hartree",
   "energy":     -29.519091151457,
   "free energy":     -29.426630825236,
   "G(T)":       0.092460326221,
   "ZPVE":       0.127047269148,
   "number of imags":0,
   "point group": "c1",
   "gradient norm":       0.000034026972
}
