{
   "temperature":     298.150000000000,
   "unit": "hartree",
   "energy":     -13.736097925674,
   "free energy":     -13.663898166767,
   "G(T)":       0.072199758907,
   "ZPVE":       0.102136057452,
   "number of imags":0,
   "point group": "cs",
   "gradient norm":       0.000027179396
}
