{
   "temperature":     298.150000000000,
   "unit": "hartree",
   "energy":     -33.613208651960,
   "free energy":     -33.417242124785,
   "G(T)":       0.195966527176,
   "ZPVE":       0.233913940599,
   "number of imags":0,
   "point group": "c1",
   "gradient norm":       0.000061015733
}
