{
   "temperature":     298.150000000000,
   "unit": "hartree",
   "energy":     -16.834846373630,
   "free energy":     -16.707199100807,
   "G(T)":       0.127647272823,
   "ZPVE":       0.158543032191,
   "number of imags":0,
   "point group": "c1",
   "gradient norm":       0.000022314897
}
