{
    "partname": "prescreening",
    "runtime": 7.406212751753628,
    "results": {
        "CONF1": {
            "xtb_gsolv": {
                "gsolv": -0.005455725557997226,
                "energy_xtb_gas": -23.124754559984,
                "energy_xtb_solv": -23.130210285542
            },
            "sp": {
                "energy": -346.022905900204
            },
            "gtot": -346.02836162576205,
            "bmw": 0.5494884796017606
        },
        "CONF2": {
            "xtb_gsolv": {
                "gsolv": -0.005341011359000447,
                "energy_xtb_gas": -23.124871252042,
                "energy_xtb_solv": -23.130212263401
            },
            "sp": {
                "energy": -346.022833095575
            },
            "gtot": -346.028174106934,
            "bmw": 0.45051152039823944
        }
    },
    "settings": {
        "threshold": 4.0,
        "func": "pbe-d4",
        "basis": "def2-sv(p)",
        "prog": "orca",
        "gfnv": "gfn2",
        "run": true,
        "template": false
    },
    "nconf_in": 2,
    "nconf_out": 2
}