{
    "partname": "screening",
    "runtime": 46.18088865093887,
    "results": {
        "CONF2": {
            "gsolv": {
                "gsolv": -0.008680557430011504,
                "energy_gas": -346.702539932867,
                "energy_solv": -346.711220490297
            },
            "gtot": -346.711220490297,
            "bmw": 0.47202970689494456
        },
        "CONF1": {
            "gsolv": {
                "gsolv": -0.008828248696033825,
                "energy_gas": -346.702497988389,
                "energy_solv": -346.711326237085
            },
            "gtot": -346.711326237085,
            "bmw": 0.5279702931050554
        }
    },
    "settings": {
        "threshold": 3.5,
        "func": "r2scan-3c",
        "basis": "def2-tzvp",
        "prog": "orca",
        "sm": "smd",
        "gfnv": "gfn2",
        "run": true,
        "implicit": false,
        "template": false
    },
    "nconf_in": 2,
    "nconf_out": 2
}