{
    "partname": "refinement",
    "runtime": 304.1704583754763,
    "results": {
        "CONF1": {
            "gsolv": {
                "gsolv": -0.009103268450985524,
                "energy_gas": -346.80416299035,
                "energy_solv": -346.813266258801
            },
            "gtot": -346.813266258801,
            "bmw": 0.5176402623806038
        },
        "CONF2": {
            "gsolv": {
                "gsolv": -0.0089960992229976,
                "energy_gas": -346.804203509316,
                "energy_solv": -346.813199608539
            },
            "gtot": -346.813199608539,
            "bmw": 0.4823597376193962
        }
    },
    "settings": {
        "threshold": 0.95,
        "func": "wb97x-v",
        "basis": "def2-tzvp",
        "prog": "orca",
        "sm": "smd",
        "gfnv": "gfn2",
        "run": true,
        "implicit": false,
        "template": false
    },
    "nconf_in": 2,
    "nconf_out": 2
}