{
   "temperature":     298.150000000000,
   "unit": "hartree",
   "energy":     -17.626486525501,
   "free energy":     -17.568601356312,
   "G(T)":       0.057885169189,
   "ZPVE":       0.087406315844,
   "number of imags":0,
   "point group": "c1",
   "gradient norm":       0.000030928828
}
