{
   "temperature":     298.150000000000,
   "unit": "hartree",
   "energy":     -13.667641682855,
   "free energy":     -13.563988988430,
   "G(T)":       0.103652694424,
   "ZPVE":       0.130364634290,
   "number of imags":0,
   "point group": "c3v",
   "gradient norm":       0.000017489295
}
