{
   "temperature":     298.150000000000,
   "unit": "hartree",
   "energy":     -51.027267679589,
   "free energy":     -50.946026121437,
   "G(T)":       0.081241558152,
   "ZPVE":       0.127523348783,
   "number of imags":0,
   "point group": "c2v",
   "gradient norm":       0.000024634923
}
