{
    "partname": "prescreening",
    "runtime": 7.587689343839884,
    "results": {
        "CONF2": {
            "xtb_gsolv": {
                "gsolv": -0.006456061636999522,
                "energy_xtb_gas": -23.103476346472,
                "energy_xtb_solv": -23.109932408109
            },
            "sp": {
                "energy": -346.00375496958
            },
            "gtot": -346.01021103121695,
            "bmw": 0.1366535938715855
        },
        "CONF1": {
            "xtb_gsolv": {
                "gsolv": -0.005485755302000683,
                "energy_xtb_gas": -23.106329331657,
                "energy_xtb_solv": -23.111815086959
            },
            "sp": {
                "energy": -346.006465752966
            },
            "gtot": -346.011951508268,
            "bmw": 0.8633464061284146
        }
    },
    "settings": {
        "threshold": 4.0,
        "func": "pbe-d4",
        "basis": "def2-sv(p)",
        "prog": "orca",
        "gfnv": "gfn2",
        "run": true,
        "template": false
    },
    "nconf_in": 2,
    "nconf_out": 2
}