{
    "partname": "screening",
    "runtime": 45.47030706424266,
    "results": {
        "CONF2": {
            "gsolv": {
                "gsolv": -0.009695097549979437,
                "energy_gas": -346.687307638104,
                "energy_solv": -346.697002735654
            },
            "gtot": -346.697002735654,
            "bmw": 0.21158461778765586
        },
        "CONF1": {
            "gsolv": {
                "gsolv": -0.008869992878999255,
                "energy_gas": -346.689374722213,
                "energy_solv": -346.698244715092
            },
            "gtot": -346.698244715092,
            "bmw": 0.7884153822123442
        }
    },
    "settings": {
        "threshold": 3.5,
        "func": "r2scan-3c",
        "basis": "def2-tzvp",
        "prog": "orca",
        "sm": "smd",
        "gfnv": "gfn2",
        "run": true,
        "implicit": false,
        "template": false
    },
    "nconf_in": 2,
    "nconf_out": 2
}