{
    "partname": "refinement",
    "runtime": 269.34189902897924,
    "results": {
        "CONF1": {
            "gsolv": {
                "gsolv": -0.00946424496896725,
                "energy_gas": -346.793175354353,
                "energy_solv": -346.802639599322
            },
            "gtot": -346.802639599322,
            "bmw": 0.7540903510023256
        },
        "CONF2": {
            "gsolv": {
                "gsolv": -0.01019128514900558,
                "energy_gas": -346.791390310912,
                "energy_solv": -346.801581596061
            },
            "gtot": -346.801581596061,
            "bmw": 0.24590964899767442
        }
    },
    "settings": {
        "threshold": 0.95,
        "func": "wb97x-v",
        "basis": "def2-tzvp",
        "prog": "orca",
        "sm": "smd",
        "gfnv": "gfn2",
        "run": true,
        "implicit": false,
        "template": false
    },
    "nconf_in": 2,
    "nconf_out": 2
}