{
   "temperature":     298.150000000000,
   "unit": "hartree",
   "energy":     -33.614864881664,
   "free energy":     -33.419159432091,
   "G(T)":       0.195705449574,
   "ZPVE":       0.233842688746,
   "number of imags":0,
   "point group": "c1",
   "gradient norm":       0.000071285726
}
