{
    "partname": "screening",
    "runtime": 415.63537671789527,
    "results": {
        "CONF7": {
            "gsolv": {
                "gsolv": -0.03256916200496107,
                "energy_gas": -687.076588961136,
                "energy_solv": -687.109158123141
            },
            "gtot": -687.109158123141,
            "bmw": 0.0024837458523481936
        },
        "CONF46": {
            "gsolv": {
                "gsolv": -0.03256882026096264,
                "energy_gas": -687.075784113407,
                "energy_solv": -687.108352933668
            },
            "gtot": -687.108352933668,
            "bmw": 0.0010586335027082097
        },
        "CONF33": {
            "gsolv": {
                "gsolv": -0.03239646380495742,
                "energy_gas": -687.075150640142,
                "energy_solv": -687.107547103947
            },
            "gtot": -687.107547103947,
            "bmw": 0.0004509097431206746
        },
        "CONF141": {
            "gsolv": {
                "gsolv": -0.03413178370306014,
                "energy_gas": -687.072727900705,
                "energy_solv": -687.106859684408
            },
            "gtot": -687.106859684408,
            "bmw": 0.00021772009673573343
        },
        "CONF16": {
            "gsolv": {
                "gsolv": -0.032198161278984117,
                "energy_gas": -687.07662521282,
                "energy_solv": -687.108823374099
            },
            "gtot": -687.108823374099,
            "bmw": 0.001742341390652885
        },
        "CONF4": {
            "gsolv": {
                "gsolv": -0.02859642269493179,
                "energy_gas": -687.079103026335,
                "energy_solv": -687.10769944903
            },
            "gtot": -687.10769944903,
            "bmw": 0.0005298628938862817
        },
        "CONF45": {
            "gsolv": {
                "gsolv": -0.0351427114709395,
                "energy_gas": -687.07770684407,
                "energy_solv": -687.112849555541
            },
            "gtot": -687.112849555541,
            "bmw": 0.12389350111976338
        },
        "CONF2": {
            "gsolv": {
                "gsolv": -0.030889227396073693,
                "energy_gas": -687.080444943161,
                "energy_solv": -687.111334170557
            },
            "gtot": -687.111334170557,
            "bmw": 0.024889701158481943
        },
        "CONF86": {
            "gsolv": {
                "gsolv": -0.03619940139697064,
                "energy_gas": -687.076237942367,
                "energy_solv": -687.112437343764
            },
            "gtot": -687.112437343764,
            "bmw": 0.0800652811584442
        },
        "CONF96": {
            "gsolv": {
                "gsolv": -0.03583880079293067,
                "energy_gas": -687.074910629645,
                "energy_solv": -687.110749430438
            },
            "gtot": -687.110749430438,
            "bmw": 0.013398551356237949
        },
        "CONF115": {
            "gsolv": {
                "gsolv": -0.035299690494980496,
                "energy_gas": -687.076341837476,
                "energy_solv": -687.111641527971
            },
            "gtot": -687.111641527971,
            "bmw": 0.03446627164419431
        },
        "CONF88": {
            "gsolv": {
                "gsolv": -0.03544433678905534,
                "energy_gas": -687.075827035888,
                "energy_solv": -687.111271372677
            },
            "gtot": -687.111271372677,
            "bmw": 0.02328813215031574
        },
        "CONF81": {
            "gsolv": {
                "gsolv": -0.03456705501696433,
                "energy_gas": -687.07441528433,
                "energy_solv": -687.108982339347
            },
            "gtot": -687.108982339347,
            "bmw": 0.0020618269239960677
        },
        "CONF38": {
            "gsolv": {
                "gsolv": -0.03069398250897848,
                "energy_gas": -687.077921460071,
                "energy_solv": -687.10861544258
            },
            "gtot": -687.10861544258,
            "bmw": 0.0013979491534633016
        },
        "CONF162": {
            "gsolv": {
                "gsolv": -0.03653650346006998,
                "energy_gas": -687.074367476802,
                "energy_solv": -687.110903980262
            },
            "gtot": -687.110903980262,
            "bmw": 0.01578141147551872
        },
        "CONF74": {
            "gsolv": {
                "gsolv": -0.034937720941002226,
                "energy_gas": -687.075777778716,
                "energy_solv": -687.110715499657
            },
            "gtot": -687.110715499657,
            "bmw": 0.01292560161713427
        },
        "CONF51": {
            "gsolv": {
                "gsolv": -0.03489648198899431,
                "energy_gas": -687.075343170318,
                "energy_solv": -687.110239652307
            },
            "gtot": -687.110239652307,
            "bmw": 0.007808653213292479
        },
        "CONF59": {
            "gsolv": {
                "gsolv": -0.03421998517103475,
                "energy_gas": -687.077340659219,
                "energy_solv": -687.11156064439
            },
            "gtot": -687.11156064439,
            "bmw": 0.031636645973318146
        },
        "CONF98": {
            "gsolv": {
                "gsolv": -0.03384338270700482,
                "energy_gas": -687.073907402974,
                "energy_solv": -687.107750785681
            },
            "gtot": -687.107750785681,
            "bmw": 0.0005594699077195261
        },
        "CONF39": {
            "gsolv": {
                "gsolv": -0.032234798133004006,
                "energy_gas": -687.076006057544,
                "energy_solv": -687.108240855677
            },
            "gtot": -687.108240855677,
            "bmw": 0.0009401417225332479
        },
        "CONF55": {
            "gsolv": {
                "gsolv": -0.032745922422009244,
                "energy_gas": -687.074895790749,
                "energy_solv": -687.107641713171
            },
            "gtot": -687.107641713171,
            "bmw": 0.0004984330712658664
        },
        "CONF29": {
            "gsolv": {
                "gsolv": -0.03401027557890757,
                "energy_gas": -687.076878908756,
                "energy_solv": -687.110889184335
            },
            "gtot": -687.110889184335,
            "bmw": 0.015536034899981992
        },
        "CONF6": {
            "gsolv": {
                "gsolv": -0.03096482211390139,
                "energy_gas": -687.079760945636,
                "energy_solv": -687.11072576775
            },
            "gtot": -687.11072576775,
            "bmw": 0.01306693594442411
        },
        "CONF24": {
            "gsolv": {
                "gsolv": -0.032418023504988014,
                "energy_gas": -687.075809591283,
                "energy_solv": -687.108227614788
            },
            "gtot": -687.108227614788,
            "bmw": 0.0009270495326813423
        },
        "CONF27": {
            "gsolv": {
                "gsolv": -0.033044918293967385,
                "energy_gas": -687.075901115086,
                "energy_solv": -687.10894603338
            },
            "gtot": -687.10894603338,
            "bmw": 0.001984050022932127
        },
        "CONF114": {
            "gsolv": {
                "gsolv": -0.033964199987963184,
                "energy_gas": -687.073663862157,
                "energy_solv": -687.107628062145
            },
            "gtot": -687.107628062145,
            "bmw": 0.000491278561697668
        },
        "CONF1": {
            "gsolv": {
                "gsolv": -0.028520663203039476,
                "energy_gas": -687.07998911952,
                "energy_solv": -687.108509782723
            },
            "gtot": -687.108509782723,
            "bmw": 0.0012499458683950233
        },