{
    "partname": "refinement",
    "runtime": 1818.5689648222178,
    "results": {
        "CONF5": {
            "gsolv": {
                "gsolv": -0.03769468795690045,
                "energy_gas": -687.250435544543,
                "energy_solv": -687.2881302325
            },
            "gtot": -687.2881302325,
            "bmw": 0.038146674454808564
        },
        "CONF7": {
            "gsolv": {
                "gsolv": -0.03960296616105552,
                "energy_gas": -687.247984601195,
                "energy_solv": -687.287587567356
            },
            "gtot": -687.287587567356,
            "bmw": 0.021470788554354282
        },
        "CONF163": {
            "gsolv": {
                "gsolv": -0.04161893582704579,
                "energy_gas": -687.246408016124,
                "energy_solv": -687.288026951951
            },
            "gtot": -687.288026951951,
            "bmw": 0.034194079647462634
        },
        "CONF95": {
            "gsolv": {
                "gsolv": -0.041765415680970364,
                "energy_gas": -687.245886229584,
                "energy_solv": -687.287651645265
            },
            "gtot": -687.287651645265,
            "bmw": 0.022978506227445093
        },
        "CONF108": {
            "gsolv": {
                "gsolv": -0.04286280822907429,
                "energy_gas": -687.245377884075,
                "energy_solv": -687.288240692304
            },
            "gtot": -687.288240692304,
            "bmw": 0.04288097741750112
        },
        "CONF38": {
            "gsolv": {
                "gsolv": -0.03881120398204985,
                "energy_gas": -687.248817710861,
                "energy_solv": -687.287628914843
            },
            "gtot": -687.287628914843,
            "bmw": 0.022431923878934997
        },
        "CONF12": {
            "gsolv": {
                "gsolv": -0.04206360543594201,
                "energy_gas": -687.245246081384,
                "energy_solv": -687.28730968682
            },
            "gtot": -687.28730968682,
            "bmw": 0.015996751412189716
        },
        "CONF29": {
            "gsolv": {
                "gsolv": -0.04097427867600345,
                "energy_gas": -687.247110269409,
                "energy_solv": -687.288084548085
            },
            "gtot": -687.288084548085,
            "bmw": 0.03634488564558078
        },
        "CONF65": {
            "gsolv": {
                "gsolv": -0.04218803776598179,
                "energy_gas": -687.245492859204,
                "energy_solv": -687.28768089697
            },
            "gtot": -687.28768089697,
            "bmw": 0.023701544408606296
        },
        "CONF51": {
            "gsolv": {
                "gsolv": -0.0420372339719961,
                "energy_gas": -687.245577875352,
                "energy_solv": -687.287615109324
            },
            "gtot": -687.287615109324,
            "bmw": 0.0221063185221681
        },
        "CONF30": {
            "gsolv": {
                "gsolv": -0.04123382242403295,
                "energy_gas": -687.246923561186,
                "energy_solv": -687.28815738361
            },
            "gtot": -687.28815738361,
            "bmw": 0.03925955107712842
        },
        "CONF162": {
            "gsolv": {
                "gsolv": -0.04344403181301004,
                "energy_gas": -687.244775335574,
                "energy_solv": -687.288219367387
            },
            "gtot": -687.288219367387,
            "bmw": 0.04192334172439158
        },
        "CONF44": {
            "gsolv": {
                "gsolv": -0.043414117964061916,
                "energy_gas": -687.244474455738,
                "energy_solv": -687.287888573702
            },
            "gtot": -687.287888573702,
            "bmw": 0.02953257600341783
        },
        "CONF2": {
            "gsolv": {
                "gsolv": -0.03571025909900527,
                "energy_gas": -687.252658477839,
                "energy_solv": -687.288368736938
            },
            "gtot": -687.288368736938,
            "bmw": 0.04910900452206114
        },
        "CONF73": {
            "gsolv": {
                "gsolv": -0.043329869974058965,
                "energy_gas": -687.244524115221,
                "energy_solv": -687.287853985195
            },
            "gtot": -687.287853985195,
            "bmw": 0.028470278688851304
        },
        "CONF14": {
            "gsolv": {
                "gsolv": -0.040994626349061036,
                "energy_gas": -687.246573568189,
                "energy_solv": -687.287568194538
            },
            "gtot": -687.287568194538,
            "bmw": 0.02103473841423316
        },
        "CONF28": {
            "gsolv": {
                "gsolv": -0.041457999515955635,
                "energy_gas": -687.246117207561,
                "energy_solv": -687.287575207077
            },
            "gtot": -687.287575207077,
            "bmw": 0.02119154692571048
        },
        "CONF115": {
            "gsolv": {
                "gsolv": -0.03994803510602196,
                "energy_gas": -687.248272575771,
                "energy_solv": -687.288220610877
            },
            "gtot": -687.288220610877,
            "bmw": 0.04197859113827046
        },
        "CONF49": {
            "gsolv": {
                "gsolv": -0.04068407807994845,
                "energy_gas": -687.246771357705,
                "energy_solv": -687.287455435785
            },
            "gtot": -687.287455435785,
            "bmw": 0.018666877579444442
        },
        "CONF240": {
            "gsolv": {
                "gsolv": -0.04208059147401855,
                "energy_gas": -687.246074138268,
                "energy_solv": -687.288154729742
            },
            "gtot": -687.288154729742,
            "bmw": 0.03914935708790733
        },
        "CONF79": {
            "gsolv": {
                "gsolv": -0.04194118149496262,
                "energy_gas": -687.245598638696,
                "energy_solv": -687.287539820191
            },
            "gtot": -687.287539820191,
            "bmw": 0.02041201220460905
        },
        "CONF74": {
            "gsolv": {
                "gsolv": -0.04247160087300017,
                "energy_gas": -687.24562925533,
                "energy_solv": -687.288100856203
            },
            "gtot": -687.288100856203,
            "bmw": 0.03697809397232035
        },
        "CONF86": {
            "gsolv": {
                "gsolv": -0.0403368158149533,
                "energy_gas": -687.24719210003,
                "energy_solv": -687.287528915845
            },
            "gtot": -687.287528915845,
            "bmw": 0.020177630617592226
        },
        "CONF166": {
            "gsolv": {
                "gsolv": -0.040883196552044865,
                "energy_gas": -687.246725109315,
                "energy_solv": -687.287608305867
            },
            "gtot": -687.287608305867,
            "bmw": 0.021947600671079898
        },
        "CONF53": {
            "gsolv": {
                "gsolv": -0.04178104048901332,
                "energy_gas": -687.245715844071,
                "energy_solv": -687.28749688456
            },
            "gtot": -687.28749688456,
            "bmw": 0.019504588677592628
        },
        "CONF33": {
            "gsolv": {
                "gsolv": -0.04153530293899621,
                "energy_gas": -687.245174060908,
                "energy_solv": -687.286709363847
            },
            "gtot": -687.286709363847,
            "bmw": 0.008470369236256716
        },
        "CONF88": {
            "gsolv": {
                "gsolv": -0.04140576225802306,
                "energy_gas": -687.246204324456,
                "energy_solv": -687.287610086714
            },
            "gtot": -687.287610086714,
            "bmw": 0.021989035614714207
        },