{
   "temperature":     298.150000000000,
   "unit": "hartree",
   "energy":     -41.961739223963,
   "free energy":     -41.846857600687,
   "G(T)":       0.114881623276,
   "ZPVE":       0.152872400615,
   "number of imags":0,
   "point group": "cs",
   "gradient norm":       0.000050851949
}
