{
   "temperature":     298.150000000000,
   "unit": "hartree",
   "energy":     -14.564786102038,
   "free energy":     -14.486457766595,
   "G(T)":       0.078328335443,
   "ZPVE":       0.106094642754,
   "number of imags":0,
   "point group": "c1",
   "gradient norm":       0.000107708267
}
