{
   "temperature":     298.150000000000,
   "unit": "hartree",
   "energy":     -17.626192447147,
   "free energy":     -17.569240767333,
   "G(T)":       0.056951679814,
   "ZPVE":       0.087127220357,
   "number of imags":0,
   "point group": "c1",
   "gradient norm":       0.000092326322
}
