{
    "partname": "prescreening",
    "runtime": 7.796007708646357,
    "results": {
        "CONF1": {
            "xtb_gsolv": {
                "gsolv": 0.0009187620809996133,
                "energy_xtb_gas": -18.997589552516,
                "energy_xtb_solv": -18.996670790435
            },
            "sp": {
                "energy": -270.886792353574
            },
            "gtot": -270.885873591493,
            "bmw": 1.0
        }
    },
    "settings": {
        "threshold": 4.0,
        "func": "pbe-d4",
        "basis": "def2-sv(p)",
        "prog": "orca",
        "gfnv": "gfn2",
        "run": true,
        "template": false
    },
    "nconf_in": 1,
    "nconf_out": 1
}