{
   "temperature":     298.150000000000,
   "unit": "hartree",
   "energy":     -33.643208433901,
   "free energy":     -33.445261603331,
   "G(T)":       0.197946830570,
   "ZPVE":       0.235580598068,
   "number of imags":0,
   "point group": "c1",
   "gradient norm":       0.000034436511
}
