{
   "temperature":     298.150000000000,
   "unit": "hartree",
   "energy":     -43.393546155266,
   "free energy":     -43.246153176189,
   "G(T)":       0.147392979077,
   "ZPVE":       0.185919098256,
   "number of imags":0,
   "point group": "c1",
   "gradient norm":       0.000080358415
}
