{
    "partname": "prescreening",
    "runtime": 7.102898054756224,
    "results": {
        "CONF1": {
            "xtb_gsolv": {
                "gsolv": -0.0014313436060007234,
                "energy_xtb_gas": -19.461196209859,
                "energy_xtb_solv": -19.462627553465
            },
            "sp": {
                "energy": -2804.592735739229
            },
            "gtot": -2804.5941670828347,
            "bmw": 1.0
        }
    },
    "settings": {
        "threshold": 4.0,
        "func": "pbe-d4",
        "basis": "def2-sv(p)",
        "prog": "orca",
        "gfnv": "gfn2",
        "run": true,
        "template": false
    },
    "nconf_in": 1,
    "nconf_out": 1
}