{
   "temperature":     298.150000000000,
   "unit": "hartree",
   "energy":     -23.162193860681,
   "free energy":     -22.981835480529,
   "G(T)":       0.180358380152,
   "ZPVE":       0.214403502652,
   "number of imags":0,
   "point group": "cs",
   "gradient norm":       0.000025765195
}
