{
    "partname": "prescreening",
    "runtime": 10.471463503781706,
    "results": {
        "CONF1": {
            "xtb_gsolv": {
                "gsolv": -0.0074533396890004155,
                "energy_xtb_gas": -24.005722065249,
                "energy_xtb_solv": -24.013175404938
            },
            "sp": {
                "energy": -766.084997114767
            },
            "gtot": -766.0924504544561,
            "bmw": 1.0
        }
    },
    "settings": {
        "threshold": 4.0,
        "func": "pbe-d4",
        "basis": "def2-sv(p)",
        "prog": "orca",
        "gfnv": "gfn2",
        "run": true,
        "template": false
    },
    "nconf_in": 1,
    "nconf_out": 1
}