{
   "temperature":     298.150000000000,
   "unit": "hartree",
   "energy":     -10.769061238701,
   "free energy":     -10.772706212690,
   "G(T)":      -0.003644973990,
   "ZPVE":       0.026523083826,
   "number of imags":0,
   "point group": "c2v",
   "gradient norm":       0.000028954736
}
