{
   "temperature":     298.150000000000,
   "unit": "hartree",
   "energy":     -16.830874550052,
   "free energy":     -16.702436113154,
   "G(T)":       0.128438436898,
   "ZPVE":       0.158588914765,
   "number of imags":0,
   "point group": "c1",
   "gradient norm":       0.000021061620
}
