{
   "temperature":     298.150000000000,
   "unit": "hartree",
   "energy":     -17.729892515023,
   "free energy":     -17.625508368404,
   "G(T)":       0.104384146619,
   "ZPVE":       0.134016705532,
   "number of imags":0,
   "point group": "c1",
   "gradient norm":       0.000025811232
}
