{
   "temperature":     298.150000000000,
   "unit": "hartree",
   "energy":     -17.721706914814,
   "free energy":     -17.630348948365,
   "G(T)":       0.091357966448,
   "ZPVE":       0.120304360859,
   "number of imags":0,
   "point group": "c3v",
   "gradient norm":       0.000119612455
}
