{
   "temperature":     298.150000000000,
   "unit": "hartree",
   "energy":     -43.389557024373,
   "free energy":     -43.242488788713,
   "G(T)":       0.147068235661,
   "ZPVE":       0.185899259836,
   "number of imags":0,
   "point group": "c1",
   "gradient norm":       0.000046203049
}
