{
   "temperature":     298.150000000000,
   "unit": "hartree",
   "energy":     -14.563787545464,
   "free energy":     -14.485956427413,
   "G(T)":       0.077831118051,
   "ZPVE":       0.105788659299,
   "number of imags":0,
   "point group": "cs",
   "gradient norm":       0.000021109885
}
