{
   "temperature":     298.150000000000,
   "unit": "hartree",
   "energy":     -15.771459131298,
   "free energy":     -15.666301307606,
   "G(T)":       0.105157823692,
   "ZPVE":       0.134608047177,
   "number of imags":0,
   "point group": "c1",
   "gradient norm":       0.000031149796
}
