{
    "partname": "prescreening",
    "runtime": 12.955889730714262,
    "results": {
        "CONF2": {
            "xtb_gsolv": {
                "gsolv": -0.006284005026998329,
                "energy_xtb_gas": -47.569907688222,
                "energy_xtb_solv": -47.576191693249
            },
            "sp": {
                "energy": -904.617441359742
            },
            "gtot": -904.6237253647689,
            "bmw": 0.13103381257268032
        },
        "CONF1": {
            "xtb_gsolv": {
                "gsolv": -0.006829731422996588,
                "energy_xtb_gas": -47.571321420525,
                "energy_xtb_solv": -47.578151151948
            },
            "sp": {
                "energy": -904.618681886332
            },
            "gtot": -904.6255116177549,
            "bmw": 0.8689661874273197
        }
    },
    "settings": {
        "threshold": 4.0,
        "func": "pbe-d4",
        "basis": "def2-sv(p)",
        "prog": "orca",
        "gfnv": "gfn2",
        "run": true,
        "template": false
    },
    "nconf_in": 2,
    "nconf_out": 2
}