{
    "partname": "screening",
    "runtime": 89.202420856338,
    "results": {
        "CONF1": {
            "gsolv": {
                "gsolv": -0.0002152485070610055,
                "energy_gas": -906.271415964265,
                "energy_solv": -906.271631212772
            },
            "gtot": -906.271631212772,
            "bmw": 0.9475943147692805
        },
        "CONF2": {
            "gsolv": {
                "gsolv": -3.776805203870026e-05,
                "energy_gas": -906.268860116307,
                "energy_solv": -906.268897884359
            },
            "gtot": -906.268897884359,
            "bmw": 0.052405685230719486
        }
    },
    "settings": {
        "threshold": 3.5,
        "func": "r2scan-3c",
        "basis": "def2-tzvp",
        "prog": "orca",
        "sm": "smd",
        "gfnv": "gfn2",
        "run": true,
        "implicit": false,
        "template": false
    },
    "nconf_in": 2,
    "nconf_out": 2
}