{
    "partname": "refinement",
    "runtime": 642.7870859322138,
    "results": {
        "CONF2": {
            "gsolv": {
                "gsolv": -0.00015227190499444987,
                "energy_gas": -906.41088150558,
                "energy_solv": -906.411033777485
            },
            "gtot": -906.411033777485,
            "bmw": 0.03254871709135355
        },
        "CONF1": {
            "gsolv": {
                "gsolv": -0.00033133281397113024,
                "energy_gas": -906.413905047276,
                "energy_solv": -906.41423638009
            },
            "gtot": -906.41423638009,
            "bmw": 0.9674512829086465
        }
    },
    "settings": {
        "threshold": 0.95,
        "func": "wb97x-v",
        "basis": "def2-tzvp",
        "prog": "orca",
        "sm": "smd",
        "gfnv": "gfn2",
        "run": true,
        "implicit": false,
        "template": false
    },
    "nconf_in": 2,
    "nconf_out": 2
}