{
   "temperature":     298.150000000000,
   "unit": "hartree",
   "energy":     -22.484646412393,
   "free energy":     -22.375843001376,
   "G(T)":       0.108803411017,
   "ZPVE":       0.139998674187,
   "number of imags":1,
   "point group": "cs",
   "gradient norm":       0.000057096385
}
