{
   "temperature":     298.150000000000,
   "unit": "hartree",
   "energy":     -24.192924394108,
   "free energy":     -24.130761173989,
   "G(T)":       0.062163220118,
   "ZPVE":       0.092619334461,
   "number of imags":0,
   "point group": "cs",
   "gradient norm":       0.000035911903
}
