{
   "temperature":     298.150000000000,
   "unit": "hartree",
   "energy":     -35.048680827791,
   "free energy":     -34.884958143573,
   "G(T)":       0.163722684218,
   "ZPVE":       0.204890959860,
   "number of imags":0,
   "point group": "c1",
   "gradient norm":       0.000096740840
}
