{
   "temperature":     298.150000000000,
   "unit": "hartree",
   "energy":     -25.544977267395,
   "free energy":     -25.455166372029,
   "G(T)":       0.089810895366,
   "ZPVE":       0.122518016186,
   "number of imags":0,
   "point group": "c1",
   "gradient norm":       0.000060312867
}
