{
    "partname": "prescreening",
    "runtime": 13.997216961346567,
    "results": {
        "CONF3": {
            "xtb_gsolv": {
                "gsolv": -0.009428470641999809,
                "energy_xtb_gas": -31.864482771807,
                "energy_xtb_solv": -31.873911242449
            },
            "sp": {
                "energy": -478.518647720225
            },
            "gtot": -478.52807619086695,
            "bmw": 0.0321474368011001
        },
        "CONF2": {
            "xtb_gsolv": {
                "gsolv": -0.009277333092001072,
                "energy_xtb_gas": -31.865711835951,
                "energy_xtb_solv": -31.874989169043
            },
            "sp": {
                "energy": -478.520875551244
            },
            "gtot": -478.53015288433596,
            "bmw": 0.2899741114320573
        },
        "CONF1": {
            "xtb_gsolv": {
                "gsolv": -0.009374577595000488,
                "energy_xtb_gas": -31.865824313143,
                "energy_xtb_solv": -31.875198890738
            },
            "sp": {
                "energy": -478.521580085286
            },
            "gtot": -478.530954662881,
            "bmw": 0.6778784517668427
        }
    },
    "settings": {
        "threshold": 4.0,
        "func": "pbe-d4",
        "basis": "def2-sv(p)",
        "prog": "orca",
        "gfnv": "gfn2",
        "run": true,
        "template": false
    },
    "nconf_in": 3,
    "nconf_out": 3
}