{
    "partname": "screening",
    "runtime": 96.89150506723672,
    "results": {
        "CONF2": {
            "gsolv": {
                "gsolv": -0.013087653586978831,
                "energy_gas": -479.436458872417,
                "energy_solv": -479.449546526004
            },
            "gtot": -479.449546526004,
            "bmw": 0.3006258014241948
        },
        "CONF1": {
            "gsolv": {
                "gsolv": -0.013017812377029259,
                "energy_gas": -479.437248125063,
                "energy_solv": -479.45026593744
            },
            "gtot": -479.45026593744,
            "bmw": 0.6440693114568891
        },
        "CONF3": {
            "gsolv": {
                "gsolv": -0.013757621145998655,
                "energy_gas": -479.434190396952,
                "energy_solv": -479.447948018098
            },
            "gtot": -479.447948018098,
            "bmw": 0.05530488711891606
        }
    },
    "settings": {
        "threshold": 3.5,
        "func": "r2scan-3c",
        "basis": "def2-tzvp",
        "prog": "orca",
        "sm": "smd",
        "gfnv": "gfn2",
        "run": true,
        "implicit": false,
        "template": false
    },
    "nconf_in": 3,
    "nconf_out": 3
}