{
    "partname": "refinement",
    "runtime": 686.6578095434234,
    "results": {
        "CONF2": {
            "gsolv": {
                "gsolv": -0.014396313060956345,
                "energy_gas": -479.587153033489,
                "energy_solv": -479.60154934655
            },
            "gtot": -479.60154934655,
            "bmw": 0.4867387962845429
        },
        "CONF1": {
            "gsolv": {
                "gsolv": -0.0143522828449818,
                "energy_gas": -479.587177388048,
                "energy_solv": -479.601529670893
            },
            "gtot": -479.601529670893,
            "bmw": 0.4767006981860686
        },
        "CONF3": {
            "gsolv": {
                "gsolv": -0.015053879443030382,
                "energy_gas": -479.584051202769,
                "energy_solv": -479.599105082212
            },
            "gtot": -479.599105082212,
            "bmw": 0.03656050552938845
        }
    },
    "settings": {
        "threshold": 0.95,
        "func": "wb97x-v",
        "basis": "def2-tzvp",
        "prog": "orca",
        "sm": "smd",
        "gfnv": "gfn2",
        "run": true,
        "implicit": false,
        "template": false
    },
    "nconf_in": 3,
    "nconf_out": 3
}