{
    "partname": "prescreening",
    "runtime": 5.911353631876409,
    "results": {
        "CONF1": {
            "xtb_gsolv": {
                "gsolv": -0.004246210744998535,
                "energy_xtb_gas": -17.72775472145,
                "energy_xtb_solv": -17.732000932195
            },
            "sp": {
                "energy": -233.093511136804
            },
            "gtot": -233.09775734754902,
            "bmw": 0.1954731690410371
        },
        "CONF2": {
            "xtb_gsolv": {
                "gsolv": -0.004455213317999807,
                "energy_xtb_gas": -17.727303430964,
                "energy_xtb_solv": -17.731758644282
            },
            "sp": {
                "energy": -233.092321562957
            },
            "gtot": -233.09677677627502,
            "bmw": 0.06919195292431837
        },
        "CONF3": {
            "xtb_gsolv": {
                "gsolv": -0.004895528487001144,
                "energy_xtb_gas": -17.725403586678,
                "energy_xtb_solv": -17.730299115165
            },
            "sp": {
                "energy": -233.093203481469
            },
            "gtot": -233.098099009956,
            "bmw": 0.28069907582144776
        },
        "CONF4": {
            "xtb_gsolv": {
                "gsolv": -0.004886130136000588,
                "energy_xtb_gas": -17.725370426693,
                "energy_xtb_solv": -17.730256556829
            },
            "sp": {
                "energy": -233.092343619636
            },
            "gtot": -233.097229749772,
            "bmw": 0.11179154925451364
        },
        "CONF7": {
            "xtb_gsolv": {
                "gsolv": -0.004857782436001656,
                "energy_xtb_gas": -17.724363328632,
                "energy_xtb_solv": -17.729221111068
            },
            "sp": {
                "energy": -233.091890081133
            },
            "gtot": -233.096747863569,
            "bmw": 0.06710527561100113
        },
        "CONF6": {
            "xtb_gsolv": {
                "gsolv": -0.0036275324089984906,
                "energy_xtb_gas": -17.726113412762,
                "energy_xtb_solv": -17.729740945171
            },
            "sp": {
                "energy": -233.092124494959
            },
            "gtot": -233.095752027368,
            "bmw": 0.02337242198263752
        },
        "CONF5": {
            "xtb_gsolv": {
                "gsolv": -0.004759717765999483,
                "energy_xtb_gas": -17.725051992025,
                "energy_xtb_solv": -17.729811709791
            },
            "sp": {
                "energy": -233.092499104325
            },
            "gtot": -233.097258822091,
            "bmw": 0.11528725956786486
        },
        "CONF8": {
            "xtb_gsolv": {
                "gsolv": -0.003921885230997901,
                "energy_xtb_gas": -17.725270233157,
                "energy_xtb_solv": -17.729192118388
            },
            "sp": {
                "energy": -233.092874048813
            },
            "gtot": -233.096795934044,
            "bmw": 0.07061021800862935
        },
        "CONF9": {
            "xtb_gsolv": {
                "gsolv": -0.004562226496002353,
                "energy_xtb_gas": -17.724447945084,
                "energy_xtb_solv": -17.72901017158
            },
            "sp": {
                "energy": -233.092176642948
            },
            "gtot": -233.096738869444,
            "bmw": 0.06646907778855016
        }
    },
    "settings": {
        "threshold": 4.0,
        "func": "pbe-d4",
        "basis": "def2-sv(p)",
        "prog": "orca",
        "gfnv": "gfn2",
        "run": true,
        "template": false
    },
    "nconf_in": 9,
    "nconf_out": 9
}