{
    "partname": "screening",
    "runtime": 33.22209361940622,
    "results": {
        "CONF4": {
            "gsolv": {
                "gsolv": -0.006672877729982929,
                "energy_gas": -233.603628223739,
                "energy_solv": -233.610301101469
            },
            "gtot": -233.610301101469,
            "bmw": 0.1087659913779412
        },
        "CONF1": {
            "gsolv": {
                "gsolv": -0.00624898498898574,
                "energy_gas": -233.604393974395,
                "energy_solv": -233.610642959384
            },
            "gtot": -233.610642959384,
            "bmw": 0.15622008833880538
        },
        "CONF3": {
            "gsolv": {
                "gsolv": -0.0059943518230056725,
                "energy_gas": -233.604368722144,
                "energy_solv": -233.610363073967
            },
            "gtot": -233.610363073967,
            "bmw": 0.11614445986386587
        },
        "CONF2": {
            "gsolv": {
                "gsolv": -0.006699007836999726,
                "energy_gas": -233.603542559684,
                "energy_solv": -233.610241567521
            },
            "gtot": -233.610241567521,
            "bmw": 0.10211966986777556
        },
        "CONF7": {
            "gsolv": {
                "gsolv": -0.0060565771130143276,
                "energy_gas": -233.603284971825,
                "energy_solv": -233.609341548938
            },
            "gtot": -233.609341548938,
            "bmw": 0.03936674526687994
        },
        "CONF8": {
            "gsolv": {
                "gsolv": -0.0065054099090104955,
                "energy_gas": -233.60425606503,
                "energy_solv": -233.610761474939
            },
            "gtot": -233.610761474939,
            "bmw": 0.17711292722633495
        },
        "CONF5": {
            "gsolv": {
                "gsolv": -0.0067348461419953765,
                "energy_gas": -233.603912345805,
                "energy_solv": -233.610647191947
            },
            "gtot": -233.610647191947,
            "bmw": 0.15692195975589496
        },
        "CONF9": {
            "gsolv": {
                "gsolv": -0.006208556847980162,
                "energy_gas": -233.603481614969,
                "energy_solv": -233.609690171817
            },
            "gtot": -233.609690171817,
            "bmw": 0.056948846833975005
        },
        "CONF6": {
            "gsolv": {
                "gsolv": -0.006872692678001613,
                "energy_gas": -233.603211039743,
                "energy_solv": -233.610083732421
            },
            "gtot": -233.610083732421,
            "bmw": 0.0863993114685272
        }
    },
    "settings": {
        "threshold": 3.5,
        "func": "r2scan-3c",
        "basis": "def2-tzvp",
        "prog": "orca",
        "sm": "smd",
        "gfnv": "gfn2",
        "run": true,
        "implicit": false,
        "template": false
    },
    "nconf_in": 9,
    "nconf_out": 9
}