{
    "partname": "refinement",
    "runtime": 134.04762842785567,
    "results": {
        "CONF8": {
            "gsolv": {
                "gsolv": -0.007210415666008885,
                "energy_gas": -233.681256590022,
                "energy_solv": -233.688467005688
            },
            "gtot": -233.688467005688,
            "bmw": 0.18086763935961023
        },
        "CONF4": {
            "gsolv": {
                "gsolv": -0.007447124920020087,
                "energy_gas": -233.680593119362,
                "energy_solv": -233.688040244282
            },
            "gtot": -233.688040244282,
            "bmw": 0.11509705498472422
        },
        "CONF1": {
            "gsolv": {
                "gsolv": -0.007199456104018509,
                "energy_gas": -233.681140060932,
                "energy_solv": -233.688339517036
            },
            "gtot": -233.688339517036,
            "bmw": 0.15802294437356623
        },
        "CONF3": {
            "gsolv": {
                "gsolv": -0.006867543521991593,
                "energy_gas": -233.681438958589,
                "energy_solv": -233.688306502111
            },
            "gtot": -233.688306502111,
            "bmw": 0.15259290296622707
        },
        "CONF5": {
            "gsolv": {
                "gsolv": -0.007446211231012967,
                "energy_gas": -233.680715408766,
                "energy_solv": -233.688161619997
            },
            "gtot": -233.688161619997,
            "bmw": 0.13088599405933624
        },
        "CONF2": {
            "gsolv": {
                "gsolv": -0.007557143533006183,
                "energy_gas": -233.680334392579,
                "energy_solv": -233.687891536112
            },
            "gtot": -233.687891536112,
            "bmw": 0.09832482632114176
        },
        "CONF7": {
            "gsolv": {
                "gsolv": -0.006991375994999771,
                "energy_gas": -233.680198866215,
                "energy_solv": -233.68719024221
            },
            "gtot": -233.68719024221,
            "bmw": 0.04678324279779377
        },
        "CONF6": {
            "gsolv": {
                "gsolv": -0.007711347568999827,
                "energy_gas": -233.679620504676,
                "energy_solv": -233.687331852245
            },
            "gtot": -233.687331852245,
            "bmw": 0.054353364102791596
        },
        "CONF9": {
            "gsolv": {
                "gsolv": -0.007120964662988172,
                "energy_gas": -233.680351354668,
                "energy_solv": -233.687472319331
            },
            "gtot": -233.687472319331,
            "bmw": 0.06307203103480903
        }
    },
    "settings": {
        "threshold": 0.95,
        "func": "wb97x-v",
        "basis": "def2-tzvp",
        "prog": "orca",
        "sm": "smd",
        "gfnv": "gfn2",
        "run": true,
        "implicit": false,
        "template": false
    },
    "nconf_in": 9,
    "nconf_out": 9
}