{
   "temperature":     298.150000000000,
   "unit": "hartree",
   "energy":     -33.645001724433,
   "free energy":     -33.447429576215,
   "G(T)":       0.197572148219,
   "ZPVE":       0.235419348958,
   "number of imags":0,
   "point group": "c1",
   "gradient norm":       0.000043650186
}
