{
    "partname": "prescreening",
    "runtime": 13.879164239391685,
    "results": {
        "CONF1": {
            "xtb_gsolv": {
                "gsolv": -0.0005641775179938691,
                "energy_xtb_gas": -32.933691275146,
                "energy_xtb_solv": -32.934255452664
            },
            "sp": {
                "energy": -500.339739157648
            },
            "gtot": -500.340303335166,
            "bmw": 1.0
        }
    },
    "settings": {
        "threshold": 4.0,
        "func": "pbe-d4",
        "basis": "def2-sv(p)",
        "prog": "orca",
        "gfnv": "gfn2",
        "run": true,
        "template": false
    },
    "nconf_in": 1,
    "nconf_out": 1
}