{
   "temperature":     298.150000000000,
   "unit": "hartree",
   "energy":     -32.936069266691,
   "free energy":     -32.787459534613,
   "G(T)":       0.148609732079,
   "ZPVE":       0.182379362416,
   "number of imags":0,
   "point group": "c2v",
   "gradient norm":       0.000020392087
}
