{
   "temperature":     298.150000000000,
   "unit": "hartree",
   "energy":     -10.756619391383,
   "free energy":     -10.691883004103,
   "G(T)":       0.064736387280,
   "ZPVE":       0.090194306248,
   "number of imags":0,
   "point group": "cs",
   "gradient norm":       0.000036485759
}
