{
   "temperature":     298.150000000000,
   "unit": "hartree",
   "energy":     -24.329402567365,
   "free energy":     -24.205453466859,
   "G(T)":       0.123949100506,
   "ZPVE":       0.157141249893,
   "number of imags":0,
   "point group": "c1",
   "gradient norm":       0.000084038151
}
