{
    "partname": "prescreening",
    "runtime": 7.491731844842434,
    "results": {
        "CONF1": {
            "xtb_gsolv": {
                "gsolv": -0.0070972978320007485,
                "energy_xtb_gas": -24.006380074452,
                "energy_xtb_solv": -24.013477372284
            },
            "sp": {
                "energy": -766.085873868891
            },
            "gtot": -766.092971166723,
            "bmw": 0.4216704213522449
        },
        "CONF2": {
            "xtb_gsolv": {
                "gsolv": -0.007434921061999944,
                "energy_xtb_gas": -24.005948385234,
                "energy_xtb_solv": -24.013383306296
            },
            "sp": {
                "energy": -766.085834532105
            },
            "gtot": -766.093269453167,
            "bmw": 0.578329578647755
        }
    },
    "settings": {
        "threshold": 4.0,
        "func": "pbe-d4",
        "basis": "def2-sv(p)",
        "prog": "orca",
        "gfnv": "gfn2",
        "run": true,
        "template": false
    },
    "nconf_in": 2,
    "nconf_out": 2
}