{
    "partname": "screening",
    "runtime": 46.82086139637977,
    "results": {
        "CONF1": {
            "gsolv": {
                "gsolv": -0.009010340743998313,
                "energy_gas": -766.981744781758,
                "energy_solv": -766.990755122502
            },
            "gtot": -766.990755122502,
            "bmw": 0.4617648362796562
        },
        "CONF2": {
            "gsolv": {
                "gsolv": -0.009244345587035241,
                "energy_gas": -766.981655463472,
                "energy_solv": -766.990899809059
            },
            "gtot": -766.990899809059,
            "bmw": 0.5382351637203437
        }
    },
    "settings": {
        "threshold": 3.5,
        "func": "r2scan-3c",
        "basis": "def2-tzvp",
        "prog": "orca",
        "sm": "smd",
        "gfnv": "gfn2",
        "run": true,
        "implicit": false,
        "template": false
    },
    "nconf_in": 2,
    "nconf_out": 2
}