{
    "partname": "refinement",
    "runtime": 286.76114181801677,
    "results": {
        "CONF1": {
            "gsolv": {
                "gsolv": -0.009457216536929991,
                "energy_gas": -767.033489772367,
                "energy_solv": -767.042946988904
            },
            "gtot": -767.042946988904,
            "bmw": 0.4532316764605845
        },
        "CONF2": {
            "gsolv": {
                "gsolv": -0.009672121563994551,
                "energy_gas": -767.033452016756,
                "energy_solv": -767.04312413832
            },
            "gtot": -767.04312413832,
            "bmw": 0.5467683235394155
        }
    },
    "settings": {
        "threshold": 0.95,
        "func": "wb97x-v",
        "basis": "def2-tzvp",
        "prog": "orca",
        "sm": "smd",
        "gfnv": "gfn2",
        "run": true,
        "implicit": false,
        "template": false
    },
    "nconf_in": 2,
    "nconf_out": 2
}