{
   "temperature":     298.150000000000,
   "unit": "hartree",
   "energy":     -23.043708194908,
   "free energy":     -22.999550260350,
   "G(T)":       0.044157934558,
   "ZPVE":       0.077344892200,
   "number of imags":0,
   "point group": "d2h",
   "gradient norm":       0.000008316728
}
