{
   "temperature":     298.150000000000,
   "unit": "hartree",
   "energy":     -19.505083720134,
   "free energy":     -19.388800353296,
   "G(T)":       0.116283366838,
   "ZPVE":       0.144173054702,
   "number of imags":0,
   "point group": "c2h",
   "gradient norm":       0.000049358484
}
