{
   "temperature":     298.150000000000,
   "unit": "hartree",
   "energy":     -15.768423022356,
   "free energy":     -15.665672130984,
   "G(T)":       0.102750891372,
   "ZPVE":       0.134711223516,
   "number of imags":0,
   "point group": "c1",
   "gradient norm":       0.000050859137
}
