{
   "temperature":     298.150000000000,
   "unit": "hartree",
   "energy":     -22.498992082094,
   "free energy":     -22.390348294915,
   "G(T)":       0.108643787180,
   "ZPVE":       0.140337355761,
   "number of imags":0,
   "point group": "cs",
   "gradient norm":       0.000060055964
}
