{
    "partname": "prescreening",
    "runtime": 7.512448225170374,
    "results": {
        "CONF1": {
            "xtb_gsolv": {
                "gsolv": 0.0011730494039987605,
                "energy_xtb_gas": -21.102550044201,
                "energy_xtb_solv": -21.101376994797
            },
            "sp": {
                "energy": -273.290870854312
            },
            "gtot": -273.28969780490803,
            "bmw": 0.9738438271142519
        },
        "CONF2": {
            "xtb_gsolv": {
                "gsolv": 0.0011794932960000892,
                "energy_xtb_gas": -21.100752603588,
                "energy_xtb_solv": -21.099573110292
            },
            "sp": {
                "energy": -273.287437747579
            },
            "gtot": -273.28625825428304,
            "bmw": 0.02549209577346799
        },
        "CONF3": {
            "xtb_gsolv": {
                "gsolv": 0.0011450953469989145,
                "energy_xtb_gas": -21.096691903217,
                "energy_xtb_solv": -21.09554680787
            },
            "sp": {
                "energy": -273.283104443607
            },
            "gtot": -273.28195934826,
            "bmw": 0.00026856266966454004
        },
        "CONF5": {
            "xtb_gsolv": {
                "gsolv": 0.0011469151099987585,
                "energy_xtb_gas": -21.096265109049,
                "energy_xtb_solv": -21.095118193939
            },
            "sp": {
                "energy": -273.282746620726
            },
            "gtot": -273.28159970561603,
            "bmw": 0.00018349383605949856
        },
        "CONF4": {
            "xtb_gsolv": {
                "gsolv": 0.001149564412997961,
                "energy_xtb_gas": -21.096459566735,
                "energy_xtb_solv": -21.095310002322
            },
            "sp": {
                "energy": -273.282885706848
            },
            "gtot": -273.28173614243497,
            "bmw": 0.00021202060655607812
        }
    },
    "settings": {
        "threshold": 4.0,
        "func": "pbe-d4",
        "basis": "def2-sv(p)",
        "prog": "orca",
        "gfnv": "gfn2",
        "run": true,
        "template": false
    },
    "nconf_in": 5,
    "nconf_out": 2
}