{
    "partname": "screening",
    "runtime": 36.128990716766566,
    "results": {
        "CONF2": {
            "gsolv": {
                "gsolv": 0.0008647133419685815,
                "energy_gas": -273.867065840742,
                "energy_solv": -273.8662011274
            },
            "gtot": -273.8662011274,
            "bmw": 0.01864066473602435
        },
        "CONF1": {
            "gsolv": {
                "gsolv": 0.000739450887010662,
                "energy_gas": -273.870682938759,
                "energy_solv": -273.869943487872
            },
            "gtot": -273.869943487872,
            "bmw": 0.9813593352639757
        }
    },
    "settings": {
        "threshold": 3.5,
        "func": "r2scan-3c",
        "basis": "def2-tzvp",
        "prog": "orca",
        "sm": "smd",
        "gfnv": "gfn2",
        "run": true,
        "implicit": false,
        "template": false
    },
    "nconf_in": 2,
    "nconf_out": 2
}