{
    "partname": "refinement",
    "runtime": 287.01611942984164,
    "results": {
        "CONF2": {
            "gsolv": {
                "gsolv": 0.0010055903899797158,
                "energy_gas": -273.97323553571,
                "energy_solv": -273.97222994532
            },
            "gtot": -273.97222994532,
            "bmw": 0.023430860233501775
        },
        "CONF1": {
            "gsolv": {
                "gsolv": 0.0009010264190010275,
                "energy_gas": -273.976652769336,
                "energy_solv": -273.975751742917
            },
            "gtot": -273.975751742917,
            "bmw": 0.9765691397664983
        }
    },
    "settings": {
        "threshold": 0.95,
        "func": "wb97x-v",
        "basis": "def2-tzvp",
        "prog": "orca",
        "sm": "smd",
        "gfnv": "gfn2",
        "run": true,
        "implicit": false,
        "template": false
    },
    "nconf_in": 2,
    "nconf_out": 2
}