{
   "temperature":     298.150000000000,
   "unit": "hartree",
   "energy":     -33.612533066158,
   "free energy":     -33.416115440897,
   "G(T)":       0.196417625261,
   "ZPVE":       0.233871893530,
   "number of imags":0,
   "point group": "c1",
   "gradient norm":       0.000074949592
}
