{
   "temperature":     298.150000000000,
   "unit": "hartree",
   "energy":     -20.789651458891,
   "free energy":     -20.708906613495,
   "G(T)":       0.080744845396,
   "ZPVE":       0.114503486401,
   "number of imags":0,
   "point group": "c1",
   "gradient norm":       0.000058936772
}
