{
   "temperature":     298.150000000000,
   "unit": "hartree",
   "energy":     -59.112365783489,
   "free energy":     -59.054125820731,
   "G(T)":       0.058239962758,
   "ZPVE":       0.108291872353,
   "number of imags":0,
   "point group": "c1",
   "gradient norm":       0.000025455984
}
