{
   "temperature":     298.150000000000,
   "unit": "hartree",
   "energy":     -31.807729701289,
   "free energy":     -31.644246138307,
   "G(T)":       0.163483562982,
   "ZPVE":       0.198761138138,
   "number of imags":0,
   "point group": "cs",
   "gradient norm":       0.000029552534
}
