{
   "temperature":     298.150000000000,
   "unit": "hartree",
   "energy":      -7.826974153664,
   "free energy":      -7.797917035328,
   "G(T)":       0.029057118337,
   "ZPVE":       0.051145072788,
   "number of imags":0,
   "point group": "c2h",
   "gradient norm":       0.000006273759
}
