{
   "temperature":     298.150000000000,
   "unit": "hartree",
   "energy":     -43.389543475269,
   "free energy":     -43.242636270826,
   "G(T)":       0.146907204443,
   "ZPVE":       0.185812304901,
   "number of imags":0,
   "point group": "c1",
   "gradient norm":       0.000059902934
}
