{
    "partname": "prescreening",
    "runtime": 9.087655978277326,
    "results": {
        "CONF1": {
            "xtb_gsolv": {
                "gsolv": -0.010639923403999774,
                "energy_xtb_gas": -28.497950326568,
                "energy_xtb_solv": -28.508590249972
            },
            "sp": {
                "energy": -1242.358295757857
            },
            "gtot": -1242.3689356812608,
            "bmw": 1.0
        }
    },
    "settings": {
        "threshold": 4.0,
        "func": "pbe-d4",
        "basis": "def2-sv(p)",
        "prog": "orca",
        "gfnv": "gfn2",
        "run": true,
        "template": false
    },
    "nconf_in": 1,
    "nconf_out": 1
}