{
    "partname": "prescreening",
    "runtime": 6.1775237447582185,
    "results": {
        "CONF1": {
            "xtb_gsolv": {
                "gsolv": -0.0029930090789989094,
                "energy_xtb_gas": -28.029074716859,
                "energy_xtb_solv": -28.032067725938
            },
            "sp": {
                "energy": -1609.562268712172
            },
            "gtot": -1609.565261721251,
            "bmw": 1.0
        }
    },
    "settings": {
        "threshold": 4.0,
        "func": "pbe-d4",
        "basis": "def2-sv(p)",
        "prog": "orca",
        "gfnv": "gfn2",
        "run": true,
        "template": false
    },
    "nconf_in": 1,
    "nconf_out": 1
}