{
   "temperature":     298.150000000000,
   "unit": "hartree",
   "energy":     -18.980937471183,
   "free energy":     -18.844025067502,
   "G(T)":       0.136912403681,
   "ZPVE":       0.167060340518,
   "number of imags":0,
   "point group": "cs",
   "gradient norm":       0.000032311318
}
