{
   "temperature":     298.150000000000,
   "unit": "hartree",
   "energy":     -55.067364685483,
   "free energy":     -54.997560538303,
   "G(T)":       0.069804147180,
   "ZPVE":       0.117957767310,
   "number of imags":0,
   "point group": "c1",
   "gradient norm":       0.000087860552
}
