{
   "temperature":     298.150000000000,
   "unit": "hartree",
   "energy":     -25.649032579892,
   "free energy":     -25.515263776196,
   "G(T)":       0.133768803696,
   "ZPVE":       0.168290358013,
   "number of imags":0,
   "point group": "cs",
   "gradient norm":       0.000084531384
}
