{
   "temperature":     298.150000000000,
   "unit": "hartree",
   "energy":     -18.590145722341,
   "free energy":     -18.537810197448,
   "G(T)":       0.052335524893,
   "ZPVE":       0.083335207330,
   "number of imags":0,
   "point group": "c1",
   "gradient norm":       0.000037088933
}
