{
    "partname": "prescreening",
    "runtime": 10.740415043197572,
    "results": {
        "CONF3": {
            "xtb_gsolv": {
                "gsolv": -0.008267004941000522,
                "energy_xtb_gas": -30.351235392518,
                "energy_xtb_solv": -30.359502397459
            },
            "sp": {
                "energy": -460.305380304689
            },
            "gtot": -460.31364730962997,
            "bmw": 0.014094774116529441
        },
        "CONF5": {
            "xtb_gsolv": {
                "gsolv": -0.007211567197000335,
                "energy_xtb_gas": -30.351025773843,
                "energy_xtb_solv": -30.35823734104
            },
            "sp": {
                "energy": -460.300095411642
            },
            "gtot": -460.307306978839,
            "bmw": 1.7088652902461818e-05
        },
        "CONF6": {
            "xtb_gsolv": {
                "gsolv": -0.008767907816000786,
                "energy_xtb_gas": -30.345938932562,
                "energy_xtb_solv": -30.354706840378
            },
            "sp": {
                "energy": -460.300402380768
            },
            "gtot": -460.30917028858397,
            "bmw": 0.00012296201876379692
        },
        "CONF1": {
            "xtb_gsolv": {
                "gsolv": -0.00599936179400018,
                "energy_xtb_gas": -30.357137019612,
                "energy_xtb_solv": -30.363136381406
            },
            "sp": {
                "energy": -460.311100931189
            },
            "gtot": -460.317100292983,
            "bmw": 0.546160794679135
        },
        "CONF2": {
            "xtb_gsolv": {
                "gsolv": -0.005995994414998762,
                "energy_xtb_gas": -30.357057565076,
                "energy_xtb_solv": -30.363053559491
            },
            "sp": {
                "energy": -460.310877606997
            },
            "gtot": -460.316873601412,
            "bmw": 0.4295855027841873
        },
        "CONF4": {
            "xtb_gsolv": {
                "gsolv": -0.008276496109999698,
                "energy_xtb_gas": -30.351122531809,
                "energy_xtb_solv": -30.359399027919
            },
            "sp": {
                "energy": -460.305048532424
            },
            "gtot": -460.313325028534,
            "bmw": 0.010018877748481949
        }
    },
    "settings": {
        "threshold": 4.0,
        "func": "pbe-d4",
        "basis": "def2-sv(p)",
        "prog": "orca",
        "gfnv": "gfn2",
        "run": true,
        "template": false
    },
    "nconf_in": 6,
    "nconf_out": 4
}