{
    "partname": "screening",
    "runtime": 73.55454637017101,
    "results": {
        "CONF1": {
            "gsolv": {
                "gsolv": -0.006777783652012204,
                "energy_gas": -461.205409302926,
                "energy_solv": -461.212187086578
            },
            "gtot": -461.212187086578,
            "bmw": 0.4429649715542622
        },
        "CONF3": {
            "gsolv": {
                "gsolv": -0.011849902782955724,
                "energy_gas": -461.199125468262,
                "energy_solv": -461.210975371045
            },
            "gtot": -461.210975371045,
            "bmw": 0.12274924225755458
        },
        "CONF4": {
            "gsolv": {
                "gsolv": -0.011872803111032226,
                "energy_gas": -461.198830812336,
                "energy_solv": -461.210703615447
            },
            "gtot": -461.210703615447,
            "bmw": 0.09204917433930933
        },
        "CONF2": {
            "gsolv": {
                "gsolv": -0.006737685091991352,
                "energy_gas": -461.205205813067,
                "energy_solv": -461.211943498159
            },
            "gtot": -461.211943498159,
            "bmw": 0.3422366118488739
        }
    },
    "settings": {
        "threshold": 3.5,
        "func": "r2scan-3c",
        "basis": "def2-tzvp",
        "prog": "orca",
        "sm": "smd",
        "gfnv": "gfn2",
        "run": true,
        "implicit": false,
        "template": false
    },
    "nconf_in": 4,
    "nconf_out": 4
}