{
    "partname": "refinement",
    "runtime": 549.4680883102119,
    "results": {
        "CONF2": {
            "gsolv": {
                "gsolv": -0.007239287161951324,
                "energy_gas": -461.336048052966,
                "energy_solv": -461.343287340128
            },
            "gtot": -461.343287340128,
            "bmw": 0.34774601574410485
        },
        "CONF1": {
            "gsolv": {
                "gsolv": -0.007265903603013157,
                "energy_gas": -461.336272343452,
                "energy_solv": -461.343538247055
            },
            "gtot": -461.343538247055,
            "bmw": 0.45359823972490393
        },
        "CONF3": {
            "gsolv": {
                "gsolv": -0.01263284927301811,
                "energy_gas": -461.329598215114,
                "energy_solv": -461.342231064387
            },
            "gtot": -461.342231064387,
            "bmw": 0.11360801013431003
        },
        "CONF4": {
            "gsolv": {
                "gsolv": -0.012666854455972043,
                "energy_gas": -461.329290829695,
                "energy_solv": -461.341957684151
            },
            "gtot": -461.341957684151,
            "bmw": 0.08504773439668117
        }
    },
    "settings": {
        "threshold": 0.95,
        "func": "wb97x-v",
        "basis": "def2-tzvp",
        "prog": "orca",
        "sm": "smd",
        "gfnv": "gfn2",
        "run": true,
        "implicit": false,
        "template": false
    },
    "nconf_in": 4,
    "nconf_out": 4
}