{
   "temperature":     298.150000000000,
   "unit": "hartree",
   "energy":     -31.807729836546,
   "free energy":     -31.644242394657,
   "G(T)":       0.163487441889,
   "ZPVE":       0.198762926112,
   "number of imags":0,
   "point group": "cs",
   "gradient norm":       0.000121181598
}
