{
   "temperature":     298.150000000000,
   "unit": "hartree",
   "energy":     -20.899279086702,
   "free energy":     -20.770236974132,
   "G(T)":       0.129042112570,
   "ZPVE":       0.161042738255,
   "number of imags":0,
   "point group": "c1",
   "gradient norm":       0.000042753333
}
