{
   "temperature":     298.150000000000,
   "unit": "hartree",
   "energy":     -42.391789112141,
   "free energy":     -42.233399712102,
   "G(T)":       0.158389400039,
   "ZPVE":       0.199115500740,
   "number of imags":0,
   "point group": "c1",
   "gradient norm":       0.000020592306
}
