{
   "temperature":     298.150000000000,
   "unit": "hartree",
   "energy":     -25.384176691033,
   "free energy":     -25.236868455878,
   "G(T)":       0.147308235155,
   "ZPVE":       0.180869684550,
   "number of imags":0,
   "point group": "cs",
   "gradient norm":       0.000021218515
}
