{
   "temperature":     298.150000000000,
   "unit": "hartree",
   "energy":     -34.822317050266,
   "free energy":     -34.693296248899,
   "G(T)":       0.129020801367,
   "ZPVE":       0.166252044948,
   "number of imags":0,
   "point group": "c1",
   "gradient norm":       0.000027820923
}
