{
   "temperature":     298.150000000000,
   "unit": "hartree",
   "energy":     -20.965396822743,
   "free energy":     -20.892554106323,
   "G(T)":       0.072842716420,
   "ZPVE":       0.104500889666,
   "number of imags":0,
   "point group": "c1",
   "gradient norm":       0.000047446486
}
