{
   "temperature":     298.150000000000,
   "unit": "hartree",
   "energy":     -17.731035305738,
   "free energy":     -17.626997927567,
   "G(T)":       0.104037378171,
   "ZPVE":       0.133768238966,
   "number of imags":0,
   "point group": "c1",
   "gradient norm":       0.000027608680
}
