{
    "partname": "prescreening",
    "runtime": 14.705458729993552,
    "results": {
        "CONF1": {
            "xtb_gsolv": {
                "gsolv": -0.008768206163999537,
                "energy_xtb_gas": -23.261058239146,
                "energy_xtb_solv": -23.26982644531
            },
            "sp": {
                "energy": -603.901207150956
            },
            "gtot": -603.90997535712,
            "bmw": 0.7500625247357475
        },
        "CONF2": {
            "xtb_gsolv": {
                "gsolv": -0.004262178183999765,
                "energy_xtb_gas": -23.26250099935,
                "energy_xtb_solv": -23.266763177534
            },
            "sp": {
                "energy": -603.904675572141
            },
            "gtot": -603.908937750325,
            "bmw": 0.24993747526425253
        }
    },
    "settings": {
        "threshold": 4.0,
        "func": "pbe-d4",
        "basis": "def2-sv(p)",
        "prog": "orca",
        "gfnv": "gfn2",
        "run": true,
        "template": false
    },
    "nconf_in": 2,
    "nconf_out": 2
}