{
    "partname": "screening",
    "runtime": 39.46841451572254,
    "results": {
        "CONF2": {
            "gsolv": {
                "gsolv": -0.007532744530067248,
                "energy_gas": -604.540112765185,
                "energy_solv": -604.547645509715
            },
            "gtot": -604.547645509715,
            "bmw": 0.7694881202546358
        },
        "CONF1": {
            "gsolv": {
                "gsolv": -0.011522031690105905,
                "energy_gas": -604.534985337058,
                "energy_solv": -604.546507368748
            },
            "gtot": -604.546507368748,
            "bmw": 0.23051187974536422
        }
    },
    "settings": {
        "threshold": 3.5,
        "func": "r2scan-3c",
        "basis": "def2-tzvp",
        "prog": "orca",
        "sm": "smd",
        "gfnv": "gfn2",
        "run": true,
        "implicit": false,
        "template": false
    },
    "nconf_in": 2,
    "nconf_out": 2
}