{
    "partname": "refinement",
    "runtime": 304.9347283327952,
    "results": {
        "CONF1": {
            "gsolv": {
                "gsolv": -0.011685111655992841,
                "energy_gas": -604.577091856513,
                "energy_solv": -604.588776968169
            },
            "gtot": -604.588776968169,
            "bmw": 0.47287039264733566
        },
        "CONF2": {
            "gsolv": {
                "gsolv": -0.008021920421015238,
                "energy_gas": -604.580857609819,
                "energy_solv": -604.58887953024
            },
            "gtot": -604.58887953024,
            "bmw": 0.5271296073526645
        }
    },
    "settings": {
        "threshold": 0.95,
        "func": "wb97x-v",
        "basis": "def2-tzvp",
        "prog": "orca",
        "sm": "smd",
        "gfnv": "gfn2",
        "run": true,
        "implicit": false,
        "template": false
    },
    "nconf_in": 2,
    "nconf_out": 2
}