{
    "partname": "prescreening",
    "runtime": 4.885592298582196,
    "results": {
        "CONF1": {
            "xtb_gsolv": {
                "gsolv": -0.0007731744009991104,
                "energy_xtb_gas": -12.877756874011,
                "energy_xtb_solv": -12.878530048412
            },
            "sp": {
                "energy": -172.817412199902
            },
            "gtot": -172.818185374303,
            "bmw": 1.0
        }
    },
    "settings": {
        "threshold": 4.0,
        "func": "pbe-d4",
        "basis": "def2-sv(p)",
        "prog": "orca",
        "gfnv": "gfn2",
        "run": true,
        "template": false
    },
    "nconf_in": 1,
    "nconf_out": 1
}