{
   "temperature":     298.150000000000,
   "unit": "hartree",
   "energy":     -20.790083289303,
   "free energy":     -20.708446714928,
   "G(T)":       0.081636574376,
   "ZPVE":       0.114932737956,
   "number of imags":0,
   "point group": "c1",
   "gradient norm":       0.000097626785
}
