{
   "temperature":     298.150000000000,
   "unit": "hartree",
   "energy":     -25.523793498390,
   "free energy":     -25.436336730146,
   "G(T)":       0.087456768244,
   "ZPVE":       0.121626393922,
   "number of imags":0,
   "point group": "cs",
   "gradient norm":       0.000124672500
}
