{
    "partname": "prescreening",
    "runtime": 7.733355497941375,
    "results": {
        "CONF1": {
            "xtb_gsolv": {
                "gsolv": -0.00036711960400026555,
                "energy_xtb_gas": -14.86946232581,
                "energy_xtb_solv": -14.869829445414
            },
            "sp": {
                "energy": -7758.967065168627
            },
            "gtot": -7758.967432288231,
            "bmw": 1.0
        }
    },
    "settings": {
        "threshold": 4.0,
        "func": "pbe-d4",
        "basis": "def2-sv(p)",
        "prog": "orca",
        "gfnv": "gfn2",
        "run": true,
        "template": false
    },
    "nconf_in": 1,
    "nconf_out": 1
}