{
   "temperature":     298.150000000000,
   "unit": "hartree",
   "energy":     -33.423181374183,
   "free energy":     -33.318932137804,
   "G(T)":       0.104249236379,
   "ZPVE":       0.141230335900,
   "number of imags":0,
   "point group": "cs",
   "gradient norm":       0.000033954325
}
