{
    "partname": "prescreening",
    "runtime": 10.522798782214522,
    "results": {
        "CONF2": {
            "xtb_gsolv": {
                "gsolv": -0.006730729615000541,
                "energy_xtb_gas": -25.513205596496,
                "energy_xtb_solv": -25.519936326111
            },
            "sp": {
                "energy": -400.080387670544
            },
            "gtot": -400.087118400159,
            "bmw": 0.01012790072226692
        },
        "CONF1": {
            "xtb_gsolv": {
                "gsolv": -0.0068019436969990466,
                "energy_xtb_gas": -25.515176972728,
                "energy_xtb_solv": -25.521978916425
            },
            "sp": {
                "energy": -400.084642972552
            },
            "gtot": -400.091444916249,
            "bmw": 0.989872099277733
        }
    },
    "settings": {
        "threshold": 4.0,
        "func": "pbe-d4",
        "basis": "def2-sv(p)",
        "prog": "orca",
        "gfnv": "gfn2",
        "run": true,
        "template": false
    },
    "nconf_in": 2,
    "nconf_out": 2
}