{
    "partname": "screening",
    "runtime": 64.2784713478759,
    "results": {
        "CONF1": {
            "gsolv": {
                "gsolv": -0.012000052321980093,
                "energy_gas": -400.831522489079,
                "energy_solv": -400.843522541401
            },
            "gtot": -400.843522541401,
            "bmw": 0.959722512177989
        },
        "CONF2": {
            "gsolv": {
                "gsolv": -0.012686482736000926,
                "energy_gas": -400.827842192078,
                "energy_solv": -400.840528674814
            },
            "gtot": -400.840528674814,
            "bmw": 0.040277487822010995
        }
    },
    "settings": {
        "threshold": 3.5,
        "func": "r2scan-3c",
        "basis": "def2-tzvp",
        "prog": "orca",
        "sm": "smd",
        "gfnv": "gfn2",
        "run": true,
        "implicit": false,
        "template": false
    },
    "nconf_in": 2,
    "nconf_out": 2
}