{
    "partname": "refinement",
    "runtime": 406.97053990513086,
    "results": {
        "CONF1": {
            "gsolv": {
                "gsolv": -0.013018117537001217,
                "energy_gas": -400.948586020732,
                "energy_solv": -400.961604138269
            },
            "gtot": -400.961604138269,
            "bmw": 0.499052044019679
        },
        "CONF2": {
            "gsolv": {
                "gsolv": -0.01300994648698861,
                "energy_gas": -400.948597771965,
                "energy_solv": -400.961607718452
            },
            "gtot": -400.961607718452,
            "bmw": 0.5009479559803209
        }
    },
    "settings": {
        "threshold": 0.95,
        "func": "wb97x-v",
        "basis": "def2-tzvp",
        "prog": "orca",
        "sm": "smd",
        "gfnv": "gfn2",
        "run": true,
        "implicit": false,
        "template": false
    },
    "nconf_in": 2,
    "nconf_out": 2
}