{
   "temperature":     298.150000000000,
   "unit": "hartree",
   "energy":     -30.429695087137,
   "free energy":     -30.360375747470,
   "G(T)":       0.069319339667,
   "ZPVE":       0.102895112437,
   "number of imags":0,
   "point group": "cs",
   "gradient norm":       0.000022276976
}
