{
   "temperature":     298.150000000000,
   "unit": "hartree",
   "energy":     -17.477522144306,
   "free energy":     -17.410244839700,
   "G(T)":       0.067277304606,
   "ZPVE":       0.096368532906,
   "number of imags":0,
   "point group": "c1",
   "gradient norm":       0.000073923549
}
