{
   "temperature":     298.150000000000,
   "unit": "hartree",
   "energy":     -43.389227860087,
   "free energy":     -43.241752801566,
   "G(T)":       0.147475058521,
   "ZPVE":       0.186319759626,
   "number of imags":0,
   "point group": "c1",
   "gradient norm":       0.000032433731
}
