{
   "temperature":     298.150000000000,
   "unit": "hartree",
   "energy":     -25.320808037708,
   "free energy":     -25.129140693709,
   "G(T)":       0.191667343999,
   "ZPVE":       0.223458329718,
   "number of imags":0,
   "point group": "c2h",
   "gradient norm":       0.000046379257
}
