{
    "partname": "prescreening",
    "runtime": 6.414320980198681,
    "results": {
        "CONF1": {
            "xtb_gsolv": {
                "gsolv": -0.001147701043002769,
                "energy_xtb_gas": -19.932383522762,
                "energy_xtb_solv": -19.933531223805
            },
            "sp": {
                "energy": -691.004944301642
            },
            "gtot": -691.006092002685,
            "bmw": 1.0
        }
    },
    "settings": {
        "threshold": 4.0,
        "func": "pbe-d4",
        "basis": "def2-sv(p)",
        "prog": "orca",
        "gfnv": "gfn2",
        "run": true,
        "template": false
    },
    "nconf_in": 1,
    "nconf_out": 1
}