{
   "temperature":     298.150000000000,
   "unit": "hartree",
   "energy":     -19.870334861535,
   "free energy":     -19.764051361597,
   "G(T)":       0.106283499938,
   "ZPVE":       0.138555297326,
   "number of imags":0,
   "point group": "c1",
   "gradient norm":       0.000019955769
}
