{
   "temperature":     298.150000000000,
   "unit": "hartree",
   "energy":     -16.995480746102,
   "free energy":     -16.925548434785,
   "G(T)":       0.069932311317,
   "ZPVE":       0.099743463295,
   "number of imags":0,
   "point group": "cs",
   "gradient norm":       0.000039969677
}
