{
   "temperature":     298.150000000000,
   "unit": "hartree",
   "energy":     -14.565211860559,
   "free energy":     -14.486991398604,
   "G(T)":       0.078220461955,
   "ZPVE":       0.106056390248,
   "number of imags":0,
   "point group": "c1",
   "gradient norm":       0.000032525783
}
