{
   "temperature":     298.150000000000,
   "unit": "hartree",
   "energy":     -43.388228423339,
   "free energy":     -43.241007885770,
   "G(T)":       0.147220537570,
   "ZPVE":       0.186187905274,
   "number of imags":0,
   "point group": "c1",
   "gradient norm":       0.000067427253
}
