{
   "temperature":     298.150000000000,
   "unit": "hartree",
   "energy":     -32.442363626004,
   "free energy":     -32.271801308388,
   "G(T)":       0.170562317616,
   "ZPVE":       0.208407065920,
   "number of imags":0,
   "point group": "c1",
   "gradient norm":       0.000038255308
}
