{
   "temperature":     298.150000000000,
   "unit": "hartree",
   "energy":     -18.981658674821,
   "free energy":     -18.845617616068,
   "G(T)":       0.136041058752,
   "ZPVE":       0.166991025122,
   "number of imags":0,
   "point group": "c1",
   "gradient norm":       0.000042944281
}
