{
    "partname": "prescreening",
    "runtime": 11.25837308075279,
    "results": {
        "CONF1": {
            "xtb_gsolv": {
                "gsolv": -0.004279301166000948,
                "energy_xtb_gas": -46.552627798014,
                "energy_xtb_solv": -46.55690709918
            },
            "sp": {
                "energy": -2732.257283514385
            },
            "gtot": -2732.2615628155513,
            "bmw": 1.0
        }
    },
    "settings": {
        "threshold": 4.0,
        "func": "pbe-d4",
        "basis": "def2-sv(p)",
        "prog": "orca",
        "gfnv": "gfn2",
        "run": true,
        "template": false
    },
    "nconf_in": 1,
    "nconf_out": 1
}