{
    "partname": "optimization",
    "runtime": 1359.102472614497,
    "results": {
        "CONF1": {
            "xtb_opt": {
                "energy": -2734.535562,
                "cycles": 24,
                "converged": true,
                "ecyc": [
                    -2734.5316601,
                    -2734.5325146,
                    -2734.5330899,
                    -2734.5339096,
                    -2734.5343374,
                    -2734.5347335,
                    -2734.5348158,
                    -2734.534536,
                    -2734.5350906,
                    -2734.5352166,
                    -2734.535282,
                    -2734.5353196,
                    -2734.5353756,
                    -2734.5354121,
                    -2734.5353723,
                    -2734.5354171,
                    -2734.5354443,
                    -2734.5354775,
                    -2734.5355046,
                    -2734.5355197,
                    -2734.5355312,
                    -2734.5355527,
                    -2734.5355579,
                    -2734.535562
                ],
                "grad_norm": 0.000204706856,
                "gncyc": [
                    0.043668779268,
                    0.018061,
                    0.0298652,
                    0.0210467,
                    0.0116724,
                    0.0159354,
                    0.016951,
                    0.0237109,
                    0.0322229,
                    0.0105506,
                    0.0044016,
                    0.0045228,
                    0.0127637,
                    0.0041145,
                    0.0027529,
                    0.0056878,
                    0.0028949,
                    0.0126581,
                    0.0031196,
                    0.0018374,
                    0.0058587,
                    0.0016736,
                    0.0019583,
                    0.0004063,
                    0.0001906,
                    0.000204706856
                ],
                "geom": [
                    {
                        "element": "C",
                        "xyz": [
                            -1.234845214179993,
                            4.417524421946346e-05,
                            0.00013402346855348699
                        ]
                    },
                    {
                        "element": "C",
                        "xyz": [
                            -0.5678004162009005,
                            -1.2130274201758533,
                            -0.07099828707179194
                        ]
                    },
                    {
                        "element": "C",
                        "xyz": [
                            0.8296973317801706,
                            -1.2151105390349874,
                            -0.07292743848618898
                        ]
                    },
                    {
                        "element": "C",
                        "xyz": [
                            1.5241413180316832,
                            -0.00015989526081552978,
                            -0.00011383353320465092
                        ]
                    },
                    {
                        "element": "C",
                        "xyz": [
                            0.8299085002338444,
                            1.2148980177002822,
                            0.07295559966517311
                        ]
                    },
                    {
                        "element": "C",
                        "xyz": [
                            -0.5675955614320455,
                            1.213033462196195,
                            0.07124955965369846
                        ]
                    },
                    {
                        "element": "Cl",
                        "xyz": [
                            -1.472534201188864,
                            2.680602773811356,
                            0.16433680886166613
                        ]
                    },
                    {
                        "element": "Cl",
                        "xyz": [
                            1.6849395826283966,
                            2.7082703440659515,
                            0.16531563844713415
                        ]
                    },
                    {
                        "element": "Cl",
                        "xyz": [
                            3.248445427304695,
                            -0.0003152321645316079,
                            -0.00020997360926778115
                        ]
                    },
                    {
                        "element": "Cl",
                        "xyz": [
                            1.6844760132760928,
                            -2.7086223993804057,
                            -0.16544692694946667
                        ]
                    },
                    {
                        "element": "Cl",
                        "xyz": [
                            -1.4730367461490708,
                            -2.680454733746872,
                            -0.16384441527569898
                        ]
                    },
                    {
                        "element": "N",
                        "xyz": [
                            -2.7153436221264386,
                            0.00019380437777525615,
                            -0.00012925309626061516
                        ]
                    },
                    {
                        "element": "O",
                        "xyz": [
                            -3.263599589806286,
                            -0.13679955889097384,
                            1.0796908243042822
                        ]
                    },
                    {
                        "element": "O",
                        "xyz": [
                            -3.2632009131342485,
                            0.13788753767316478,
                            -1.0799931169112396
                        ]
                    }
                ]
            },
            "xtb_rrho": {
                "energy": 0.00947439074,
                "rmsd": null,
                "gibbs": {
                    "298.15": 0.00947439074
                },
                "enthalpy": {
                    "298.15": null
                },
                "entropy": {
                    "298.15": null
                },
                "symmetry": "c1",
                "symnum": 1,
                "linear": false
            },
            "gtot": -2734.5260876092602,
            "bmw": 1.0
        }
    },
    "settings": {
        "optcycles": 8,
        "maxcyc": 200,
        "threshold": 1.5,
        "hlow": 0.01,
        "gradthr": 0.01,
        "func": "r2scan-3c",
        "basis": "def2-tzvp",
        "prog": "orca",
        "sm": "smd",
        "gfnv": "gfn2",
        "optlevel": "normal",
        "run": true,
        "macrocycles": false,
        "crestcheck": true,
        "template": false,
        "constrain": false,
        "xtb_opt": true
    },
    "nconf_in": 1,
    "nconf_out": 1
}