{
   "temperature":     298.150000000000,
   "unit": "hartree",
   "energy":     -17.715119248043,
   "free energy":     -17.624599996630,
   "G(T)":       0.090519251412,
   "ZPVE":       0.121016172254,
   "number of imags":0,
   "point group": "c1",
   "gradient norm":       0.000050822323
}
