{
   "temperature":     298.150000000000,
   "unit": "hartree",
   "energy":     -15.781030617507,
   "free energy":     -15.679411583907,
   "G(T)":       0.101619033599,
   "ZPVE":       0.133570115736,
   "number of imags":0,
   "point group": "cs",
   "gradient norm":       0.000021226605
}
