{
   "temperature":     298.150000000000,
   "unit": "hartree",
   "energy":     -28.353744030756,
   "free energy":     -28.183454768395,
   "G(T)":       0.170289262361,
   "ZPVE":       0.204245794091,
   "number of imags":0,
   "point group": "c1",
   "gradient norm":       0.000026963295
}
