{
   "temperature":     298.150000000000,
   "unit": "hartree",
   "energy":     -15.781059930502,
   "free energy":     -15.678752269647,
   "G(T)":       0.102307660855,
   "ZPVE":       0.133637123517,
   "number of imags":0,
   "point group": "cs",
   "gradient norm":       0.000019661707
}
