{
   "temperature":     298.150000000000,
   "unit": "hartree",
   "energy":     -22.346760994076,
   "free energy":     -22.284111437869,
   "G(T)":       0.062649556207,
   "ZPVE":       0.093658269737,
   "number of imags":0,
   "point group": "cs",
   "gradient norm":       0.000061401696
}
