{
   "temperature":     298.150000000000,
   "unit": "hartree",
   "energy":     -25.320808026023,
   "free energy":     -25.129134202072,
   "G(T)":       0.191673823951,
   "ZPVE":       0.223461521488,
   "number of imags":0,
   "point group": "c2h",
   "gradient norm":       0.000034559551
}
