{
    "partname": "prescreening",
    "runtime": 6.276757520623505,
    "results": {
        "CONF3": {
            "xtb_gsolv": {
                "gsolv": -0.006064417622997809,
                "energy_xtb_gas": -21.652410227964,
                "energy_xtb_solv": -21.658474645587
            },
            "sp": {
                "energy": -727.08090083888
            },
            "gtot": -727.0869652565029,
            "bmw": 0.048278487252303555
        },
        "CONF1": {
            "xtb_gsolv": {
                "gsolv": -0.0073203695610004615,
                "energy_xtb_gas": -21.651516879791,
                "energy_xtb_solv": -21.658837249352
            },
            "sp": {
                "energy": -727.081934248703
            },
            "gtot": -727.089254618264,
            "bmw": 0.5454904751788769
        },
        "CONF4": {
            "xtb_gsolv": {
                "gsolv": -0.005996792834999098,
                "energy_xtb_gas": -21.652443686678,
                "energy_xtb_solv": -21.658440479513
            },
            "sp": {
                "energy": -727.08026807668
            },
            "gtot": -727.086264869515,
            "bmw": 0.022993121753989234
        },
        "CONF2": {
            "xtb_gsolv": {
                "gsolv": -0.007531674528998167,
                "energy_xtb_gas": -21.651297430989,
                "energy_xtb_solv": -21.658829105518
            },
            "sp": {
                "energy": -727.080949074881
            },
            "gtot": -727.08848074941,
            "bmw": 0.2403433655953816
        },
        "CONF6": {
            "xtb_gsolv": {
                "gsolv": -0.005896166881999676,
                "energy_xtb_gas": -21.652479520574,
                "energy_xtb_solv": -21.658375687456
            },
            "sp": {
                "energy": -727.080635504957
            },
            "gtot": -727.086531671839,
            "bmw": 0.030501311471981422
        },
        "CONF5": {
            "xtb_gsolv": {
                "gsolv": -0.005869549229998938,
                "energy_xtb_gas": -21.652515127512,
                "energy_xtb_solv": -21.658384676742
            },
            "sp": {
                "energy": -727.081893559307
            },
            "gtot": -727.087763108537,
            "bmw": 0.11239323874746741
        }
    },
    "settings": {
        "threshold": 4.0,
        "func": "pbe-d4",
        "basis": "def2-sv(p)",
        "prog": "orca",
        "gfnv": "gfn2",
        "run": true,
        "template": false
    },
    "nconf_in": 6,
    "nconf_out": 6
}