{
    "partname": "screening",
    "runtime": 33.25435402896255,
    "results": {
        "CONF1": {
            "gsolv": {
                "gsolv": -0.009024668614983966,
                "energy_gas": -727.903424900987,
                "energy_solv": -727.912449569602
            },
            "gtot": -727.912449569602,
            "bmw": 0.7290196223584083
        },
        "CONF2": {
            "gsolv": {
                "gsolv": -0.008278690415977508,
                "energy_gas": -727.901725096811,
                "energy_solv": -727.910003787227
            },
            "gtot": -727.910003787227,
            "bmw": 0.05467102265139191
        },
        "CONF5": {
            "gsolv": {
                "gsolv": -0.0076844609650379425,
                "energy_gas": -727.903129277134,
                "energy_solv": -727.910813738099
            },
            "gtot": -727.910813738099,
            "bmw": 0.12891659032912842
        },
        "CONF3": {
            "gsolv": {
                "gsolv": -0.006881279896902015,
                "energy_gas": -727.901433684672,
                "energy_solv": -727.908314964569
            },
            "gtot": -727.908314964569,
            "bmw": 0.009140133647921935
        },
        "CONF4": {
            "gsolv": {
                "gsolv": -0.0068750073589853855,
                "energy_gas": -727.901915643867,
                "energy_solv": -727.908790651226
            },
            "gtot": -727.908790651226,
            "bmw": 0.015127015878062935
        },
        "CONF6": {
            "gsolv": {
                "gsolv": -0.00738147016795665,
                "energy_gas": -727.902758083903,
                "energy_solv": -727.910139554071
            },
            "gtot": -727.910139554071,
            "bmw": 0.06312561513508673
        }
    },
    "settings": {
        "threshold": 3.5,
        "func": "r2scan-3c",
        "basis": "def2-tzvp",
        "prog": "orca",
        "sm": "smd",
        "gfnv": "gfn2",
        "run": true,
        "implicit": false,
        "template": false
    },
    "nconf_in": 6,
    "nconf_out": 6
}