{
    "partname": "refinement",
    "runtime": 154.1869346909225,
    "results": {
        "CONF1": {
            "gsolv": {
                "gsolv": -0.009193592817041463,
                "energy_gas": -727.943583512278,
                "energy_solv": -727.952777105095
            },
            "gtot": -727.952777105095,
            "bmw": 0.41519348237768
        },
        "CONF2": {
            "gsolv": {
                "gsolv": -0.009241694581987758,
                "energy_gas": -727.943507944388,
                "energy_solv": -727.95274963897
            },
            "gtot": -727.95274963897,
            "bmw": 0.4032895645307085
        },
        "CONF5": {
            "gsolv": {
                "gsolv": -0.008196545952046108,
                "energy_gas": -727.943154301692,
                "energy_solv": -727.951350847644
            },
            "gtot": -727.951350847644,
            "bmw": 0.09166794829562157
        },
        "CONF6": {
            "gsolv": {
                "gsolv": -0.007721314570062532,
                "energy_gas": -727.942945851407,
                "energy_solv": -727.950667165977
            },
            "gtot": -727.950667165977,
            "bmw": 0.04443710036172764
        },
        "CONF4": {
            "gsolv": {
                "gsolv": -0.007772959334033658,
                "energy_gas": -727.942914695024,
                "energy_solv": -727.950687654358
            },
            "gtot": -727.950687654358,
            "bmw": 0.04541190443426214
        }
    },
    "settings": {
        "threshold": 0.95,
        "func": "wb97x-v",
        "basis": "def2-tzvp",
        "prog": "orca",
        "sm": "smd",
        "gfnv": "gfn2",
        "run": true,
        "implicit": false,
        "template": false
    },
    "nconf_in": 5,
    "nconf_out": 5
}