{
   "temperature":     298.150000000000,
   "unit": "hartree",
   "energy":     -28.355160665504,
   "free energy":     -28.185953741661,
   "G(T)":       0.169206923843,
   "ZPVE":       0.203969144224,
   "number of imags":0,
   "point group": "c1",
   "gradient norm":       0.000083806583
}
