{
   "temperature":     298.150000000000,
   "unit": "hartree",
   "energy":     -22.758303988922,
   "free energy":     -22.663001928375,
   "G(T)":       0.095302060547,
   "ZPVE":       0.128810004112,
   "number of imags":0,
   "point group": "c1",
   "gradient norm":       0.000090182759
}
