{
   "temperature":     298.150000000000,
   "unit": "hartree",
   "energy":     -20.789653034827,
   "free energy":     -20.708793883744,
   "G(T)":       0.080859151083,
   "ZPVE":       0.114502683418,
   "number of imags":0,
   "point group": "c1",
   "gradient norm":       0.000131316841
}
