{
    "partname": "prescreening",
    "runtime": 10.997339266352355,
    "results": {
        "CONF1": {
            "xtb_gsolv": {
                "gsolv": 0.0005307703870016667,
                "energy_xtb_gas": -28.545150105232,
                "energy_xtb_solv": -28.544619334845
            },
            "sp": {
                "energy": -388.579336062523
            },
            "gtot": -388.578805292136,
            "bmw": 0.7564614027648819
        },
        "CONF2": {
            "xtb_gsolv": {
                "gsolv": 0.0005330177979985251,
                "energy_xtb_gas": -28.544326642652,
                "energy_xtb_solv": -28.543793624854
            },
            "sp": {
                "energy": -388.578268194618
            },
            "gtot": -388.57773517682,
            "bmw": 0.24353859723511803
        }
    },
    "settings": {
        "threshold": 4.0,
        "func": "pbe-d4",
        "basis": "def2-sv(p)",
        "prog": "orca",
        "gfnv": "gfn2",
        "run": true,
        "template": false
    },
    "nconf_in": 2,
    "nconf_out": 2
}