{
    "partname": "screening",
    "runtime": 67.54523885808885,
    "results": {
        "CONF1": {
            "gsolv": {
                "gsolv": -0.000645969236018118,
                "energy_gas": -389.379747257462,
                "energy_solv": -389.380393226698
            },
            "gtot": -389.380393226698,
            "bmw": 0.7614347359118556
        },
        "CONF2": {
            "gsolv": {
                "gsolv": -0.0006144826660374747,
                "energy_gas": -389.37868296063,
                "energy_solv": -389.379297443296
            },
            "gtot": -389.379297443296,
            "bmw": 0.23856526408814435
        }
    },
    "settings": {
        "threshold": 3.5,
        "func": "r2scan-3c",
        "basis": "def2-tzvp",
        "prog": "orca",
        "sm": "smd",
        "gfnv": "gfn2",
        "run": true,
        "implicit": false,
        "template": false
    },
    "nconf_in": 2,
    "nconf_out": 2
}