{
    "partname": "refinement",
    "runtime": 619.7040629796684,
    "results": {
        "CONF2": {
            "gsolv": {
                "gsolv": -0.0006372696859671123,
                "energy_gas": -389.516317814303,
                "energy_solv": -389.516955083989
            },
            "gtot": -389.516955083989,
            "bmw": 0.2730759853159008
        },
        "CONF1": {
            "gsolv": {
                "gsolv": -0.0006092156000363502,
                "energy_gas": -389.517270292172,
                "energy_solv": -389.517879507772
            },
            "gtot": -389.517879507772,
            "bmw": 0.7269240146840992
        }
    },
    "settings": {
        "threshold": 0.95,
        "func": "wb97x-v",
        "basis": "def2-tzvp",
        "prog": "orca",
        "sm": "smd",
        "gfnv": "gfn2",
        "run": true,
        "implicit": false,
        "template": false
    },
    "nconf_in": 2,
    "nconf_out": 2
}