{
   "temperature":     298.150000000000,
   "unit": "hartree",
   "energy":     -17.731619004897,
   "free energy":     -17.627388914912,
   "G(T)":       0.104230089985,
   "ZPVE":       0.133926387326,
   "number of imags":0,
   "point group": "c1",
   "gradient norm":       0.000035682456
}
