{
   "temperature":     298.150000000000,
   "unit": "hartree",
   "energy":     -30.433442767808,
   "free energy":     -30.363867778280,
   "G(T)":       0.069574989528,
   "ZPVE":       0.102975304227,
   "number of imags":0,
   "point group": "cs",
   "gradient norm":       0.000033419006
}
