{
    "partname": "prescreening",
    "runtime": 33.78040004055947,
    "results": {
        "CONF1": {
            "xtb_gsolv": {
                "gsolv": -0.004296344057998169,
                "energy_xtb_gas": -23.049805173542,
                "energy_xtb_solv": -23.0541015176
            },
            "sp": {
                "energy": -310.346701547942
            },
            "gtot": -310.350997892,
            "bmw": 0.233359772935604
        },
        "CONF4": {
            "xtb_gsolv": {
                "gsolv": -0.004493634690000192,
                "energy_xtb_gas": -23.046555352038,
                "energy_xtb_solv": -23.051048986728
            },
            "sp": {
                "energy": -310.346234308779
            },
            "gtot": -310.350727943469,
            "bmw": 0.17533082012703569
        },
        "CONF2": {
            "xtb_gsolv": {
                "gsolv": -0.004842039218001304,
                "energy_xtb_gas": -23.047920363225,
                "energy_xtb_solv": -23.052762402443
            },
            "sp": {
                "energy": -310.347012137943
            },
            "gtot": -310.351854177161,
            "bmw": 0.5779495154887146
        },
        "CONF3": {
            "xtb_gsolv": {
                "gsolv": -0.0029323469659985335,
                "energy_xtb_gas": -23.048235268267,
                "energy_xtb_solv": -23.051167615233
            },
            "sp": {
                "energy": -310.345362581545
            },
            "gtot": -310.348294928511,
            "bmw": 0.013327504851801128
        },
        "CONF5": {
            "xtb_gsolv": {
                "gsolv": -0.004179367976000492,
                "energy_xtb_gas": -23.041541751667,
                "energy_xtb_solv": -23.045721119643
            },
            "sp": {
                "energy": -310.336014200078
            },
            "gtot": -310.340193568054,
            "bmw": 2.502539732658327e-06
        },
        "CONF9": {
            "xtb_gsolv": {
                "gsolv": -0.004777387796998767,
                "energy_xtb_gas": -23.03982959775,
                "energy_xtb_solv": -23.044606985547
            },
            "sp": {
                "energy": -310.336476147611
            },
            "gtot": -310.341253535408,
            "bmw": 7.690104042427732e-06
        },
        "CONF7": {
            "xtb_gsolv": {
                "gsolv": -0.004786769542999281,
                "energy_xtb_gas": -23.040074547715,
                "energy_xtb_solv": -23.044861317258
            },
            "sp": {
                "energy": -310.336714625011
            },
            "gtot": -310.341501394554,
            "bmw": 9.998607747915073e-06
        },
        "CONF6": {
            "xtb_gsolv": {
                "gsolv": -0.0038213760669982832,
                "energy_xtb_gas": -23.041656388841,
                "energy_xtb_solv": -23.045477764908
            },
            "sp": {
                "energy": -310.336022380447
            },
            "gtot": -310.339843756514,
            "bmw": 1.7277416821859294e-06
        },
        "CONF8": {
            "xtb_gsolv": {
                "gsolv": -0.00464756901600083,
                "energy_xtb_gas": -23.040016030716,
                "energy_xtb_solv": -23.044663599732
            },
            "sp": {
                "energy": -310.336897106226
            },
            "gtot": -310.341544675242,
            "bmw": 1.0467603639279817e-05
        }
    },
    "settings": {
        "threshold": 4.0,
        "func": "pbe-d4",
        "basis": "def2-sv(p)",
        "prog": "orca",
        "gfnv": "gfn2",
        "run": true,
        "template": false
    },
    "nconf_in": 9,
    "nconf_out": 4
}