{
    "partname": "screening",
    "runtime": 120.63648453168571,
    "results": {
        "CONF2": {
            "gsolv": {
                "gsolv": -0.007564645256991298,
                "energy_gas": -311.008562245833,
                "energy_solv": -311.01612689109
            },
            "gtot": -311.01612689109,
            "bmw": 0.40609298158467744
        },
        "CONF4": {
            "gsolv": {
                "gsolv": -0.006603287949019432,
                "energy_gas": -311.00763605082,
                "energy_solv": -311.014239338769
            },
            "gtot": -311.014239338769,
            "bmw": 0.0550061836667889
        },
        "CONF1": {
            "gsolv": {
                "gsolv": -0.007842465374039875,
                "energy_gas": -311.008333164354,
                "energy_solv": -311.016175629728
            },
            "gtot": -311.016175629728,
            "bmw": 0.427605916309823
        },
        "CONF3": {
            "gsolv": {
                "gsolv": -0.007832216275005521,
                "energy_gas": -311.007072524683,
                "energy_solv": -311.014904740958
            },
            "gtot": -311.014904740958,
            "bmw": 0.11129491843871066
        }
    },
    "settings": {
        "threshold": 3.5,
        "func": "r2scan-3c",
        "basis": "def2-tzvp",
        "prog": "orca",
        "sm": "smd",
        "gfnv": "gfn2",
        "run": true,
        "implicit": false,
        "template": false
    },
    "nconf_in": 4,
    "nconf_out": 4
}