{
    "partname": "refinement",
    "runtime": 328.5368043668568,
    "results": {
        "CONF1": {
            "gsolv": {
                "gsolv": -0.008497186155977943,
                "energy_gas": -311.115007142612,
                "energy_solv": -311.123504328768
            },
            "gtot": -311.123504328768,
            "bmw": 0.40929398946367557
        },
        "CONF2": {
            "gsolv": {
                "gsolv": -0.008185872074022882,
                "energy_gas": -311.115291208656,
                "energy_solv": -311.12347708073
            },
            "gtot": -311.12347708073,
            "bmw": 0.3976510532739741
        },
        "CONF4": {
            "gsolv": {
                "gsolv": -0.0074791019869735464,
                "energy_gas": -311.114720121775,
                "energy_solv": -311.122199223762
            },
            "gtot": -311.122199223762,
            "bmw": 0.1027374111838875
        },
        "CONF3": {
            "gsolv": {
                "gsolv": -0.00858504088500922,
                "energy_gas": -311.113492529916,
                "energy_solv": -311.122077570801
            },
            "gtot": -311.122077570801,
            "bmw": 0.09031754607846282
        }
    },
    "settings": {
        "threshold": 0.95,
        "func": "wb97x-v",
        "basis": "def2-tzvp",
        "prog": "orca",
        "sm": "smd",
        "gfnv": "gfn2",
        "run": true,
        "implicit": false,
        "template": false
    },
    "nconf_in": 4,
    "nconf_out": 4
}