{
    "partname": "prescreening",
    "runtime": 11.065846720710397,
    "results": {
        "CONF1": {
            "xtb_gsolv": {
                "gsolv": -0.002082490431998707,
                "energy_xtb_gas": -10.762062788472,
                "energy_xtb_solv": -10.764145278904
            },
            "sp": {
                "energy": -634.562951129911
            },
            "gtot": -634.565033620343,
            "bmw": 1.0
        }
    },
    "settings": {
        "threshold": 4.0,
        "func": "pbe-d4",
        "basis": "def2-sv(p)",
        "prog": "orca",
        "gfnv": "gfn2",
        "run": true,
        "template": false
    },
    "nconf_in": 1,
    "nconf_out": 1
}