{
   "temperature":     298.150000000000,
   "unit": "hartree",
   "energy":     -28.064685257131,
   "free energy":     -28.016412015966,
   "G(T)":       0.048273241165,
   "ZPVE":       0.081884123309,
   "number of imags":0,
   "point group": "cs",
   "gradient norm":       0.000035469746
}
