{
    "partname": "prescreening",
    "runtime": 9.707423129118979,
    "results": {
        "CONF2": {
            "xtb_gsolv": {
                "gsolv": -0.005305712725999001,
                "energy_xtb_gas": -26.286980972311,
                "energy_xtb_solv": -26.292286685037
            },
            "sp": {
                "energy": -385.235741932016
            },
            "gtot": -385.241047644742,
            "bmw": 0.26128411108469796
        },
        "CONF5": {
            "xtb_gsolv": {
                "gsolv": -0.003963574117001656,
                "energy_xtb_gas": -26.285310522703,
                "energy_xtb_solv": -26.28927409682
            },
            "sp": {
                "energy": -385.234875214799
            },
            "gtot": -385.238838788916,
            "bmw": 0.02518312663411499
        },
        "CONF3": {
            "xtb_gsolv": {
                "gsolv": -0.005241090140000182,
                "energy_xtb_gas": -26.286690114855,
                "energy_xtb_solv": -26.291931204995
            },
            "sp": {
                "energy": -385.234211637211
            },
            "gtot": -385.23945272735097,
            "bmw": 0.048250495988808394
        },
        "CONF6": {
            "xtb_gsolv": {
                "gsolv": -0.0053732580960002,
                "energy_xtb_gas": -26.282115708814,
                "energy_xtb_solv": -26.28748896691
            },
            "sp": {
                "energy": -385.228319010754
            },
            "gtot": -385.23369226884995,
            "bmw": 0.0001081120944602346
        },
        "CONF4": {
            "xtb_gsolv": {
                "gsolv": -0.003417681041998577,
                "energy_xtb_gas": -26.287522236907,
                "energy_xtb_solv": -26.290939917949
            },
            "sp": {
                "energy": -385.235433220266
            },
            "gtot": -385.23885090130796,
            "bmw": 0.025508267576748615
        },
        "CONF1": {
            "xtb_gsolv": {
                "gsolv": -0.005341202791999677,
                "energy_xtb_gas": -26.288306292048,
                "energy_xtb_solv": -26.29364749484
            },
            "sp": {
                "energy": -385.236551805223
            },
            "gtot": -385.241893008015,
            "bmw": 0.6396658866211699
        }
    },
    "settings": {
        "threshold": 4.0,
        "func": "pbe-d4",
        "basis": "def2-sv(p)",
        "prog": "orca",
        "gfnv": "gfn2",
        "run": true,
        "template": false
    },
    "nconf_in": 6,
    "nconf_out": 5
}