{
    "partname": "screening",
    "runtime": 61.57664161454886,
    "results": {
        "CONF2": {
            "gsolv": {
                "gsolv": -0.008178009142000064,
                "energy_gas": -386.001177821188,
                "energy_solv": -386.00935583033
            },
            "gtot": -386.00935583033,
            "bmw": 0.2310461712938326
        },
        "CONF5": {
            "gsolv": {
                "gsolv": -0.008272324731990466,
                "energy_gas": -386.00058757024,
                "energy_solv": -386.008859894972
            },
            "gtot": -386.008859894972,
            "bmw": 0.13664202884384216
        },
        "CONF3": {
            "gsolv": {
                "gsolv": -0.00791294060599057,
                "energy_gas": -385.999565691383,
                "energy_solv": -386.007478631989
            },
            "gtot": -386.007478631989,
            "bmw": 0.03164078925789495
        },
        "CONF1": {
            "gsolv": {
                "gsolv": -0.0077786309039993284,
                "energy_gas": -386.001941063461,
                "energy_solv": -386.009719694365
            },
            "gtot": -386.009719694365,
            "bmw": 0.3396758313839666
        },
        "CONF4": {
            "gsolv": {
                "gsolv": -0.008244822481003666,
                "energy_gas": -386.001226089096,
                "energy_solv": -386.009470911577
            },
            "gtot": -386.009470911577,
            "bmw": 0.26099517922046367
        }
    },
    "settings": {
        "threshold": 3.5,
        "func": "r2scan-3c",
        "basis": "def2-tzvp",
        "prog": "orca",
        "sm": "smd",
        "gfnv": "gfn2",
        "run": true,
        "implicit": false,
        "template": false
    },
    "nconf_in": 5,
    "nconf_out": 5
}