{
    "partname": "refinement",
    "runtime": 414.468178069219,
    "results": {
        "CONF1": {
            "gsolv": {
                "gsolv": -0.008027408749001097,
                "energy_gas": -386.119593031339,
                "energy_solv": -386.127620440088
            },
            "gtot": -386.127620440088,
            "bmw": 0.3686616763522441
        },
        "CONF4": {
            "gsolv": {
                "gsolv": -0.008577689035007552,
                "energy_gas": -386.118410646287,
                "energy_solv": -386.126988335322
            },
            "gtot": -386.126988335322,
            "bmw": 0.18874694327001926
        },
        "CONF5": {
            "gsolv": {
                "gsolv": -0.008630805170980693,
                "energy_gas": -386.117638329525,
                "energy_solv": -386.126269134696
            },
            "gtot": -386.126269134696,
            "bmw": 0.08811919842970323
        },
        "CONF3": {
            "gsolv": {
                "gsolv": -0.008382445893971635,
                "energy_gas": -386.118539148657,
                "energy_solv": -386.126921594551
            },
            "gtot": -386.126921594551,
            "bmw": 0.1758657616897218
        },
        "CONF2": {
            "gsolv": {
                "gsolv": -0.008422914011987359,
                "energy_gas": -386.118513281047,
                "energy_solv": -386.126936195059
            },
            "gtot": -386.126936195059,
            "bmw": 0.17860642025831158
        }
    },
    "settings": {
        "threshold": 0.95,
        "func": "wb97x-v",
        "basis": "def2-tzvp",
        "prog": "orca",
        "sm": "smd",
        "gfnv": "gfn2",
        "run": true,
        "implicit": false,
        "template": false
    },
    "nconf_in": 5,
    "nconf_out": 5
}