{
    "partname": "prescreening",
    "runtime": 9.970256787724793,
    "results": {
        "CONF1": {
            "xtb_gsolv": {
                "gsolv": -0.01633682363699762,
                "energy_xtb_gas": -30.415291872838,
                "energy_xtb_solv": -30.431628696475
            },
            "sp": {
                "energy": -510.972774084506
            },
            "gtot": -510.989110908143,
            "bmw": 1.0
        }
    },
    "settings": {
        "threshold": 4.0,
        "func": "pbe-d4",
        "basis": "def2-sv(p)",
        "prog": "orca",
        "gfnv": "gfn2",
        "run": true,
        "template": false
    },
    "nconf_in": 1,
    "nconf_out": 1
}