{
   "temperature":     298.150000000000,
   "unit": "hartree",
   "energy":     -27.252459431729,
   "free energy":     -27.203373365234,
   "G(T)":       0.049086066495,
   "ZPVE":       0.081038091066,
   "number of imags":0,
   "point group": "c1",
   "gradient norm":       0.000026654693
}
