{
   "temperature":     298.150000000000,
   "unit": "hartree",
   "energy":     -43.389918178686,
   "free energy":     -43.242227165147,
   "G(T)":       0.147691013539,
   "ZPVE":       0.186237686654,
   "number of imags":0,
   "point group": "c1",
   "gradient norm":       0.000125751107
}
