{
   "temperature":     298.150000000000,
   "unit": "hartree",
   "energy":     -50.052513186896,
   "free energy":     -49.961244690903,
   "G(T)":       0.091268495993,
   "ZPVE":       0.133525004730,
   "number of imags":0,
   "point group": "cs",
   "gradient norm":       0.000050082929
}
