{
    "partname": "prescreening",
    "runtime": 7.067718693986535,
    "results": {
        "CONF1": {
            "xtb_gsolv": {
                "gsolv": 0.0007675138310005991,
                "energy_xtb_gas": -17.890409008205,
                "energy_xtb_solv": -17.889641494374
            },
            "sp": {
                "energy": -234.045348636536
            },
            "gtot": -234.044581122705,
            "bmw": 0.9888313068117383
        },
        "CONF2": {
            "xtb_gsolv": {
                "gsolv": 0.0006202632550014187,
                "energy_xtb_gas": -17.889725249954,
                "energy_xtb_solv": -17.889104986699
            },
            "sp": {
                "energy": -234.040857099282
            },
            "gtot": -234.040236836027,
            "bmw": 0.009928614656855269
        },
        "CONF4": {
            "xtb_gsolv": {
                "gsolv": 0.0006870904140008349,
                "energy_xtb_gas": -17.887725339903,
                "energy_xtb_solv": -17.887038249489
            },
            "sp": {
                "energy": -234.038464295784
            },
            "gtot": -234.03777720537,
            "bmw": 0.0007337309967144749
        },
        "CONF3": {
            "xtb_gsolv": {
                "gsolv": 0.0006227237199993851,
                "energy_xtb_gas": -17.888223121476,
                "energy_xtb_solv": -17.887600397756
            },
            "sp": {
                "energy": -234.038049713183
            },
            "gtot": -234.037426989463,
            "bmw": 0.0005063475346921188
        }
    },
    "settings": {
        "threshold": 4.0,
        "func": "pbe-d4",
        "basis": "def2-sv(p)",
        "prog": "orca",
        "gfnv": "gfn2",
        "run": true,
        "template": false
    },
    "nconf_in": 4,
    "nconf_out": 2
}