{
    "partname": "screening",
    "runtime": 30.469008243642747,
    "results": {
        "CONF1": {
            "gsolv": {
                "gsolv": 0.0017151731120179647,
                "energy_gas": -234.54249140235,
                "energy_solv": -234.540776229238
            },
            "gtot": -234.540776229238,
            "bmw": 0.9869974790652297
        },
        "CONF2": {
            "gsolv": {
                "gsolv": 0.0014401225610072288,
                "energy_gas": -234.538128485197,
                "energy_solv": -234.536688362636
            },
            "gtot": -234.536688362636,
            "bmw": 0.013002520934770214
        }
    },
    "settings": {
        "threshold": 3.5,
        "func": "r2scan-3c",
        "basis": "def2-tzvp",
        "prog": "orca",
        "sm": "smd",
        "gfnv": "gfn2",
        "run": true,
        "implicit": false,
        "template": false
    },
    "nconf_in": 2,
    "nconf_out": 2
}