{
    "partname": "refinement",
    "runtime": 187.95110867358744,
    "results": {
        "CONF2": {
            "gsolv": {
                "gsolv": 0.0017420490869994865,
                "energy_gas": -234.624908191576,
                "energy_solv": -234.623166142489
            },
            "gtot": -234.623166142489,
            "bmw": 0.04222971244577932
        },
        "CONF1": {
            "gsolv": {
                "gsolv": 0.001800111237002966,
                "energy_gas": -234.627913508236,
                "energy_solv": -234.626113396999
            },
            "gtot": -234.626113396999,
            "bmw": 0.9577702875542207
        }
    },
    "settings": {
        "threshold": 0.95,
        "func": "wb97x-v",
        "basis": "def2-tzvp",
        "prog": "orca",
        "sm": "smd",
        "gfnv": "gfn2",
        "run": true,
        "implicit": false,
        "template": false
    },
    "nconf_in": 2,
    "nconf_out": 2
}