{
   "temperature":     298.150000000000,
   "unit": "hartree",
   "energy":     -17.626192330957,
   "free energy":     -17.569178104023,
   "G(T)":       0.057014226934,
   "ZPVE":       0.087130079040,
   "number of imags":0,
   "point group": "c1",
   "gradient norm":       0.000068896029
}
