{
   "temperature":     298.150000000000,
   "unit": "hartree",
   "energy":     -15.774492652527,
   "free energy":     -15.671242600103,
   "G(T)":       0.103250052425,
   "ZPVE":       0.134477351985,
   "number of imags":0,
   "point group": "c1",
   "gradient norm":       0.000041515725
}
