{
   "temperature":     298.150000000000,
   "unit": "hartree",
   "energy":     -13.743146982212,
   "free energy":     -13.671116842481,
   "G(T)":       0.072030139731,
   "ZPVE":       0.101208484105,
   "number of imags":0,
   "point group": "c1",
   "gradient norm":       0.000025232340
}
