{
   "temperature":     298.150000000000,
   "unit": "hartree",
   "energy":     -26.555081979867,
   "free energy":     -26.443517673105,
   "G(T)":       0.111564306762,
   "ZPVE":       0.144444795219,
   "number of imags":0,
   "point group": "c1",
   "gradient norm":       0.000048325317
}
