{
   "temperature":     298.150000000000,
   "unit": "hartree",
   "energy":     -33.613094669882,
   "free energy":     -33.416875454509,
   "G(T)":       0.196219215373,
   "ZPVE":       0.233820144314,
   "number of imags":0,
   "point group": "c1",
   "gradient norm":       0.000047219798
}
