{
   "temperature":     298.150000000000,
   "unit": "hartree",
   "energy":     -17.714030044135,
   "free energy":     -17.623203733128,
   "G(T)":       0.090826311007,
   "ZPVE":       0.121211019000,
   "number of imags":0,
   "point group": "c1",
   "gradient norm":       0.000064232799
}
