{
   "temperature":     298.150000000000,
   "unit": "hartree",
   "energy":     -23.964143512269,
   "free energy":     -23.856510598674,
   "G(T)":       0.107632913595,
   "ZPVE":       0.142351390823,
   "number of imags":0,
   "point group": "c1",
   "gradient norm":       0.000040029727
}
