{
   "temperature":     298.150000000000,
   "unit": "hartree",
   "energy":     -43.391488657313,
   "free energy":     -43.244430827421,
   "G(T)":       0.147057829892,
   "ZPVE":       0.186013290273,
   "number of imags":0,
   "point group": "c1",
   "gradient norm":       0.000078545274
}
