{
    "partname": "prescreening",
    "runtime": 9.101015482097864,
    "results": {
        "CONF2": {
            "xtb_gsolv": {
                "gsolv": -0.010424489600001863,
                "energy_xtb_gas": -26.147305839473,
                "energy_xtb_solv": -26.157730329073
            },
            "sp": {
                "energy": -419.927814514342
            },
            "gtot": -419.938239003942,
            "bmw": 0.5158279920244534
        },
        "CONF1": {
            "xtb_gsolv": {
                "gsolv": -0.010316293079000616,
                "energy_xtb_gas": -26.14755305335,
                "energy_xtb_solv": -26.157869346429
            },
            "sp": {
                "energy": -419.927862912749
            },
            "gtot": -419.93817920582796,
            "bmw": 0.4841720079755465
        }
    },
    "settings": {
        "threshold": 4.0,
        "func": "pbe-d4",
        "basis": "def2-sv(p)",
        "prog": "orca",
        "gfnv": "gfn2",
        "run": true,
        "template": false
    },
    "nconf_in": 2,
    "nconf_out": 2
}