{
    "partname": "screening",
    "runtime": 51.72267215233296,
    "results": {
        "CONF1": {
            "gsolv": {
                "gsolv": -0.014992005734995928,
                "energy_gas": -420.713598773997,
                "energy_solv": -420.728590779732
            },
            "gtot": -420.728590779732,
            "bmw": 0.48915469849641957
        },
        "CONF2": {
            "gsolv": {
                "gsolv": -0.015148056599002757,
                "energy_gas": -420.71348368939,
                "energy_solv": -420.728631745989
            },
            "gtot": -420.728631745989,
            "bmw": 0.5108453015035805
        }
    },
    "settings": {
        "threshold": 3.5,
        "func": "r2scan-3c",
        "basis": "def2-tzvp",
        "prog": "orca",
        "sm": "smd",
        "gfnv": "gfn2",
        "run": true,
        "implicit": false,
        "template": false
    },
    "nconf_in": 2,
    "nconf_out": 2
}