{
    "partname": "refinement",
    "runtime": 315.6331884879619,
    "results": {
        "CONF2": {
            "gsolv": {
                "gsolv": -0.015984145829008867,
                "energy_gas": -420.821693424168,
                "energy_solv": -420.837677569997
            },
            "gtot": -420.837677569997,
            "bmw": 0.49836896450305096
        },
        "CONF1": {
            "gsolv": {
                "gsolv": -0.015831135393000295,
                "energy_gas": -420.821852594615,
                "energy_solv": -420.837683730008
            },
            "gtot": -420.837683730008,
            "bmw": 0.501631035496949
        }
    },
    "settings": {
        "threshold": 0.95,
        "func": "wb97x-v",
        "basis": "def2-tzvp",
        "prog": "orca",
        "sm": "smd",
        "gfnv": "gfn2",
        "run": true,
        "implicit": false,
        "template": false
    },
    "nconf_in": 2,
    "nconf_out": 2
}