{
   "temperature":     298.150000000000,
   "unit": "hartree",
   "energy":     -21.660207456723,
   "free energy":     -21.618645320994,
   "G(T)":       0.041562135729,
   "ZPVE":       0.077353654351,
   "number of imags":0,
   "point group": "c1",
   "gradient norm":       0.000053878200
}
