{
   "temperature":     298.150000000000,
   "unit": "hartree",
   "energy":     -20.790660482143,
   "free energy":     -20.708996537331,
   "G(T)":       0.081663944812,
   "ZPVE":       0.114921830338,
   "number of imags":0,
   "point group": "c1",
   "gradient norm":       0.000067044074
}
