{
   "temperature":     298.150000000000,
   "unit": "hartree",
   "energy":     -22.144869379275,
   "free energy":     -22.095225799988,
   "G(T)":       0.049643579287,
   "ZPVE":       0.085241474659,
   "number of imags":0,
   "point group": "c1",
   "gradient norm":       0.000086961514
}
