{
   "temperature":     298.150000000000,
   "unit": "hartree",
   "energy":     -29.340888010129,
   "free energy":     -29.238886984188,
   "G(T)":       0.102001025941,
   "ZPVE":       0.137769487968,
   "number of imags":0,
   "point group": "cs",
   "gradient norm":       0.000084220188
}
