{
    "partname": "prescreening",
    "runtime": 5.082813768647611,
    "results": {
        "CONF2": {
            "xtb_gsolv": {
                "gsolv": 0.0008702410379992642,
                "energy_xtb_gas": -14.720248415974,
                "energy_xtb_solv": -14.719378174936
            },
            "sp": {
                "energy": -194.823340239484
            },
            "gtot": -194.822469998446,
            "bmw": 0.0020767062779816063
        },
        "CONF1": {
            "xtb_gsolv": {
                "gsolv": 0.0008919894039998155,
                "energy_xtb_gas": -14.72224316912,
                "energy_xtb_solv": -14.721351179716
            },
            "sp": {
                "energy": -194.829192222014
            },
            "gtot": -194.82830023261,
            "bmw": 0.9979232937220183
        }
    },
    "settings": {
        "threshold": 4.0,
        "func": "pbe-d4",
        "basis": "def2-sv(p)",
        "prog": "orca",
        "gfnv": "gfn2",
        "run": true,
        "template": false
    },
    "nconf_in": 2,
    "nconf_out": 2
}