{
    "partname": "screening",
    "runtime": 24.69775898195803,
    "results": {
        "CONF1": {
            "gsolv": {
                "gsolv": 0.001279638817010209,
                "energy_gas": -195.240685819178,
                "energy_solv": -195.239406180361
            },
            "gtot": -195.239406180361,
            "bmw": 0.9981120398582374
        },
        "CONF2": {
            "gsolv": {
                "gsolv": 0.0010458652100169274,
                "energy_gas": -195.234531665192,
                "energy_solv": -195.233485799982
            },
            "gtot": -195.233485799982,
            "bmw": 0.0018879601417624908
        }
    },
    "settings": {
        "threshold": 3.5,
        "func": "r2scan-3c",
        "basis": "def2-tzvp",
        "prog": "orca",
        "sm": "smd",
        "gfnv": "gfn2",
        "run": true,
        "implicit": false,
        "template": false
    },
    "nconf_in": 2,
    "nconf_out": 2
}