{
   "temperature":     298.150000000000,
   "unit": "hartree",
   "energy":     -21.660198495801,
   "free energy":     -21.617114270323,
   "G(T)":       0.043084225478,
   "ZPVE":       0.077047476465,
   "number of imags":0,
   "point group": "cs",
   "gradient norm":       0.000078923223
}
