{
   "temperature":     298.150000000000,
   "unit": "hartree",
   "energy":     -43.389647372742,
   "free energy":     -43.242702130590,
   "G(T)":       0.146945242152,
   "ZPVE":       0.185831851625,
   "number of imags":0,
   "point group": "c1",
   "gradient norm":       0.000100188101
}
