{
   "temperature":     298.150000000000,
   "unit": "hartree",
   "energy":     -16.689763544777,
   "free energy":     -16.609314023177,
   "G(T)":       0.080449521600,
   "ZPVE":       0.110565049782,
   "number of imags":0,
   "point group": "cs",
   "gradient norm":       0.000031270561
}
