{
   "temperature":     298.150000000000,
   "unit": "hartree",
   "energy":     -25.247502267698,
   "free energy":     -25.146914149229,
   "G(T)":       0.100588118469,
   "ZPVE":       0.133292378384,
   "number of imags":0,
   "point group": "cs",
   "gradient norm":       0.000036879000
}
