{
   "temperature":     298.150000000000,
   "unit": "hartree",
   "energy":     -35.343715734246,
   "free energy":     -35.188766687116,
   "G(T)":       0.154949047131,
   "ZPVE":       0.193714541773,
   "number of imags":0,
   "point group": "c1",
   "gradient norm":       0.000024272608
}
