{
   "temperature":     298.150000000000,
   "unit": "hartree",
   "energy":     -29.802525327822,
   "free energy":     -29.720498344493,
   "G(T)":       0.082026983328,
   "ZPVE":       0.115263409037,
   "number of imags":0,
   "point group": "cs",
   "gradient norm":       0.000034292970
}
