{
   "temperature":     298.150000000000,
   "unit": "hartree",
   "energy":     -22.413117779328,
   "free energy":     -22.260276658128,
   "G(T)":       0.152841121201,
   "ZPVE":       0.183238175593,
   "number of imags":0,
   "point group": "cs",
   "gradient norm":       0.000052907477
}
