{
   "temperature":     298.150000000000,
   "unit": "hartree",
   "energy":     -26.294449821965,
   "free energy":     -26.172149188443,
   "G(T)":       0.122300633522,
   "ZPVE":       0.156575294588,
   "number of imags":0,
   "point group": "cs",
   "gradient norm":       0.000035202680
}
