{
   "temperature":     298.150000000000,
   "unit": "hartree",
   "energy":     -26.302183835345,
   "free energy":     -26.179609446433,
   "G(T)":       0.122574388912,
   "ZPVE":       0.155738005024,
   "number of imags":0,
   "point group": "cs",
   "gradient norm":       0.000033706164
}
