{
   "temperature":     298.150000000000,
   "unit": "hartree",
   "energy":     -14.634424198413,
   "free energy":     -14.586025410877,
   "G(T)":       0.048398787536,
   "ZPVE":       0.077164275464,
   "number of imags":0,
   "point group": "cs",
   "gradient norm":       0.000055600157
}
