{
    "partname": "prescreening",
    "runtime": 4.176668224856257,
    "results": {
        "CONF1": {
            "xtb_gsolv": {
                "gsolv": -0.0008505330990002946,
                "energy_xtb_gas": -7.745441071738,
                "energy_xtb_solv": -7.746291604837
            },
            "sp": {
                "energy": -2613.244911498416
            },
            "gtot": -2613.245762031515,
            "bmw": 1.0
        }
    },
    "settings": {
        "threshold": 4.0,
        "func": "pbe-d4",
        "basis": "def2-sv(p)",
        "prog": "orca",
        "gfnv": "gfn2",
        "run": true,
        "template": false
    },
    "nconf_in": 1,
    "nconf_out": 1
}