{
   "temperature":     298.150000000000,
   "unit": "hartree",
   "energy":     -30.485137737276,
   "free energy":     -30.313920263740,
   "G(T)":       0.171217473535,
   "ZPVE":       0.206703369099,
   "number of imags":0,
   "point group": "c1",
   "gradient norm":       0.000104064632
}
