{
   "temperature":     298.150000000000,
   "unit": "hartree",
   "energy":     -22.215940182164,
   "free energy":     -22.095141029544,
   "G(T)":       0.120799152620,
   "ZPVE":       0.153153023209,
   "number of imags":0,
   "point group": "cs",
   "gradient norm":       0.000022591173
}
