{
    "partname": "prescreening",
    "runtime": 6.440667046234012,
    "results": {
        "CONF1": {
            "xtb_gsolv": {
                "gsolv": -0.022023339570999667,
                "energy_xtb_gas": -22.778302660316,
                "energy_xtb_solv": -22.800325999887
            },
            "sp": {
                "energy": -702.676472131146
            },
            "gtot": -702.698495470717,
            "bmw": 0.4784909552270004
        },
        "CONF2": {
            "xtb_gsolv": {
                "gsolv": -0.0218083587049982,
                "energy_xtb_gas": -22.777121194222,
                "energy_xtb_solv": -22.798929552927
            },
            "sp": {
                "energy": -702.67216185364
            },
            "gtot": -702.693970212345,
            "bmw": 0.003966422410159275
        },
        "CONF3": {
            "xtb_gsolv": {
                "gsolv": -0.020197499459001733,
                "energy_xtb_gas": -22.778607870018,
                "energy_xtb_solv": -22.798805369477
            },
            "sp": {
                "energy": -702.678362707051
            },
            "gtot": -702.6985602065099,
            "bmw": 0.512448394027079
        },
        "CONF4": {
            "xtb_gsolv": {
                "gsolv": -0.020217055850000776,
                "energy_xtb_gas": -22.777857942456,
                "energy_xtb_solv": -22.798074998306
            },
            "sp": {
                "energy": -702.67398943251
            },
            "gtot": -702.69420648836,
            "bmw": 0.0050942283357612965
        }
    },
    "settings": {
        "threshold": 4.0,
        "func": "pbe-d4",
        "basis": "def2-sv(p)",
        "prog": "orca",
        "gfnv": "gfn2",
        "run": true,
        "template": false
    },
    "nconf_in": 4,
    "nconf_out": 4
}