{
    "partname": "screening",
    "runtime": 34.467502367682755,
    "results": {
        "CONF4": {
            "gsolv": {
                "gsolv": -0.014289800803908292,
                "energy_gas": -703.550487827096,
                "energy_solv": -703.5647776279
            },
            "gtot": -703.5647776279,
            "bmw": 0.005362839662980097
        },
        "CONF3": {
            "gsolv": {
                "gsolv": -0.015109130217979327,
                "energy_gas": -703.553578386789,
                "energy_solv": -703.568687517007
            },
            "gtot": -703.568687517007,
            "bmw": 0.3371470107686828
        },
        "CONF2": {
            "gsolv": {
                "gsolv": -0.016607399533995704,
                "energy_gas": -703.548633690221,
                "energy_solv": -703.565241089755
            },
            "gtot": -703.565241089755,
            "bmw": 0.008761379851663998
        },
        "CONF1": {
            "gsolv": {
                "gsolv": -0.017419101925042924,
                "energy_gas": -703.551886379257,
                "energy_solv": -703.569305481182
            },
            "gtot": -703.569305481182,
            "bmw": 0.648728769716673
        }
    },
    "settings": {
        "threshold": 3.5,
        "func": "r2scan-3c",
        "basis": "def2-tzvp",
        "prog": "orca",
        "sm": "smd",
        "gfnv": "gfn2",
        "run": true,
        "implicit": false,
        "template": false
    },
    "nconf_in": 4,
    "nconf_out": 4
}