{
    "partname": "refinement",
    "runtime": 151.02737597748637,
    "results": {
        "CONF4": {
            "gsolv": {
                "gsolv": -0.01593221547000212,
                "energy_gas": -703.641752024564,
                "energy_solv": -703.657684240034
            },
            "gtot": -703.657684240034,
            "bmw": 0.11076724058352441
        },
        "CONF3": {
            "gsolv": {
                "gsolv": -0.01587352786498286,
                "energy_gas": -703.641777693899,
                "energy_solv": -703.657651221764
            },
            "gtot": -703.657651221764,
            "bmw": 0.10696063778401603
        },
        "CONF1": {
            "gsolv": {
                "gsolv": -0.01908281365797393,
                "energy_gas": -703.639785714499,
                "energy_solv": -703.658868528157
            },
            "gtot": -703.658868528157,
            "bmw": 0.38828102402994613
        },
        "CONF2": {
            "gsolv": {
                "gsolv": -0.018978921261009418,
                "energy_gas": -703.639903390986,
                "energy_solv": -703.658882312247
            },
            "gtot": -703.658882312247,
            "bmw": 0.39399109760251333
        }
    },
    "settings": {
        "threshold": 0.95,
        "func": "wb97x-v",
        "basis": "def2-tzvp",
        "prog": "orca",
        "sm": "smd",
        "gfnv": "gfn2",
        "run": true,
        "implicit": false,
        "template": false
    },
    "nconf_in": 4,
    "nconf_out": 4
}