{
    "partname": "prescreening",
    "runtime": 5.422076228074729,
    "results": {
        "CONF5": {
            "xtb_gsolv": {
                "gsolv": 0.00044680833199883807,
                "energy_xtb_gas": -13.740576973978,
                "energy_xtb_solv": -13.740130165646
            },
            "sp": {
                "energy": -516.698651464535
            },
            "gtot": -516.6982046562031,
            "bmw": 0.07237374101055381
        },
        "CONF3": {
            "xtb_gsolv": {
                "gsolv": 0.0009781058100006845,
                "energy_xtb_gas": -13.742311252933,
                "energy_xtb_solv": -13.741333147123
            },
            "sp": {
                "energy": -516.700434502321
            },
            "gtot": -516.699456396511,
            "bmw": 0.27248444103946773
        },
        "CONF2": {
            "xtb_gsolv": {
                "gsolv": 0.0007532642339995732,
                "energy_xtb_gas": -13.742928042245,
                "energy_xtb_solv": -13.742174778011
            },
            "sp": {
                "energy": -516.700435657359
            },
            "gtot": -516.6996823931249,
            "bmw": 0.3461728118902087
        },
        "CONF1": {
            "xtb_gsolv": {
                "gsolv": 0.0008149114439994776,
                "energy_xtb_gas": -13.743152149948,
                "energy_xtb_solv": -13.742337238504
            },
            "sp": {
                "energy": -516.700033364191
            },
            "gtot": -516.699218452747,
            "bmw": 0.21178497865061877
        },
        "CONF4": {
            "xtb_gsolv": {
                "gsolv": 0.000454803251999536,
                "energy_xtb_gas": -13.740957483694,
                "energy_xtb_solv": -13.740502680442
            },
            "sp": {
                "energy": -516.698937769742
            },
            "gtot": -516.69848296649,
            "bmw": 0.097184027409151
        }
    },
    "settings": {
        "threshold": 4.0,
        "func": "pbe-d4",
        "basis": "def2-sv(p)",
        "prog": "orca",
        "gfnv": "gfn2",
        "run": true,
        "template": false
    },
    "nconf_in": 5,
    "nconf_out": 5
}