{
    "partname": "screening",
    "runtime": 22.48247155919671,
    "results": {
        "CONF1": {
            "gsolv": {
                "gsolv": -0.002216167647020484,
                "energy_gas": -517.257041612913,
                "energy_solv": -517.25925778056
            },
            "gtot": -517.25925778056,
            "bmw": 0.3948340968592245
        },
        "CONF4": {
            "gsolv": {
                "gsolv": -0.0019604535700636916,
                "energy_gas": -517.25614203665,
                "energy_solv": -517.25810249022
            },
            "gtot": -517.25810249022,
            "bmw": 0.11614964253153495
        },
        "CONF3": {
            "gsolv": {
                "gsolv": -0.0020325133319829547,
                "energy_gas": -517.256961344762,
                "energy_solv": -517.258993858094
            },
            "gtot": -517.258993858094,
            "bmw": 0.2985511297391582
        },
        "CONF2": {
            "gsolv": {
                "gsolv": -0.0016322301429454456,
                "energy_gas": -517.256691168046,
                "energy_solv": -517.258323398189
            },
            "gtot": -517.258323398189,
            "bmw": 0.14676703128025942
        },
        "CONF5": {
            "gsolv": {
                "gsolv": -0.0016774296909716213,
                "energy_gas": -517.255502050278,
                "energy_solv": -517.257179479969
            },
            "gtot": -517.257179479969,
            "bmw": 0.04369809958982292
        }
    },
    "settings": {
        "threshold": 3.5,
        "func": "r2scan-3c",
        "basis": "def2-tzvp",
        "prog": "orca",
        "sm": "smd",
        "gfnv": "gfn2",
        "run": true,
        "implicit": false,
        "template": false
    },
    "nconf_in": 5,
    "nconf_out": 5
}