{
    "partname": "refinement",
    "runtime": 95.05628705024719,
    "results": {
        "CONF2": {
            "gsolv": {
                "gsolv": -0.0015850880159860026,
                "energy_gas": -517.280796258202,
                "energy_solv": -517.282381346218
            },
            "gtot": -517.282381346218,
            "bmw": 0.19846800894946182
        },
        "CONF4": {
            "gsolv": {
                "gsolv": -0.0017923038759590781,
                "energy_gas": -517.280071226559,
                "energy_solv": -517.281863530435
            },
            "gtot": -517.281863530435,
            "bmw": 0.11468635222829991
        },
        "CONF3": {
            "gsolv": {
                "gsolv": -0.001984971466981733,
                "energy_gas": -517.280672459388,
                "energy_solv": -517.282657430855
            },
            "gtot": -517.282657430855,
            "bmw": 0.26587693000965623
        },
        "CONF1": {
            "gsolv": {
                "gsolv": -0.001998330420065031,
                "energy_gas": -517.28095952631,
                "energy_solv": -517.28295785673
            },
            "gtot": -517.28295785673,
            "bmw": 0.36548284139593784
        },
        "CONF5": {
            "gsolv": {
                "gsolv": -0.0016779867479499444,
                "energy_gas": -517.279499997628,
                "energy_solv": -517.281177984376
            },
            "gtot": -517.281177984376,
            "bmw": 0.055485867416644165
        }
    },
    "settings": {
        "threshold": 0.95,
        "func": "wb97x-v",
        "basis": "def2-tzvp",
        "prog": "orca",
        "sm": "smd",
        "gfnv": "gfn2",
        "run": true,
        "implicit": false,
        "template": false
    },
    "nconf_in": 5,
    "nconf_out": 5
}