{
   "temperature":     298.150000000000,
   "unit": "hartree",
   "energy":     -16.654933230093,
   "free energy":     -16.661308635091,
   "G(T)":      -0.006375404997,
   "ZPVE":       0.020940933824,
   "number of imags":0,
   "point group": "cs",
   "gradient norm":       0.000016192434
}
