{
    "partname": "prescreening",
    "runtime": 9.307022159919143,
    "results": {
        "CONF1": {
            "xtb_gsolv": {
                "gsolv": -0.0007230760279988147,
                "energy_xtb_gas": -23.113135680762,
                "energy_xtb_solv": -23.11385875679
            },
            "sp": {
                "energy": -346.012466489084
            },
            "gtot": -346.013189565112,
            "bmw": 1.0
        }
    },
    "settings": {
        "threshold": 4.0,
        "func": "pbe-d4",
        "basis": "def2-sv(p)",
        "prog": "orca",
        "gfnv": "gfn2",
        "run": true,
        "template": false
    },
    "nconf_in": 1,
    "nconf_out": 1
}