{
    "partname": "prescreening",
    "runtime": 25.608672948554158,
    "results": {
        "CONF1": {
            "xtb_gsolv": {
                "gsolv": -0.002656443601992464,
                "energy_xtb_gas": -70.262961060573,
                "energy_xtb_solv": -70.265617504175
            },
            "sp": {
                "energy": -4285.489910999293
            },
            "gtot": -4285.492567442895,
            "bmw": 1.0
        }
    },
    "settings": {
        "threshold": 4.0,
        "func": "pbe-d4",
        "basis": "def2-sv(p)",
        "prog": "orca",
        "gfnv": "gfn2",
        "run": true,
        "template": false
    },
    "nconf_in": 1,
    "nconf_out": 1
}