{
   "temperature":     298.150000000000,
   "unit": "hartree",
   "energy":     -23.052981393762,
   "free energy":     -22.912102890127,
   "G(T)":       0.140878503635,
   "ZPVE":       0.171233225068,
   "number of imags":0,
   "point group": "cs",
   "gradient norm":       0.000043387667
}
