{
    "partname": "prescreening",
    "runtime": 7.860513826832175,
    "results": {
        "CONF2": {
            "xtb_gsolv": {
                "gsolv": -0.002899765928997766,
                "energy_xtb_gas": -22.49476202773,
                "energy_xtb_solv": -22.497661793659
            },
            "sp": {
                "energy": -326.185749008379
            },
            "gtot": -326.188648774308,
            "bmw": 0.5863592601100416
        },
        "CONF1": {
            "xtb_gsolv": {
                "gsolv": -0.002899839299999485,
                "energy_xtb_gas": -22.49512799501,
                "energy_xtb_solv": -22.49802783431
            },
            "sp": {
                "energy": -326.185419476374
            },
            "gtot": -326.188319315674,
            "bmw": 0.4136407398899584
        }
    },
    "settings": {
        "threshold": 4.0,
        "func": "pbe-d4",
        "basis": "def2-sv(p)",
        "prog": "orca",
        "gfnv": "gfn2",
        "run": true,
        "template": false
    },
    "nconf_in": 2,
    "nconf_out": 2
}