{
    "partname": "screening",
    "runtime": 50.79186203330755,
    "results": {
        "CONF1": {
            "gsolv": {
                "gsolv": -0.0062773528329671535,
                "energy_gas": -326.824456402434,
                "energy_solv": -326.830733755267
            },
            "gtot": -326.830733755267,
            "bmw": 0.3205331480457353
        },
        "CONF2": {
            "gsolv": {
                "gsolv": -0.006453203811986441,
                "energy_gas": -326.82498993822,
                "energy_solv": -326.831443142032
            },
            "gtot": -326.831443142032,
            "bmw": 0.6794668519542647
        }
    },
    "settings": {
        "threshold": 3.5,
        "func": "r2scan-3c",
        "basis": "def2-tzvp",
        "prog": "orca",
        "sm": "smd",
        "gfnv": "gfn2",
        "run": true,
        "implicit": false,
        "template": false
    },
    "nconf_in": 2,
    "nconf_out": 2
}