{
    "partname": "refinement",
    "runtime": 294.0665926039219,
    "results": {
        "CONF1": {
            "gsolv": {
                "gsolv": -0.00665556561602898,
                "energy_gas": -326.93315365083,
                "energy_solv": -326.939809216446
            },
            "gtot": -326.939809216446,
            "bmw": 0.37259219593491977
        },
        "CONF2": {
            "gsolv": {
                "gsolv": -0.006773360967031294,
                "energy_gas": -326.933527881192,
                "energy_solv": -326.940301242159
            },
            "gtot": -326.940301242159,
            "bmw": 0.6274078040650802
        }
    },
    "settings": {
        "threshold": 0.95,
        "func": "wb97x-v",
        "basis": "def2-tzvp",
        "prog": "orca",
        "sm": "smd",
        "gfnv": "gfn2",
        "run": true,
        "implicit": false,
        "template": false
    },
    "nconf_in": 2,
    "nconf_out": 2
}