{
    "partname": "prescreening",
    "runtime": 9.037930941209197,
    "results": {
        "CONF1": {
            "xtb_gsolv": {
                "gsolv": -0.0019264070620010898,
                "energy_xtb_gas": -17.717966764684,
                "energy_xtb_solv": -17.719893171746
            },
            "sp": {
                "energy": -617.308271820176
            },
            "gtot": -617.310198227238,
            "bmw": 0.9993648821535012
        },
        "CONF2": {
            "xtb_gsolv": {
                "gsolv": -0.001955483507000366,
                "energy_xtb_gas": -17.713706224153,
                "energy_xtb_solv": -17.71566170766
            },
            "sp": {
                "energy": -617.301292545779
            },
            "gtot": -617.303248029286,
            "bmw": 0.0006351178464989849
        }
    },
    "settings": {
        "threshold": 4.0,
        "func": "pbe-d4",
        "basis": "def2-sv(p)",
        "prog": "orca",
        "gfnv": "gfn2",
        "run": true,
        "template": false
    },
    "nconf_in": 2,
    "nconf_out": 1
}