{
    "partname": "prescreening",
    "runtime": 3.6129081677645445,
    "results": {
        "CONF1": {
            "xtb_gsolv": {
                "gsolv": 1.1630700001319383e-05,
                "energy_xtb_gas": -16.653131019911,
                "energy_xtb_solv": -16.653119389211
            },
            "sp": {
                "energy": -697.80742351279
            },
            "gtot": -697.80741188209,
            "bmw": 1.0
        }
    },
    "settings": {
        "threshold": 4.0,
        "func": "pbe-d4",
        "basis": "def2-sv(p)",
        "prog": "orca",
        "gfnv": "gfn2",
        "run": true,
        "template": false
    },
    "nconf_in": 1,
    "nconf_out": 1
}