{
   "temperature":     298.150000000000,
   "unit": "hartree",
   "energy":     -42.390358592063,
   "free energy":     -42.232711314627,
   "G(T)":       0.157647277436,
   "ZPVE":       0.199046096210,
   "number of imags":0,
   "point group": "c1",
   "gradient norm":       0.000076118988
}
