{
   "temperature":     298.150000000000,
   "unit": "hartree",
   "energy":     -43.389180276934,
   "free energy":     -43.237928516851,
   "G(T)":       0.151251760084,
   "ZPVE":       0.187856188107,
   "number of imags":0,
   "point group": "c1",
   "gradient norm":       0.000154457166
}
