{
   "temperature":     298.150000000000,
   "unit": "hartree",
   "energy":     -32.446711295766,
   "free energy":     -32.275402932115,
   "G(T)":       0.171308363651,
   "ZPVE":       0.208275467106,
   "number of imags":0,
   "point group": "c1",
   "gradient norm":       0.000044373496
}
