{
    "partname": "prescreening",
    "runtime": 9.54517865460366,
    "results": {
        "CONF2": {
            "xtb_gsolv": {
                "gsolv": -0.00836339617400128,
                "energy_xtb_gas": -29.511502628737,
                "energy_xtb_solv": -29.519866024911
            },
            "sp": {
                "energy": -475.107922436143
            },
            "gtot": -475.116285832317,
            "bmw": 0.4686375094529292
        },
        "CONF1": {
            "xtb_gsolv": {
                "gsolv": -0.008459890565998052,
                "energy_xtb_gas": -29.511528921311,
                "energy_xtb_solv": -29.519988811877
            },
            "sp": {
                "energy": -475.107944545281
            },
            "gtot": -475.11640443584696,
            "bmw": 0.5313624905470709
        }
    },
    "settings": {
        "threshold": 4.0,
        "func": "pbe-d4",
        "basis": "def2-sv(p)",
        "prog": "orca",
        "gfnv": "gfn2",
        "run": true,
        "template": false
    },
    "nconf_in": 2,
    "nconf_out": 2
}