{
    "partname": "screening",
    "runtime": 71.35476785060018,
    "results": {
        "CONF1": {
            "gsolv": {
                "gsolv": -0.0045360642970422305,
                "energy_gas": -475.975064666157,
                "energy_solv": -475.979600730454
            },
            "gtot": -475.979600730454,
            "bmw": 0.5275435650652772
        },
        "CONF2": {
            "gsolv": {
                "gsolv": -0.004439345308981046,
                "energy_gas": -475.975057254978,
                "energy_solv": -475.979496600287
            },
            "gtot": -475.979496600287,
            "bmw": 0.47245643493472284
        }
    },
    "settings": {
        "threshold": 3.5,
        "func": "r2scan-3c",
        "basis": "def2-tzvp",
        "prog": "orca",
        "sm": "smd",
        "gfnv": "gfn2",
        "run": true,
        "implicit": false,
        "template": false
    },
    "nconf_in": 2,
    "nconf_out": 2
}