{
    "partname": "refinement",
    "runtime": 425.1875764960423,
    "results": {
        "CONF2": {
            "gsolv": {
                "gsolv": -0.004103112182008317,
                "energy_gas": -476.098041322463,
                "energy_solv": -476.102144434645
            },
            "gtot": -476.102144434645,
            "bmw": 0.4849942920097813
        },
        "CONF1": {
            "gsolv": {
                "gsolv": -0.0041826873480204085,
                "energy_gas": -476.098018436906,
                "energy_solv": -476.102201124254
            },
            "gtot": -476.102201124254,
            "bmw": 0.5150057079902187
        }
    },
    "settings": {
        "threshold": 0.95,
        "func": "wb97x-v",
        "basis": "def2-tzvp",
        "prog": "orca",
        "sm": "smd",
        "gfnv": "gfn2",
        "run": true,
        "implicit": false,
        "template": false
    },
    "nconf_in": 2,
    "nconf_out": 2
}