{
    "partname": "prescreening",
    "runtime": 6.035793853923678,
    "results": {
        "CONF2": {
            "xtb_gsolv": {
                "gsolv": -0.0015453238129978786,
                "energy_xtb_gas": -17.711339690075,
                "energy_xtb_solv": -17.712885013888
            },
            "sp": {
                "energy": -617.303895145122
            },
            "gtot": -617.3054404689351,
            "bmw": 0.1474630203116694
        },
        "CONF3": {
            "xtb_gsolv": {
                "gsolv": -0.0014323116599967989,
                "energy_xtb_gas": -17.710783990445,
                "energy_xtb_solv": -17.712216302105
            },
            "sp": {
                "energy": -617.304282668662
            },
            "gtot": -617.305714980322,
            "bmw": 0.1972193951385691
        },
        "CONF1": {
            "xtb_gsolv": {
                "gsolv": -0.0014350548250021689,
                "energy_xtb_gas": -17.711870491211,
                "energy_xtb_solv": -17.713305546036
            },
            "sp": {
                "energy": -617.305413704406
            },
            "gtot": -617.306848759231,
            "bmw": 0.6553175845497615
        }
    },
    "settings": {
        "threshold": 4.0,
        "func": "pbe-d4",
        "basis": "def2-sv(p)",
        "prog": "orca",
        "gfnv": "gfn2",
        "run": true,
        "template": false
    },
    "nconf_in": 3,
    "nconf_out": 3
}