{
    "partname": "screening",
    "runtime": 29.212531694211066,
    "results": {
        "CONF1": {
            "gsolv": {
                "gsolv": -0.0011961325440097426,
                "energy_gas": -617.975005417264,
                "energy_solv": -617.976201549808
            },
            "gtot": -617.976201549808,
            "bmw": 0.4775705505527526
        },
        "CONF3": {
            "gsolv": {
                "gsolv": -0.0013207331660396449,
                "energy_gas": -617.974116824858,
                "energy_solv": -617.975437558024
            },
            "gtot": -617.975437558024,
            "bmw": 0.21263054019641042
        },
        "CONF2": {
            "gsolv": {
                "gsolv": -0.0016375516679545399,
                "energy_gas": -617.974155366261,
                "energy_solv": -617.975792917929
            },
            "gtot": -617.975792917929,
            "bmw": 0.3097989092508371
        }
    },
    "settings": {
        "threshold": 3.5,
        "func": "r2scan-3c",
        "basis": "def2-tzvp",
        "prog": "orca",
        "sm": "smd",
        "gfnv": "gfn2",
        "run": true,
        "implicit": false,
        "template": false
    },
    "nconf_in": 3,
    "nconf_out": 3
}