{
    "partname": "refinement",
    "runtime": 135.69995828159153,
    "results": {
        "CONF1": {
            "gsolv": {
                "gsolv": -0.001820750801016402,
                "energy_gas": -618.00480926997,
                "energy_solv": -618.006630020771
            },
            "gtot": -618.006630020771,
            "bmw": 0.5518877980482552
        },
        "CONF2": {
            "gsolv": {
                "gsolv": -0.0020986491829262377,
                "energy_gas": -618.003817583251,
                "energy_solv": -618.005916232434
            },
            "gtot": -618.005916232434,
            "bmw": 0.2591378693716519
        },
        "CONF3": {
            "gsolv": {
                "gsolv": -0.0019625941040430916,
                "energy_gas": -618.003655513209,
                "energy_solv": -618.005618107313
            },
            "gtot": -618.005618107313,
            "bmw": 0.18897433258009297
        }
    },
    "settings": {
        "threshold": 0.95,
        "func": "wb97x-v",
        "basis": "def2-tzvp",
        "prog": "orca",
        "sm": "smd",
        "gfnv": "gfn2",
        "run": true,
        "implicit": false,
        "template": false
    },
    "nconf_in": 3,
    "nconf_out": 3
}