{
    "partname": "prescreening",
    "runtime": 50.766658646054566,
    "results": {
        "CONF2": {
            "xtb_gsolv": {
                "gsolv": -0.003930209000998275,
                "energy_xtb_gas": -33.626872587983,
                "energy_xtb_solv": -33.630802796984
            },
            "sp": {
                "energy": -464.832193362711
            },
            "gtot": -464.836123571712,
            "bmw": 0.39848368655043426
        },
        "CONF19": {
            "xtb_gsolv": {
                "gsolv": -0.0038899962170049207,
                "energy_xtb_gas": -33.620913221786,
                "energy_xtb_solv": -33.624803218003
            },
            "sp": {
                "energy": -464.822154645303
            },
            "gtot": -464.82604464152,
            "bmw": 9.213477196183135e-06
        },
        "CONF25": {
            "xtb_gsolv": {
                "gsolv": -0.0037339352609961907,
                "energy_xtb_gas": -33.62072388701,
                "energy_xtb_solv": -33.624457822271
            },
            "sp": {
                "energy": -464.822307533813
            },
            "gtot": -464.82604146907397,
            "bmw": 9.182571974653197e-06
        },
        "CONF18": {
            "xtb_gsolv": {
                "gsolv": -0.0036383465829956663,
                "energy_xtb_gas": -33.621253448703,
                "energy_xtb_solv": -33.624891795286
            },
            "sp": {
                "energy": -464.82271031343
            },
            "gtot": -464.82634866001297,
            "bmw": 1.2713419933083734e-05
        },
        "CONF12": {
            "xtb_gsolv": {
                "gsolv": -0.004137186898994116,
                "energy_xtb_gas": -33.622481521704,
                "energy_xtb_solv": -33.626618708603
            },
            "sp": {
                "energy": -464.824052388273
            },
            "gtot": -464.828189575172,
            "bmw": 8.933563975005974e-05
        },
        "CONF10": {
            "xtb_gsolv": {
                "gsolv": -0.004466040765997548,
                "energy_xtb_gas": -33.622436295934,
                "energy_xtb_solv": -33.6269023367
            },
            "sp": {
                "energy": -464.824237661641
            },
            "gtot": -464.828703702407,
            "bmw": 0.00015399510292597176
        },
        "CONF1": {
            "xtb_gsolv": {
                "gsolv": -0.003958211149999613,
                "energy_xtb_gas": -33.626856809956,
                "energy_xtb_solv": -33.630815021106
            },
            "sp": {
                "energy": -464.832403582594
            },
            "gtot": -464.836361793744,
            "bmw": 0.5128437846170181
        },
        "CONF11": {
            "xtb_gsolv": {
                "gsolv": -0.003982134493000444,
                "energy_xtb_gas": -33.622917191205,
                "energy_xtb_solv": -33.626899325698
            },
            "sp": {
                "energy": -464.82587895447
            },
            "gtot": -464.829861088963,
            "bmw": 0.000524647823700773
        },
        "CONF23": {
            "xtb_gsolv": {
                "gsolv": -0.004135353677000353,
                "energy_xtb_gas": -33.620354067536,
                "energy_xtb_solv": -33.624489421213
            },
            "sp": {
                "energy": -464.820350751594
            },
            "gtot": -464.824486105271,
            "bmw": 1.7682615909709014e-06
        },
        "CONF16": {
            "xtb_gsolv": {
                "gsolv": -0.0038849372370037827,
                "energy_xtb_gas": -33.621204277359,
                "energy_xtb_solv": -33.625089214596
            },
            "sp": {
                "energy": -464.823624918812
            },
            "gtot": -464.827509856049,
            "bmw": 4.348861703773066e-05
        },
        "CONF9": {
            "xtb_gsolv": {
                "gsolv": -0.0037535198939977477,
                "energy_xtb_gas": -33.623182175093,
                "energy_xtb_solv": -33.626935694987
            },
            "sp": {
                "energy": -464.82552139153
            },
            "gtot": -464.829274911424,
            "bmw": 0.0002819972487929509
        },
        "CONF22": {
            "xtb_gsolv": {
                "gsolv": -0.004069006549997312,
                "energy_xtb_gas": -33.620464727364,
                "energy_xtb_solv": -33.624533733914
            },
            "sp": {
                "energy": -464.82171408359
            },
            "gtot": -464.82578309014,
            "bmw": 6.984225582191649e-06
        },
        "CONF6": {
            "xtb_gsolv": {
                "gsolv": -0.0038281084109996755,
                "energy_xtb_gas": -33.623660227089,
                "energy_xtb_solv": -33.6274883355
            },
            "sp": {
                "energy": -464.824072638511
            },
            "gtot": -464.82790074692196,
            "bmw": 6.579197943726257e-05
        },
        "CONF15": {
            "xtb_gsolv": {
                "gsolv": -0.004077485453002794,
                "energy_xtb_gas": -33.621222102775,
                "energy_xtb_solv": -33.625299588228
            },
            "sp": {
                "energy": -464.823682127744
            },
            "gtot": -464.82775961319703,
            "bmw": 5.665730765177694e-05
        },
        "CONF8": {
            "xtb_gsolv": {
                "gsolv": -0.004478615827999022,
                "energy_xtb_gas": -33.622492809269,
                "energy_xtb_solv": -33.626971425097
            },
            "sp": {
                "energy": -464.824272793832
            },
            "gtot": -464.82875140966,
            "bmw": 0.00016197602162415967
        },
        "CONF7": {
            "xtb_gsolv": {
                "gsolv": -0.0039023725109998963,
                "energy_xtb_gas": -33.623288267593,
                "energy_xtb_solv": -33.627190640104
            },
            "sp": {
                "energy": -464.824603699732
            },
            "gtot": -464.828506072243,
            "bmw": 0.0001249117599443868
        },
        "CONF21": {
            "xtb_gsolv": {
                "gsolv": -0.004026064362001591,
                "energy_xtb_gas": -33.620611660592,
                "energy_xtb_solv": -33.624637724954
            },
            "sp": {
                "energy": -464.82336491474
            },
            "gtot": -464.827390979102,
            "bmw": 3.834387378429171e-05
        },
        "CONF14": {
            "xtb_gsolv": {
                "gsolv": -0.004076506166995841,
                "energy_xtb_gas": -33.621243835594,
                "energy_xtb_solv": -33.625320341761
            },
            "sp": {
                "energy": -464.823789406305
            },
            "gtot": -464.827865912472,
            "bmw": 6.340889938878529e-05
        },
        "CONF17": {
            "xtb_gsolv": {
                "gsolv": -0.003777834036000627,
                "energy_xtb_gas": -33.621201762169,
                "energy_xtb_solv": -33.624979596205
            },
            "sp": {
                "energy": -464.822048627433
            },
            "gtot": -464.825826461469,
            "bmw": 7.312530466672663e-06
        },
        "CONF4": {
            "xtb_gsolv": {
                "gsolv": -0.004598842706002415,
                "energy_xtb_gas": -33.625499963409,
                "energy_xtb_solv": -33.630098806115
            },
            "sp": {
                "energy": -464.82756420883
            },
            "gtot": -464.832163051536,
            "bmw": 0.006007549614297872
        },
        "CONF3": {
            "xtb_gsolv": {
                "gsolv": -0.0036619869480034595,
                "energy_xtb_gas": -33.626700400858,
                "energy_xtb_solv": -33.630362387806
            },