{
    "partname": "screening",
    "runtime": 121.60662311781198,
    "results": {
        "CONF1": {
            "gsolv": {
                "gsolv": -0.00724007445001007,
                "energy_gas": -465.783399456504,
                "energy_solv": -465.790639530954
            },
            "gtot": -465.790639530954,
            "bmw": 0.48023867631878836
        },
        "CONF2": {
            "gsolv": {
                "gsolv": -0.007232821128980049,
                "energy_gas": -465.783323512997,
                "energy_solv": -465.790556334126
            },
            "gtot": -465.790556334126,
            "bmw": 0.4397331849279255
        },
        "CONF3": {
            "gsolv": {
                "gsolv": -0.007177279166000972,
                "energy_gas": -465.781697684652,
                "energy_solv": -465.788874963818
            },
            "gtot": -465.788874963818,
            "bmw": 0.07409901475082561
        },
        "CONF4": {
            "gsolv": {
                "gsolv": -0.007485488002032525,
                "energy_gas": -465.779004915331,
                "energy_solv": -465.786490403333
            },
            "gtot": -465.786490403333,
            "bmw": 0.0059291240024604355
        }
    },
    "settings": {
        "threshold": 3.5,
        "func": "r2scan-3c",
        "basis": "def2-tzvp",
        "prog": "orca",
        "sm": "smd",
        "gfnv": "gfn2",
        "run": true,
        "implicit": false,
        "template": false
    },
    "nconf_in": 4,
    "nconf_out": 4
}