{
    "partname": "refinement",
    "runtime": 821.7111265547574,
    "results": {
        "CONF3": {
            "gsolv": {
                "gsolv": -0.007896965205986817,
                "energy_gas": -465.944360562824,
                "energy_solv": -465.95225752803
            },
            "gtot": -465.95225752803,
            "bmw": 0.28805553114200105
        },
        "CONF2": {
            "gsolv": {
                "gsolv": -0.007894625832989277,
                "energy_gas": -465.944554848454,
                "energy_solv": -465.952449474287
            },
            "gtot": -465.952449474287,
            "bmw": 0.35299242483332655
        },
        "CONF1": {
            "gsolv": {
                "gsolv": -0.007879155302987328,
                "energy_gas": -465.944586126698,
                "energy_solv": -465.952465282001
            },
            "gtot": -465.952465282001,
            "bmw": 0.3589520440246725
        }
    },
    "settings": {
        "threshold": 0.95,
        "func": "wb97x-v",
        "basis": "def2-tzvp",
        "prog": "orca",
        "sm": "smd",
        "gfnv": "gfn2",
        "run": true,
        "implicit": false,
        "template": false
    },
    "nconf_in": 3,
    "nconf_out": 3
}