{
    "partname": "prescreening",
    "runtime": 10.144395504146814,
    "results": {
        "CONF3": {
            "xtb_gsolv": {
                "gsolv": -0.000150711251997393,
                "energy_xtb_gas": -25.639139076241,
                "energy_xtb_solv": -25.639289787493
            },
            "sp": {
                "energy": -365.370529412927
            },
            "gtot": -365.370680124179,
            "bmw": 1.394069011764166e-05
        },
        "CONF2": {
            "xtb_gsolv": {
                "gsolv": -0.0009584025260025442,
                "energy_xtb_gas": -25.645328144597,
                "energy_xtb_solv": -25.646286547123
            },
            "sp": {
                "energy": -365.378159419658
            },
            "gtot": -365.379117822184,
            "bmw": 0.10601240930810278
        },
        "CONF1": {
            "xtb_gsolv": {
                "gsolv": -0.001182264667999533,
                "energy_xtb_gas": -25.646036501063,
                "energy_xtb_solv": -25.647218765731
            },
            "sp": {
                "energy": -365.379948670798
            },
            "gtot": -365.381130935466,
            "bmw": 0.8939736500017796
        }
    },
    "settings": {
        "threshold": 4.0,
        "func": "pbe-d4",
        "basis": "def2-sv(p)",
        "prog": "orca",
        "gfnv": "gfn2",
        "run": true,
        "template": false
    },
    "nconf_in": 3,
    "nconf_out": 2
}