{
    "partname": "screening",
    "runtime": 74.43263889010996,
    "results": {
        "CONF2": {
            "gsolv": {
                "gsolv": -0.00566892397699803,
                "energy_gas": -366.098947734004,
                "energy_solv": -366.104616657981
            },
            "gtot": -366.104616657981,
            "bmw": 0.37705627927119634
        },
        "CONF1": {
            "gsolv": {
                "gsolv": -0.005132387290018414,
                "energy_gas": -366.09995830923,
                "energy_solv": -366.10509069652
            },
            "gtot": -366.10509069652,
            "bmw": 0.6229437207288037
        }
    },
    "settings": {
        "threshold": 3.5,
        "func": "r2scan-3c",
        "basis": "def2-tzvp",
        "prog": "orca",
        "sm": "smd",
        "gfnv": "gfn2",
        "run": true,
        "implicit": false,
        "template": false
    },
    "nconf_in": 2,
    "nconf_out": 2
}