{
    "partname": "refinement",
    "runtime": 493.11219889111817,
    "results": {
        "CONF2": {
            "gsolv": {
                "gsolv": -0.00630849244402043,
                "energy_gas": -366.225584947675,
                "energy_solv": -366.231893440119
            },
            "gtot": -366.231893440119,
            "bmw": 0.5084966875238871
        },
        "CONF1": {
            "gsolv": {
                "gsolv": -0.006241646178978044,
                "energy_gas": -366.225619701112,
                "energy_solv": -366.231861347291
            },
            "gtot": -366.231861347291,
            "bmw": 0.4915033124761129
        }
    },
    "settings": {
        "threshold": 0.95,
        "func": "wb97x-v",
        "basis": "def2-tzvp",
        "prog": "orca",
        "sm": "smd",
        "gfnv": "gfn2",
        "run": true,
        "implicit": false,
        "template": false
    },
    "nconf_in": 2,
    "nconf_out": 2
}