{
   "temperature":     298.150000000000,
   "unit": "hartree",
   "energy":     -15.774493256134,
   "free energy":     -15.671238919634,
   "G(T)":       0.103254336500,
   "ZPVE":       0.134472884753,
   "number of imags":0,
   "point group": "c1",
   "gradient norm":       0.000023204178
}
