{
   "temperature":     298.150000000000,
   "unit": "hartree",
   "energy":     -35.711623195930,
   "free energy":     -35.465960861817,
   "G(T)":       0.245662334113,
   "ZPVE":       0.282910949215,
   "number of imags":0,
   "point group": "c1",
   "gradient norm":       0.000028966463
}
