{
   "temperature":     298.150000000000,
   "unit": "hartree",
   "energy":     -26.557387055862,
   "free energy":     -26.445935401904,
   "G(T)":       0.111451653959,
   "ZPVE":       0.144307146846,
   "number of imags":0,
   "point group": "c1",
   "gradient norm":       0.000052502667
}
