{
   "temperature":     298.150000000000,
   "unit": "hartree",
   "energy":     -22.498991558410,
   "free energy":     -22.390364336816,
   "G(T)":       0.108627221594,
   "ZPVE":       0.140334251915,
   "number of imags":0,
   "point group": "cs",
   "gradient norm":       0.000041067410
}
