{
   "temperature":     298.150000000000,
   "unit": "hartree",
   "energy":     -20.789624921901,
   "free energy":     -20.708043130780,
   "G(T)":       0.081581791121,
   "ZPVE":       0.114761832820,
   "number of imags":0,
   "point group": "c1",
   "gradient norm":       0.000153061976
}
