{
   "temperature":     298.150000000000,
   "unit": "hartree",
   "energy":     -29.555990002990,
   "free energy":     -29.442602481356,
   "G(T)":       0.113387521633,
   "ZPVE":       0.146262896708,
   "number of imags":0,
   "point group": "cs",
   "gradient norm":       0.000009510349
}
