{
   "temperature":     298.150000000000,
   "unit": "hartree",
   "energy":     -33.612252083564,
   "free energy":     -33.417649393221,
   "G(T)":       0.194602690343,
   "ZPVE":       0.233840167087,
   "number of imags":0,
   "point group": "c1",
   "gradient norm":       0.000050496518
}
