{
   "temperature":     298.150000000000,
   "unit": "hartree",
   "energy":     -20.678109474541,
   "free energy":     -20.624036430753,
   "G(T)":       0.054073043789,
   "ZPVE":       0.083983536712,
   "number of imags":0,
   "point group": "c2v",
   "gradient norm":       0.000063906908
}
