{
   "temperature":     298.150000000000,
   "unit": "hartree",
   "energy":     -24.189039147148,
   "free energy":     -24.126840420640,
   "G(T)":       0.062198726508,
   "ZPVE":       0.092664732961,
   "number of imags":0,
   "point group": "cs",
   "gradient norm":       0.000041199370
}
