{
    "partname": "prescreening",
    "runtime": 6.527918293140829,
    "results": {
        "CONF1": {
            "xtb_gsolv": {
                "gsolv": -0.007026692290999392,
                "energy_xtb_gas": -27.243618512741,
                "energy_xtb_solv": -27.250645205032
            },
            "sp": {
                "energy": -491.115802822121
            },
            "gtot": -491.122829514412,
            "bmw": 0.25707898676982643
        },
        "CONF4": {
            "xtb_gsolv": {
                "gsolv": -0.009062355254002341,
                "energy_xtb_gas": -27.238993714571,
                "energy_xtb_solv": -27.248056069825
            },
            "sp": {
                "energy": -491.113433009161
            },
            "gtot": -491.122495364415,
            "bmw": 0.18045470921590656
        },
        "CONF2": {
            "xtb_gsolv": {
                "gsolv": -0.009252649566001026,
                "energy_xtb_gas": -27.240601854827,
                "energy_xtb_solv": -27.249854504393
            },
            "sp": {
                "energy": -491.113425161437
            },
            "gtot": -491.12267781100303,
            "bmw": 0.21892121085894817
        },
        "CONF3": {
            "xtb_gsolv": {
                "gsolv": -0.006933217978001949,
                "energy_xtb_gas": -27.241780939496,
                "energy_xtb_solv": -27.248714157474
            },
            "sp": {
                "energy": -491.116170048361
            },
            "gtot": -491.12310326633906,
            "bmw": 0.3435450931553188
        }
    },
    "settings": {
        "threshold": 4.0,
        "func": "pbe-d4",
        "basis": "def2-sv(p)",
        "prog": "orca",
        "gfnv": "gfn2",
        "run": true,
        "template": false
    },
    "nconf_in": 4,
    "nconf_out": 4
}