{
    "partname": "screening",
    "runtime": 43.67015160340816,
    "results": {
        "CONF3": {
            "gsolv": {
                "gsolv": -0.0060221928320061124,
                "energy_gas": -492.057642997111,
                "energy_solv": -492.063665189943
            },
            "gtot": -492.063665189943,
            "bmw": 0.3822024210461153
        },
        "CONF2": {
            "gsolv": {
                "gsolv": -0.008018523928001287,
                "energy_gas": -492.054033806031,
                "energy_solv": -492.062052329959
            },
            "gtot": -492.062052329959,
            "bmw": 0.06925150141214567
        },
        "CONF4": {
            "gsolv": {
                "gsolv": -0.007588599524979145,
                "energy_gas": -492.054522933062,
                "energy_solv": -492.062111532587
            },
            "gtot": -492.062111532587,
            "bmw": 0.07373276451038116
        },
        "CONF1": {
            "gsolv": {
                "gsolv": -0.006701077694003743,
                "energy_gas": -492.057168973067,
                "energy_solv": -492.063870050761
            },
            "gtot": -492.063870050761,
            "bmw": 0.4748133130313579
        }
    },
    "settings": {
        "threshold": 3.5,
        "func": "r2scan-3c",
        "basis": "def2-tzvp",
        "prog": "orca",
        "sm": "smd",
        "gfnv": "gfn2",
        "run": true,
        "implicit": false,
        "template": false
    },
    "nconf_in": 4,
    "nconf_out": 4
}