{
    "partname": "refinement",
    "runtime": 163.79006888717413,
    "results": {
        "CONF2": {
            "gsolv": {
                "gsolv": -0.009077997059023346,
                "energy_gas": -492.135878071636,
                "energy_solv": -492.144956068695
            },
            "gtot": -492.144956068695,
            "bmw": 0.06513104733605335
        },
        "CONF3": {
            "gsolv": {
                "gsolv": -0.006983119799031101,
                "energy_gas": -492.139443271953,
                "energy_solv": -492.146426391752
            },
            "gtot": -492.146426391752,
            "bmw": 0.3090934869225212
        },
        "CONF1": {
            "gsolv": {
                "gsolv": -0.007666914389972135,
                "energy_gas": -492.138751417745,
                "energy_solv": -492.146418332135
            },
            "gtot": -492.146418332135,
            "bmw": 0.3064662729019131
        },
        "CONF4": {
            "gsolv": {
                "gsolv": -0.007090114818026905,
                "energy_gas": -492.13936697812,
                "energy_solv": -492.146457092938
            },
            "gtot": -492.146457092938,
            "bmw": 0.31930919283951237
        }
    },
    "settings": {
        "threshold": 0.95,
        "func": "wb97x-v",
        "basis": "def2-tzvp",
        "prog": "orca",
        "sm": "smd",
        "gfnv": "gfn2",
        "run": true,
        "implicit": false,
        "template": false
    },
    "nconf_in": 4,
    "nconf_out": 4
}