{
   "temperature":     298.150000000000,
   "unit": "hartree",
   "energy":     -26.291087877787,
   "free energy":     -26.167624487503,
   "G(T)":       0.123463390283,
   "ZPVE":       0.156641532346,
   "number of imags":0,
   "point group": "cs",
   "gradient norm":       0.000029788753
}
