{
   "temperature":     298.150000000000,
   "unit": "hartree",
   "energy":     -14.712541090562,
   "free energy":     -14.630647771589,
   "G(T)":       0.081893318973,
   "ZPVE":       0.111299758293,
   "number of imags":0,
   "point group": "cs",
   "gradient norm":       0.000088606251
}
