{
    "partname": "prescreening",
    "runtime": 6.496693275868893,
    "results": {
        "CONF1": {
            "xtb_gsolv": {
                "gsolv": 0.0005497116619999076,
                "energy_xtb_gas": -19.130463151679,
                "energy_xtb_solv": -19.129913440017
            },
            "sp": {
                "energy": -629.618702176975
            },
            "gtot": -629.6181524653131,
            "bmw": 1.0
        }
    },
    "settings": {
        "threshold": 4.0,
        "func": "pbe-d4",
        "basis": "def2-sv(p)",
        "prog": "orca",
        "gfnv": "gfn2",
        "run": true,
        "template": false
    },
    "nconf_in": 1,
    "nconf_out": 1
}