{
   "temperature":     298.150000000000,
   "unit": "hartree",
   "energy":     -19.867887853664,
   "free energy":     -19.761550174443,
   "G(T)":       0.106337679220,
   "ZPVE":       0.138424692563,
   "number of imags":0,
   "point group": "c1",
   "gradient norm":       0.000034365376
}
