{
    "partname": "prescreening",
    "runtime": 5.261778516694903,
    "results": {
        "CONF1": {
            "xtb_gsolv": {
                "gsolv": 0.0003853186330005087,
                "energy_xtb_gas": -13.924679783942,
                "energy_xtb_solv": -13.924294465309
            },
            "sp": {
                "energy": -174.02537871216
            },
            "gtot": -174.024993393527,
            "bmw": 1.0
        }
    },
    "settings": {
        "threshold": 4.0,
        "func": "pbe-d4",
        "basis": "def2-sv(p)",
        "prog": "orca",
        "gfnv": "gfn2",
        "run": true,
        "template": false
    },
    "nconf_in": 1,
    "nconf_out": 1
}