{
   "temperature":     298.150000000000,
   "unit": "hartree",
   "energy":     -27.788612907810,
   "free energy":     -27.790229001567,
   "G(T)":      -0.001616093757,
   "ZPVE":       0.031919784705,
   "number of imags":0,
   "point group": "c1",
   "gradient norm":       0.000120347381
}
