{
    "partname": "prescreening",
    "runtime": 16.65464395005256,
    "results": {
        "CONF3": {
            "xtb_gsolv": {
                "gsolv": -0.016090448851997508,
                "energy_xtb_gas": -42.153434918844,
                "energy_xtb_solv": -42.169525367696
            },
            "sp": {
                "energy": -679.001217139016
            },
            "gtot": -679.017307587868,
            "bmw": 0.37858822532084196
        },
        "CONF1": {
            "xtb_gsolv": {
                "gsolv": -0.015913584914002854,
                "energy_xtb_gas": -42.153989320547,
                "energy_xtb_solv": -42.169902905461
            },
            "sp": {
                "energy": -679.000544152099
            },
            "gtot": -679.016457737013,
            "bmw": 0.1539085575792937
        },
        "CONF2": {
            "xtb_gsolv": {
                "gsolv": -0.016006507364998868,
                "energy_xtb_gas": -42.153659747926,
                "energy_xtb_solv": -42.169666255291
            },
            "sp": {
                "energy": -679.000481093696
            },
            "gtot": -679.0164876010609,
            "bmw": 0.15885441122099545
        },
        "CONF4": {
            "xtb_gsolv": {
                "gsolv": -0.016179304118999482,
                "energy_xtb_gas": -42.153089442178,
                "energy_xtb_solv": -42.169268746297
            },
            "sp": {
                "energy": -679.000935438876
            },
            "gtot": -679.017114742995,
            "bmw": 0.30864880587886895
        }
    },
    "settings": {
        "threshold": 4.0,
        "func": "pbe-d4",
        "basis": "def2-sv(p)",
        "prog": "orca",
        "gfnv": "gfn2",
        "run": true,
        "template": false
    },
    "nconf_in": 4,
    "nconf_out": 4
}