{
    "partname": "screening",
    "runtime": 153.2944920444861,
    "results": {
        "CONF3": {
            "gsolv": {
                "gsolv": -0.018922960438999326,
                "energy_gas": -680.226660530452,
                "energy_solv": -680.245583490891
            },
            "gtot": -680.245583490891,
            "bmw": 0.5298605215226248
        },
        "CONF2": {
            "gsolv": {
                "gsolv": -0.017451606698955402,
                "energy_gas": -680.225580815013,
                "energy_solv": -680.243032421712
            },
            "gtot": -680.243032421712,
            "bmw": 0.03554274491778583
        },
        "CONF1": {
            "gsolv": {
                "gsolv": -0.017392864593034574,
                "energy_gas": -680.225647600102,
                "energy_solv": -680.243040464695
            },
            "gtot": -680.243040464695,
            "bmw": 0.035846807268002365
        },
        "CONF4": {
            "gsolv": {
                "gsolv": -0.018927220324940208,
                "energy_gas": -680.226387858625,
                "energy_solv": -680.24531507895
            },
            "gtot": -680.24531507895,
            "bmw": 0.398749926291587
        }
    },
    "settings": {
        "threshold": 3.5,
        "func": "r2scan-3c",
        "basis": "def2-tzvp",
        "prog": "orca",
        "sm": "smd",
        "gfnv": "gfn2",
        "run": true,
        "implicit": false,
        "template": false
    },
    "nconf_in": 4,
    "nconf_out": 4
}