{
    "partname": "refinement",
    "runtime": 1003.1042350530624,
    "results": {
        "CONF3": {
            "gsolv": {
                "gsolv": -0.02051992463998431,
                "energy_gas": -680.427965287054,
                "energy_solv": -680.448485211694
            },
            "gtot": -680.448485211694,
            "bmw": 0.4605698005526148
        },
        "CONF2": {
            "gsolv": {
                "gsolv": -0.01923966713604841,
                "energy_gas": -680.426925567146,
                "energy_solv": -680.446165234282
            },
            "gtot": -680.446165234282,
            "bmw": 0.03946205659999856
        },
        "CONF4": {
            "gsolv": {
                "gsolv": -0.020671881363000466,
                "energy_gas": -680.427890828901,
                "energy_solv": -680.448562710264
            },
            "gtot": -680.448562710264,
            "bmw": 0.49996814284738655
        }
    },
    "settings": {
        "threshold": 0.95,
        "func": "wb97x-v",
        "basis": "def2-tzvp",
        "prog": "orca",
        "sm": "smd",
        "gfnv": "gfn2",
        "run": true,
        "implicit": false,
        "template": false
    },
    "nconf_in": 3,
    "nconf_out": 3
}