{
    "partname": "prescreening",
    "runtime": 11.1041548717767,
    "results": {
        "CONF1": {
            "xtb_gsolv": {
                "gsolv": -0.010403509612999073,
                "energy_xtb_gas": -30.420382015594,
                "energy_xtb_solv": -30.430785525207
            },
            "sp": {
                "energy": -510.979649194322
            },
            "gtot": -510.990052703935,
            "bmw": 0.9999921271242127
        },
        "CONF2": {
            "xtb_gsolv": {
                "gsolv": -0.017567757884002333,
                "energy_xtb_gas": -30.40766651856,
                "energy_xtb_solv": -30.425234276444
            },
            "sp": {
                "energy": -510.961388823279
            },
            "gtot": -510.978956581163,
            "bmw": 7.872875787248835e-06
        }
    },
    "settings": {
        "threshold": 4.0,
        "func": "pbe-d4",
        "basis": "def2-sv(p)",
        "prog": "orca",
        "gfnv": "gfn2",
        "run": true,
        "template": false
    },
    "nconf_in": 2,
    "nconf_out": 1
}