{
   "temperature":     298.150000000000,
   "unit": "hartree",
   "energy":     -15.774064330577,
   "free energy":     -15.671901750288,
   "G(T)":       0.102162580289,
   "ZPVE":       0.134067012152,
   "number of imags":0,
   "point group": "cs",
   "gradient norm":       0.000042556410
}
