{
   "temperature":     298.150000000000,
   "unit": "hartree",
   "energy":     -22.414025861785,
   "free energy":     -22.261819515158,
   "G(T)":       0.152206346626,
   "ZPVE":       0.182705014598,
   "number of imags":0,
   "point group": "cs",
   "gradient norm":       0.000047297404
}
