{
   "temperature":     298.150000000000,
   "unit": "hartree",
   "energy":     -17.731555188184,
   "free energy":     -17.627721809178,
   "G(T)":       0.103833379007,
   "ZPVE":       0.133862587436,
   "number of imags":0,
   "point group": "c1",
   "gradient norm":       0.000032053338
}
