{
    "partname": "prescreening",
    "runtime": 9.275321093387902,
    "results": {
        "CONF1": {
            "xtb_gsolv": {
                "gsolv": -0.002551782051000373,
                "energy_xtb_gas": -32.073856072704,
                "energy_xtb_solv": -32.076407854755
            },
            "sp": {
                "energy": -2068.839140354139
            },
            "gtot": -2068.84169213619,
            "bmw": 1.0
        }
    },
    "settings": {
        "threshold": 4.0,
        "func": "pbe-d4",
        "basis": "def2-sv(p)",
        "prog": "orca",
        "gfnv": "gfn2",
        "run": true,
        "template": false
    },
    "nconf_in": 1,
    "nconf_out": 1
}