{
   "temperature":     298.150000000000,
   "unit": "hartree",
   "energy":     -46.964583597409,
   "free energy":     -46.870884081261,
   "G(T)":       0.093699516148,
   "ZPVE":       0.137284800700,
   "number of imags":0,
   "point group": "c1",
   "gradient norm":       0.000035839717
}
