{
   "temperature":     298.150000000000,
   "unit": "hartree",
   "energy":     -43.390882722701,
   "free energy":     -43.243378453113,
   "G(T)":       0.147504269588,
   "ZPVE":       0.186214166453,
   "number of imags":0,
   "point group": "c1",
   "gradient norm":       0.000093229970
}
