{
    "partname": "prescreening",
    "runtime": 5.381593064405024,
    "results": {
        "CONF2": {
            "xtb_gsolv": {
                "gsolv": -0.0012241501269993904,
                "energy_xtb_gas": -14.542581983323,
                "energy_xtb_solv": -14.54380613345
            },
            "sp": {
                "energy": -578.087503546045
            },
            "gtot": -578.088727696172,
            "bmw": 0.6590622014787078
        },
        "CONF1": {
            "xtb_gsolv": {
                "gsolv": -0.001265333745999797,
                "energy_xtb_gas": -14.542699282175,
                "energy_xtb_solv": -14.543964615921
            },
            "sp": {
                "energy": -578.08684003402
            },
            "gtot": -578.088105367766,
            "bmw": 0.34093779852129225
        }
    },
    "settings": {
        "threshold": 4.0,
        "func": "pbe-d4",
        "basis": "def2-sv(p)",
        "prog": "orca",
        "gfnv": "gfn2",
        "run": true,
        "template": false
    },
    "nconf_in": 2,
    "nconf_out": 2
}