{
    "partname": "screening",
    "runtime": 23.82093101926148,
    "results": {
        "CONF1": {
            "gsolv": {
                "gsolv": -0.0019812464960295983,
                "energy_gas": -578.670278479284,
                "energy_solv": -578.67225972578
            },
            "gtot": -578.67225972578,
            "bmw": 0.567920322463319
        },
        "CONF2": {
            "gsolv": {
                "gsolv": -0.0016001761609913956,
                "energy_gas": -578.670401437037,
                "energy_solv": -578.672001613198
            },
            "gtot": -578.672001613198,
            "bmw": 0.43207967753668103
        }
    },
    "settings": {
        "threshold": 3.5,
        "func": "r2scan-3c",
        "basis": "def2-tzvp",
        "prog": "orca",
        "sm": "smd",
        "gfnv": "gfn2",
        "run": true,
        "implicit": false,
        "template": false
    },
    "nconf_in": 2,
    "nconf_out": 2
}