{
    "partname": "refinement",
    "runtime": 97.19306750129908,
    "results": {
        "CONF1": {
            "gsolv": {
                "gsolv": -0.0022441968250177524,
                "energy_gas": -578.685696073038,
                "energy_solv": -578.687940269863
            },
            "gtot": -578.687940269863,
            "bmw": 0.5031505573115038
        },
        "CONF2": {
            "gsolv": {
                "gsolv": -0.002041125446908154,
                "energy_gas": -578.685887245438,
                "energy_solv": -578.687928370885
            },
            "gtot": -578.687928370885,
            "bmw": 0.4968494426884962
        }
    },
    "settings": {
        "threshold": 0.95,
        "func": "wb97x-v",
        "basis": "def2-tzvp",
        "prog": "orca",
        "sm": "smd",
        "gfnv": "gfn2",
        "run": true,
        "implicit": false,
        "template": false
    },
    "nconf_in": 2,
    "nconf_out": 2
}