{
   "temperature":     298.150000000000,
   "unit": "hartree",
   "energy":     -61.132380839280,
   "free energy":     -61.006383022584,
   "G(T)":       0.125997816696,
   "ZPVE":       0.171602518174,
   "number of imags":0,
   "point group": "cs",
   "gradient norm":       0.000120745843
}
