{
   "temperature":     298.150000000000,
   "unit": "hartree",
   "energy":     -19.884055869701,
   "free energy":     -19.772029483013,
   "G(T)":       0.112026386688,
   "ZPVE":       0.142340292082,
   "number of imags":0,
   "point group": "c1",
   "gradient norm":       0.000043289377
}
