{
    "partname": "prescreening",
    "runtime": 8.286543533205986,
    "results": {
        "CONF1": {
            "xtb_gsolv": {
                "gsolv": -0.0019085565680008187,
                "energy_xtb_gas": -23.091578655665,
                "energy_xtb_solv": -23.093487212233
            },
            "sp": {
                "energy": -730.216209519155
            },
            "gtot": -730.2181180757229,
            "bmw": 1.0
        }
    },
    "settings": {
        "threshold": 4.0,
        "func": "pbe-d4",
        "basis": "def2-sv(p)",
        "prog": "orca",
        "gfnv": "gfn2",
        "run": true,
        "template": false
    },
    "nconf_in": 1,
    "nconf_out": 1
}