{
   "temperature":     298.150000000000,
   "unit": "hartree",
   "energy":     -43.388627704637,
   "free energy":     -43.241049079924,
   "G(T)":       0.147578624713,
   "ZPVE":       0.186177615851,
   "number of imags":0,
   "point group": "c1",
   "gradient norm":       0.000032025402
}
