{
   "temperature":     298.150000000000,
   "unit": "hartree",
   "energy":     -21.103190774344,
   "free energy":     -20.962979953395,
   "G(T)":       0.140210820949,
   "ZPVE":       0.171121188761,
   "number of imags":0,
   "point group": "c1",
   "gradient norm":       0.000044668678
}
