{
    "partname": "prescreening",
    "runtime": 5.950364996679127,
    "results": {
        "CONF2": {
            "xtb_gsolv": {
                "gsolv": -0.0018797180120007084,
                "energy_xtb_gas": -13.918526103224,
                "energy_xtb_solv": -13.920405821236
            },
            "sp": {
                "energy": -174.033068231094
            },
            "gtot": -174.034947949106,
            "bmw": 0.28399435451775934
        },
        "CONF5": {
            "xtb_gsolv": {
                "gsolv": -0.0017529306079993034,
                "energy_xtb_gas": -13.916473530497,
                "energy_xtb_solv": -13.918226461105
            },
            "sp": {
                "energy": -174.031802562884
            },
            "gtot": -174.033555493492,
            "bmw": 0.06498669627985836
        },
        "CONF7": {
            "xtb_gsolv": {
                "gsolv": -0.0019357216240010189,
                "energy_xtb_gas": -13.91364255213,
                "energy_xtb_solv": -13.915578273754
            },
            "sp": {
                "energy": -174.026814209839
            },
            "gtot": -174.02874993146298,
            "bmw": 0.0004003307333922978
        },
        "CONF6": {
            "xtb_gsolv": {
                "gsolv": -0.0021699047609988753,
                "energy_xtb_gas": -13.914136264251,
                "energy_xtb_solv": -13.916306169012
            },
            "sp": {
                "energy": -174.028229665762
            },
            "gtot": -174.030399570523,
            "bmw": 0.002297208297501909
        },
        "CONF1": {
            "xtb_gsolv": {
                "gsolv": -0.002110020773999466,
                "energy_xtb_gas": -13.919182808398,
                "energy_xtb_solv": -13.921292829172
            },
            "sp": {
                "energy": -174.03315196657
            },
            "gtot": -174.035261987344,
            "bmw": 0.3960566389023562
        },
        "CONF4": {
            "xtb_gsolv": {
                "gsolv": -0.0014578923110004638,
                "energy_xtb_gas": -13.917221867587,
                "energy_xtb_solv": -13.918679759898
            },
            "sp": {
                "energy": -174.032473852741
            },
            "gtot": -174.033931745052,
            "bmw": 0.09680286195904585
        },
        "CONF3": {
            "xtb_gsolv": {
                "gsolv": -0.001987679487999827,
                "energy_xtb_gas": -13.917283967259,
                "energy_xtb_solv": -13.919271646747
            },
            "sp": {
                "energy": -174.032391348262
            },
            "gtot": -174.03437902775,
            "bmw": 0.15546190931008597
        }
    },
    "settings": {
        "threshold": 4.0,
        "func": "pbe-d4",
        "basis": "def2-sv(p)",
        "prog": "orca",
        "gfnv": "gfn2",
        "run": true,
        "template": false
    },
    "nconf_in": 7,
    "nconf_out": 6
}