{
    "partname": "screening",
    "runtime": 26.119161413051188,
    "results": {
        "CONF3": {
            "gsolv": {
                "gsolv": -0.005354658336983675,
                "energy_gas": -174.424278871533,
                "energy_solv": -174.42963352987
            },
            "gtot": -174.42963352987,
            "bmw": 0.14277496188140115
        },
        "CONF1": {
            "gsolv": {
                "gsolv": -0.0059698154940122095,
                "energy_gas": -174.424631627814,
                "energy_solv": -174.430601443308
            },
            "gtot": -174.430601443308,
            "bmw": 0.3979801547948063
        },
        "CONF6": {
            "gsolv": {
                "gsolv": -0.005708253613022407,
                "energy_gas": -174.421009312636,
                "energy_solv": -174.426717566249
            },
            "gtot": -174.426717566249,
            "bmw": 0.006507311996971493
        },
        "CONF4": {
            "gsolv": {
                "gsolv": -0.004097196904979228,
                "energy_gas": -174.423997496995,
                "energy_solv": -174.4280946939
            },
            "gtot": -174.4280946939,
            "bmw": 0.02797927792757815
        },
        "CONF2": {
            "gsolv": {
                "gsolv": -0.0060444965419890195,
                "energy_gas": -174.424410225383,
                "energy_solv": -174.430454721925
            },
            "gtot": -174.430454721925,
            "bmw": 0.3407016618465528
        },
        "CONF5": {
            "gsolv": {
                "gsolv": -0.005438442711010794,
                "energy_gas": -174.42369487847,
                "energy_solv": -174.429133321181
            },
            "gtot": -174.429133321181,
            "bmw": 0.08405663155269005
        }
    },
    "settings": {
        "threshold": 3.5,
        "func": "r2scan-3c",
        "basis": "def2-tzvp",
        "prog": "orca",
        "sm": "smd",
        "gfnv": "gfn2",
        "run": true,
        "implicit": false,
        "template": false
    },
    "nconf_in": 6,
    "nconf_out": 6
}