{
    "partname": "refinement",
    "runtime": 99.44331949390471,
    "results": {
        "CONF6": {
            "gsolv": {
                "gsolv": -0.006195917154002473,
                "energy_gas": -174.490143625339,
                "energy_solv": -174.496339542493
            },
            "gtot": -174.496339542493,
            "bmw": 0.15975159370918945
        },
        "CONF3": {
            "gsolv": {
                "gsolv": -0.0062207782620191665,
                "energy_gas": -174.490091945086,
                "energy_solv": -174.496312723348
            },
            "gtot": -174.496312723348,
            "bmw": 0.15527775616244638
        },
        "CONF1": {
            "gsolv": {
                "gsolv": -0.00677693446098715,
                "energy_gas": -174.490254890334,
                "energy_solv": -174.497031824795
            },
            "gtot": -174.497031824795,
            "bmw": 0.332562301096721
        },
        "CONF5": {
            "gsolv": {
                "gsolv": -0.0062575112980027825,
                "energy_gas": -174.489754481643,
                "energy_solv": -174.496011992941
            },
            "gtot": -174.496011992941,
            "bmw": 0.11292311104594477
        },
        "CONF2": {
            "gsolv": {
                "gsolv": -0.0069314634660031516,
                "energy_gas": -174.489790352332,
                "energy_solv": -174.496721815798
            },
            "gtot": -174.496721815798,
            "bmw": 0.23948523798569843
        }
    },
    "settings": {
        "threshold": 0.95,
        "func": "wb97x-v",
        "basis": "def2-tzvp",
        "prog": "orca",
        "sm": "smd",
        "gfnv": "gfn2",
        "run": true,
        "implicit": false,
        "template": false
    },
    "nconf_in": 5,
    "nconf_out": 5
}