{
   "temperature":     298.150000000000,
   "unit": "hartree",
   "energy":     -19.997600610019,
   "free energy":     -19.843046618355,
   "G(T)":       0.154553991664,
   "ZPVE":       0.186290051272,
   "number of imags":0,
   "point group": "cs",
   "gradient norm":       0.000114563206
}
