{
   "temperature":     298.150000000000,
   "unit": "hartree",
   "energy":     -19.867888024576,
   "free energy":     -19.761543992639,
   "G(T)":       0.106344031937,
   "ZPVE":       0.138428231353,
   "number of imags":0,
   "point group": "c1",
   "gradient norm":       0.000035036686
}
