{
    "partname": "prescreening",
    "runtime": 30.85827705822885,
    "results": {
        "CONF1": {
            "xtb_gsolv": {
                "gsolv": -0.0056536848730033284,
                "energy_xtb_gas": -26.295418913994,
                "energy_xtb_solv": -26.301072598867
            },
            "sp": {
                "energy": -385.240799512959
            },
            "gtot": -385.24645319783195,
            "bmw": 1.0
        }
    },
    "settings": {
        "threshold": 4.0,
        "func": "pbe-d4",
        "basis": "def2-sv(p)",
        "prog": "orca",
        "gfnv": "gfn2",
        "run": true,
        "template": false
    },
    "nconf_in": 1,
    "nconf_out": 1
}