{
   "temperature":     298.150000000000,
   "unit": "hartree",
   "energy":     -13.742316577706,
   "free energy":     -13.670734238859,
   "G(T)":       0.071582338847,
   "ZPVE":       0.100987720215,
   "number of imags":0,
   "point group": "cs",
   "gradient norm":       0.000080785674
}
