{
   "temperature":     298.150000000000,
   "unit": "hartree",
   "energy":     -21.660650899227,
   "free energy":     -21.617781908702,
   "G(T)":       0.042868990525,
   "ZPVE":       0.076914228548,
   "number of imags":0,
   "point group": "cs",
   "gradient norm":       0.000037559584
}
