{
    "partname": "prescreening",
    "runtime": 7.834368476644158,
    "results": {
        "CONF1": {
            "xtb_gsolv": {
                "gsolv": -0.006746022072999125,
                "energy_xtb_gas": -23.370258574321,
                "energy_xtb_solv": -23.377004596394
            },
            "sp": {
                "energy": -746.244906848756
            },
            "gtot": -746.251652870829,
            "bmw": 1.0
        }
    },
    "settings": {
        "threshold": 4.0,
        "func": "pbe-d4",
        "basis": "def2-sv(p)",
        "prog": "orca",
        "gfnv": "gfn2",
        "run": true,
        "template": false
    },
    "nconf_in": 1,
    "nconf_out": 1
}