{
    "partname": "prescreening",
    "runtime": 5.8854579059407115,
    "results": {
        "CONF1": {
            "xtb_gsolv": {
                "gsolv": 0.0017210567189991366,
                "energy_xtb_gas": -13.665126729687,
                "energy_xtb_solv": -13.663405672968
            },
            "sp": {
                "energy": -158.02452306959
            },
            "gtot": -158.022802012871,
            "bmw": 0.7417361654399671
        },
        "CONF2": {
            "xtb_gsolv": {
                "gsolv": 0.0017457122689990001,
                "energy_xtb_gas": -13.664176532143,
                "energy_xtb_solv": -13.662430819874
            },
            "sp": {
                "energy": -158.023551599975
            },
            "gtot": -158.02180588770602,
            "bmw": 0.2582638345600328
        }
    },
    "settings": {
        "threshold": 4.0,
        "func": "pbe-d4",
        "basis": "def2-sv(p)",
        "prog": "orca",
        "gfnv": "gfn2",
        "run": true,
        "template": false
    },
    "nconf_in": 2,
    "nconf_out": 2
}