{
    "partname": "screening",
    "runtime": 21.962445901706815,
    "results": {
        "CONF1": {
            "gsolv": {
                "gsolv": 0.002795827265003936,
                "energy_gas": -158.388973209712,
                "energy_solv": -158.386177382447
            },
            "gtot": -158.386177382447,
            "bmw": 0.7215272165081179
        },
        "CONF2": {
            "gsolv": {
                "gsolv": 0.0027426702480113363,
                "energy_gas": -158.388021142733,
                "energy_solv": -158.385278472485
            },
            "gtot": -158.385278472485,
            "bmw": 0.27847278349188204
        }
    },
    "settings": {
        "threshold": 3.5,
        "func": "r2scan-3c",
        "basis": "def2-tzvp",
        "prog": "orca",
        "sm": "smd",
        "gfnv": "gfn2",
        "run": true,
        "implicit": false,
        "template": false
    },
    "nconf_in": 2,
    "nconf_out": 2
}