{
    "partname": "refinement",
    "runtime": 109.13608505483717,
    "results": {
        "CONF1": {
            "gsolv": {
                "gsolv": 0.0028562067209918496,
                "energy_gas": -158.453857980409,
                "energy_solv": -158.451001773688
            },
            "gtot": -158.451001773688,
            "bmw": 0.7252687860419392
        },
        "CONF2": {
            "gsolv": {
                "gsolv": 0.002763765452016287,
                "energy_gas": -158.452848973565,
                "energy_solv": -158.450085208113
            },
            "gtot": -158.450085208113,
            "bmw": 0.27473121395806066
        }
    },
    "settings": {
        "threshold": 0.95,
        "func": "wb97x-v",
        "basis": "def2-tzvp",
        "prog": "orca",
        "sm": "smd",
        "gfnv": "gfn2",
        "run": true,
        "implicit": false,
        "template": false
    },
    "nconf_in": 2,
    "nconf_out": 2
}