{
   "temperature":     298.150000000000,
   "unit": "hartree",
   "energy":     -30.768672822202,
   "free energy":     -30.626530870020,
   "G(T)":       0.142141952182,
   "ZPVE":       0.175790344295,
   "number of imags":0,
   "point group": "d2",
   "gradient norm":       0.000044416457
}
