{
   "temperature":     298.150000000000,
   "unit": "hartree",
   "energy":     -15.774226360035,
   "free energy":     -15.672263307595,
   "G(T)":       0.101963052440,
   "ZPVE":       0.134209391618,
   "number of imags":0,
   "point group": "c1",
   "gradient norm":       0.000052846523
}
