{
   "temperature":     298.150000000000,
   "unit": "hartree",
   "energy":     -24.329401398670,
   "free energy":     -24.205414829351,
   "G(T)":       0.123986569319,
   "ZPVE":       0.157152310103,
   "number of imags":0,
   "point group": "c1",
   "gradient norm":       0.000041873337
}
