{
   "temperature":     298.150000000000,
   "unit": "hartree",
   "energy":     -40.158305612029,
   "free energy":     -40.156817555726,
   "G(T)":       0.001488056303,
   "ZPVE":       0.039840515029,
   "number of imags":0,
   "point group": "d6h",
   "gradient norm":       0.000010034985
}
