{
   "temperature":     298.150000000000,
   "unit": "hartree",
   "energy":     -23.962065347867,
   "free energy":     -23.854013891071,
   "G(T)":       0.108051456796,
   "ZPVE":       0.142579262480,
   "number of imags":0,
   "point group": "c1",
   "gradient norm":       0.000061598957
}
