{
   "temperature":     298.150000000000,
   "unit": "hartree",
   "energy":     -20.789550759166,
   "free energy":     -20.707974589600,
   "G(T)":       0.081576169567,
   "ZPVE":       0.114951138373,
   "number of imags":0,
   "point group": "c1",
   "gradient norm":       0.000088165912
}
