{
    "partname": "prescreening",
    "runtime": 22.47950395476073,
    "results": {
        "CONF1": {
            "xtb_gsolv": {
                "gsolv": -0.007370375920999095,
                "energy_xtb_gas": -55.05769486336,
                "energy_xtb_solv": -55.065065239281
            },
            "sp": {
                "energy": -3217.95982209398
            },
            "gtot": -3217.967192469901,
            "bmw": 0.6200208468888263
        },
        "CONF2": {
            "xtb_gsolv": {
                "gsolv": -0.0069279084809963365,
                "energy_xtb_gas": -55.057747131699,
                "energy_xtb_solv": -55.06467504018
            },
            "sp": {
                "energy": -3217.959802254374
            },
            "gtot": -3217.966730162855,
            "bmw": 0.3799791531111736
        }
    },
    "settings": {
        "threshold": 4.0,
        "func": "pbe-d4",
        "basis": "def2-sv(p)",
        "prog": "orca",
        "gfnv": "gfn2",
        "run": true,
        "template": false
    },
    "nconf_in": 2,
    "nconf_out": 2
}