{
    "partname": "screening",
    "runtime": 164.8803317276761,
    "results": {
        "CONF2": {
            "gsolv": {
                "gsolv": -0.0017400273909515818,
                "energy_gas": -3220.642499499404,
                "energy_solv": -3220.644239526795
            },
            "gtot": -3220.644239526795,
            "bmw": 0.5198791466475082
        },
        "CONF1": {
            "gsolv": {
                "gsolv": -0.0017555023359818733,
                "energy_gas": -3220.64240890659,
                "energy_solv": -3220.644164408926
            },
            "gtot": -3220.644164408926,
            "bmw": 0.48012085335249177
        }
    },
    "settings": {
        "threshold": 3.5,
        "func": "r2scan-3c",
        "basis": "def2-tzvp",
        "prog": "orca",
        "sm": "smd",
        "gfnv": "gfn2",
        "run": true,
        "implicit": false,
        "template": false
    },
    "nconf_in": 2,
    "nconf_out": 2
}