{
    "partname": "refinement",
    "runtime": 1440.4730591969565,
    "results": {
        "CONF1": {
            "gsolv": {
                "gsolv": -0.002146637407804519,
                "energy_gas": -3220.587598027961,
                "energy_solv": -3220.589744665369
            },
            "gtot": -3220.589744665369,
            "bmw": 0.48666856073334025
        },
        "CONF2": {
            "gsolv": {
                "gsolv": -0.002111054646775301,
                "energy_gas": -3220.587683971974,
                "energy_solv": -3220.589795026621
            },
            "gtot": -3220.589795026621,
            "bmw": 0.5133314392666597
        }
    },
    "settings": {
        "threshold": 0.95,
        "func": "wb97x-v",
        "basis": "def2-tzvp",
        "prog": "orca",
        "sm": "smd",
        "gfnv": "gfn2",
        "run": true,
        "implicit": false,
        "template": false
    },
    "nconf_in": 2,
    "nconf_out": 2
}