{
   "temperature":     298.150000000000,
   "unit": "hartree",
   "energy":     -14.545778415856,
   "free energy":     -14.481252687473,
   "G(T)":       0.064525728384,
   "ZPVE":       0.093235169327,
   "number of imags":0,
   "point group": "cs",
   "gradient norm":       0.000081912707
}
