{
   "temperature":     298.150000000000,
   "unit": "hartree",
   "energy":     -20.794141796675,
   "free energy":     -20.713872484823,
   "G(T)":       0.080269311852,
   "ZPVE":       0.114469853865,
   "number of imags":0,
   "point group": "c1",
   "gradient norm":       0.000024599871
}
