{
   "temperature":     298.150000000000,
   "unit": "hartree",
   "energy":     -25.253171317398,
   "free energy":     -25.153036463464,
   "G(T)":       0.100134853935,
   "ZPVE":       0.133698670653,
   "number of imags":0,
   "point group": "cs",
   "gradient norm":       0.000056875910
}
