{
   "temperature":     298.150000000000,
   "unit": "hartree",
   "energy":     -28.354540058491,
   "free energy":     -28.185418415212,
   "G(T)":       0.169121643279,
   "ZPVE":       0.203946891478,
   "number of imags":0,
   "point group": "c1",
   "gradient norm":       0.000049963077
}
