{
   "temperature":     298.150000000000,
   "unit": "hartree",
   "energy":     -17.733814968391,
   "free energy":     -17.629740512424,
   "G(T)":       0.104074455967,
   "ZPVE":       0.133813114078,
   "number of imags":0,
   "point group": "c1",
   "gradient norm":       0.000040789271
}
