{
   "temperature":     298.150000000000,
   "unit": "hartree",
   "energy":     -10.571784321401,
   "free energy":     -10.524530610656,
   "G(T)":       0.047253710744,
   "ZPVE":       0.073883642691,
   "number of imags":0,
   "point group": "c2v",
   "gradient norm":       0.000037578970
}
