{
   "temperature":     298.150000000000,
   "unit": "hartree",
   "energy":     -12.880344486998,
   "free energy":     -12.809081611363,
   "G(T)":       0.071262875635,
   "ZPVE":       0.097428757727,
   "number of imags":0,
   "point group": "cs",
   "gradient norm":       0.000057640828
}
