{
   "temperature":     298.150000000000,
   "unit": "hartree",
   "energy":     -43.386066259673,
   "free energy":     -43.239701817002,
   "G(T)":       0.146364442671,
   "ZPVE":       0.186099984946,
   "number of imags":0,
   "point group": "c1",
   "gradient norm":       0.000063194009
}
