{
    "partname": "prescreening",
    "runtime": 9.130929940380156,
    "results": {
        "CONF2": {
            "xtb_gsolv": {
                "gsolv": -0.006599845042998709,
                "energy_xtb_gas": -26.542447624123,
                "energy_xtb_solv": -26.549047469166
            },
            "sp": {
                "energy": -401.243906095782
            },
            "gtot": -401.250505940825,
            "bmw": 0.02708432332791133
        },
        "CONF3": {
            "xtb_gsolv": {
                "gsolv": -0.006669757126999798,
                "energy_xtb_gas": -26.542254015506,
                "energy_xtb_solv": -26.548923772633
            },
            "sp": {
                "energy": -401.243830470959
            },
            "gtot": -401.25050022808597,
            "bmw": 0.02692094567299815
        },
        "CONF1": {
            "xtb_gsolv": {
                "gsolv": -0.005630036351998768,
                "energy_xtb_gas": -26.547892007382,
                "energy_xtb_solv": -26.553522043734
            },
            "sp": {
                "energy": -401.248230855663
            },
            "gtot": -401.253860892015,
            "bmw": 0.9459947309990905
        }
    },
    "settings": {
        "threshold": 4.0,
        "func": "pbe-d4",
        "basis": "def2-sv(p)",
        "prog": "orca",
        "gfnv": "gfn2",
        "run": true,
        "template": false
    },
    "nconf_in": 3,
    "nconf_out": 3
}