{
    "partname": "screening",
    "runtime": 66.67083925474435,
    "results": {
        "CONF1": {
            "gsolv": {
                "gsolv": -0.010421538206969672,
                "energy_gas": -402.026663256013,
                "energy_solv": -402.03708479422
            },
            "gtot": -402.03708479422,
            "bmw": 0.9604570915235586
        },
        "CONF3": {
            "gsolv": {
                "gsolv": -0.010826799534015663,
                "energy_gas": -402.022578506102,
                "energy_solv": -402.033405305636
            },
            "gtot": -402.033405305636,
            "bmw": 0.019499809630947516
        },
        "CONF2": {
            "gsolv": {
                "gsolv": -0.010749881364006342,
                "energy_gas": -402.022681370626,
                "energy_solv": -402.03343125199
            },
            "gtot": -402.03343125199,
            "bmw": 0.020043098845493823
        }
    },
    "settings": {
        "threshold": 3.5,
        "func": "r2scan-3c",
        "basis": "def2-tzvp",
        "prog": "orca",
        "sm": "smd",
        "gfnv": "gfn2",
        "run": true,
        "implicit": false,
        "template": false
    },
    "nconf_in": 3,
    "nconf_out": 3
}