{
    "partname": "refinement",
    "runtime": 443.82830465678126,
    "results": {
        "CONF1": {
            "gsolv": {
                "gsolv": -0.010630268602028536,
                "energy_gas": -402.145634500344,
                "energy_solv": -402.156264768946
            },
            "gtot": -402.156264768946,
            "bmw": 0.8887090560155593
        },
        "CONF3": {
            "gsolv": {
                "gsolv": -0.010918359400989175,
                "energy_gas": -402.142736232341,
                "energy_solv": -402.153654591742
            },
            "gtot": -402.153654591742,
            "bmw": 0.055996540684186046
        },
        "CONF2": {
            "gsolv": {
                "gsolv": -0.010804953887031843,
                "energy_gas": -402.142837723938,
                "energy_solv": -402.153642677825
            },
            "gtot": -402.153642677825,
            "bmw": 0.055294403300254584
        }
    },
    "settings": {
        "threshold": 0.95,
        "func": "wb97x-v",
        "basis": "def2-tzvp",
        "prog": "orca",
        "sm": "smd",
        "gfnv": "gfn2",
        "run": true,
        "implicit": false,
        "template": false
    },
    "nconf_in": 3,
    "nconf_out": 3
}