{
    "partname": "prescreening",
    "runtime": 17.70439863204956,
    "results": {
        "CONF1": {
            "xtb_gsolv": {
                "gsolv": -0.013572798090997651,
                "energy_xtb_gas": -45.611842307916,
                "energy_xtb_solv": -45.625415106007
            },
            "sp": {
                "energy": -742.634865456397
            },
            "gtot": -742.648438254488,
            "bmw": 1.0
        }
    },
    "settings": {
        "threshold": 4.0,
        "func": "pbe-d4",
        "basis": "def2-sv(p)",
        "prog": "orca",
        "gfnv": "gfn2",
        "run": true,
        "template": false
    },
    "nconf_in": 1,
    "nconf_out": 1
}