{
   "temperature":     298.150000000000,
   "unit": "hartree",
   "energy":     -16.074320066902,
   "free energy":     -15.975084436777,
   "G(T)":       0.099235630125,
   "ZPVE":       0.127373586674,
   "number of imags":0,
   "point group": "cs",
   "gradient norm":       0.000049693485
}
