{
   "temperature":     298.150000000000,
   "unit": "hartree",
   "energy":     -32.441964075680,
   "free energy":     -32.271301079698,
   "G(T)":       0.170662995981,
   "ZPVE":       0.208130989896,
   "number of imags":0,
   "point group": "c1",
   "gradient norm":       0.000147207443
}
