{
   "temperature":     298.150000000000,
   "unit": "hartree",
   "energy":     -26.302184582054,
   "free energy":     -26.179591850734,
   "G(T)":       0.122592731321,
   "ZPVE":       0.155751989380,
   "number of imags":0,
   "point group": "cs",
   "gradient norm":       0.000173938194
}
