{
   "temperature":     298.150000000000,
   "unit": "hartree",
   "energy":     -43.389904996723,
   "free energy":     -43.242700461148,
   "G(T)":       0.147204535575,
   "ZPVE":       0.186005435673,
   "number of imags":0,
   "point group": "c1",
   "gradient norm":       0.000167708017
}
