{
   "temperature":     298.150000000000,
   "unit": "hartree",
   "energy":     -35.711353908677,
   "free energy":     -35.466622491539,
   "G(T)":       0.244731417138,
   "ZPVE":       0.282346674492,
   "number of imags":0,
   "point group": "c1",
   "gradient norm":       0.000053840838
}
