{
   "temperature":     298.150000000000,
   "unit": "hartree",
   "energy":     -23.047746989001,
   "free energy":     -22.910070894781,
   "G(T)":       0.137676094220,
   "ZPVE":       0.169286449027,
   "number of imags":0,
   "point group": "c2",
   "gradient norm":       0.000027291014
}
