{
   "temperature":     298.150000000000,
   "unit": "hartree",
   "energy":     -42.390690853715,
   "free energy":     -42.232312517026,
   "G(T)":       0.158378336690,
   "ZPVE":       0.199149111126,
   "number of imags":0,
   "point group": "c1",
   "gradient norm":       0.000037302947
}
