{
   "temperature":     298.150000000000,
   "unit": "hartree",
   "energy":     -43.399722758052,
   "free energy":     -43.251975816124,
   "G(T)":       0.147746941928,
   "ZPVE":       0.186030872132,
   "number of imags":0,
   "point group": "c1",
   "gradient norm":       0.000085360317
}
