{
    "partname": "prescreening",
    "runtime": 30.524477678351104,
    "results": {
        "CONF12": {
            "xtb_gsolv": {
                "gsolv": -0.0036510984259976453,
                "energy_xtb_gas": -34.675683723931,
                "energy_xtb_solv": -34.679334822357
            },
            "sp": {
                "energy": -466.027702467446
            },
            "gtot": -466.031353565872,
            "bmw": 2.684644735825441e-05
        },
        "CONF8": {
            "xtb_gsolv": {
                "gsolv": -0.003676658754997675,
                "energy_xtb_gas": -34.67707915026,
                "energy_xtb_solv": -34.680755809015
            },
            "sp": {
                "energy": -466.030409499556
            },
            "gtot": -466.034086158311,
            "bmw": 0.000485056513369247
        },
        "CONF5": {
            "xtb_gsolv": {
                "gsolv": -0.0036273355200009405,
                "energy_xtb_gas": -34.677683726543,
                "energy_xtb_solv": -34.681311062063
            },
            "sp": {
                "energy": -466.029591020411
            },
            "gtot": -466.03321835593096,
            "bmw": 0.0001934776822535414
        },
        "CONF2": {
            "xtb_gsolv": {
                "gsolv": -0.0036045631459984406,
                "energy_xtb_gas": -34.681220159352,
                "energy_xtb_solv": -34.684824722498
            },
            "sp": {
                "energy": -466.037203507357
            },
            "gtot": -466.040808070503,
            "bmw": 0.5993188360611003
        },
        "CONF13": {
            "xtb_gsolv": {
                "gsolv": -0.003548253954001268,
                "energy_xtb_gas": -34.675733906672,
                "energy_xtb_solv": -34.679282160626
            },
            "sp": {
                "energy": -466.028722276877
            },
            "gtot": -466.032270530831,
            "bmw": 7.090249343916958e-05
        },
        "CONF1": {
            "xtb_gsolv": {
                "gsolv": -0.0037070837819968006,
                "energy_xtb_gas": -34.681365182035,
                "energy_xtb_solv": -34.685072265817
            },
            "sp": {
                "energy": -466.036290974478
            },
            "gtot": -466.03999805826,
            "bmw": 0.2541429612193165
        },
        "CONF15": {
            "xtb_gsolv": {
                "gsolv": -0.003622613480999348,
                "energy_xtb_gas": -34.675536314019,
                "energy_xtb_solv": -34.6791589275
            },
            "sp": {
                "energy": -466.02987239728
            },
            "gtot": -466.033495010761,
            "bmw": 0.00025934823064931704
        },
        "CONF3": {
            "xtb_gsolv": {
                "gsolv": -0.0034136640160014053,
                "energy_xtb_gas": -34.680653676393,
                "energy_xtb_solv": -34.684067340409
            },
            "sp": {
                "energy": -466.035966605377
            },
            "gtot": -466.039380269393,
            "bmw": 0.13210366821297798
        },
        "CONF9": {
            "xtb_gsolv": {
                "gsolv": -0.0036612217979978823,
                "energy_xtb_gas": -34.677059049241,
                "energy_xtb_solv": -34.680720271039
            },
            "sp": {
                "energy": -466.03035922098
            },
            "gtot": -466.034020442778,
            "bmw": 0.0004524444735682012
        },
        "CONF6": {
            "xtb_gsolv": {
                "gsolv": -0.0035412696080001638,
                "energy_xtb_gas": -34.677715622606,
                "energy_xtb_solv": -34.681256892214
            },
            "sp": {
                "energy": -466.030467311902
            },
            "gtot": -466.03400858150997,
            "bmw": 0.00044679621174645583
        },
        "CONF11": {
            "xtb_gsolv": {
                "gsolv": -0.0036337204860004135,
                "energy_xtb_gas": -34.675830377897,
                "energy_xtb_solv": -34.679464098383
            },
            "sp": {
                "energy": -466.02801220819
            },
            "gtot": -466.03164592867597,
            "bmw": 3.6590168040735014e-05
        },
        "CONF10": {
            "xtb_gsolv": {
                "gsolv": -0.0036272550399942816,
                "energy_xtb_gas": -34.675944346233,
                "energy_xtb_solv": -34.679571601273
            },
            "sp": {
                "energy": -466.028938971562
            },
            "gtot": -466.032566226602,
            "bmw": 9.697775993627246e-05
        },
        "CONF4": {
            "xtb_gsolv": {
                "gsolv": -0.003646568095000191,
                "energy_xtb_gas": -34.679789904047,
                "energy_xtb_solv": -34.683436472142
            },
            "sp": {
                "energy": -466.03335425911
            },
            "gtot": -466.037000827205,
            "bmw": 0.010627894402214594
        },
        "CONF16": {
            "xtb_gsolv": {
                "gsolv": -0.0036938865350037986,
                "energy_xtb_gas": -34.675353857519,
                "energy_xtb_solv": -34.679047744054
            },
            "sp": {
                "energy": -466.02932858883
            },
            "gtot": -466.03302247536504,
            "bmw": 0.000157228782891038
        },
        "CONF14": {
            "xtb_gsolv": {
                "gsolv": -0.0036178101499970694,
                "energy_xtb_gas": -34.675577134141,
                "energy_xtb_solv": -34.679194944291
            },
            "sp": {
                "energy": -466.028540527507
            },
            "gtot": -466.032158337657,
            "bmw": 6.295876792347802e-05
        },
        "CONF7": {
            "xtb_gsolv": {
                "gsolv": -0.003736297370004138,
                "energy_xtb_gas": -34.677281125935,
                "energy_xtb_solv": -34.681017423305
            },
            "sp": {
                "energy": -466.030764455277
            },
            "gtot": -466.034500752647,
            "bmw": 0.0007524757955622663
        },
        "CONF17": {
            "xtb_gsolv": {
                "gsolv": -0.0037687195399982443,
                "energy_xtb_gas": -34.675128964663,
                "energy_xtb_solv": -34.678897684203
            },
            "sp": {
                "energy": -466.030224900059
            },
            "gtot": -466.033993619599,
            "bmw": 0.0004397719036909709
        },
        "CONF21": {
            "xtb_gsolv": {
                "gsolv": -0.003664547459997891,
                "energy_xtb_gas": -34.674204458084,
                "energy_xtb_solv": -34.677869005544
            },
            "sp": {
                "energy": -466.027607813608
            },
            "gtot": -466.031272361068,
            "bmw": 2.4634014826701402e-05
        },
        "CONF18": {
            "xtb_gsolv": {
                "gsolv": -0.0035838006999995287,
                "energy_xtb_gas": -34.675252678312,
                "energy_xtb_solv": -34.678836479012
            },
            "sp": {
                "energy": -466.02839672216
            },
            "gtot": -466.03198052285995,
            "bmw": 5.215153255165442e-05
        },
        "CONF20": {
            "xtb_gsolv": {
                "gsolv": -0.0035031117250028387,
                "energy_xtb_gas": -34.674383273946,
                "energy_xtb_solv": -34.677886385671
            },
            "sp": {
                "energy": -466.027036035903
            },
            "gtot": -466.030539147628,
            "bmw": 1.1331316264714501e-05
        },
        "CONF24": {
            "xtb_gsolv": {
                "gsolv": -0.003728448879996904,
                "energy_xtb_gas": -34.673585881541,
                "energy_xtb_solv": -34.677314330421
            },