{
    "partname": "screening",
    "runtime": 104.75710594188422,
    "results": {
        "CONF2": {
            "gsolv": {
                "gsolv": -0.005316370636023748,
                "energy_gas": -467.009396873349,
                "energy_solv": -467.014713243985
            },
            "gtot": -467.014713243985,
            "bmw": 0.46655217404718624
        },
        "CONF3": {
            "gsolv": {
                "gsolv": -0.004229500363010175,
                "energy_gas": -467.00774393103,
                "energy_solv": -467.011973431393
            },
            "gtot": -467.011973431393,
            "bmw": 0.02562557736335667
        },
        "CONF7": {
            "gsolv": {
                "gsolv": -0.006372626879965537,
                "energy_gas": -467.003320724781,
                "energy_solv": -467.009693351661
            },
            "gtot": -467.009693351661,
            "bmw": 0.0022903907378553088
        },
        "CONF1": {
            "gsolv": {
                "gsolv": -0.005268707693971919,
                "energy_gas": -467.009274376601,
                "energy_solv": -467.014543084295
            },
            "gtot": -467.014543084295,
            "bmw": 0.3896118683465047
        },
        "CONF4": {
            "gsolv": {
                "gsolv": -0.006746350293042269,
                "energy_gas": -467.00665214642,
                "energy_solv": -467.013398496713
            },
            "gtot": -467.013398496713,
            "bmw": 0.11591998950509701
        }
    },
    "settings": {
        "threshold": 3.5,
        "func": "r2scan-3c",
        "basis": "def2-tzvp",
        "prog": "orca",
        "sm": "smd",
        "gfnv": "gfn2",
        "run": true,
        "implicit": false,
        "template": false
    },
    "nconf_in": 5,
    "nconf_out": 5
}