{
    "partname": "refinement",
    "runtime": 742.0565754421987,
    "results": {
        "CONF4": {
            "gsolv": {
                "gsolv": -0.00742279478401997,
                "energy_gas": -467.171846732845,
                "energy_solv": -467.179269527629
            },
            "gtot": -467.179269527629,
            "bmw": 0.07540255119200381
        },
        "CONF2": {
            "gsolv": {
                "gsolv": -0.006146888467014833,
                "energy_gas": -467.175032772478,
                "energy_solv": -467.181179660945
            },
            "gtot": -467.181179660945,
            "bmw": 0.570146612140456
        },
        "CONF1": {
            "gsolv": {
                "gsolv": -0.005979663601010543,
                "energy_gas": -467.174751204232,
                "energy_solv": -467.180730867833
            },
            "gtot": -467.180730867833,
            "bmw": 0.3544508366675401
        }
    },
    "settings": {
        "threshold": 0.95,
        "func": "wb97x-v",
        "basis": "def2-tzvp",
        "prog": "orca",
        "sm": "smd",
        "gfnv": "gfn2",
        "run": true,
        "implicit": false,
        "template": false
    },
    "nconf_in": 3,
    "nconf_out": 3
}