{
   "temperature":     298.150000000000,
   "unit": "hartree",
   "energy":     -63.157544550934,
   "free energy":     -63.111244927918,
   "G(T)":       0.046299623016,
   "ZPVE":       0.098498084539,
   "number of imags":0,
   "point group": "c1",
   "gradient norm":       0.000027776738
}
