{
    "partname": "prescreening",
    "runtime": 26.263489846140146,
    "results": {
        "CONF1": {
            "xtb_gsolv": {
                "gsolv": -0.010218362275992376,
                "energy_xtb_gas": -65.12961001341,
                "energy_xtb_solv": -65.139828375686
            },
            "sp": {
                "energy": -3728.112599168529
            },
            "gtot": -3728.122817530805,
            "bmw": 0.8055334674338692
        },
        "CONF2": {
            "xtb_gsolv": {
                "gsolv": -0.014539157266995062,
                "energy_xtb_gas": -65.120822860668,
                "energy_xtb_solv": -65.135362017935
            },
            "sp": {
                "energy": -3728.106917900567
            },
            "gtot": -3728.121457057834,
            "bmw": 0.19068184202700136
        },
        "CONF3": {
            "xtb_gsolv": {
                "gsolv": -0.017867348421006568,
                "energy_xtb_gas": -65.115305172956,
                "energy_xtb_solv": -65.133172521377
            },
            "sp": {
                "energy": -3728.084110346546
            },
            "gtot": -3728.101977694967,
            "bmw": 2.0913303053994115e-10
        },
        "CONF4": {
            "xtb_gsolv": {
                "gsolv": -0.01114582733499958,
                "energy_xtb_gas": -65.121988901677,
                "energy_xtb_solv": -65.133134729012
            },
            "sp": {
                "energy": -3728.106610367844
            },
            "gtot": -3728.117756195179,
            "bmw": 0.003784690329996228
        }
    },
    "settings": {
        "threshold": 4.0,
        "func": "pbe-d4",
        "basis": "def2-sv(p)",
        "prog": "orca",
        "gfnv": "gfn2",
        "run": true,
        "template": false
    },
    "nconf_in": 4,
    "nconf_out": 3
}