{
    "partname": "screening",
    "runtime": 201.4684912720695,
    "results": {
        "CONF2": {
            "gsolv": {
                "gsolv": -0.012353474885912874,
                "energy_gas": -3731.290349781792,
                "energy_solv": -3731.302703256678
            },
            "gtot": -3731.302703256678,
            "bmw": 0.7662026723512482
        },
        "CONF4": {
            "gsolv": {
                "gsolv": -0.009195849643219844,
                "energy_gas": -3731.289613641181,
                "energy_solv": -3731.298809490824
            },
            "gtot": -3731.298809490824,
            "bmw": 0.012397535050191083
        },
        "CONF1": {
            "gsolv": {
                "gsolv": -0.00897113006476502,
                "energy_gas": -3731.292559944495,
                "energy_solv": -3731.30153107456
            },
            "gtot": -3731.30153107456,
            "bmw": 0.2213997925985606
        }
    },
    "settings": {
        "threshold": 3.5,
        "func": "r2scan-3c",
        "basis": "def2-tzvp",
        "prog": "orca",
        "sm": "smd",
        "gfnv": "gfn2",
        "run": true,
        "implicit": false,
        "template": false
    },
    "nconf_in": 3,
    "nconf_out": 3
}