{
    "partname": "refinement",
    "runtime": 1799.8633939158171,
    "results": {
        "CONF1": {
            "gsolv": {
                "gsolv": -0.0121340159457759,
                "energy_gas": -3731.263503174981,
                "energy_solv": -3731.275637190927
            },
            "gtot": -3731.275637190927,
            "bmw": 0.9683856370198999
        },
        "CONF2": {
            "gsolv": {
                "gsolv": -0.01586996674495822,
                "energy_gas": -3731.256536209448,
                "energy_solv": -3731.272406176193
            },
            "gtot": -3731.272406176193,
            "bmw": 0.03161436298010009
        }
    },
    "settings": {
        "threshold": 0.95,
        "func": "wb97x-v",
        "basis": "def2-tzvp",
        "prog": "orca",
        "sm": "smd",
        "gfnv": "gfn2",
        "run": true,
        "implicit": false,
        "template": false
    },
    "nconf_in": 2,
    "nconf_out": 2
}