{
   "temperature":     298.150000000000,
   "unit": "hartree",
   "energy":     -45.625739502171,
   "free energy":     -45.477409071810,
   "G(T)":       0.148330430361,
   "ZPVE":       0.188585905652,
   "number of imags":0,
   "point group": "cs",
   "gradient norm":       0.000077247782
}
