{
   "temperature":     298.150000000000,
   "unit": "hartree",
   "energy":     -33.644646174093,
   "free energy":     -33.446517738542,
   "G(T)":       0.198128435551,
   "ZPVE":       0.235761538926,
   "number of imags":0,
   "point group": "c1",
   "gradient norm":       0.000098273763
}
