{
   "temperature":     298.150000000000,
   "unit": "hartree",
   "energy":     -22.628910461429,
   "free energy":     -22.547857711564,
   "G(T)":       0.081052749865,
   "ZPVE":       0.115200491490,
   "number of imags":0,
   "point group": "cs",
   "gradient norm":       0.000108837775
}
