{
   "temperature":     298.150000000000,
   "unit": "hartree",
   "energy":     -22.908839245380,
   "free energy":     -22.820656568147,
   "G(T)":       0.088182677233,
   "ZPVE":       0.120959884187,
   "number of imags":0,
   "point group": "cs",
   "gradient norm":       0.000050249199
}
