{
   "temperature":     298.150000000000,
   "unit": "hartree",
   "energy":     -16.709320261171,
   "free energy":     -16.623511297857,
   "G(T)":       0.085808963314,
   "ZPVE":       0.113682436841,
   "number of imags":0,
   "point group": "c2",
   "gradient norm":       0.000033603501
}
