{
   "temperature":     298.150000000000,
   "unit": "hartree",
   "energy":     -22.485047258393,
   "free energy":     -22.375851261441,
   "G(T)":       0.109195996951,
   "ZPVE":       0.140780700398,
   "number of imags":0,
   "point group": "c1",
   "gradient norm":       0.000028927458
}
