{
    "partname": "prescreening",
    "runtime": 23.049566807225347,
    "results": {
        "CONF2": {
            "xtb_gsolv": {
                "gsolv": -0.011806675072996597,
                "energy_xtb_gas": -60.882451811951,
                "energy_xtb_solv": -60.894258487024
            },
            "sp": {
                "energy": -4062.744277633743
            },
            "gtot": -4062.756084308816,
            "bmw": 0.4913097242855445
        },
        "CONF1": {
            "xtb_gsolv": {
                "gsolv": -0.009648790937994534,
                "energy_xtb_gas": -60.885318610596,
                "energy_xtb_solv": -60.894967401534
            },
            "sp": {
                "energy": -4062.746468342053
            },
            "gtot": -4062.756117132991,
            "bmw": 0.5086902757144556
        }
    },
    "settings": {
        "threshold": 4.0,
        "func": "pbe-d4",
        "basis": "def2-sv(p)",
        "prog": "orca",
        "gfnv": "gfn2",
        "run": true,
        "template": false
    },
    "nconf_in": 2,
    "nconf_out": 2
}