{
    "partname": "screening",
    "runtime": 165.8768968936056,
    "results": {
        "CONF2": {
            "gsolv": {
                "gsolv": -0.011716760296621942,
                "energy_gas": -4065.936308175197,
                "energy_solv": -4065.948024935494
            },
            "gtot": -4065.948024935494,
            "bmw": 0.06926942474323822
        },
        "CONF1": {
            "gsolv": {
                "gsolv": -0.010367726124059118,
                "energy_gas": -4065.94011016698,
                "energy_solv": -4065.950477893104
            },
            "gtot": -4065.950477893104,
            "bmw": 0.9307305752567618
        }
    },
    "settings": {
        "threshold": 3.5,
        "func": "r2scan-3c",
        "basis": "def2-tzvp",
        "prog": "orca",
        "sm": "smd",
        "gfnv": "gfn2",
        "run": true,
        "implicit": false,
        "template": false
    },
    "nconf_in": 2,
    "nconf_out": 2
}