{
   "temperature":     298.150000000000,
   "unit": "hartree",
   "energy":     -23.271640305696,
   "free energy":     -23.214025837313,
   "G(T)":       0.057614468383,
   "ZPVE":       0.090828273399,
   "number of imags":0,
   "point group": "cs",
   "gradient norm":       0.000086248778
}
