{
   "temperature":     298.150000000000,
   "unit": "hartree",
   "energy":     -15.814378924155,
   "free energy":     -15.704953668184,
   "G(T)":       0.109425255971,
   "ZPVE":       0.139091881171,
   "number of imags":0,
   "point group": "c2",
   "gradient norm":       0.000050092532
}
