{
   "temperature":     298.150000000000,
   "unit": "hartree",
   "energy":     -28.510404828361,
   "free energy":     -28.467901156266,
   "G(T)":       0.042503672095,
   "ZPVE":       0.076872139873,
   "number of imags":0,
   "point group": "c2v",
   "gradient norm":       0.000103297152
}
