{
   "temperature":     298.150000000000,
   "unit": "hartree",
   "energy":     -23.159040548442,
   "free energy":     -22.978849079691,
   "G(T)":       0.180191468751,
   "ZPVE":       0.214627094344,
   "number of imags":0,
   "point group": "c1",
   "gradient norm":       0.000058264129
}
