{
    "partname": "prescreening",
    "runtime": 13.48742832802236,
    "results": {
        "CONF1": {
            "xtb_gsolv": {
                "gsolv": -0.00010401711699969951,
                "energy_xtb_gas": -30.766756317291,
                "energy_xtb_solv": -30.766860334408
            },
            "sp": {
                "energy": -462.290131184333
            },
            "gtot": -462.29023520145,
            "bmw": 1.0
        }
    },
    "settings": {
        "threshold": 4.0,
        "func": "pbe-d4",
        "basis": "def2-sv(p)",
        "prog": "orca",
        "gfnv": "gfn2",
        "run": true,
        "template": false
    },
    "nconf_in": 1,
    "nconf_out": 1
}