{
   "temperature":     298.150000000000,
   "unit": "hartree",
   "energy":     -35.714774141444,
   "free energy":     -35.469397413949,
   "G(T)":       0.245376727495,
   "ZPVE":       0.282678882469,
   "number of imags":0,
   "point group": "c1",
   "gradient norm":       0.000043976056
}
