{
    "partname": "prescreening",
    "runtime": 17.774139667861164,
    "results": {
        "CONF1": {
            "xtb_gsolv": {
                "gsolv": -0.005664628416994333,
                "energy_xtb_gas": -46.972318228871,
                "energy_xtb_solv": -46.977982857288
            },
            "sp": {
                "energy": -2299.412069571404
            },
            "gtot": -2299.417734199821,
            "bmw": 1.0
        }
    },
    "settings": {
        "threshold": 4.0,
        "func": "pbe-d4",
        "basis": "def2-sv(p)",
        "prog": "orca",
        "gfnv": "gfn2",
        "run": true,
        "template": false
    },
    "nconf_in": 1,
    "nconf_out": 1
}