{
   "temperature":     298.150000000000,
   "unit": "hartree",
   "energy":     -16.689509172824,
   "free energy":     -16.608853952852,
   "G(T)":       0.080655219972,
   "ZPVE":       0.110366449008,
   "number of imags":0,
   "point group": "c1",
   "gradient norm":       0.000040739336
}
