{
    "partname": "prescreening",
    "runtime": 12.588289141654968,
    "results": {
        "CONF2": {
            "xtb_gsolv": {
                "gsolv": -0.005485030926003276,
                "energy_xtb_gas": -32.618552831782,
                "energy_xtb_solv": -32.624037862708
            },
            "sp": {
                "energy": -463.658799052335
            },
            "gtot": -463.664284083261,
            "bmw": 0.2250670289691691
        },
        "CONF1": {
            "xtb_gsolv": {
                "gsolv": -0.0054877527899961365,
                "energy_xtb_gas": -32.619377006496,
                "energy_xtb_solv": -32.624864759286
            },
            "sp": {
                "energy": -463.659963698796
            },
            "gtot": -463.66545145158597,
            "bmw": 0.7749329710308309
        }
    },
    "settings": {
        "threshold": 4.0,
        "func": "pbe-d4",
        "basis": "def2-sv(p)",
        "prog": "orca",
        "gfnv": "gfn2",
        "run": true,
        "template": false
    },
    "nconf_in": 2,
    "nconf_out": 2
}