{
    "partname": "screening",
    "runtime": 89.47686239425093,
    "results": {
        "CONF1": {
            "gsolv": {
                "gsolv": -0.007635133255007531,
                "energy_gas": -464.600728800306,
                "energy_solv": -464.608363933561
            },
            "gtot": -464.608363933561,
            "bmw": 0.7735320880746429
        },
        "CONF2": {
            "gsolv": {
                "gsolv": -0.007597232451018954,
                "energy_gas": -464.599606899837,
                "energy_solv": -464.607204132288
            },
            "gtot": -464.607204132288,
            "bmw": 0.22646791192535706
        }
    },
    "settings": {
        "threshold": 3.5,
        "func": "r2scan-3c",
        "basis": "def2-tzvp",
        "prog": "orca",
        "sm": "smd",
        "gfnv": "gfn2",
        "run": true,
        "implicit": false,
        "template": false
    },
    "nconf_in": 2,
    "nconf_out": 2
}