{
    "partname": "refinement",
    "runtime": 681.5952103147283,
    "results": {
        "CONF2": {
            "gsolv": {
                "gsolv": -0.008065839305970712,
                "energy_gas": -464.747755577171,
                "energy_solv": -464.755821416477
            },
            "gtot": -464.755821416477,
            "bmw": 0.2635482962818288
        },
        "CONF1": {
            "gsolv": {
                "gsolv": -0.0080559178089743,
                "energy_gas": -464.74873574856,
                "energy_solv": -464.756791666369
            },
            "gtot": -464.756791666369,
            "bmw": 0.7364517037181711
        }
    },
    "settings": {
        "threshold": 0.95,
        "func": "wb97x-v",
        "basis": "def2-tzvp",
        "prog": "orca",
        "sm": "smd",
        "gfnv": "gfn2",
        "run": true,
        "implicit": false,
        "template": false
    },
    "nconf_in": 2,
    "nconf_out": 2
}