{
   "temperature":     298.150000000000,
   "unit": "hartree",
   "energy":     -26.324518372075,
   "free energy":     -26.116988196174,
   "G(T)":       0.207530175901,
   "ZPVE":       0.242580153286,
   "number of imags":0,
   "point group": "c1",
   "gradient norm":       0.000063560045
}
