{
   "temperature":     298.150000000000,
   "unit": "hartree",
   "energy":     -18.590805615838,
   "free energy":     -18.538631179310,
   "G(T)":       0.052174436529,
   "ZPVE":       0.083308552644,
   "number of imags":0,
   "point group": "c1",
   "gradient norm":       0.000045242346
}
