{
   "temperature":     298.150000000000,
   "unit": "hartree",
   "energy":     -32.443092046725,
   "free energy":     -32.272926257922,
   "G(T)":       0.170165788803,
   "ZPVE":       0.208168390986,
   "number of imags":0,
   "point group": "c1",
   "gradient norm":       0.000047815610
}
