{
   "temperature":     298.150000000000,
   "unit": "hartree",
   "energy":     -23.034629400277,
   "free energy":     -22.901563833458,
   "G(T)":       0.133065566819,
   "ZPVE":       0.166293558465,
   "number of imags":0,
   "point group": "c1",
   "gradient norm":       0.000041377049
}
