{
   "temperature":     298.150000000000,
   "unit": "hartree",
   "energy":     -43.389457266007,
   "free energy":     -43.242553443217,
   "G(T)":       0.146903822790,
   "ZPVE":       0.186213172675,
   "number of imags":0,
   "point group": "c1",
   "gradient norm":       0.000032848840
}
