{
   "temperature":     298.150000000000,
   "unit": "hartree",
   "energy":     -25.246828125048,
   "free energy":     -25.146433121330,
   "G(T)":       0.100395003719,
   "ZPVE":       0.133329619403,
   "number of imags":0,
   "point group": "cs",
   "gradient norm":       0.000065249474
}
