{
   "temperature":     298.150000000000,
   "unit": "hartree",
   "energy":     -33.619394931844,
   "free energy":     -33.423105355530,
   "G(T)":       0.196289576314,
   "ZPVE":       0.233813134306,
   "number of imags":0,
   "point group": "c1",
   "gradient norm":       0.000165958509
}
