{
   "temperature":     298.150000000000,
   "unit": "hartree",
   "energy":     -27.194425868583,
   "free energy":     -27.095047783329,
   "G(T)":       0.099378085254,
   "ZPVE":       0.132135067270,
   "number of imags":0,
   "point group": "cs",
   "gradient norm":       0.000028538552
}
