{
   "temperature":     298.150000000000,
   "unit": "hartree",
   "energy":     -29.805015475433,
   "free energy":     -29.722747070735,
   "G(T)":       0.082268404698,
   "ZPVE":       0.115100174847,
   "number of imags":0,
   "point group": "c2v",
   "gradient norm":       0.000020945334
}
