{
   "temperature":     298.150000000000,
   "unit": "hartree",
   "energy":     -23.159128579386,
   "free energy":     -22.977863560499,
   "G(T)":       0.181265018887,
   "ZPVE":       0.214657546589,
   "number of imags":0,
   "point group": "c1",
   "gradient norm":       0.000036649566
}
