{
   "temperature":     298.150000000000,
   "unit": "hartree",
   "energy":     -28.352888989754,
   "free energy":     -28.183543089286,
   "G(T)":       0.169345900468,
   "ZPVE":       0.204130198556,
   "number of imags":0,
   "point group": "c1",
   "gradient norm":       0.000052442304
}
