{
   "temperature":     298.150000000000,
   "unit": "hartree",
   "energy":     -18.414274872553,
   "free energy":     -18.422195631556,
   "G(T)":      -0.007920759003,
   "ZPVE":       0.022947984930,
   "number of imags":0,
   "point group": "cs",
   "gradient norm":       0.000051660876
}
