{
    "partname": "prescreening",
    "runtime": 9.060038547962904,
    "results": {
        "CONF1": {
            "xtb_gsolv": {
                "gsolv": -0.0026906140439990622,
                "energy_xtb_gas": -22.486204526854,
                "energy_xtb_solv": -22.488895140898
            },
            "sp": {
                "energy": -326.177416834574
            },
            "gtot": -326.180107448618,
            "bmw": 0.6527560880708455
        },
        "CONF2": {
            "xtb_gsolv": {
                "gsolv": -0.002837308604998867,
                "energy_xtb_gas": -22.484321356526,
                "energy_xtb_solv": -22.487158665131
            },
            "sp": {
                "energy": -326.176112476544
            },
            "gtot": -326.17894978514903,
            "bmw": 0.19154137231101714
        },
        "CONF3": {
            "xtb_gsolv": {
                "gsolv": -0.002804640886999721,
                "energy_xtb_gas": -22.484307306534,
                "energy_xtb_solv": -22.487111947421
            },
            "sp": {
                "energy": -326.17594955051
            },
            "gtot": -326.178754191397,
            "bmw": 0.15570253961813732
        }
    },
    "settings": {
        "threshold": 4.0,
        "func": "pbe-d4",
        "basis": "def2-sv(p)",
        "prog": "orca",
        "gfnv": "gfn2",
        "run": true,
        "template": false
    },
    "nconf_in": 3,
    "nconf_out": 3
}