{
    "partname": "screening",
    "runtime": 45.109868741594255,
    "results": {
        "CONF3": {
            "gsolv": {
                "gsolv": -0.006876712993005185,
                "energy_gas": -326.814613821511,
                "energy_solv": -326.821490534504
            },
            "gtot": -326.821490534504,
            "bmw": 0.15133113291537426
        },
        "CONF2": {
            "gsolv": {
                "gsolv": -0.006771923718019934,
                "energy_gas": -326.814876434435,
                "energy_solv": -326.821648358153
            },
            "gtot": -326.821648358153,
            "bmw": 0.17886366973719336
        },
        "CONF1": {
            "gsolv": {
                "gsolv": -0.006706313831045918,
                "energy_gas": -326.81618870969,
                "energy_solv": -326.822895023521
            },
            "gtot": -326.822895023521,
            "bmw": 0.6698051973474323
        }
    },
    "settings": {
        "threshold": 3.5,
        "func": "r2scan-3c",
        "basis": "def2-tzvp",
        "prog": "orca",
        "sm": "smd",
        "gfnv": "gfn2",
        "run": true,
        "implicit": false,
        "template": false
    },
    "nconf_in": 3,
    "nconf_out": 3
}