{
    "partname": "refinement",
    "runtime": 271.4874106263742,
    "results": {
        "CONF3": {
            "gsolv": {
                "gsolv": -0.007251987417987493,
                "energy_gas": -326.923989093314,
                "energy_solv": -326.931241080732
            },
            "gtot": -326.931241080732,
            "bmw": 0.14841764837960786
        },
        "CONF1": {
            "gsolv": {
                "gsolv": -0.007080017188968668,
                "energy_gas": -326.925601045209,
                "energy_solv": -326.932681062398
            },
            "gtot": -326.932681062398,
            "bmw": 0.6820736377454492
        },
        "CONF2": {
            "gsolv": {
                "gsolv": -0.007154931810021026,
                "energy_gas": -326.924211606481,
                "energy_solv": -326.931366538291
            },
            "gtot": -326.931366538291,
            "bmw": 0.16950871387494312
        }
    },
    "settings": {
        "threshold": 0.95,
        "func": "wb97x-v",
        "basis": "def2-tzvp",
        "prog": "orca",
        "sm": "smd",
        "gfnv": "gfn2",
        "run": true,
        "implicit": false,
        "template": false
    },
    "nconf_in": 3,
    "nconf_out": 3
}