{
    "partname": "prescreening",
    "runtime": 7.328280435875058,
    "results": {
        "CONF1": {
            "xtb_gsolv": {
                "gsolv": -0.0009657631749995232,
                "energy_xtb_gas": -20.88908857391,
                "energy_xtb_solv": -20.890054337085
            },
            "sp": {
                "energy": -272.302149659324
            },
            "gtot": -272.303115422499,
            "bmw": 0.9966094714826954
        },
        "CONF2": {
            "xtb_gsolv": {
                "gsolv": -0.0010247167139993962,
                "energy_xtb_gas": -20.885956401232,
                "energy_xtb_solv": -20.886981117946
            },
            "sp": {
                "energy": -272.296724556951
            },
            "gtot": -272.297749273665,
            "bmw": 0.0033905285173046595
        }
    },
    "settings": {
        "threshold": 4.0,
        "func": "pbe-d4",
        "basis": "def2-sv(p)",
        "prog": "orca",
        "gfnv": "gfn2",
        "run": true,
        "template": false
    },
    "nconf_in": 2,
    "nconf_out": 2
}