{
    "partname": "screening",
    "runtime": 44.82897573430091,
    "results": {
        "CONF1": {
            "gsolv": {
                "gsolv": -0.0016713157679646429,
                "energy_gas": -272.890123963135,
                "energy_solv": -272.891795278903
            },
            "gtot": -272.891795278903,
            "bmw": 0.9987129562858131
        },
        "CONF2": {
            "gsolv": {
                "gsolv": -0.0010984873600250467,
                "energy_gas": -272.884414079752,
                "energy_solv": -272.885512567112
            },
            "gtot": -272.885512567112,
            "bmw": 0.0012870437141867589
        }
    },
    "settings": {
        "threshold": 3.5,
        "func": "r2scan-3c",
        "basis": "def2-tzvp",
        "prog": "orca",
        "sm": "smd",
        "gfnv": "gfn2",
        "run": true,
        "implicit": false,
        "template": false
    },
    "nconf_in": 2,
    "nconf_out": 2
}