{
    "partname": "refinement",
    "runtime": 224.591943112202,
    "results": {
        "CONF1": {
            "gsolv": {
                "gsolv": -0.0023219195709884843,
                "energy_gas": -272.984330838312,
                "energy_solv": -272.986652757883
            },
            "gtot": -272.986652757883,
            "bmw": 0.4964591098276027
        },
        "CONF2": {
            "gsolv": {
                "gsolv": -0.002334648811995521,
                "energy_gas": -272.984331482299,
                "energy_solv": -272.986666131111
            },
            "gtot": -272.986666131111,
            "bmw": 0.5035408901723972
        }
    },
    "settings": {
        "threshold": 0.95,
        "func": "wb97x-v",
        "basis": "def2-tzvp",
        "prog": "orca",
        "sm": "smd",
        "gfnv": "gfn2",
        "run": true,
        "implicit": false,
        "template": false
    },
    "nconf_in": 2,
    "nconf_out": 2
}