{
   "temperature":     298.150000000000,
   "unit": "hartree",
   "energy":     -17.730824380613,
   "free energy":     -17.626816064014,
   "G(T)":       0.104008316598,
   "ZPVE":       0.133757249356,
   "number of imags":0,
   "point group": "c1",
   "gradient norm":       0.000027164145
}
