{
   "temperature":     298.150000000000,
   "unit": "hartree",
   "energy":     -42.921766026893,
   "free energy":     -42.815969153577,
   "G(T)":       0.105796873316,
   "ZPVE":       0.146861435322,
   "number of imags":0,
   "point group": "c2",
   "gradient norm":       0.000040444146
}
