{
   "temperature":     298.150000000000,
   "unit": "hartree",
   "energy":     -32.442140192542,
   "free energy":     -32.271065598805,
   "G(T)":       0.171074593737,
   "ZPVE":       0.208276045954,
   "number of imags":0,
   "point group": "c1",
   "gradient norm":       0.000039210154
}
