{
    "partname": "prescreening",
    "runtime": 16.950888354796916,
    "results": {
        "CONF1": {
            "xtb_gsolv": {
                "gsolv": -0.0037354770310003005,
                "energy_xtb_gas": -50.046963865832,
                "energy_xtb_solv": -50.050699342863
            },
            "sp": {
                "energy": -1989.111257240947
            },
            "gtot": -1989.114992717978,
            "bmw": 1.0
        }
    },
    "settings": {
        "threshold": 4.0,
        "func": "pbe-d4",
        "basis": "def2-sv(p)",
        "prog": "orca",
        "gfnv": "gfn2",
        "run": true,
        "template": false
    },
    "nconf_in": 1,
    "nconf_out": 1
}