{
   "temperature":     298.150000000000,
   "unit": "hartree",
   "energy":     -22.076440667412,
   "free energy":     -22.001552987582,
   "G(T)":       0.074887679830,
   "ZPVE":       0.105750920990,
   "number of imags":0,
   "point group": "cs",
   "gradient norm":       0.000010261958
}
