{
   "temperature":     298.150000000000,
   "unit": "hartree",
   "energy":     -16.993125841272,
   "free energy":     -16.923111222279,
   "G(T)":       0.070014618992,
   "ZPVE":       0.099179659002,
   "number of imags":0,
   "point group": "cs",
   "gradient norm":       0.000035637499
}
