{
   "temperature":     298.150000000000,
   "unit": "hartree",
   "energy":     -42.889694853412,
   "free energy":     -42.767792442824,
   "G(T)":       0.121902410588,
   "ZPVE":       0.162111560552,
   "number of imags":0,
   "point group": "c1",
   "gradient norm":       0.000026630791
}
