{
   "temperature":     298.150000000000,
   "unit": "hartree",
   "energy":     -25.316792356051,
   "free energy":     -25.125022968530,
   "G(T)":       0.191769387521,
   "ZPVE":       0.223913650005,
   "number of imags":0,
   "point group": "c1",
   "gradient norm":       0.000045717808
}
