{
   "temperature":     298.150000000000,
   "unit": "hartree",
   "energy":     -33.611813037615,
   "free energy":     -33.416139678089,
   "G(T)":       0.195673359526,
   "ZPVE":       0.233735171932,
   "number of imags":0,
   "point group": "c1",
   "gradient norm":       0.000136575336
}
