{
   "temperature":     298.150000000000,
   "unit": "hartree",
   "energy":     -19.246378242999,
   "free energy":     -19.118849120799,
   "G(T)":       0.127529122201,
   "ZPVE":       0.156170026722,
   "number of imags":0,
   "point group": "cs",
   "gradient norm":       0.000113180475
}
