{
    "partname": "prescreening",
    "runtime": 5.589705185033381,
    "results": {
        "CONF1": {
            "xtb_gsolv": {
                "gsolv": 0.0011224322540002163,
                "energy_xtb_gas": -15.780368557701,
                "energy_xtb_solv": -15.779246125447
            },
            "sp": {
                "energy": -196.034416942082
            },
            "gtot": -196.033294509828,
            "bmw": 0.089757631768267
        },
        "CONF2": {
            "xtb_gsolv": {
                "gsolv": 0.0011127285150003274,
                "energy_xtb_gas": -15.780349548078,
                "energy_xtb_solv": -15.779236819563
            },
            "sp": {
                "energy": -196.033795399439
            },
            "gtot": -196.03268267092398,
            "bmw": 0.046951013339078966
        },
        "CONF4": {
            "xtb_gsolv": {
                "gsolv": 0.0011158676849998272,
                "energy_xtb_gas": -15.780294913591,
                "energy_xtb_solv": -15.779179045906
            },
            "sp": {
                "energy": -196.033959063383
            },
            "gtot": -196.032843195698,
            "bmw": 0.055652061332539436
        },
        "CONF5": {
            "xtb_gsolv": {
                "gsolv": 0.0011196569919995625,
                "energy_xtb_gas": -15.780167617262,
                "energy_xtb_solv": -15.77904796027
            },
            "sp": {
                "energy": -196.03476937951
            },
            "gtot": -196.03364972251802,
            "bmw": 0.1307548819560509
        },
        "CONF3": {
            "xtb_gsolv": {
                "gsolv": 0.0011262660450004347,
                "energy_xtb_gas": -15.780343056867,
                "energy_xtb_solv": -15.779216790822
            },
            "sp": {
                "energy": -196.03632839297
            },
            "gtot": -196.03520212692501,
            "bmw": 0.6768844116040637
        }
    },
    "settings": {
        "threshold": 4.0,
        "func": "pbe-d4",
        "basis": "def2-sv(p)",
        "prog": "orca",
        "gfnv": "gfn2",
        "run": true,
        "template": false
    },
    "nconf_in": 5,
    "nconf_out": 5
}