{
    "partname": "screening",
    "runtime": 18.241854907013476,
    "results": {
        "CONF1": {
            "gsolv": {
                "gsolv": 0.0015863022770190582,
                "energy_gas": -196.464240223892,
                "energy_solv": -196.462653921615
            },
            "gtot": -196.462653921615,
            "bmw": 0.11952101610270977
        },
        "CONF5": {
            "gsolv": {
                "gsolv": 0.001489716419001752,
                "energy_gas": -196.464637109888,
                "energy_solv": -196.463147393469
            },
            "gtot": -196.463147393469,
            "bmw": 0.20156987088620223
        },
        "CONF2": {
            "gsolv": {
                "gsolv": 0.0014389106719931988,
                "energy_gas": -196.463538540601,
                "energy_solv": -196.462099629929
            },
            "gtot": -196.462099629929,
            "bmw": 0.06644889286840071
        },
        "CONF3": {
            "gsolv": {
                "gsolv": 0.001547683792011867,
                "energy_gas": -196.46559748268,
                "energy_solv": -196.464049798888
            },
            "gtot": -196.464049798888,
            "bmw": 0.5242076787432662
        },
        "CONF4": {
            "gsolv": {
                "gsolv": 0.001468121280993273,
                "energy_gas": -196.463835681649,
                "energy_solv": -196.462367560368
            },
            "gtot": -196.462367560368,
            "bmw": 0.08825254139942114
        }
    },
    "settings": {
        "threshold": 3.5,
        "func": "r2scan-3c",
        "basis": "def2-tzvp",
        "prog": "orca",
        "sm": "smd",
        "gfnv": "gfn2",
        "run": true,
        "implicit": false,
        "template": false
    },
    "nconf_in": 5,
    "nconf_out": 5
}