{
    "partname": "refinement",
    "runtime": 103.21035824110731,
    "results": {
        "CONF4": {
            "gsolv": {
                "gsolv": 0.0016934799849934734,
                "energy_gas": -196.541457375266,
                "energy_solv": -196.539763895281
            },
            "gtot": -196.539763895281,
            "bmw": 0.3847516898265153
        },
        "CONF5": {
            "gsolv": {
                "gsolv": 0.0017119950009885088,
                "energy_gas": -196.540608941601,
                "energy_solv": -196.5388969466
            },
            "gtot": -196.5388969466,
            "bmw": 0.15360726119406232
        },
        "CONF3": {
            "gsolv": {
                "gsolv": 0.0017288416269991558,
                "energy_gas": -196.54146788252,
                "energy_solv": -196.539739040893
            },
            "gtot": -196.539739040893,
            "bmw": 0.3747557531982273
        },
        "CONF1": {
            "gsolv": {
                "gsolv": 0.0017652306910065363,
                "energy_gas": -196.540124171657,
                "energy_solv": -196.538358940966
            },
            "gtot": -196.538358940966,
            "bmw": 0.08688529578119507
        }
    },
    "settings": {
        "threshold": 0.95,
        "func": "wb97x-v",
        "basis": "def2-tzvp",
        "prog": "orca",
        "sm": "smd",
        "gfnv": "gfn2",
        "run": true,
        "implicit": false,
        "template": false
    },
    "nconf_in": 4,
    "nconf_out": 4
}