{
   "temperature":     298.150000000000,
   "unit": "hartree",
   "energy":     -13.833299197402,
   "free energy":     -13.789513424877,
   "G(T)":       0.043785772524,
   "ZPVE":       0.071204556767,
   "number of imags":0,
   "point group": "cs",
   "gradient norm":       0.000065802675
}
