{
   "temperature":     298.150000000000,
   "unit": "hartree",
   "energy":     -23.158116471618,
   "free energy":     -22.976653355031,
   "G(T)":       0.181463116586,
   "ZPVE":       0.214827383356,
   "number of imags":0,
   "point group": "c1",
   "gradient norm":       0.000047811344
}
