{
   "temperature":     298.150000000000,
   "unit": "hartree",
   "energy":     -17.730508716439,
   "free energy":     -17.626465425276,
   "G(T)":       0.104043291162,
   "ZPVE":       0.133877774415,
   "number of imags":0,
   "point group": "c1",
   "gradient norm":       0.000025321303
}
