{
   "temperature":     298.150000000000,
   "unit": "hartree",
   "energy":     -24.189901527913,
   "free energy":     -24.127620623078,
   "G(T)":       0.062280904836,
   "ZPVE":       0.092723290416,
   "number of imags":0,
   "point group": "cs",
   "gradient norm":       0.000046377259
}
