{
   "temperature":     298.150000000000,
   "unit": "hartree",
   "energy":     -27.196153190048,
   "free energy":     -27.096795120172,
   "G(T)":       0.099358069876,
   "ZPVE":       0.132050552681,
   "number of imags":0,
   "point group": "cs",
   "gradient norm":       0.000061747649
}
