{
   "temperature":     298.150000000000,
   "unit": "hartree",
   "energy":     -15.781050626576,
   "free energy":     -15.678711961340,
   "G(T)":       0.102338665237,
   "ZPVE":       0.133546540786,
   "number of imags":0,
   "point group": "cs",
   "gradient norm":       0.000024643683
}
