{
   "temperature":     298.150000000000,
   "unit": "hartree",
   "energy":     -30.361316196033,
   "free energy":     -30.238177102410,
   "G(T)":       0.123139093623,
   "ZPVE":       0.159074234681,
   "number of imags":0,
   "point group": "cs",
   "gradient norm":       0.000030430266
}
