{
   "temperature":     298.150000000000,
   "unit": "hartree",
   "energy":     -65.137175871619,
   "free energy":     -65.046482351524,
   "G(T)":       0.090693520095,
   "ZPVE":       0.138888070766,
   "number of imags":0,
   "point group": "cs",
   "gradient norm":       0.000064430859
}
