{
    "partname": "prescreening",
    "runtime": 9.525985303334892,
    "results": {
        "CONF2": {
            "xtb_gsolv": {
                "gsolv": -0.005965479588997624,
                "energy_xtb_gas": -23.956277832074,
                "energy_xtb_solv": -23.962243311663
            },
            "sp": {
                "energy": -346.249245432046
            },
            "gtot": -346.255210911635,
            "bmw": 0.420986871006619
        },
        "CONF1": {
            "xtb_gsolv": {
                "gsolv": -0.006021427185999073,
                "energy_xtb_gas": -23.95630925559,
                "energy_xtb_solv": -23.962330682776
            },
            "sp": {
                "energy": -346.24902990761
            },
            "gtot": -346.255051334796,
            "bmw": 0.3555234788605067
        },
        "CONF3": {
            "xtb_gsolv": {
                "gsolv": -0.006075950225000071,
                "energy_xtb_gas": -23.956020345713,
                "energy_xtb_solv": -23.962096295938
            },
            "sp": {
                "energy": -346.248526870572
            },
            "gtot": -346.254602820797,
            "bmw": 0.22108848708107037
        },
        "CONF4": {
            "xtb_gsolv": {
                "gsolv": -0.005147143208997562,
                "energy_xtb_gas": -23.955104460634,
                "energy_xtb_solv": -23.960251603843
            },
            "sp": {
                "energy": -346.245185502728
            },
            "gtot": -346.250332645937,
            "bmw": 0.0024011630518038034
        }
    },
    "settings": {
        "threshold": 4.0,
        "func": "pbe-d4",
        "basis": "def2-sv(p)",
        "prog": "orca",
        "gfnv": "gfn2",
        "run": true,
        "template": false
    },
    "nconf_in": 4,
    "nconf_out": 4
}