{
    "partname": "screening",
    "runtime": 47.11432748567313,
    "results": {
        "CONF2": {
            "gsolv": {
                "gsolv": -0.005380152412044481,
                "energy_gas": -346.943175453316,
                "energy_solv": -346.948555605728
            },
            "gtot": -346.948555605728,
            "bmw": 0.5130812958949705
        },
        "CONF1": {
            "gsolv": {
                "gsolv": -0.005418004737975934,
                "energy_gas": -346.942866652429,
                "energy_solv": -346.948284657167
            },
            "gtot": -346.948284657167,
            "bmw": 0.38508665777293427
        },
        "CONF3": {
            "gsolv": {
                "gsolv": -0.00529572960800806,
                "energy_gas": -346.941708460215,
                "energy_solv": -346.947004189823
            },
            "gtot": -346.947004189823,
            "bmw": 0.09921658228460256
        },
        "CONF4": {
            "gsolv": {
                "gsolv": -0.004423725345020557,
                "energy_gas": -346.939147540977,
                "energy_solv": -346.943571266322
            },
            "gtot": -346.943571266322,
            "bmw": 0.0026154640474924887
        }
    },
    "settings": {
        "threshold": 3.5,
        "func": "r2scan-3c",
        "basis": "def2-tzvp",
        "prog": "orca",
        "sm": "smd",
        "gfnv": "gfn2",
        "run": true,
        "implicit": false,
        "template": false
    },
    "nconf_in": 4,
    "nconf_out": 4
}