{
    "partname": "refinement",
    "runtime": 234.47980621736497,
    "results": {
        "CONF2": {
            "gsolv": {
                "gsolv": -0.005873283478024405,
                "energy_gas": -347.045388514163,
                "energy_solv": -347.051261797641
            },
            "gtot": -347.051261797641,
            "bmw": 0.3782632285278882
        },
        "CONF1": {
            "gsolv": {
                "gsolv": -0.005969601093966048,
                "energy_gas": -347.045089566999,
                "energy_solv": -347.051059168093
            },
            "gtot": -347.051059168093,
            "bmw": 0.30520453643681494
        },
        "CONF3": {
            "gsolv": {
                "gsolv": -0.0059526245900087815,
                "energy_gas": -347.045140952319,
                "energy_solv": -347.051093576909
            },
            "gtot": -347.051093576909,
            "bmw": 0.31653223503529687
        }
    },
    "settings": {
        "threshold": 0.95,
        "func": "wb97x-v",
        "basis": "def2-tzvp",
        "prog": "orca",
        "sm": "smd",
        "gfnv": "gfn2",
        "run": true,
        "implicit": false,
        "template": false
    },
    "nconf_in": 3,
    "nconf_out": 3
}