{
    "partname": "prescreening",
    "runtime": 4.075461708009243,
    "results": {
        "CONF1": {
            "xtb_gsolv": {
                "gsolv": -0.0003503396850010887,
                "energy_xtb_gas": -11.388429739123,
                "energy_xtb_solv": -11.388780078808
            },
            "sp": {
                "energy": -154.653874817631
            },
            "gtot": -154.654225157316,
            "bmw": 1.0
        }
    },
    "settings": {
        "threshold": 4.0,
        "func": "pbe-d4",
        "basis": "def2-sv(p)",
        "prog": "orca",
        "gfnv": "gfn2",
        "run": true,
        "template": false
    },
    "nconf_in": 1,
    "nconf_out": 1
}