{
   "temperature":     298.150000000000,
   "unit": "hartree",
   "energy":     -33.633051476677,
   "free energy":     -33.434332528304,
   "G(T)":       0.198718948373,
   "ZPVE":       0.235895090327,
   "number of imags":0,
   "point group": "c1",
   "gradient norm":       0.000077224572
}
