{
   "temperature":     298.150000000000,
   "unit": "hartree",
   "energy":     -43.398406728505,
   "free energy":     -43.250666522105,
   "G(T)":       0.147740206400,
   "ZPVE":       0.186074341070,
   "number of imags":0,
   "point group": "c1",
   "gradient norm":       0.000123512467
}
