{
   "temperature":     298.150000000000,
   "unit": "hartree",
   "energy":      -4.432630126789,
   "free energy":      -4.417152777222,
   "G(T)":       0.015477349567,
   "ZPVE":       0.033493607919,
   "number of imags":0,
   "point group": "c3v",
   "gradient norm":       0.000005448614
}
