{
   "temperature":     298.150000000000,
   "unit": "hartree",
   "energy":     -18.821091099024,
   "free energy":     -18.734483432179,
   "G(T)":       0.086607666846,
   "ZPVE":       0.116807782345,
   "number of imags":0,
   "point group": "c1",
   "gradient norm":       0.000031096577
}
