{
    "partname": "prescreening",
    "runtime": 6.433776890859008,
    "results": {
        "CONF1": {
            "xtb_gsolv": {
                "gsolv": 0.0012939490330001746,
                "energy_xtb_gas": -15.772577793059,
                "energy_xtb_solv": -15.771283844026
            },
            "sp": {
                "energy": -196.027560677535
            },
            "gtot": -196.026266728502,
            "bmw": 0.5983119339198232
        },
        "CONF2": {
            "xtb_gsolv": {
                "gsolv": 0.0012834285140002066,
                "energy_xtb_gas": -15.770928673132,
                "energy_xtb_solv": -15.769645244618
            },
            "sp": {
                "energy": -196.027130386854
            },
            "gtot": -196.02584695834,
            "bmw": 0.38357187550785926
        },
        "CONF4": {
            "xtb_gsolv": {
                "gsolv": 0.0013621773330001474,
                "energy_xtb_gas": -15.769575810602,
                "energy_xtb_solv": -15.768213633269
            },
            "sp": {
                "energy": -196.023525602744
            },
            "gtot": -196.022163425411,
            "bmw": 0.0077542337780402105
        },
        "CONF3": {
            "xtb_gsolv": {
                "gsolv": 0.001293610877999285,
                "energy_xtb_gas": -15.769650422752,
                "energy_xtb_solv": -15.768356811874
            },
            "sp": {
                "energy": -196.023730757163
            },
            "gtot": -196.022437146285,
            "bmw": 0.01036195679427735
        }
    },
    "settings": {
        "threshold": 4.0,
        "func": "pbe-d4",
        "basis": "def2-sv(p)",
        "prog": "orca",
        "gfnv": "gfn2",
        "run": true,
        "template": false
    },
    "nconf_in": 4,
    "nconf_out": 4
}