{
    "partname": "screening",
    "runtime": 26.55627501476556,
    "results": {
        "CONF1": {
            "gsolv": {
                "gsolv": 0.0021318917189887543,
                "energy_gas": -196.460211700359,
                "energy_solv": -196.45807980864
            },
            "gtot": -196.45807980864,
            "bmw": 0.5892561457581718
        },
        "CONF2": {
            "gsolv": {
                "gsolv": 0.0019521417470116376,
                "energy_gas": -196.459647489605,
                "energy_solv": -196.457695347858
            },
            "gtot": -196.457695347858,
            "bmw": 0.39216100062977827
        },
        "CONF3": {
            "gsolv": {
                "gsolv": 0.0019670599660059906,
                "energy_gas": -196.456275418552,
                "energy_solv": -196.454308358586
            },
            "gtot": -196.454308358586,
            "bmw": 0.010853184267248158
        },
        "CONF4": {
            "gsolv": {
                "gsolv": 0.0018566590700004326,
                "energy_gas": -196.455844568823,
                "energy_solv": -196.453987909753
            },
            "gtot": -196.453987909753,
            "bmw": 0.00772966934480176
        }
    },
    "settings": {
        "threshold": 3.5,
        "func": "r2scan-3c",
        "basis": "def2-tzvp",
        "prog": "orca",
        "sm": "smd",
        "gfnv": "gfn2",
        "run": true,
        "implicit": false,
        "template": false
    },
    "nconf_in": 4,
    "nconf_out": 4
}