{
    "partname": "refinement",
    "runtime": 146.59519391832873,
    "results": {
        "CONF2": {
            "gsolv": {
                "gsolv": 0.0019800678940100624,
                "energy_gas": -196.535744498784,
                "energy_solv": -196.53376443089
            },
            "gtot": -196.53376443089,
            "bmw": 0.2185004794586406
        },
        "CONF3": {
            "gsolv": {
                "gsolv": 0.0019668312779970165,
                "energy_gas": -196.535746964249,
                "energy_solv": -196.533780132971
            },
            "gtot": -196.533780132971,
            "bmw": 0.22216459618655204
        },
        "CONF4": {
            "gsolv": {
                "gsolv": 0.0019566864339992662,
                "energy_gas": -196.535748361693,
                "energy_solv": -196.533791675259
            },
            "gtot": -196.533791675259,
            "bmw": 0.22489714207731512
        },
        "CONF1": {
            "gsolv": {
                "gsolv": 0.0021738866620069075,
                "energy_gas": -196.536340221328,
                "energy_solv": -196.534166334666
            },
            "gtot": -196.534166334666,
            "bmw": 0.33443778227749227
        }
    },
    "settings": {
        "threshold": 0.95,
        "func": "wb97x-v",
        "basis": "def2-tzvp",
        "prog": "orca",
        "sm": "smd",
        "gfnv": "gfn2",
        "run": true,
        "implicit": false,
        "template": false
    },
    "nconf_in": 4,
    "nconf_out": 4
}