{
   "temperature":     298.150000000000,
   "unit": "hartree",
   "energy":     -35.716034429465,
   "free energy":     -35.470325811530,
   "G(T)":       0.245708617935,
   "ZPVE":       0.282947289409,
   "number of imags":0,
   "point group": "c1",
   "gradient norm":       0.000057392508
}
