{
   "temperature":     298.150000000000,
   "unit": "hartree",
   "energy":     -54.093460342155,
   "free energy":     -54.013208549589,
   "G(T)":       0.080251792566,
   "ZPVE":       0.123871086293,
   "number of imags":0,
   "point group": "c2v",
   "gradient norm":       0.000013120328
}
