{
   "temperature":     298.150000000000,
   "unit": "hartree",
   "energy":     -23.268576975652,
   "free energy":     -23.211159784108,
   "G(T)":       0.057417191543,
   "ZPVE":       0.090627192850,
   "number of imags":0,
   "point group": "cs",
   "gradient norm":       0.000026266126
}
