{
   "temperature":     298.150000000000,
   "unit": "hartree",
   "energy":     -42.390692074155,
   "free energy":     -42.232268620420,
   "G(T)":       0.158423453734,
   "ZPVE":       0.199157856279,
   "number of imags":0,
   "point group": "c1",
   "gradient norm":       0.000070158695
}
