{
   "temperature":     298.150000000000,
   "unit": "hartree",
   "energy":     -18.981652548604,
   "free energy":     -18.845271423671,
   "G(T)":       0.136381124932,
   "ZPVE":       0.167023938094,
   "number of imags":0,
   "point group": "c1",
   "gradient norm":       0.000035340839
}
