{
   "temperature":     298.150000000000,
   "unit": "hartree",
   "energy":     -14.079444156736,
   "free energy":     -14.016501061481,
   "G(T)":       0.062943095255,
   "ZPVE":       0.092801071162,
   "number of imags":0,
   "point group": "cs",
   "gradient norm":       0.000077177234
}
