{
   "temperature":     298.150000000000,
   "unit": "hartree",
   "energy":     -10.914382191234,
   "free energy":     -10.877343115700,
   "G(T)":       0.037039075534,
   "ZPVE":       0.064555084031,
   "number of imags":0,
   "point group": "cs",
   "gradient norm":       0.000098842436
}
