{
   "temperature":     298.150000000000,
   "unit": "hartree",
   "energy":     -34.767144142062,
   "free energy":     -34.771280530995,
   "G(T)":      -0.004136388934,
   "ZPVE":       0.030941307283,
   "number of imags":0,
   "point group": "cs",
   "gradient norm":       0.000090598466
}
