{
    "partname": "prescreening",
    "runtime": 6.835064118728042,
    "results": {
        "CONF1": {
            "xtb_gsolv": {
                "gsolv": 0.005129110303997209,
                "energy_xtb_gas": -20.411384717517,
                "energy_xtb_solv": -20.406255607213
            },
            "sp": {
                "energy": -2910.478088633129
            },
            "gtot": -2910.472959522825,
            "bmw": 1.0
        }
    },
    "settings": {
        "threshold": 4.0,
        "func": "pbe-d4",
        "basis": "def2-sv(p)",
        "prog": "orca",
        "gfnv": "gfn2",
        "run": true,
        "template": false
    },
    "nconf_in": 1,
    "nconf_out": 1
}