{
    "partname": "prescreening",
    "runtime": 7.547402950935066,
    "results": {
        "CONF1": {
            "xtb_gsolv": {
                "gsolv": 0.0015031732339991777,
                "energy_xtb_gas": -19.997290031351,
                "energy_xtb_solv": -19.995786858117
            },
            "sp": {
                "energy": -236.450122439887
            },
            "gtot": -236.448619266653,
            "bmw": 1.0
        }
    },
    "settings": {
        "threshold": 4.0,
        "func": "pbe-d4",
        "basis": "def2-sv(p)",
        "prog": "orca",
        "gfnv": "gfn2",
        "run": true,
        "template": false
    },
    "nconf_in": 1,
    "nconf_out": 1
}