{
   "temperature":     298.150000000000,
   "unit": "hartree",
   "energy":     -42.171479504054,
   "free energy":     -42.031629844144,
   "G(T)":       0.139849659910,
   "ZPVE":       0.181786938489,
   "number of imags":0,
   "point group": "c1",
   "gradient norm":       0.000037821649
}
