{
   "temperature":     298.150000000000,
   "unit": "hartree",
   "energy":     -33.643656049375,
   "free energy":     -33.445880830926,
   "G(T)":       0.197775218448,
   "ZPVE":       0.235442610093,
   "number of imags":0,
   "point group": "c1",
   "gradient norm":       0.000110837568
}
