{
   "temperature":     298.150000000000,
   "unit": "hartree",
   "energy":     -51.023812649019,
   "free energy":     -50.942065035661,
   "G(T)":       0.081747613358,
   "ZPVE":       0.127717532952,
   "number of imags":0,
   "point group": "c1",
   "gradient norm":       0.000070546789
}
