{
    "partname": "prescreening",
    "runtime": 14.984251053072512,
    "results": {
        "CONF4": {
            "xtb_gsolv": {
                "gsolv": -0.01222532094099904,
                "energy_xtb_gas": -42.376443954141,
                "energy_xtb_solv": -42.388669275082
            },
            "sp": {
                "energy": -667.731061004312
            },
            "gtot": -667.7432863252529,
            "bmw": 0.003870522150643064
        },
        "CONF3": {
            "xtb_gsolv": {
                "gsolv": -0.012187078887997416,
                "energy_xtb_gas": -42.376691239628,
                "energy_xtb_solv": -42.388878318516
            },
            "sp": {
                "energy": -667.730843581248
            },
            "gtot": -667.743030660136,
            "bmw": 0.0029523765261311044
        },
        "CONF2": {
            "xtb_gsolv": {
                "gsolv": -0.011842389039998125,
                "energy_xtb_gas": -42.38184077859,
                "energy_xtb_solv": -42.39368316763
            },
            "sp": {
                "energy": -667.735410537637
            },
            "gtot": -667.747252926677,
            "bmw": 0.25839250849382034
        },
        "CONF1": {
            "xtb_gsolv": {
                "gsolv": -0.011690800536996448,
                "energy_xtb_gas": -42.383210662979,
                "energy_xtb_solv": -42.394901463516
            },
            "sp": {
                "energy": -667.736526413898
            },
            "gtot": -667.748217214435,
            "bmw": 0.7174994698113369
        },
        "CONF6": {
            "xtb_gsolv": {
                "gsolv": -0.01227891648899515,
                "energy_xtb_gas": -42.376295601487,
                "energy_xtb_solv": -42.388574517976
            },
            "sp": {
                "energy": -667.73138247461
            },
            "gtot": -667.743661391099,
            "bmw": 0.005758215371397357
        },
        "CONF5": {
            "xtb_gsolv": {
                "gsolv": -0.012263016273003302,
                "energy_xtb_gas": -42.376353788846,
                "energy_xtb_solv": -42.388616805119
            },
            "sp": {
                "energy": -667.731325129623
            },
            "gtot": -667.743588145896,
            "bmw": 0.005328407651018672
        },
        "CONF7": {
            "xtb_gsolv": {
                "gsolv": -0.012286404458002664,
                "energy_xtb_gas": -42.376273763791,
                "energy_xtb_solv": -42.388560168249
            },
            "sp": {
                "energy": -667.731444553849
            },
            "gtot": -667.743730958307,
            "bmw": 0.006198499995652641
        }
    },
    "settings": {
        "threshold": 4.0,
        "func": "pbe-d4",
        "basis": "def2-sv(p)",
        "prog": "orca",
        "gfnv": "gfn2",
        "run": true,
        "template": false
    },
    "nconf_in": 7,
    "nconf_out": 7
}