{
    "partname": "screening",
    "runtime": 109.43665270833299,
    "results": {
        "CONF1": {
            "gsolv": {
                "gsolv": -0.013009142522946604,
                "energy_gas": -668.97833808501,
                "energy_solv": -668.991347227533
            },
            "gtot": -668.991347227533,
            "bmw": 0.0740248378317031
        },
        "CONF4": {
            "gsolv": {
                "gsolv": -0.01521157308502552,
                "energy_gas": -668.973568919675,
                "energy_solv": -668.98878049276
            },
            "gtot": -668.98878049276,
            "bmw": 0.00488383735538125
        },
        "CONF5": {
            "gsolv": {
                "gsolv": -0.015521781494953757,
                "energy_gas": -668.974050028391,
                "energy_solv": -668.989571809886
            },
            "gtot": -668.989571809886,
            "bmw": 0.011291246152439363
        },
        "CONF6": {
            "gsolv": {
                "gsolv": -0.015684677088984245,
                "energy_gas": -668.9742868546,
                "energy_solv": -668.989971531689
            },
            "gtot": -668.989971531689,
            "bmw": 0.017242537441806007
        },
        "CONF7": {
            "gsolv": {
                "gsolv": -0.015902244442941083,
                "energy_gas": -668.974716280504,
                "energy_solv": -668.990618524947
            },
            "gtot": -668.990618524947,
            "bmw": 0.03421349781500182
        },
        "CONF3": {
            "gsolv": {
                "gsolv": -0.015380743711034484,
                "energy_gas": -668.974573641,
                "energy_solv": -668.989954384711
            },
            "gtot": -668.989954384711,
            "bmw": 0.01693222823433904
        },
        "CONF2": {
            "gsolv": {
                "gsolv": -0.015399889559034818,
                "energy_gas": -668.978242347133,
                "energy_solv": -668.993642236692
            },
            "gtot": -668.993642236692,
            "bmw": 0.8414118151693294
        }
    },
    "settings": {
        "threshold": 3.5,
        "func": "r2scan-3c",
        "basis": "def2-tzvp",
        "prog": "orca",
        "sm": "smd",
        "gfnv": "gfn2",
        "run": true,
        "implicit": false,
        "template": false
    },
    "nconf_in": 7,
    "nconf_out": 7
}