{
    "partname": "refinement",
    "runtime": 1023.1390959145501,
    "results": {
        "CONF1": {
            "gsolv": {
                "gsolv": -0.017016951803043412,
                "energy_gas": -669.16983104946,
                "energy_solv": -669.186848001263
            },
            "gtot": -669.186848001263,
            "bmw": 0.4831392071146824
        },
        "CONF2": {
            "gsolv": {
                "gsolv": -0.016927520494959936,
                "energy_gas": -669.169909364226,
                "energy_solv": -669.186836884721
            },
            "gtot": -669.186836884721,
            "bmw": 0.4774842236751738
        },
        "CONF5": {
            "gsolv": {
                "gsolv": -0.017931485757912924,
                "energy_gas": -669.1655292499,
                "energy_solv": -669.183460735658
            },
            "gtot": -669.183460735658,
            "bmw": 0.013367123248763543
        },
        "CONF4": {
            "gsolv": {
                "gsolv": -0.017931600827068905,
                "energy_gas": -669.165533563727,
                "energy_solv": -669.183465164554
            },
            "gtot": -669.183465164554,
            "bmw": 0.013429971887629198
        },
        "CONF7": {
            "gsolv": {
                "gsolv": -0.017868236703975526,
                "energy_gas": -669.165535157011,
                "energy_solv": -669.183403393715
            },
            "gtot": -669.183403393715,
            "bmw": 0.012579474073751398
        }
    },
    "settings": {
        "threshold": 0.95,
        "func": "wb97x-v",
        "basis": "def2-tzvp",
        "prog": "orca",
        "sm": "smd",
        "gfnv": "gfn2",
        "run": true,
        "implicit": false,
        "template": false
    },
    "nconf_in": 5,
    "nconf_out": 5
}