{
   "temperature":     298.150000000000,
   "unit": "hartree",
   "energy":     -17.477871984167,
   "free energy":     -17.410747093307,
   "G(T)":       0.067124890860,
   "ZPVE":       0.096331685080,
   "number of imags":0,
   "point group": "cs",
   "gradient norm":       0.000049622362
}
