{
    "partname": "prescreening",
    "runtime": 15.800515956245363,
    "results": {
        "CONF1": {
            "xtb_gsolv": {
                "gsolv": -0.021606407774996228,
                "energy_xtb_gas": -42.866274676387,
                "energy_xtb_solv": -42.887881084162
            },
            "sp": {
                "energy": -1083.938998915043
            },
            "gtot": -1083.9606053228179,
            "bmw": 0.8729259244850102
        },
        "CONF2": {
            "xtb_gsolv": {
                "gsolv": -0.022434259261999046,
                "energy_xtb_gas": -42.862865530611,
                "energy_xtb_solv": -42.885299789873
            },
            "sp": {
                "energy": -1083.936351545371
            },
            "gtot": -1083.958785804633,
            "bmw": 0.12707407551498984
        }
    },
    "settings": {
        "threshold": 4.0,
        "func": "pbe-d4",
        "basis": "def2-sv(p)",
        "prog": "orca",
        "gfnv": "gfn2",
        "run": true,
        "template": false
    },
    "nconf_in": 2,
    "nconf_out": 2
}