{
    "partname": "screening",
    "runtime": 115.11926066037267,
    "results": {
        "CONF2": {
            "gsolv": {
                "gsolv": -0.025295042167044812,
                "energy_gas": -1085.380687108036,
                "energy_solv": -1085.405982150203
            },
            "gtot": -1085.405982150203,
            "bmw": 0.7444201787486808
        },
        "CONF1": {
            "gsolv": {
                "gsolv": -0.021662553281885266,
                "energy_gas": -1085.383310197544,
                "energy_solv": -1085.404972750826
            },
            "gtot": -1085.404972750826,
            "bmw": 0.2555798212513193
        }
    },
    "settings": {
        "threshold": 3.5,
        "func": "r2scan-3c",
        "basis": "def2-tzvp",
        "prog": "orca",
        "sm": "smd",
        "gfnv": "gfn2",
        "run": true,
        "implicit": false,
        "template": false
    },
    "nconf_in": 2,
    "nconf_out": 2
}