{
    "partname": "refinement",
    "runtime": 933.9174411622807,
    "results": {
        "CONF2": {
            "gsolv": {
                "gsolv": -0.02608824120193276,
                "energy_gas": -1085.523641041773,
                "energy_solv": -1085.549729282975
            },
            "gtot": -1085.549729282975,
            "bmw": 0.5068121162563668
        },
        "CONF1": {
            "gsolv": {
                "gsolv": -0.024627946424971014,
                "energy_gas": -1085.525075607399,
                "energy_solv": -1085.549703553824
            },
            "gtot": -1085.549703553824,
            "bmw": 0.4931878837436332
        }
    },
    "settings": {
        "threshold": 0.95,
        "func": "wb97x-v",
        "basis": "def2-tzvp",
        "prog": "orca",
        "sm": "smd",
        "gfnv": "gfn2",
        "run": true,
        "implicit": false,
        "template": false
    },
    "nconf_in": 2,
    "nconf_out": 2
}