{
   "temperature":     298.150000000000,
   "unit": "hartree",
   "energy":     -13.744150975293,
   "free energy":     -13.672157143620,
   "G(T)":       0.071993831673,
   "ZPVE":       0.101177543051,
   "number of imags":0,
   "point group": "c1",
   "gradient norm":       0.000031407685
}
