{
   "temperature":     298.150000000000,
   "unit": "hartree",
   "energy":     -13.741944022925,
   "free energy":     -13.670379064345,
   "G(T)":       0.071564958580,
   "ZPVE":       0.100991576438,
   "number of imags":0,
   "point group": "c1",
   "gradient norm":       0.000083548020
}
