{
    "partname": "prescreening",
    "runtime": 3.6754248468205333,
    "results": {
        "CONF1": {
            "xtb_gsolv": {
                "gsolv": 0.00016581108799940125,
                "energy_xtb_gas": -8.382905157818,
                "energy_xtb_solv": -8.38273934673
            },
            "sp": {
                "energy": -116.371284422113
            },
            "gtot": -116.37111861102501,
            "bmw": 1.0
        }
    },
    "settings": {
        "threshold": 4.0,
        "func": "pbe-d4",
        "basis": "def2-sv(p)",
        "prog": "orca",
        "gfnv": "gfn2",
        "run": true,
        "template": false
    },
    "nconf_in": 1,
    "nconf_out": 1
}