{
   "temperature":     298.150000000000,
   "unit": "hartree",
   "energy":     -17.729238368115,
   "free energy":     -17.625243837759,
   "G(T)":       0.103994530356,
   "ZPVE":       0.133714609062,
   "number of imags":0,
   "point group": "cs",
   "gradient norm":       0.000024214362
}
