{
   "temperature":     298.150000000000,
   "unit": "hartree",
   "energy":     -43.408167734012,
   "free energy":     -43.260059587517,
   "G(T)":       0.148108146495,
   "ZPVE":       0.186203265607,
   "number of imags":0,
   "point group": "c1",
   "gradient norm":       0.000171190380
}
