{
   "temperature":     298.150000000000,
   "unit": "hartree",
   "energy":     -23.052862773974,
   "free energy":     -22.912210690486,
   "G(T)":       0.140652083488,
   "ZPVE":       0.171054699264,
   "number of imags":0,
   "point group": "c1",
   "gradient norm":       0.000041265280
}
