{
   "temperature":     298.150000000000,
   "unit": "hartree",
   "energy":     -27.195652472201,
   "free energy":     -27.096392971754,
   "G(T)":       0.099259500448,
   "ZPVE":       0.131975510629,
   "number of imags":0,
   "point group": "cs",
   "gradient norm":       0.000034560582
}
