{
   "temperature":     298.150000000000,
   "unit": "hartree",
   "energy":     -27.190779307291,
   "free energy":     -27.091619431978,
   "G(T)":       0.099159875314,
   "ZPVE":       0.131932265545,
   "number of imags":0,
   "point group": "cs",
   "gradient norm":       0.000035603467
}
