{
   "temperature":     298.150000000000,
   "unit": "hartree",
   "energy":     -35.715945098802,
   "free energy":     -35.470460896972,
   "G(T)":       0.245484201829,
   "ZPVE":       0.282991702876,
   "number of imags":0,
   "point group": "c1",
   "gradient norm":       0.000057510647
}
