{
   "temperature":     298.150000000000,
   "unit": "hartree",
   "energy":     -23.307450979491,
   "free energy":     -23.180103846158,
   "G(T)":       0.127347133333,
   "ZPVE":       0.157717925062,
   "number of imags":0,
   "point group": "cs",
   "gradient norm":       0.000038239732
}
