{
    "partname": "prescreening",
    "runtime": 8.179039593786001,
    "results": {
        "CONF3": {
            "xtb_gsolv": {
                "gsolv": 0.00028885475100182134,
                "energy_xtb_gas": -24.326365180799,
                "energy_xtb_solv": -24.326076326048
            },
            "sp": {
                "energy": -348.162149243996
            },
            "gtot": -348.161860389245,
            "bmw": 0.017936069917424687
        },
        "CONF2": {
            "xtb_gsolv": {
                "gsolv": 0.0002146728990020108,
                "energy_xtb_gas": -24.326378279124,
                "energy_xtb_solv": -24.326163606225
            },
            "sp": {
                "energy": -348.165251606675
            },
            "gtot": -348.165036933776,
            "bmw": 0.5186049207115127
        },
        "CONF1": {
            "xtb_gsolv": {
                "gsolv": 0.00027119109300244304,
                "energy_xtb_gas": -24.327860117315,
                "energy_xtb_solv": -24.327588926222
            },
            "sp": {
                "energy": -348.165151375657
            },
            "gtot": -348.16488018456397,
            "bmw": 0.43927550477485056
        },
        "CONF4": {
            "xtb_gsolv": {
                "gsolv": 0.00032572496199989587,
                "energy_xtb_gas": -24.325912319325,
                "energy_xtb_solv": -24.325586594363
            },
            "sp": {
                "energy": -348.16246829015
            },
            "gtot": -348.162142565188,
            "bmw": 0.024183504596212213
        }
    },
    "settings": {
        "threshold": 4.0,
        "func": "pbe-d4",
        "basis": "def2-sv(p)",
        "prog": "orca",
        "gfnv": "gfn2",
        "run": true,
        "template": false
    },
    "nconf_in": 4,
    "nconf_out": 4
}