{
    "partname": "screening",
    "runtime": 44.336044582072645,
    "results": {
        "CONF2": {
            "gsolv": {
                "gsolv": -0.0018580343229928076,
                "energy_gas": -348.855386972002,
                "energy_solv": -348.857245006325
            },
            "gtot": -348.857245006325,
            "bmw": 0.46022375855025244
        },
        "CONF1": {
            "gsolv": {
                "gsolv": -0.0014187051669978246,
                "energy_gas": -348.855941404901,
                "energy_solv": -348.857360110068
            },
            "gtot": -348.857360110068,
            "bmw": 0.5198919487493747
        },
        "CONF4": {
            "gsolv": {
                "gsolv": -0.0006114457670491902,
                "energy_gas": -348.852695545182,
                "energy_solv": -348.853306990949
            },
            "gtot": -348.853306990949,
            "bmw": 0.007105707823423856
        },
        "CONF3": {
            "gsolv": {
                "gsolv": -0.0010753522279856043,
                "energy_gas": -348.852785754066,
                "energy_solv": -348.853861106294
            },
            "gtot": -348.853861106294,
            "bmw": 0.012778584876948992
        }
    },
    "settings": {
        "threshold": 3.5,
        "func": "r2scan-3c",
        "basis": "def2-tzvp",
        "prog": "orca",
        "sm": "smd",
        "gfnv": "gfn2",
        "run": true,
        "implicit": false,
        "template": false
    },
    "nconf_in": 4,
    "nconf_out": 4
}