{
    "partname": "refinement",
    "runtime": 384.0601382018067,
    "results": {
        "CONF2": {
            "gsolv": {
                "gsolv": -0.0017885297110069587,
                "energy_gas": -348.971936876824,
                "energy_solv": -348.973725406535
            },
            "gtot": -348.973725406535,
            "bmw": 0.1332740626625085
        },
        "CONF4": {
            "gsolv": {
                "gsolv": -0.0014558143419662883,
                "energy_gas": -348.973011266179,
                "energy_solv": -348.974467080521
            },
            "gtot": -348.974467080521,
            "bmw": 0.29234256684122006
        },
        "CONF3": {
            "gsolv": {
                "gsolv": -0.0014776160190308474,
                "energy_gas": -348.972964942589,
                "energy_solv": -348.974442558608
            },
            "gtot": -348.974442558608,
            "bmw": 0.2848477259453992
        },
        "CONF1": {
            "gsolv": {
                "gsolv": -0.0014743824330025745,
                "energy_gas": -348.972983588721,
                "energy_solv": -348.974457971154
            },
            "gtot": -348.974457971154,
            "bmw": 0.2895356445508722
        }
    },
    "settings": {
        "threshold": 0.95,
        "func": "wb97x-v",
        "basis": "def2-tzvp",
        "prog": "orca",
        "sm": "smd",
        "gfnv": "gfn2",
        "run": true,
        "implicit": false,
        "template": false
    },
    "nconf_in": 4,
    "nconf_out": 4
}