{
   "temperature":     298.150000000000,
   "unit": "hartree",
   "energy":     -43.392150580893,
   "free energy":     -43.244215428439,
   "G(T)":       0.147935152454,
   "ZPVE":       0.186427035856,
   "number of imags":0,
   "point group": "c1",
   "gradient norm":       0.000026212725
}
