{
   "temperature":     298.150000000000,
   "unit": "hartree",
   "energy":     -48.535858876948,
   "free energy":     -48.332521197470,
   "G(T)":       0.203337679478,
   "ZPVE":       0.247621771817,
   "number of imags":0,
   "point group": "c1",
   "gradient norm":       0.000101091107
}
