{
    "partname": "prescreening",
    "runtime": 8.980497065931559,
    "results": {
        "CONF1": {
            "xtb_gsolv": {
                "gsolv": -0.0037894621510012882,
                "energy_xtb_gas": -22.486572194255,
                "energy_xtb_solv": -22.490361656406
            },
            "sp": {
                "energy": -326.180442975868
            },
            "gtot": -326.184232438019,
            "bmw": 1.0
        }
    },
    "settings": {
        "threshold": 4.0,
        "func": "pbe-d4",
        "basis": "def2-sv(p)",
        "prog": "orca",
        "gfnv": "gfn2",
        "run": true,
        "template": false
    },
    "nconf_in": 1,
    "nconf_out": 1
}