{
    "partname": "prescreening",
    "runtime": 7.393158812075853,
    "results": {
        "CONF1": {
            "xtb_gsolv": {
                "gsolv": -0.0019598801600011484,
                "energy_xtb_gas": -23.039934512534,
                "energy_xtb_solv": -23.041894392694
            },
            "sp": {
                "energy": -5377.46058038041
            },
            "gtot": -5377.46254026057,
            "bmw": 1.0
        }
    },
    "settings": {
        "threshold": 4.0,
        "func": "pbe-d4",
        "basis": "def2-sv(p)",
        "prog": "orca",
        "gfnv": "gfn2",
        "run": true,
        "template": false
    },
    "nconf_in": 1,
    "nconf_out": 1
}