{
   "temperature":     298.150000000000,
   "unit": "hartree",
   "energy":     -22.144876110505,
   "free energy":     -22.093864278526,
   "G(T)":       0.051011831980,
   "ZPVE":       0.085291685989,
   "number of imags":0,
   "point group": "c1",
   "gradient norm":       0.000082963162
}
