{
   "temperature":     298.150000000000,
   "unit": "hartree",
   "energy":     -43.388636922275,
   "free energy":     -43.241234369675,
   "G(T)":       0.147402552600,
   "ZPVE":       0.186196415609,
   "number of imags":0,
   "point group": "c1",
   "gradient norm":       0.000104082565
}
