{
   "temperature":     298.150000000000,
   "unit": "hartree",
   "energy":     -23.378818510708,
   "free energy":     -23.306794433206,
   "G(T)":       0.072024077502,
   "ZPVE":       0.103616680664,
   "number of imags":0,
   "point group": "c1",
   "gradient norm":       0.000050554247
}
