{
    "partname": "prescreening",
    "runtime": 5.97749194316566,
    "results": {
        "CONF1": {
            "xtb_gsolv": {
                "gsolv": 0.002440108054997836,
                "energy_xtb_gas": -16.988241768654,
                "energy_xtb_solv": -16.985801660599
            },
            "sp": {
                "energy": -591.584975065608
            },
            "gtot": -591.582534957553,
            "bmw": 1.0
        }
    },
    "settings": {
        "threshold": 4.0,
        "func": "pbe-d4",
        "basis": "def2-sv(p)",
        "prog": "orca",
        "gfnv": "gfn2",
        "run": true,
        "template": false
    },
    "nconf_in": 1,
    "nconf_out": 1
}