{
   "temperature":     298.150000000000,
   "unit": "hartree",
   "energy":     -15.774225868023,
   "free energy":     -15.672270154604,
   "G(T)":       0.101955713419,
   "ZPVE":       0.134211156934,
   "number of imags":0,
   "point group": "c1",
   "gradient norm":       0.000092367815
}
