{
   "temperature":     298.150000000000,
   "unit": "hartree",
   "energy":     -70.267431321976,
   "free energy":     -70.233696470740,
   "G(T)":       0.033734851236,
   "ZPVE":       0.085133423650,
   "number of imags":0,
   "point group": "d2h",
   "gradient norm":       0.000016266623
}
