{
    "partname": "prescreening",
    "runtime": 18.557183794677258,
    "results": {
        "CONF1": {
            "xtb_gsolv": {
                "gsolv": -0.0035337364849965525,
                "energy_xtb_gas": -46.959235977405,
                "energy_xtb_solv": -46.96276971389
            },
            "sp": {
                "energy": -2299.40111114657
            },
            "gtot": -2299.404644883055,
            "bmw": 1.0
        }
    },
    "settings": {
        "threshold": 4.0,
        "func": "pbe-d4",
        "basis": "def2-sv(p)",
        "prog": "orca",
        "gfnv": "gfn2",
        "run": true,
        "template": false
    },
    "nconf_in": 1,
    "nconf_out": 1
}