{
   "temperature":     298.150000000000,
   "unit": "hartree",
   "energy":     -20.771157826344,
   "free energy":     -20.681013402888,
   "G(T)":       0.090144423455,
   "ZPVE":       0.117975830650,
   "number of imags":0,
   "point group": "c2h",
   "gradient norm":       0.000010648952
}
