{
   "temperature":     298.150000000000,
   "unit": "hartree",
   "energy":     -19.995102037646,
   "free energy":     -19.839706661292,
   "G(T)":       0.155395376353,
   "ZPVE":       0.186596516186,
   "number of imags":0,
   "point group": "c2",
   "gradient norm":       0.000037873623
}
