{
   "temperature":     298.150000000000,
   "unit": "hartree",
   "energy":     -33.611593457822,
   "free energy":     -33.416351533111,
   "G(T)":       0.195241924711,
   "ZPVE":       0.233627627456,
   "number of imags":0,
   "point group": "c1",
   "gradient norm":       0.000037043681
}
