{
    "partname": "prescreening",
    "runtime": 17.595728060230613,
    "results": {
        "CONF1": {
            "xtb_gsolv": {
                "gsolv": -0.006774455566002757,
                "energy_xtb_gas": -51.015224525871,
                "energy_xtb_solv": -51.021998981437
            },
            "sp": {
                "energy": -2758.684592066585
            },
            "gtot": -2758.691366522151,
            "bmw": 1.0
        }
    },
    "settings": {
        "threshold": 4.0,
        "func": "pbe-d4",
        "basis": "def2-sv(p)",
        "prog": "orca",
        "gfnv": "gfn2",
        "run": true,
        "template": false
    },
    "nconf_in": 1,
    "nconf_out": 1
}