{
   "temperature":     298.150000000000,
   "unit": "hartree",
   "energy":     -59.112985866845,
   "free energy":     -59.054701154439,
   "G(T)":       0.058284712406,
   "ZPVE":       0.108229562904,
   "number of imags":0,
   "point group": "c1",
   "gradient norm":       0.000058483616
}
