{
    "partname": "prescreening",
    "runtime": 7.8924774918705225,
    "results": {
        "CONF1": {
            "xtb_gsolv": {
                "gsolv": -0.0030925645119985745,
                "energy_xtb_gas": -22.071534265387,
                "energy_xtb_solv": -22.074626829899
            },
            "sp": {
                "energy": -344.843898706494
            },
            "gtot": -344.84699127100595,
            "bmw": 1.0
        }
    },
    "settings": {
        "threshold": 4.0,
        "func": "pbe-d4",
        "basis": "def2-sv(p)",
        "prog": "orca",
        "gfnv": "gfn2",
        "run": true,
        "template": false
    },
    "nconf_in": 1,
    "nconf_out": 1
}