{
   "temperature":     298.150000000000,
   "unit": "hartree",
   "energy":     -43.390482557777,
   "free energy":     -43.242253507390,
   "G(T)":       0.148229050387,
   "ZPVE":       0.186476937928,
   "number of imags":0,
   "point group": "c1",
   "gradient norm":       0.000103380173
}
