{
    "partname": "prescreening",
    "runtime": 9.275787348859012,
    "results": {
        "CONF3": {
            "xtb_gsolv": {
                "gsolv": -0.006766349359999424,
                "energy_xtb_gas": -25.514487882411,
                "energy_xtb_solv": -25.521254231771
            },
            "sp": {
                "energy": -400.081952322206
            },
            "gtot": -400.088718671566,
            "bmw": 0.0077678155109403
        },
        "CONF1": {
            "xtb_gsolv": {
                "gsolv": -0.006751486553000063,
                "energy_xtb_gas": -25.516555220195,
                "energy_xtb_solv": -25.523306706748
            },
            "sp": {
                "energy": -400.086118345151
            },
            "gtot": -400.09286983170404,
            "bmw": 0.6305222191588581
        },
        "CONF2": {
            "xtb_gsolv": {
                "gsolv": -0.00739846927999821,
                "energy_xtb_gas": -25.515672183189,
                "energy_xtb_solv": -25.523070652469
            },
            "sp": {
                "energy": -400.084933976822
            },
            "gtot": -400.09233244610203,
            "bmw": 0.3568782893629948
        },
        "CONF4": {
            "xtb_gsolv": {
                "gsolv": -0.007266825581002223,
                "energy_xtb_gas": -25.513769707844,
                "energy_xtb_solv": -25.521036533425
            },
            "sp": {
                "energy": -400.081003551692
            },
            "gtot": -400.088270377273,
            "bmw": 0.004831675967206863
        }
    },
    "settings": {
        "threshold": 4.0,
        "func": "pbe-d4",
        "basis": "def2-sv(p)",
        "prog": "orca",
        "gfnv": "gfn2",
        "run": true,
        "template": false
    },
    "nconf_in": 4,
    "nconf_out": 4
}