{
    "partname": "screening",
    "runtime": 59.911352317780256,
    "results": {
        "CONF1": {
            "gsolv": {
                "gsolv": -0.012064970948983955,
                "energy_gas": -400.833111175221,
                "energy_solv": -400.84517614617
            },
            "gtot": -400.84517614617,
            "bmw": 0.5063296950579442
        },
        "CONF3": {
            "gsolv": {
                "gsolv": -0.012651953872989452,
                "energy_gas": -400.829419878129,
                "energy_solv": -400.842071832002
            },
            "gtot": -400.842071832002,
            "bmw": 0.018903739358135347
        },
        "CONF2": {
            "gsolv": {
                "gsolv": -0.013188326780039006,
                "energy_gas": -400.831887308039,
                "energy_solv": -400.845075634819
            },
            "gtot": -400.845075634819,
            "bmw": 0.45519908170413004
        },
        "CONF4": {
            "gsolv": {
                "gsolv": -0.013606566144005683,
                "energy_gas": -400.828497849122,
                "energy_solv": -400.842104415266
            },
            "gtot": -400.842104415266,
            "bmw": 0.01956748387979053
        }
    },
    "settings": {
        "threshold": 3.5,
        "func": "r2scan-3c",
        "basis": "def2-tzvp",
        "prog": "orca",
        "sm": "smd",
        "gfnv": "gfn2",
        "run": true,
        "implicit": false,
        "template": false
    },
    "nconf_in": 4,
    "nconf_out": 4
}