{
    "partname": "refinement",
    "runtime": 328.57037549838424,
    "results": {
        "CONF1": {
            "gsolv": {
                "gsolv": -0.013178638115959984,
                "energy_gas": -400.950370159342,
                "energy_solv": -400.963548797458
            },
            "gtot": -400.963548797458,
            "bmw": 0.29194154292970353
        },
        "CONF3": {
            "gsolv": {
                "gsolv": -0.013184178606991281,
                "energy_gas": -400.950351406278,
                "energy_solv": -400.963535584885
            },
            "gtot": -400.963535584885,
            "bmw": 0.2878846679958103
        },
        "CONF4": {
            "gsolv": {
                "gsolv": -0.014300796788006664,
                "energy_gas": -400.948937924532,
                "energy_solv": -400.96323872132
            },
            "gtot": -400.96323872132,
            "bmw": 0.21021841057504373
        },
        "CONF2": {
            "gsolv": {
                "gsolv": -0.0142591566539636,
                "energy_gas": -400.948978382533,
                "energy_solv": -400.963237539187
            },
            "gtot": -400.963237539187,
            "bmw": 0.20995537849944232
        }
    },
    "settings": {
        "threshold": 0.95,
        "func": "wb97x-v",
        "basis": "def2-tzvp",
        "prog": "orca",
        "sm": "smd",
        "gfnv": "gfn2",
        "run": true,
        "implicit": false,
        "template": false
    },
    "nconf_in": 4,
    "nconf_out": 4
}