{
    "partname": "prescreening",
    "runtime": 17.097638674080372,
    "results": {
        "CONF1": {
            "xtb_gsolv": {
                "gsolv": -0.0019513094799989972,
                "energy_xtb_gas": -34.818551904362,
                "energy_xtb_solv": -34.820503213842
            },
            "sp": {
                "energy": -921.568500227781
            },
            "gtot": -921.570451537261,
            "bmw": 1.0
        }
    },
    "settings": {
        "threshold": 4.0,
        "func": "pbe-d4",
        "basis": "def2-sv(p)",
        "prog": "orca",
        "gfnv": "gfn2",
        "run": true,
        "template": false
    },
    "nconf_in": 1,
    "nconf_out": 1
}