{
   "temperature":     298.150000000000,
   "unit": "hartree",
   "energy":     -28.645806535357,
   "free energy":     -28.508858134219,
   "G(T)":       0.136948401138,
   "ZPVE":       0.170326065646,
   "number of imags":0,
   "point group": "cs",
   "gradient norm":       0.000027037874
}
