{
   "temperature":     298.150000000000,
   "unit": "hartree",
   "energy":     -18.981637248308,
   "free energy":     -18.847319040880,
   "G(T)":       0.134318207427,
   "ZPVE":       0.166893733336,
   "number of imags":0,
   "point group": "c1",
   "gradient norm":       0.000060245912
}
