{
    "partname": "prescreening",
    "runtime": 5.591595462523401,
    "results": {
        "CONF1": {
            "xtb_gsolv": {
                "gsolv": 0.0014267375359988677,
                "energy_xtb_gas": -14.76050962994,
                "energy_xtb_solv": -14.759082892404
            },
            "sp": {
                "energy": -194.849341377369
            },
            "gtot": -194.847914639833,
            "bmw": 1.0
        }
    },
    "settings": {
        "threshold": 4.0,
        "func": "pbe-d4",
        "basis": "def2-sv(p)",
        "prog": "orca",
        "gfnv": "gfn2",
        "run": true,
        "template": false
    },
    "nconf_in": 1,
    "nconf_out": 1
}