{
   "temperature":     298.150000000000,
   "unit": "hartree",
   "energy":     -31.818219156053,
   "free energy":     -31.655363697415,
   "G(T)":       0.162855458637,
   "ZPVE":       0.197621551288,
   "number of imags":0,
   "point group": "c2v",
   "gradient norm":       0.000031669792
}
