{
    "partname": "prescreening",
    "runtime": 8.951235140673816,
    "results": {
        "CONF1": {
            "xtb_gsolv": {
                "gsolv": -0.0027043439110023826,
                "energy_xtb_gas": -25.745745692651,
                "energy_xtb_solv": -25.748450036562
            },
            "sp": {
                "energy": -401.075342923165
            },
            "gtot": -401.078047267076,
            "bmw": 1.0
        }
    },
    "settings": {
        "threshold": 4.0,
        "func": "pbe-d4",
        "basis": "def2-sv(p)",
        "prog": "orca",
        "gfnv": "gfn2",
        "run": true,
        "template": false
    },
    "nconf_in": 1,
    "nconf_out": 1
}