{
   "temperature":     298.150000000000,
   "unit": "hartree",
   "energy":     -22.286483676689,
   "free energy":     -22.195018634813,
   "G(T)":       0.091465041876,
   "ZPVE":       0.125100366056,
   "number of imags":0,
   "point group": "cs",
   "gradient norm":       0.000033358052
}
