{
    "partname": "prescreening",
    "runtime": 12.330999959260225,
    "results": {
        "CONF2": {
            "xtb_gsolv": {
                "gsolv": 0.00032800152600032106,
                "energy_xtb_gas": -28.546536241062,
                "energy_xtb_solv": -28.546208239536
            },
            "sp": {
                "energy": -388.582258835054
            },
            "gtot": -388.581930833528,
            "bmw": 0.01344081556975941
        },
        "CONF1": {
            "xtb_gsolv": {
                "gsolv": 0.0003670593619986562,
                "energy_xtb_gas": -28.551110642671,
                "energy_xtb_solv": -28.550743583309
            },
            "sp": {
                "energy": -388.586354037819
            },
            "gtot": -388.58598697845696,
            "bmw": 0.9865591844302406
        }
    },
    "settings": {
        "threshold": 4.0,
        "func": "pbe-d4",
        "basis": "def2-sv(p)",
        "prog": "orca",
        "gfnv": "gfn2",
        "run": true,
        "template": false
    },
    "nconf_in": 2,
    "nconf_out": 2
}