{
    "partname": "screening",
    "runtime": 64.348459366709,
    "results": {
        "CONF1": {
            "gsolv": {
                "gsolv": -0.0003950429420456203,
                "energy_gas": -389.383113762887,
                "energy_solv": -389.383508805829
            },
            "gtot": -389.383508805829,
            "bmw": 0.9807539820574436
        },
        "CONF2": {
            "gsolv": {
                "gsolv": -0.000615049445002569,
                "energy_gas": -389.379182153408,
                "energy_solv": -389.379797202853
            },
            "gtot": -389.379797202853,
            "bmw": 0.019246017942556377
        }
    },
    "settings": {
        "threshold": 3.5,
        "func": "r2scan-3c",
        "basis": "def2-tzvp",
        "prog": "orca",
        "sm": "smd",
        "gfnv": "gfn2",
        "run": true,
        "implicit": false,
        "template": false
    },
    "nconf_in": 2,
    "nconf_out": 2
}