{
    "partname": "refinement",
    "runtime": 603.1620382228866,
    "results": {
        "CONF2": {
            "gsolv": {
                "gsolv": -0.0005276487850096601,
                "energy_gas": -389.517130565934,
                "energy_solv": -389.517658214719
            },
            "gtot": -389.517658214719,
            "bmw": 0.023890119330079316
        },
        "CONF1": {
            "gsolv": {
                "gsolv": -0.00024180468199119787,
                "energy_gas": -389.520919435959,
                "energy_solv": -389.521161240641
            },
            "gtot": -389.521161240641,
            "bmw": 0.9761098806699207
        }
    },
    "settings": {
        "threshold": 0.95,
        "func": "wb97x-v",
        "basis": "def2-tzvp",
        "prog": "orca",
        "sm": "smd",
        "gfnv": "gfn2",
        "run": true,
        "implicit": false,
        "template": false
    },
    "nconf_in": 2,
    "nconf_out": 2
}