{
   "temperature":     298.150000000000,
   "unit": "hartree",
   "energy":     -28.064542824423,
   "free energy":     -28.016314252046,
   "G(T)":       0.048228572376,
   "ZPVE":       0.081847758082,
   "number of imags":0,
   "point group": "cs",
   "gradient norm":       0.000042820300
}
