{
   "temperature":     298.150000000000,
   "unit": "hartree",
   "energy":     -55.067365080039,
   "free energy":     -54.997551957569,
   "G(T)":       0.069813122470,
   "ZPVE":       0.117959485538,
   "number of imags":0,
   "point group": "c1",
   "gradient norm":       0.000027013275
}
