{
   "temperature":     298.150000000000,
   "unit": "hartree",
   "energy":     -20.789550265529,
   "free energy":     -20.708037290551,
   "G(T)":       0.081512974977,
   "ZPVE":       0.114943225047,
   "number of imags":0,
   "point group": "c1",
   "gradient norm":       0.000041703628
}
