{
    "partname": "prescreening",
    "runtime": 9.724496383685619,
    "results": {
        "CONF1": {
            "xtb_gsolv": {
                "gsolv": -0.00515698724899849,
                "energy_xtb_gas": -26.1558172336,
                "energy_xtb_solv": -26.160974220849
            },
            "sp": {
                "energy": -419.939255462498
            },
            "gtot": -419.944412449747,
            "bmw": 0.999947019604555
        },
        "CONF2": {
            "xtb_gsolv": {
                "gsolv": -0.010737771053999978,
                "energy_xtb_gas": -26.146149236773,
                "energy_xtb_solv": -26.156887007827
            },
            "sp": {
                "energy": -419.92425978259
            },
            "gtot": -419.934997553644,
            "bmw": 4.671157893507216e-05
        },
        "CONF3": {
            "xtb_gsolv": {
                "gsolv": -0.011734653081003188,
                "energy_xtb_gas": -26.141763978481,
                "energy_xtb_solv": -26.153498631562
            },
            "sp": {
                "energy": -419.921235228869
            },
            "gtot": -419.93296988195004,
            "bmw": 5.454565083350221e-06
        },
        "CONF4": {
            "xtb_gsolv": {
                "gsolv": -0.00799973078300198,
                "energy_xtb_gas": -26.14419239278,
                "energy_xtb_solv": -26.152192123563
            },
            "sp": {
                "energy": -419.923174371218
            },
            "gtot": -419.931174102001,
            "bmw": 8.142514264735007e-07
        }
    },
    "settings": {
        "threshold": 4.0,
        "func": "pbe-d4",
        "basis": "def2-sv(p)",
        "prog": "orca",
        "gfnv": "gfn2",
        "run": true,
        "template": false
    },
    "nconf_in": 4,
    "nconf_out": 1
}