{
   "temperature":     298.150000000000,
   "unit": "hartree",
   "energy":     -22.499834569152,
   "free energy":     -22.394088215592,
   "G(T)":       0.105746353559,
   "ZPVE":       0.139799293801,
   "number of imags":0,
   "point group": "c1",
   "gradient norm":       0.000129316066
}
