{
   "temperature":     298.150000000000,
   "unit": "hartree",
   "energy":     -43.390631072329,
   "free energy":     -43.243522000474,
   "G(T)":       0.147109071856,
   "ZPVE":       0.185917909574,
   "number of imags":0,
   "point group": "c1",
   "gradient norm":       0.000049565695
}
