{
   "temperature":     298.150000000000,
   "unit": "hartree",
   "energy":     -14.563812244853,
   "free energy":     -14.485652650966,
   "G(T)":       0.078159593886,
   "ZPVE":       0.106035944077,
   "number of imags":0,
   "point group": "c1",
   "gradient norm":       0.000029589719
}
