{
   "temperature":     298.150000000000,
   "unit": "hartree",
   "energy":     -18.822113275479,
   "free energy":     -18.736115570398,
   "G(T)":       0.085997705081,
   "ZPVE":       0.116527316497,
   "number of imags":0,
   "point group": "cs",
   "gradient norm":       0.000065001070
}
