{
   "temperature":     298.150000000000,
   "unit": "hartree",
   "energy":     -35.716116936384,
   "free energy":     -35.471343336036,
   "G(T)":       0.244773600347,
   "ZPVE":       0.282482556672,
   "number of imags":0,
   "point group": "c1",
   "gradient norm":       0.000019922972
}
