{
   "temperature":     298.150000000000,
   "unit": "hartree",
   "energy":     -27.195549260453,
   "free energy":     -27.096276686244,
   "G(T)":       0.099272574209,
   "ZPVE":       0.131973513457,
   "number of imags":0,
   "point group": "cs",
   "gradient norm":       0.000039998378
}
