{
   "temperature":     298.150000000000,
   "unit": "hartree",
   "energy":     -20.789551187340,
   "free energy":     -20.708473722785,
   "G(T)":       0.081077464555,
   "ZPVE":       0.114919029238,
   "number of imags":0,
   "point group": "c1",
   "gradient norm":       0.000045156709
}
