{
   "temperature":     298.150000000000,
   "unit": "hartree",
   "energy":     -42.390691035796,
   "free energy":     -42.232269335135,
   "G(T)":       0.158421700661,
   "ZPVE":       0.199157507811,
   "number of imags":0,
   "point group": "c1",
   "gradient norm":       0.000071335103
}
