{
   "temperature":     298.150000000000,
   "unit": "hartree",
   "energy":     -24.053868472651,
   "free energy":     -24.044693865328,
   "G(T)":       0.009174607324,
   "ZPVE":       0.040162554542,
   "number of imags":0,
   "point group": "cs",
   "gradient norm":       0.000079546517
}
