{
    "partname": "prescreening",
    "runtime": 7.777838674839586,
    "results": {
        "CONF1": {
            "xtb_gsolv": {
                "gsolv": 0.00042403283300274097,
                "energy_xtb_gas": -22.412636130201,
                "energy_xtb_solv": -22.412212097368
            },
            "sp": {
                "energy": -290.497552685733
            },
            "gtot": -290.4971286529,
            "bmw": 0.9969672106988362
        },
        "CONF2": {
            "xtb_gsolv": {
                "gsolv": 0.00045803952099987555,
                "energy_xtb_gas": -22.411761995019,
                "energy_xtb_solv": -22.411303955498
            },
            "sp": {
                "energy": -290.492109314394
            },
            "gtot": -290.491651274873,
            "bmw": 0.0030148199395329004
        },
        "CONF3": {
            "xtb_gsolv": {
                "gsolv": 0.0005721723450022864,
                "energy_xtb_gas": -22.404603812293,
                "energy_xtb_solv": -22.404031639948
            },
            "sp": {
                "energy": -290.487356306694
            },
            "gtot": -290.48678413434897,
            "bmw": 1.7399297130862883e-05
        },
        "CONF4": {
            "xtb_gsolv": {
                "gsolv": 0.0004126460800009113,
                "energy_xtb_gas": -22.404005270908,
                "energy_xtb_solv": -22.403592624828
            },
            "sp": {
                "energy": -290.483969148964
            },
            "gtot": -290.48355650288397,
            "bmw": 5.700644998413797e-07
        }
    },
    "settings": {
        "threshold": 4.0,
        "func": "pbe-d4",
        "basis": "def2-sv(p)",
        "prog": "orca",
        "gfnv": "gfn2",
        "run": true,
        "template": false
    },
    "nconf_in": 4,
    "nconf_out": 2
}