{
    "partname": "screening",
    "runtime": 44.97381296381354,
    "results": {
        "CONF1": {
            "gsolv": {
                "gsolv": -0.0045968787729862015,
                "energy_gas": -291.111264474857,
                "energy_solv": -291.11586135363
            },
            "gtot": -291.11586135363,
            "bmw": 0.9858356373038283
        },
        "CONF2": {
            "gsolv": {
                "gsolv": -0.005348710188968653,
                "energy_gas": -291.106506697742,
                "energy_solv": -291.111855407931
            },
            "gtot": -291.111855407931,
            "bmw": 0.014164362696171764
        }
    },
    "settings": {
        "threshold": 3.5,
        "func": "r2scan-3c",
        "basis": "def2-tzvp",
        "prog": "orca",
        "sm": "smd",
        "gfnv": "gfn2",
        "run": true,
        "implicit": false,
        "template": false
    },
    "nconf_in": 2,
    "nconf_out": 2
}