{
    "partname": "refinement",
    "runtime": 312.1191082522273,
    "results": {
        "CONF1": {
            "gsolv": {
                "gsolv": -0.006122400127992478,
                "energy_gas": -291.227009047654,
                "energy_solv": -291.233131447782
            },
            "gtot": -291.233131447782,
            "bmw": 0.9924623817413115
        },
        "CONF2": {
            "gsolv": {
                "gsolv": -0.006840860380009417,
                "energy_gas": -291.221682703429,
                "energy_solv": -291.228523563809
            },
            "gtot": -291.228523563809,
            "bmw": 0.007537618258688539
        }
    },
    "settings": {
        "threshold": 0.95,
        "func": "wb97x-v",
        "basis": "def2-tzvp",
        "prog": "orca",
        "sm": "smd",
        "gfnv": "gfn2",
        "run": true,
        "implicit": false,
        "template": false
    },
    "nconf_in": 2,
    "nconf_out": 2
}