{
    "partname": "prescreening",
    "runtime": 8.85360532719642,
    "results": {
        "CONF1": {
            "xtb_gsolv": {
                "gsolv": -0.00673866127900169,
                "energy_xtb_gas": -27.187693179156,
                "energy_xtb_solv": -27.194431840435
            },
            "sp": {
                "energy": -421.093806256607
            },
            "gtot": -421.10054491788605,
            "bmw": 0.33375400755215584
        },
        "CONF3": {
            "xtb_gsolv": {
                "gsolv": -0.006992568350998596,
                "energy_xtb_gas": -27.18684610531,
                "energy_xtb_solv": -27.193838673661
            },
            "sp": {
                "energy": -421.093309684997
            },
            "gtot": -421.100302253348,
            "bmw": 0.2581121973077863
        },
        "CONF4": {
            "xtb_gsolv": {
                "gsolv": -0.006942823175997148,
                "energy_xtb_gas": -27.186792634378,
                "energy_xtb_solv": -27.193735457554
            },
            "sp": {
                "energy": -421.092831781859
            },
            "gtot": -421.099774605035,
            "bmw": 0.14760705111302452
        },
        "CONF2": {
            "xtb_gsolv": {
                "gsolv": -0.006750474505999193,
                "energy_xtb_gas": -27.187588885509,
                "energy_xtb_solv": -27.194339360015
            },
            "sp": {
                "energy": -421.093560570285
            },
            "gtot": -421.100311044791,
            "bmw": 0.26052674402703335
        }
    },
    "settings": {
        "threshold": 4.0,
        "func": "pbe-d4",
        "basis": "def2-sv(p)",
        "prog": "orca",
        "gfnv": "gfn2",
        "run": true,
        "template": false
    },
    "nconf_in": 4,
    "nconf_out": 4
}