{
    "partname": "screening",
    "runtime": 51.17105921078473,
    "results": {
        "CONF3": {
            "gsolv": {
                "gsolv": -0.010739510983967193,
                "energy_gas": -421.902670135163,
                "energy_solv": -421.913409646147
            },
            "gtot": -421.913409646147,
            "bmw": 0.24953031979710755
        },
        "CONF2": {
            "gsolv": {
                "gsolv": -0.010394036988031985,
                "energy_gas": -421.902860753106,
                "energy_solv": -421.913254790094
            },
            "gtot": -421.913254790094,
            "bmw": 0.21178464501833225
        },
        "CONF1": {
            "gsolv": {
                "gsolv": -0.010388425496955733,
                "energy_gas": -421.903128687607,
                "energy_solv": -421.913517113104
            },
            "gtot": -421.913517113104,
            "bmw": 0.27961128908293925
        },
        "CONF4": {
            "gsolv": {
                "gsolv": -0.011282934939004008,
                "energy_gas": -421.902162148621,
                "energy_solv": -421.91344508356
            },
            "gtot": -421.91344508356,
            "bmw": 0.2590737461016209
        }
    },
    "settings": {
        "threshold": 3.5,
        "func": "r2scan-3c",
        "basis": "def2-tzvp",
        "prog": "orca",
        "sm": "smd",
        "gfnv": "gfn2",
        "run": true,
        "implicit": false,
        "template": false
    },
    "nconf_in": 4,
    "nconf_out": 4
}