{
    "partname": "refinement",
    "runtime": 340.64327800273895,
    "results": {
        "CONF3": {
            "gsolv": {
                "gsolv": -0.011405984191014795,
                "energy_gas": -422.018100823137,
                "energy_solv": -422.029506807328
            },
            "gtot": -422.029506807328,
            "bmw": 0.2544992133870587
        },
        "CONF4": {
            "gsolv": {
                "gsolv": -0.011976260902997637,
                "energy_gas": -422.017491611023,
                "energy_solv": -422.029467871926
            },
            "gtot": -422.029467871926,
            "bmw": 0.2442178474898435
        },
        "CONF1": {
            "gsolv": {
                "gsolv": -0.011009691211995687,
                "energy_gas": -422.018564365101,
                "energy_solv": -422.029574056313
            },
            "gtot": -422.029574056313,
            "bmw": 0.2732869138253997
        },
        "CONF2": {
            "gsolv": {
                "gsolv": -0.01105951495702584,
                "energy_gas": -422.018343460905,
                "energy_solv": -422.029402975862
            },
            "gtot": -422.029402975862,
            "bmw": 0.22799602529769802
        }
    },
    "settings": {
        "threshold": 0.95,
        "func": "wb97x-v",
        "basis": "def2-tzvp",
        "prog": "orca",
        "sm": "smd",
        "gfnv": "gfn2",
        "run": true,
        "implicit": false,
        "template": false
    },
    "nconf_in": 4,
    "nconf_out": 4
}