{
    "partname": "prescreening",
    "runtime": 6.726854470092803,
    "results": {
        "CONF1": {
            "xtb_gsolv": {
                "gsolv": 0.0003770200010002611,
                "energy_xtb_gas": -22.220804996225,
                "energy_xtb_solv": -22.220427976224
            },
            "sp": {
                "energy": -310.159641059878
            },
            "gtot": -310.15926403987703,
            "bmw": 1.0
        }
    },
    "settings": {
        "threshold": 4.0,
        "func": "pbe-d4",
        "basis": "def2-sv(p)",
        "prog": "orca",
        "gfnv": "gfn2",
        "run": true,
        "template": false
    },
    "nconf_in": 1,
    "nconf_out": 1
}