{
   "temperature":     298.150000000000,
   "unit": "hartree",
   "energy":     -14.563216761118,
   "free energy":     -14.485298329480,
   "G(T)":       0.077918431638,
   "ZPVE":       0.105806337913,
   "number of imags":0,
   "point group": "c1",
   "gradient norm":       0.000020725947
}
