{
   "temperature":     298.150000000000,
   "unit": "hartree",
   "energy":     -17.732070485779,
   "free energy":     -17.628556958166,
   "G(T)":       0.103513527613,
   "ZPVE":       0.133601596806,
   "number of imags":0,
   "point group": "c1",
   "gradient norm":       0.000022528681
}
