{
   "temperature":     298.150000000000,
   "unit": "hartree",
   "energy":     -33.612456983401,
   "free energy":     -33.416530142672,
   "G(T)":       0.195926840729,
   "ZPVE":       0.233915181185,
   "number of imags":0,
   "point group": "c1",
   "gradient norm":       0.000040199104
}
