{
   "temperature":     298.150000000000,
   "unit": "hartree",
   "energy":     -25.249474467408,
   "free energy":     -25.151419159552,
   "G(T)":       0.098055307855,
   "ZPVE":       0.132829251589,
   "number of imags":0,
   "point group": "c1",
   "gradient norm":       0.000032527626
}
