{
   "temperature":     298.150000000000,
   "unit": "hartree",
   "energy":     -27.196245689879,
   "free energy":     -27.096900431458,
   "G(T)":       0.099345258421,
   "ZPVE":       0.132031691698,
   "number of imags":0,
   "point group": "cs",
   "gradient norm":       0.000042114682
}
