{
    "partname": "prescreening",
    "runtime": 4.82358780503273,
    "results": {
        "CONF1": {
            "xtb_gsolv": {
                "gsolv": 0.0014224043360009375,
                "energy_xtb_gas": -13.736986449044,
                "energy_xtb_solv": -13.735564044708
            },
            "sp": {
                "energy": -516.702343573797
            },
            "gtot": -516.7009211694609,
            "bmw": 0.5473366264199337
        },
        "CONF2": {
            "xtb_gsolv": {
                "gsolv": 0.0012937563239994176,
                "energy_xtb_gas": -13.735577591128,
                "energy_xtb_solv": -13.734283834804
            },
            "sp": {
                "energy": -516.702035610862
            },
            "gtot": -516.700741854538,
            "bmw": 0.45266337358006625
        }
    },
    "settings": {
        "threshold": 4.0,
        "func": "pbe-d4",
        "basis": "def2-sv(p)",
        "prog": "orca",
        "gfnv": "gfn2",
        "run": true,
        "template": false
    },
    "nconf_in": 2,
    "nconf_out": 2
}