{
    "partname": "screening",
    "runtime": 22.643759627826512,
    "results": {
        "CONF2": {
            "gsolv": {
                "gsolv": -0.001423771226086501,
                "energy_gas": -517.254200302534,
                "energy_solv": -517.25562407376
            },
            "gtot": -517.25562407376,
            "bmw": 0.4344152238124394
        },
        "CONF1": {
            "gsolv": {
                "gsolv": -0.0016741781720384097,
                "energy_gas": -517.254199027342,
                "energy_solv": -517.255873205514
            },
            "gtot": -517.255873205514,
            "bmw": 0.5655847761875605
        }
    },
    "settings": {
        "threshold": 3.5,
        "func": "r2scan-3c",
        "basis": "def2-tzvp",
        "prog": "orca",
        "sm": "smd",
        "gfnv": "gfn2",
        "run": true,
        "implicit": false,
        "template": false
    },
    "nconf_in": 2,
    "nconf_out": 2
}