{
    "partname": "refinement",
    "runtime": 94.77379056345671,
    "results": {
        "CONF1": {
            "gsolv": {
                "gsolv": -0.001431217718049993,
                "energy_gas": -517.278979108586,
                "energy_solv": -517.280410326304
            },
            "gtot": -517.280410326304,
            "bmw": 0.5689898196230149
        },
        "CONF2": {
            "gsolv": {
                "gsolv": -0.0011459602609420472,
                "energy_gas": -517.279002137093,
                "energy_solv": -517.280148097354
            },
            "gtot": -517.280148097354,
            "bmw": 0.43101018037698524
        }
    },
    "settings": {
        "threshold": 0.95,
        "func": "wb97x-v",
        "basis": "def2-tzvp",
        "prog": "orca",
        "sm": "smd",
        "gfnv": "gfn2",
        "run": true,
        "implicit": false,
        "template": false
    },
    "nconf_in": 2,
    "nconf_out": 2
}