{
    "partname": "optimization",
    "runtime": 13.139088646974415,
    "results": {
        "CONF1": {
            "xtb_opt": {
                "energy": -56.5466573,
                "cycles": 3,
                "converged": true,
                "ecyc": [
                    -56.5466124,
                    -56.5466569,
                    -56.5466573
                ],
                "grad_norm": 0.000251281211,
                "gncyc": [
                    0.006317903504,
                    0.0039024,
                    0.0004102,
                    0.0002192,
                    0.000251281211
                ],
                "geom": [
                    {
                        "element": "N",
                        "xyz": [
                            -3.8934225631333126e-05,
                            -2.3287524222240574e-05,
                            -0.08493091680036768
                        ]
                    },
                    {
                        "element": "H",
                        "xyz": [
                            -0.6926613139148247,
                            0.6248656754684168,
                            0.31563415140581486
                        ]
                    },
                    {
                        "element": "H",
                        "xyz": [
                            0.8874414517591824,
                            0.28733835877911057,
                            0.31567408791590135
                        ]
                    },
                    {
                        "element": "H",
                        "xyz": [
                            -0.19482520746558635,
                            -0.9123559168413824,
                            0.31555345465293855
                        ]
                    }
                ]
            },
            "xtb_rrho": {
                "energy": 0.015477349567,
                "rmsd": null,
                "gibbs": {
                    "298.15": 0.015477349567
                },
                "enthalpy": {
                    "298.15": null
                },
                "entropy": {
                    "298.15": null
                },
                "symmetry": "c1",
                "symnum": 1,
                "linear": false
            },
            "gtot": -56.531179950433,
            "bmw": 1.0
        }
    },
    "settings": {
        "optcycles": 8,
        "maxcyc": 200,
        "threshold": 1.5,
        "hlow": 0.01,
        "gradthr": 0.01,
        "func": "r2scan-3c",
        "basis": "def2-tzvp",
        "prog": "orca",
        "sm": "smd",
        "gfnv": "gfn2",
        "optlevel": "normal",
        "run": true,
        "macrocycles": false,
        "crestcheck": true,
        "template": false,
        "constrain": false,
        "xtb_opt": true
    },
    "nconf_in": 1,
    "nconf_out": 1
}