{
   "temperature":     298.150000000000,
   "unit": "hartree",
   "energy":     -13.743988723467,
   "free energy":     -13.671826434572,
   "G(T)":       0.072162288895,
   "ZPVE":       0.101217045431,
   "number of imags":0,
   "point group": "c1",
   "gradient norm":       0.000040762602
}
