{
   "temperature":     298.150000000000,
   "unit": "hartree",
   "energy":     -22.215940407107,
   "free energy":     -22.095173688834,
   "G(T)":       0.120766718272,
   "ZPVE":       0.153144525719,
   "number of imags":0,
   "point group": "cs",
   "gradient norm":       0.000037959623
}
