{
    "partname": "prescreening",
    "runtime": 3.644814413972199,
    "results": {
        "CONF1": {
            "xtb_gsolv": {
                "gsolv": 0.005499393727998125,
                "energy_xtb_gas": -21.078563658369,
                "energy_xtb_solv": -21.073064264641
            },
            "sp": {
                "energy": -436.703689244844
            },
            "gtot": -436.698189851116,
            "bmw": 1.0
        }
    },
    "settings": {
        "threshold": 4.0,
        "func": "pbe-d4",
        "basis": "def2-sv(p)",
        "prog": "orca",
        "gfnv": "gfn2",
        "run": true,
        "template": false
    },
    "nconf_in": 1,
    "nconf_out": 1
}