{
   "temperature":     298.150000000000,
   "unit": "hartree",
   "energy":     -42.395496910419,
   "free energy":     -42.237455967374,
   "G(T)":       0.158040943045,
   "ZPVE":       0.199169688327,
   "number of imags":0,
   "point group": "c1",
   "gradient norm":       0.000091857859
}
