{
   "temperature":     298.150000000000,
   "unit": "hartree",
   "energy":     -28.552556321664,
   "free energy":     -28.382904057186,
   "G(T)":       0.169652264478,
   "ZPVE":       0.208033952009,
   "number of imags":0,
   "point group": "c1",
   "gradient norm":       0.000035888215
}
