{
   "temperature":     298.150000000000,
   "unit": "hartree",
   "energy":     -28.546433089295,
   "free energy":     -28.372419647123,
   "G(T)":       0.174013442172,
   "ZPVE":       0.208872501105,
   "number of imags":0,
   "point group": "cs",
   "gradient norm":       0.000053843160
}
