{
   "temperature":     298.150000000000,
   "unit": "hartree",
   "energy":     -19.878796658634,
   "free energy":     -19.767426781435,
   "G(T)":       0.111369877199,
   "ZPVE":       0.141586870391,
   "number of imags":0,
   "point group": "c1",
   "gradient norm":       0.000106710210
}
