{
   "temperature":     298.150000000000,
   "unit": "hartree",
   "energy":     -34.685249620012,
   "free energy":     -34.462805471853,
   "G(T)":       0.222444148159,
   "ZPVE":       0.260086006132,
   "number of imags":0,
   "point group": "c1",
   "gradient norm":       0.000116116701
}
