{
   "temperature":     298.150000000000,
   "unit": "hartree",
   "energy":     -22.490777805565,
   "free energy":     -22.381852239151,
   "G(T)":       0.108925566414,
   "ZPVE":       0.141154432052,
   "number of imags":0,
   "point group": "c1",
   "gradient norm":       0.000030861864
}
