{
   "temperature":     298.150000000000,
   "unit": "hartree",
   "energy":     -16.995481398520,
   "free energy":     -16.925494798664,
   "G(T)":       0.069986599856,
   "ZPVE":       0.099747366428,
   "number of imags":0,
   "point group": "cs",
   "gradient norm":       0.000030524151
}
