{
   "temperature":     298.150000000000,
   "unit": "hartree",
   "energy":     -20.790090045659,
   "free energy":     -20.708542450662,
   "G(T)":       0.081547594998,
   "ZPVE":       0.114935377349,
   "number of imags":0,
   "point group": "c1",
   "gradient norm":       0.000121083351
}
