{
   "temperature":     298.150000000000,
   "unit": "hartree",
   "energy":     -28.352745532444,
   "free energy":     -28.183098314534,
   "G(T)":       0.169647217910,
   "ZPVE":       0.204120441934,
   "number of imags":0,
   "point group": "c1",
   "gradient norm":       0.000081959450
}
