{
   "temperature":     298.150000000000,
   "unit": "hartree",
   "energy":     -17.252162576682,
   "free energy":     -17.162399292102,
   "G(T)":       0.089763284580,
   "ZPVE":       0.119782069291,
   "number of imags":0,
   "point group": "c3v",
   "gradient norm":       0.000014639394
}
