{
   "temperature":     298.150000000000,
   "unit": "hartree",
   "energy":     -31.877012958715,
   "free energy":     -31.736522717934,
   "G(T)":       0.140490240782,
   "ZPVE":       0.177770214391,
   "number of imags":0,
   "point group": "c1",
   "gradient norm":       0.000037178471
}
