{
   "temperature":     298.150000000000,
   "unit": "hartree",
   "energy":     -26.162788302729,
   "free energy":     -26.084775774046,
   "G(T)":       0.078012528683,
   "ZPVE":       0.109651767589,
   "number of imags":0,
   "point group": "cs",
   "gradient norm":       0.000027058161
}
