{
    "partname": "prescreening",
    "runtime": 9.263496215455234,
    "results": {
        "CONF1": {
            "xtb_gsolv": {
                "gsolv": -0.004451299301997835,
                "energy_xtb_gas": -22.338827737342,
                "energy_xtb_solv": -22.343279036644
            },
            "sp": {
                "energy": -360.861891766281
            },
            "gtot": -360.866343065583,
            "bmw": 1.0
        }
    },
    "settings": {
        "threshold": 4.0,
        "func": "pbe-d4",
        "basis": "def2-sv(p)",
        "prog": "orca",
        "gfnv": "gfn2",
        "run": true,
        "template": false
    },
    "nconf_in": 1,
    "nconf_out": 1
}