{
    "partname": "prescreening",
    "runtime": 20.321514771319926,
    "results": {
        "CONF1": {
            "xtb_gsolv": {
                "gsolv": -0.007178750096002773,
                "energy_xtb_gas": -59.103373237628,
                "energy_xtb_solv": -59.110551987724
            },
            "sp": {
                "energy": -3677.236971537048
            },
            "gtot": -3677.244150287144,
            "bmw": 1.0
        }
    },
    "settings": {
        "threshold": 4.0,
        "func": "pbe-d4",
        "basis": "def2-sv(p)",
        "prog": "orca",
        "gfnv": "gfn2",
        "run": true,
        "template": false
    },
    "nconf_in": 1,
    "nconf_out": 1
}