{
   "temperature":     298.150000000000,
   "unit": "hartree",
   "energy":     -15.641217041516,
   "free energy":     -15.583412056760,
   "G(T)":       0.057804984756,
   "ZPVE":       0.086800744122,
   "number of imags":0,
   "point group": "cs",
   "gradient norm":       0.000027751476
}
