{
   "temperature":     298.150000000000,
   "unit": "hartree",
   "energy":     -21.660210373752,
   "free energy":     -21.617697199454,
   "G(T)":       0.042513174298,
   "ZPVE":       0.077368537143,
   "number of imags":0,
   "point group": "c1",
   "gradient norm":       0.000065841264
}
