{
   "temperature":     298.150000000000,
   "unit": "hartree",
   "energy":     -33.610446255748,
   "free energy":     -33.415418974339,
   "G(T)":       0.195027281409,
   "ZPVE":       0.233514843513,
   "number of imags":0,
   "point group": "c1",
   "gradient norm":       0.000145895532
}
