{
   "temperature":     298.150000000000,
   "unit": "hartree",
   "energy":     -23.132024274917,
   "free energy":     -23.037266727039,
   "G(T)":       0.094757547878,
   "ZPVE":       0.127993684313,
   "number of imags":0,
   "point group": "c1",
   "gradient norm":       0.000027385909
}
