{
    "partname": "prescreening",
    "runtime": 6.51663294993341,
    "results": {
        "CONF3": {
            "xtb_gsolv": {
                "gsolv": -0.013492189379999076,
                "energy_xtb_gas": -22.128318767492,
                "energy_xtb_solv": -22.141810956872
            },
            "sp": {
                "energy": -359.879606537551
            },
            "gtot": -359.893098726931,
            "bmw": 0.937324454099233
        },
        "CONF2": {
            "xtb_gsolv": {
                "gsolv": -0.01249415113500163,
                "energy_xtb_gas": -22.130572153478,
                "energy_xtb_solv": -22.143066304613
            },
            "sp": {
                "energy": -359.877414554541
            },
            "gtot": -359.889908705676,
            "bmw": 0.03195815793280761
        },
        "CONF1": {
            "xtb_gsolv": {
                "gsolv": -0.012507773058999305,
                "energy_xtb_gas": -22.130558167642,
                "energy_xtb_solv": -22.143065940701
            },
            "sp": {
                "energy": -359.877363544256
            },
            "gtot": -359.889871317315,
            "bmw": 0.030717387967959375
        }
    },
    "settings": {
        "threshold": 4.0,
        "func": "pbe-d4",
        "basis": "def2-sv(p)",
        "prog": "orca",
        "gfnv": "gfn2",
        "run": true,
        "template": false
    },
    "nconf_in": 3,
    "nconf_out": 3
}