{
    "partname": "screening",
    "runtime": 40.08573441300541,
    "results": {
        "CONF3": {
            "gsolv": {
                "gsolv": -0.013144035587970393,
                "energy_gas": -360.547632909777,
                "energy_solv": -360.560776945365
            },
            "gtot": -360.560776945365,
            "bmw": 0.9893412297217277
        },
        "CONF2": {
            "gsolv": {
                "gsolv": -0.0101776569320009,
                "energy_gas": -360.54573545266,
                "energy_solv": -360.555913109592
            },
            "gtot": -360.555913109592,
            "bmw": 0.005729761094433486
        },
        "CONF1": {
            "gsolv": {
                "gsolv": -0.010130633365974973,
                "energy_gas": -360.545640342721,
                "energy_solv": -360.555770976087
            },
            "gtot": -360.555770976087,
            "bmw": 0.004929009183838813
        }
    },
    "settings": {
        "threshold": 3.5,
        "func": "r2scan-3c",
        "basis": "def2-tzvp",
        "prog": "orca",
        "sm": "smd",
        "gfnv": "gfn2",
        "run": true,
        "implicit": false,
        "template": false
    },
    "nconf_in": 3,
    "nconf_out": 3
}