{
    "partname": "refinement",
    "runtime": 161.93749636691064,
    "results": {
        "CONF3": {
            "gsolv": {
                "gsolv": -0.013818320139989737,
                "energy_gas": -360.64596258425,
                "energy_solv": -360.65978090439
            },
            "gtot": -360.65978090439,
            "bmw": 0.9552592953346135
        },
        "CONF1": {
            "gsolv": {
                "gsolv": -0.011566471217008711,
                "energy_gas": -360.645324193008,
                "energy_solv": -360.656890664225
            },
            "gtot": -360.656890664225,
            "bmw": 0.0447407046653866
        }
    },
    "settings": {
        "threshold": 0.95,
        "func": "wb97x-v",
        "basis": "def2-tzvp",
        "prog": "orca",
        "sm": "smd",
        "gfnv": "gfn2",
        "run": true,
        "implicit": false,
        "template": false
    },
    "nconf_in": 2,
    "nconf_out": 2
}