{
   "temperature":     298.150000000000,
   "unit": "hartree",
   "energy":     -30.361313277332,
   "free energy":     -30.238188924090,
   "G(T)":       0.123124353242,
   "ZPVE":       0.159075044404,
   "number of imags":0,
   "point group": "c1",
   "gradient norm":       0.000020679197
}
