{
   "temperature":     298.150000000000,
   "unit": "hartree",
   "energy":     -33.632628053802,
   "free energy":     -33.435195538136,
   "G(T)":       0.197432515666,
   "ZPVE":       0.235549987808,
   "number of imags":0,
   "point group": "c1",
   "gradient norm":       0.000041596383
}
