{
    "partname": "prescreening",
    "runtime": 39.17988924495876,
    "results": {
        "CONF15": {
            "xtb_gsolv": {
                "gsolv": -0.0056335590910023825,
                "energy_xtb_gas": -33.601653348994,
                "energy_xtb_solv": -33.607286908085
            },
            "sp": {
                "energy": -464.788943898754
            },
            "gtot": -464.794577457845,
            "bmw": 0.0008674320741881128
        },
        "CONF21": {
            "xtb_gsolv": {
                "gsolv": -0.004969594079000217,
                "energy_xtb_gas": -33.600262245199,
                "energy_xtb_solv": -33.605231839278
            },
            "sp": {
                "energy": -464.787850913687
            },
            "gtot": -464.792820507766,
            "bmw": 0.00013492560698472953
        },
        "CONF14": {
            "xtb_gsolv": {
                "gsolv": -0.0048420252349998805,
                "energy_xtb_gas": -33.603002801543,
                "energy_xtb_solv": -33.607844826778
            },
            "sp": {
                "energy": -464.791360144512
            },
            "gtot": -464.796202169747,
            "bmw": 0.0048478728617658345
        },
        "CONF10": {
            "xtb_gsolv": {
                "gsolv": -0.005218365022997773,
                "energy_xtb_gas": -33.603414485015,
                "energy_xtb_solv": -33.608632850038
            },
            "sp": {
                "energy": -464.792868281045
            },
            "gtot": -464.798086646068,
            "bmw": 0.03567387849356358
        },
        "CONF20": {
            "xtb_gsolv": {
                "gsolv": -0.0049987753300015925,
                "energy_xtb_gas": -33.600237173804,
                "energy_xtb_solv": -33.605235949134
            },
            "sp": {
                "energy": -464.788074783922
            },
            "gtot": -464.79307355925204,
            "bmw": 0.00017639651758574626
        },
        "CONF13": {
            "xtb_gsolv": {
                "gsolv": -0.004824297246003084,
                "energy_xtb_gas": -33.603155211657,
                "energy_xtb_solv": -33.607979508903
            },
            "sp": {
                "energy": -464.789714590056
            },
            "gtot": -464.794538887302,
            "bmw": 0.0008327109102945035
        },
        "CONF27": {
            "xtb_gsolv": {
                "gsolv": -0.004497150173001785,
                "energy_xtb_gas": -33.599623521285,
                "energy_xtb_solv": -33.604120671458
            },
            "sp": {
                "energy": -464.784192227737
            },
            "gtot": -464.78868937791,
            "bmw": 1.6978768205270555e-06
        },
        "CONF23": {
            "xtb_gsolv": {
                "gsolv": -0.004868003246997432,
                "energy_xtb_gas": -33.599727744295,
                "energy_xtb_solv": -33.604595747542
            },
            "sp": {
                "energy": -464.788089006254
            },
            "gtot": -464.792957009501,
            "bmw": 0.00015591246305468527
        },
        "CONF26": {
            "xtb_gsolv": {
                "gsolv": -0.005748892479999768,
                "energy_xtb_gas": -33.598462407471,
                "energy_xtb_solv": -33.604211299951
            },
            "sp": {
                "energy": -464.785552746668
            },
            "gtot": -464.79130163914795,
            "bmw": 2.700618112317451e-05
        },
        "CONF19": {
            "xtb_gsolv": {
                "gsolv": -0.004444507761000693,
                "energy_xtb_gas": -33.600816172321,
                "energy_xtb_solv": -33.605260680082
            },
            "sp": {
                "energy": -464.784820900801
            },
            "gtot": -464.78926540856196,
            "bmw": 3.125085751857602e-06
        },
        "CONF5": {
            "xtb_gsolv": {
                "gsolv": -0.005951326615999619,
                "energy_xtb_gas": -33.60393006885,
                "energy_xtb_solv": -33.609881395466
            },
            "sp": {
                "energy": -464.793318066562
            },
            "gtot": -464.799269393178,
            "bmw": 0.12484649130742355
        },
        "CONF1": {
            "xtb_gsolv": {
                "gsolv": -0.004505831316002684,
                "energy_xtb_gas": -33.606137642463,
                "energy_xtb_solv": -33.610643473779
            },
            "sp": {
                "energy": -464.795308766472
            },
            "gtot": -464.799814597788,
            "bmw": 0.22240938183849215
        },
        "CONF12": {
            "xtb_gsolv": {
                "gsolv": -0.00525052510000279,
                "energy_xtb_gas": -33.603137119581,
                "energy_xtb_solv": -33.608387644681
            },
            "sp": {
                "energy": -464.792462652176
            },
            "gtot": -464.797713177276,
            "bmw": 0.024019644504835364
        },
        "CONF6": {
            "xtb_gsolv": {
                "gsolv": -0.005822230067998646,
                "energy_xtb_gas": -33.603958974003,
                "energy_xtb_solv": -33.609781204071
            },
            "sp": {
                "energy": -464.792958450162
            },
            "gtot": -464.79878068023004,
            "bmw": 0.07440188619556604
        },
        "CONF18": {
            "xtb_gsolv": {
                "gsolv": -0.0049340605489973655,
                "energy_xtb_gas": -33.601097117438,
                "energy_xtb_solv": -33.606031177987
            },
            "sp": {
                "energy": -464.78775188374
            },
            "gtot": -464.79268594428896,
            "bmw": 0.00011700366493217013
        },
        "CONF28": {
            "xtb_gsolv": {
                "gsolv": -0.004058092699999349,
                "energy_xtb_gas": -33.599916482829,
                "energy_xtb_solv": -33.603974575529
            },
            "sp": {
                "energy": -464.784241111755
            },
            "gtot": -464.78829920445503,
            "bmw": 1.1231527194199886e-06
        },
        "CONF4": {
            "xtb_gsolv": {
                "gsolv": -0.005947721084005764,
                "energy_xtb_gas": -33.604051644725,
                "energy_xtb_solv": -33.609999365809
            },
            "sp": {
                "energy": -464.793607407944
            },
            "gtot": -464.799555129028,
            "bmw": 0.16896849458621688
        },
        "CONF11": {
            "xtb_gsolv": {
                "gsolv": -0.0050482976500063614,
                "energy_xtb_gas": -33.603355558819,
                "energy_xtb_solv": -33.608403856469
            },
            "sp": {
                "energy": -464.791826509669
            },
            "gtot": -464.796874807319,
            "bmw": 0.009884235594662165
        },
        "CONF24": {
            "xtb_gsolv": {
                "gsolv": -0.004405153322998956,
                "energy_xtb_gas": -33.60010104122,
                "energy_xtb_solv": -33.604506194543
            },
            "sp": {
                "energy": -464.784336009069
            },
            "gtot": -464.788741162392,
            "bmw": 1.793599161881844e-06
        },
        "CONF3": {
            "xtb_gsolv": {
                "gsolv": -0.004488881076994744,
                "energy_xtb_gas": -33.605672179278,
                "energy_xtb_solv": -33.610161060355
            },
            "sp": {
                "energy": -464.793979936475
            },
            "gtot": -464.798468817552,
            "bmw": 0.05347330698720514
        },
        "CONF17": {
            "xtb_gsolv": {
                "gsolv": -0.006009937176997937,
                "energy_xtb_gas": -33.600107907061,
                "energy_xtb_solv": -33.606117844238
            },