{
    "partname": "screening",
    "runtime": 190.5393819268793,
    "results": {
        "CONF7": {
            "gsolv": {
                "gsolv": -0.0072837811280237474,
                "energy_gas": -465.756491545599,
                "energy_solv": -465.763775326727
            },
            "gtot": -465.763775326727,
            "bmw": 0.013988382142625268
        },
        "CONF4": {
            "gsolv": {
                "gsolv": -0.0074801515259537155,
                "energy_gas": -465.757997691145,
                "energy_solv": -465.765477842671
            },
            "gtot": -465.765477842671,
            "bmw": 0.0848927525407739
        },
        "CONF2": {
            "gsolv": {
                "gsolv": -0.006987082242972065,
                "energy_gas": -465.759396451442,
                "energy_solv": -465.766383533685
            },
            "gtot": -465.766383533685,
            "bmw": 0.22154382266716896
        },
        "CONF1": {
            "gsolv": {
                "gsolv": -0.0070403713510245325,
                "energy_gas": -465.759694715072,
                "energy_solv": -465.766735086423
            },
            "gtot": -465.766735086423,
            "bmw": 0.3214864783571663
        },
        "CONF10": {
            "gsolv": {
                "gsolv": -0.007871946627005855,
                "energy_gas": -465.757622711384,
                "energy_solv": -465.765494658011
            },
            "gtot": -465.765494658011,
            "bmw": 0.08641818410262216
        },
        "CONF6": {
            "gsolv": {
                "gsolv": -0.007203141649029021,
                "energy_gas": -465.757187607912,
                "energy_solv": -465.764390749561
            },
            "gtot": -465.764390749561,
            "bmw": 0.02684370126609397
        },
        "CONF17": {
            "gsolv": {
                "gsolv": -0.007845468568007163,
                "energy_gas": -465.753202853898,
                "energy_solv": -465.761048322466
            },
            "gtot": -465.761048322466,
            "bmw": 0.0007788114972799558
        },
        "CONF3": {
            "gsolv": {
                "gsolv": -0.007089009409014579,
                "energy_gas": -465.757962933844,
                "energy_solv": -465.765051943253
            },
            "gtot": -465.765051943253,
            "bmw": 0.05407175222772211
        },
        "CONF11": {
            "gsolv": {
                "gsolv": -0.007551074860998597,
                "energy_gas": -465.756186860909,
                "energy_solv": -465.76373793577
            },
            "gtot": -465.76373793577,
            "bmw": 0.013445248653700746
        },
        "CONF12": {
            "gsolv": {
                "gsolv": -0.007803102772015791,
                "energy_gas": -465.757300388124,
                "energy_solv": -465.765103490896
            },
            "gtot": -465.765103490896,
            "bmw": 0.057105865474211814
        },
        "CONF5": {
            "gsolv": {
                "gsolv": -0.007322389446017041,
                "energy_gas": -465.757837578394,
                "energy_solv": -465.76515996784
            },
            "gtot": -465.76515996784,
            "bmw": 0.06062591607362136
        },
        "CONF16": {
            "gsolv": {
                "gsolv": -0.007476350885951888,
                "energy_gas": -465.757113771154,
                "energy_solv": -465.76459012204
            },
            "gtot": -465.76459012204,
            "bmw": 0.03315487458825027
        },
        "CONF9": {
            "gsolv": {
                "gsolv": -0.006688460475004376,
                "energy_gas": -465.756033304433,
                "energy_solv": -465.762721764908
            },
            "gtot": -465.762721764908,
            "bmw": 0.0045831344322569394
        },
        "CONF8": {
            "gsolv": {
                "gsolv": -0.006535247060014626,
                "energy_gas": -465.757064558337,
                "energy_solv": -465.763599805397
            },
            "gtot": -465.763599805397,
            "bmw": 0.011615375784412761
        },
        "CONF14": {
            "gsolv": {
                "gsolv": -0.007286845911039563,
                "energy_gas": -465.756045856116,
                "energy_solv": -465.763332702027
            },
            "gtot": -465.763332702027,
            "bmw": 0.008753348489683569
        },
        "CONF15": {
            "gsolv": {
                "gsolv": -0.006438475987977199,
                "energy_gas": -465.753426277128,
                "energy_solv": -465.759864753116
            },
            "gtot": -465.759864753116,
            "bmw": 0.00022234539404341962
        },
        "CONF13": {
            "gsolv": {
                "gsolv": -0.006669268932000705,
                "energy_gas": -465.753902219079,
                "energy_solv": -465.760571488011
            },
            "gtot": -465.760571488011,
            "bmw": 0.00047000630836632415
        }
    },
    "settings": {
        "threshold": 3.5,
        "func": "r2scan-3c",
        "basis": "def2-tzvp",
        "prog": "orca",
        "sm": "smd",
        "gfnv": "gfn2",
        "run": true,
        "implicit": false,
        "template": false
    },
    "nconf_in": 17,
    "nconf_out": 17
}