{
    "partname": "refinement",
    "runtime": 665.0971315288916,
    "results": {
        "CONF12": {
            "gsolv": {
                "gsolv": -0.008668260709953302,
                "energy_gas": -465.918122018233,
                "energy_solv": -465.926790278943
            },
            "gtot": -465.926790278943,
            "bmw": 0.08099263718370248
        },
        "CONF6": {
            "gsolv": {
                "gsolv": -0.00801426168504804,
                "energy_gas": -465.919034426323,
                "energy_solv": -465.927048688008
            },
            "gtot": -465.927048688008,
            "bmw": 0.10648917991601907
        },
        "CONF7": {
            "gsolv": {
                "gsolv": -0.007988107973005754,
                "energy_gas": -465.919030820424,
                "energy_solv": -465.927018928397
            },
            "gtot": -465.927018928397,
            "bmw": 0.1031851046469397
        },
        "CONF10": {
            "gsolv": {
                "gsolv": -0.008657539462035402,
                "energy_gas": -465.918103002229,
                "energy_solv": -465.926760541691
            },
            "gtot": -465.926760541691,
            "bmw": 0.0784815101286684
        },
        "CONF11": {
            "gsolv": {
                "gsolv": -0.008552885526000864,
                "energy_gas": -465.918097451757,
                "energy_solv": -465.926650337283
            },
            "gtot": -465.926650337283,
            "bmw": 0.06983559412079889
        },
        "CONF4": {
            "gsolv": {
                "gsolv": -0.008161557511016326,
                "energy_gas": -465.91900612521,
                "energy_solv": -465.927167682721
            },
            "gtot": -465.927167682721,
            "bmw": 0.12079230306733812
        },
        "CONF5": {
            "gsolv": {
                "gsolv": -0.008127551137988576,
                "energy_gas": -465.91901899823,
                "energy_solv": -465.927146549368
            },
            "gtot": -465.927146549368,
            "bmw": 0.11811868197094785
        },
        "CONF2": {
            "gsolv": {
                "gsolv": -0.00756255488096258,
                "energy_gas": -465.919753597089,
                "energy_solv": -465.92731615197
            },
            "gtot": -465.92731615197,
            "bmw": 0.1413612540069058
        },
        "CONF1": {
            "gsolv": {
                "gsolv": -0.007584206645958602,
                "energy_gas": -465.919963989349,
                "energy_solv": -465.927548195995
            },
            "gtot": -465.927548195995,
            "bmw": 0.18074373495867965
        }
    },
    "settings": {
        "threshold": 0.95,
        "func": "wb97x-v",
        "basis": "def2-tzvp",
        "prog": "orca",
        "sm": "smd",
        "gfnv": "gfn2",
        "run": true,
        "implicit": false,
        "template": false
    },
    "nconf_in": 9,
    "nconf_out": 9
}