{
   "temperature":     298.150000000000,
   "unit": "hartree",
   "energy":     -13.922219489421,
   "free energy":     -13.830887172234,
   "G(T)":       0.091332317186,
   "ZPVE":       0.119260271899,
   "number of imags":0,
   "point group": "c1",
   "gradient norm":       0.000045564417
}
