{
   "temperature":     298.150000000000,
   "unit": "hartree",
   "energy":     -23.047748073813,
   "free energy":     -22.910047599762,
   "G(T)":       0.137700474051,
   "ZPVE":       0.169286974367,
   "number of imags":0,
   "point group": "c2",
   "gradient norm":       0.000059224985
}
