{
   "temperature":     298.150000000000,
   "unit": "hartree",
   "energy":     -43.387637442465,
   "free energy":     -43.240411381935,
   "G(T)":       0.147226060530,
   "ZPVE":       0.186128515338,
   "number of imags":0,
   "point group": "c1",
   "gradient norm":       0.000182225767
}
