{
   "temperature":     298.150000000000,
   "unit": "hartree",
   "energy":     -14.721741055492,
   "free energy":     -14.640602987413,
   "G(T)":       0.081138068078,
   "ZPVE":       0.110471748663,
   "number of imags":0,
   "point group": "c1",
   "gradient norm":       0.000052533394
}
