{
   "temperature":     298.150000000000,
   "unit": "hartree",
   "energy":     -43.398026582221,
   "free energy":     -43.250398593023,
   "G(T)":       0.147627989197,
   "ZPVE":       0.186015855814,
   "number of imags":0,
   "point group": "c1",
   "gradient norm":       0.000129720734
}
