{
   "temperature":     298.150000000000,
   "unit": "hartree",
   "energy":     -35.714056699375,
   "free energy":     -35.469506910954,
   "G(T)":       0.244549788421,
   "ZPVE":       0.282395015682,
   "number of imags":0,
   "point group": "c1",
   "gradient norm":       0.000021134965
}
