{
   "temperature":     298.150000000000,
   "unit": "hartree",
   "energy":     -43.392983181375,
   "free energy":     -43.244982027294,
   "G(T)":       0.148001154081,
   "ZPVE":       0.186454670985,
   "number of imags":0,
   "point group": "c1",
   "gradient norm":       0.000050391094
}
