{
   "temperature":     298.150000000000,
   "unit": "hartree",
   "energy":     -19.503087789930,
   "free energy":     -19.387907355975,
   "G(T)":       0.115180433955,
   "ZPVE":       0.143730669912,
   "number of imags":0,
   "point group": "cs",
   "gradient norm":       0.000054158947
}
