{
   "temperature":     298.150000000000,
   "unit": "hartree",
   "energy":     -21.660288095007,
   "free energy":     -21.616803027511,
   "G(T)":       0.043485067496,
   "ZPVE":       0.077086810222,
   "number of imags":0,
   "point group": "c1",
   "gradient norm":       0.000058603071
}
