{
   "temperature":     298.150000000000,
   "unit": "hartree",
   "energy":      -8.384553121795,
   "free energy":      -8.353255438885,
   "G(T)":       0.031297682910,
   "ZPVE":       0.054564775894,
   "number of imags":0,
   "point group": "c3v",
   "gradient norm":       0.000147117632
}
