{
   "temperature":     298.150000000000,
   "unit": "hartree",
   "energy":     -33.632616071690,
   "free energy":     -33.435189716696,
   "G(T)":       0.197426354994,
   "ZPVE":       0.235560389958,
   "number of imags":0,
   "point group": "c1",
   "gradient norm":       0.000051657216
}
