{
    "partname": "prescreening",
    "runtime": 4.9060370633378625,
    "results": {
        "CONF1": {
            "xtb_gsolv": {
                "gsolv": -0.0025594470739989106,
                "energy_xtb_gas": -24.04949500387,
                "energy_xtb_solv": -24.052054450944
            },
            "sp": {
                "energy": -836.105908629396
            },
            "gtot": -836.10846807647,
            "bmw": 1.0
        }
    },
    "settings": {
        "threshold": 4.0,
        "func": "pbe-d4",
        "basis": "def2-sv(p)",
        "prog": "orca",
        "gfnv": "gfn2",
        "run": true,
        "template": false
    },
    "nconf_in": 1,
    "nconf_out": 1
}