{
    "partname": "prescreening",
    "runtime": 9.671475552022457,
    "results": {
        "CONF1": {
            "xtb_gsolv": {
                "gsolv": 0.0005770950639991668,
                "energy_xtb_gas": -24.371760875965,
                "energy_xtb_solv": -24.371183780901
            },
            "sp": {
                "energy": -348.193678242665
            },
            "gtot": -348.193101147601,
            "bmw": 1.0
        }
    },
    "settings": {
        "threshold": 4.0,
        "func": "pbe-d4",
        "basis": "def2-sv(p)",
        "prog": "orca",
        "gfnv": "gfn2",
        "run": true,
        "template": false
    },
    "nconf_in": 1,
    "nconf_out": 1
}