{
   "temperature":     298.150000000000,
   "unit": "hartree",
   "energy":     -14.570082032984,
   "free energy":     -14.492020896338,
   "G(T)":       0.078061136647,
   "ZPVE":       0.105584499694,
   "number of imags":0,
   "point group": "cs",
   "gradient norm":       0.000038601332
}
