{
   "temperature":     298.150000000000,
   "unit": "hartree",
   "energy":     -22.498851002802,
   "free energy":     -22.392690662553,
   "G(T)":       0.106160340249,
   "ZPVE":       0.139813622612,
   "number of imags":0,
   "point group": "cs",
   "gradient norm":       0.000049397529
}
