{
   "temperature":     298.150000000000,
   "unit": "hartree",
   "energy":     -19.995039486285,
   "free energy":     -19.839806039823,
   "G(T)":       0.155233446462,
   "ZPVE":       0.186607504915,
   "number of imags":0,
   "point group": "c2h",
   "gradient norm":       0.000014464143
}
