{
    "partname": "prescreening",
    "runtime": 12.603402491658926,
    "results": {
        "CONF2": {
            "xtb_gsolv": {
                "gsolv": -0.007670414343998289,
                "energy_xtb_gas": -29.507342001682,
                "energy_xtb_solv": -29.515012416026
            },
            "sp": {
                "energy": -475.100743842842
            },
            "gtot": -475.108414257186,
            "bmw": 0.03612798847096844
        },
        "CONF1": {
            "xtb_gsolv": {
                "gsolv": -0.008356352086000385,
                "energy_xtb_gas": -29.508921161724,
                "energy_xtb_solv": -29.51727751381
            },
            "sp": {
                "energy": -475.103158501424
            },
            "gtot": -475.11151485351,
            "bmw": 0.9638720115290316
        }
    },
    "settings": {
        "threshold": 4.0,
        "func": "pbe-d4",
        "basis": "def2-sv(p)",
        "prog": "orca",
        "gfnv": "gfn2",
        "run": true,
        "template": false
    },
    "nconf_in": 2,
    "nconf_out": 2
}