{
    "partname": "screening",
    "runtime": 81.78173896484077,
    "results": {
        "CONF1": {
            "gsolv": {
                "gsolv": -0.00462340079701562,
                "energy_gas": -475.970812612668,
                "energy_solv": -475.975436013465
            },
            "gtot": -475.975436013465,
            "bmw": 0.9734230870842665
        },
        "CONF2": {
            "gsolv": {
                "gsolv": -0.0041039971169993805,
                "energy_gas": -475.967932222095,
                "energy_solv": -475.972036219212
            },
            "gtot": -475.972036219212,
            "bmw": 0.026576912915733615
        }
    },
    "settings": {
        "threshold": 3.5,
        "func": "r2scan-3c",
        "basis": "def2-tzvp",
        "prog": "orca",
        "sm": "smd",
        "gfnv": "gfn2",
        "run": true,
        "implicit": false,
        "template": false
    },
    "nconf_in": 2,
    "nconf_out": 2
}