{
    "partname": "refinement",
    "runtime": 464.267323740758,
    "results": {
        "CONF2": {
            "gsolv": {
                "gsolv": -0.0045931289780014595,
                "energy_gas": -476.094622701418,
                "energy_solv": -476.099215830396
            },
            "gtot": -476.099215830396,
            "bmw": 0.7336889544353947
        },
        "CONF1": {
            "gsolv": {
                "gsolv": -0.004302062902013404,
                "energy_gas": -476.093956912566,
                "energy_solv": -476.098258975468
            },
            "gtot": -476.098258975468,
            "bmw": 0.2663110455646052
        }
    },
    "settings": {
        "threshold": 0.95,
        "func": "wb97x-v",
        "basis": "def2-tzvp",
        "prog": "orca",
        "sm": "smd",
        "gfnv": "gfn2",
        "run": true,
        "implicit": false,
        "template": false
    },
    "nconf_in": 2,
    "nconf_out": 2
}