{
   "temperature":     298.150000000000,
   "unit": "hartree",
   "energy":      -6.271463209460,
   "free energy":      -6.242501654617,
   "G(T)":       0.028961554843,
   "ZPVE":       0.049807415876,
   "number of imags":0,
   "point group": "d2h",
   "gradient norm":       0.000056362528
}
