{
   "temperature":     298.150000000000,
   "unit": "hartree",
   "energy":     -32.443439324628,
   "free energy":     -32.271601041332,
   "G(T)":       0.171838283296,
   "ZPVE":       0.208582234582,
   "number of imags":0,
   "point group": "c1",
   "gradient norm":       0.000049284257
}
