{
    "partname": "prescreening",
    "runtime": 4.8041347693651915,
    "results": {
        "CONF1": {
            "xtb_gsolv": {
                "gsolv": -0.0006219090470001021,
                "energy_xtb_gas": -14.368132742118,
                "energy_xtb_solv": -14.368754651165
            },
            "sp": {
                "energy": -996.939505409046
            },
            "gtot": -996.940127318093,
            "bmw": 1.0
        }
    },
    "settings": {
        "threshold": 4.0,
        "func": "pbe-d4",
        "basis": "def2-sv(p)",
        "prog": "orca",
        "gfnv": "gfn2",
        "run": true,
        "template": false
    },
    "nconf_in": 1,
    "nconf_out": 1
}