{
   "temperature":     298.150000000000,
   "unit": "hartree",
   "energy":     -43.389373916721,
   "free energy":     -43.242394643424,
   "G(T)":       0.146979273296,
   "ZPVE":       0.185858951496,
   "number of imags":0,
   "point group": "c1",
   "gradient norm":       0.000097851584
}
