{
    "partname": "prescreening",
    "runtime": 6.940259118564427,
    "results": {
        "CONF2": {
            "xtb_gsolv": {
                "gsolv": -0.0008648222349982859,
                "energy_xtb_gas": -19.875863152739,
                "energy_xtb_solv": -19.876727974974
            },
            "sp": {
                "energy": -271.126630347979
            },
            "gtot": -271.127495170214,
            "bmw": 0.47869481434503236
        },
        "CONF1": {
            "xtb_gsolv": {
                "gsolv": -0.0007943443559987884,
                "energy_xtb_gas": -19.876188500447,
                "energy_xtb_solv": -19.876982844803
            },
            "sp": {
                "energy": -271.126781338653
            },
            "gtot": -271.127575683009,
            "bmw": 0.5213051856549676
        }
    },
    "settings": {
        "threshold": 4.0,
        "func": "pbe-d4",
        "basis": "def2-sv(p)",
        "prog": "orca",
        "gfnv": "gfn2",
        "run": true,
        "template": false
    },
    "nconf_in": 2,
    "nconf_out": 2
}