{
    "partname": "screening",
    "runtime": 43.5223537478596,
    "results": {
        "CONF2": {
            "gsolv": {
                "gsolv": -0.004062548941988098,
                "energy_gas": -271.689974917811,
                "energy_solv": -271.694037466753
            },
            "gtot": -271.694037466753,
            "bmw": 0.4655682771680327
        },
        "CONF1": {
            "gsolv": {
                "gsolv": -0.004044746195972948,
                "energy_gas": -271.690122966199,
                "energy_solv": -271.694167712395
            },
            "gtot": -271.694167712395,
            "bmw": 0.5344317228319674
        }
    },
    "settings": {
        "threshold": 3.5,
        "func": "r2scan-3c",
        "basis": "def2-tzvp",
        "prog": "orca",
        "sm": "smd",
        "gfnv": "gfn2",
        "run": true,
        "implicit": false,
        "template": false
    },
    "nconf_in": 2,
    "nconf_out": 2
}