{
    "partname": "refinement",
    "runtime": 212.68247975129634,
    "results": {
        "CONF1": {
            "gsolv": {
                "gsolv": -0.004835104080996189,
                "energy_gas": -271.78407597729,
                "energy_solv": -271.788911081371
            },
            "gtot": -271.788911081371,
            "bmw": 0.6248189481217175
        },
        "CONF2": {
            "gsolv": {
                "gsolv": -0.004745180158977291,
                "energy_gas": -271.783684317238,
                "energy_solv": -271.788429497397
            },
            "gtot": -271.788429497397,
            "bmw": 0.37518105187828255
        }
    },
    "settings": {
        "threshold": 0.95,
        "func": "wb97x-v",
        "basis": "def2-tzvp",
        "prog": "orca",
        "sm": "smd",
        "gfnv": "gfn2",
        "run": true,
        "implicit": false,
        "template": false
    },
    "nconf_in": 2,
    "nconf_out": 2
}