{
   "temperature":     298.150000000000,
   "unit": "hartree",
   "energy":     -22.908789901068,
   "free energy":     -22.821404080002,
   "G(T)":       0.087385821066,
   "ZPVE":       0.120741667521,
   "number of imags":0,
   "point group": "cs",
   "gradient norm":       0.000112787705
}
