{
   "temperature":     298.150000000000,
   "unit": "hartree",
   "energy":     -13.807371040571,
   "free energy":     -13.745040150304,
   "G(T)":       0.062330890267,
   "ZPVE":       0.092779750060,
   "number of imags":0,
   "point group": "c1",
   "gradient norm":       0.000033582200
}
