{
    "partname": "prescreening",
    "runtime": 5.935585008002818,
    "results": {
        "CONF1": {
            "xtb_gsolv": {
                "gsolv": -0.01263247981400184,
                "energy_xtb_gas": -17.613096519747,
                "energy_xtb_solv": -17.625728999561
            },
            "sp": {
                "energy": -267.813280098698
            },
            "gtot": -267.825912578512,
            "bmw": 0.9107304636896578
        },
        "CONF6": {
            "xtb_gsolv": {
                "gsolv": -0.01164528587899838,
                "energy_xtb_gas": -17.6125905258,
                "energy_xtb_solv": -17.624235811679
            },
            "sp": {
                "energy": -267.810800532124
            },
            "gtot": -267.822445818003,
            "bmw": 0.023162765440204798
        },
        "CONF2": {
            "xtb_gsolv": {
                "gsolv": -0.01192039496199726,
                "energy_xtb_gas": -17.612751527568,
                "energy_xtb_solv": -17.62467192253
            },
            "sp": {
                "energy": -267.810218836315
            },
            "gtot": -267.822139231277,
            "bmw": 0.016740571373297614
        },
        "CONF3": {
            "xtb_gsolv": {
                "gsolv": -0.011551426029001277,
                "energy_xtb_gas": -17.612832377121,
                "energy_xtb_solv": -17.62438380315
            },
            "sp": {
                "energy": -267.810516010845
            },
            "gtot": -267.822067436874,
            "bmw": 0.01551483414728504
        },
        "CONF4": {
            "xtb_gsolv": {
                "gsolv": -0.011596295530999612,
                "energy_xtb_gas": -17.612776029477,
                "energy_xtb_solv": -17.624372325008
            },
            "sp": {
                "energy": -267.810557293407
            },
            "gtot": -267.82215358893797,
            "bmw": 0.01699708098777346
        },
        "CONF5": {
            "xtb_gsolv": {
                "gsolv": -0.011594626910000017,
                "energy_xtb_gas": -17.612778469725,
                "energy_xtb_solv": -17.624373096635
            },
            "sp": {
                "energy": -267.810550996201
            },
            "gtot": -267.822145623111,
            "bmw": 0.016854284361781182
        }
    },
    "settings": {
        "threshold": 4.0,
        "func": "pbe-d4",
        "basis": "def2-sv(p)",
        "prog": "orca",
        "gfnv": "gfn2",
        "run": true,
        "template": false
    },
    "nconf_in": 6,
    "nconf_out": 6
}