{
    "partname": "screening",
    "runtime": 29.10137988254428,
    "results": {
        "CONF4": {
            "gsolv": {
                "gsolv": -0.016295609915005116,
                "energy_gas": -268.341013598918,
                "energy_solv": -268.357309208833
            },
            "gtot": -268.357309208833,
            "bmw": 0.08277721212569303
        },
        "CONF6": {
            "gsolv": {
                "gsolv": -0.016190987841014248,
                "energy_gas": -268.340784817846,
                "energy_solv": -268.356975805687
            },
            "gtot": -268.356975805687,
            "bmw": 0.05815083614664333
        },
        "CONF3": {
            "gsolv": {
                "gsolv": -0.016283883478024563,
                "energy_gas": -268.341045074359,
                "energy_solv": -268.357328957837
            },
            "gtot": -268.357328957837,
            "bmw": 0.08452685465371662
        },
        "CONF5": {
            "gsolv": {
                "gsolv": -0.016298762484041163,
                "energy_gas": -268.341016198184,
                "energy_solv": -268.357314960668
            },
            "gtot": -268.357314960668,
            "bmw": 0.08328301836064438
        },
        "CONF1": {
            "gsolv": {
                "gsolv": -0.01587937972999498,
                "energy_gas": -268.343323845427,
                "energy_solv": -268.359203225157
            },
            "gtot": -268.359203225157,
            "bmw": 0.6153157055341221
        },
        "CONF2": {
            "gsolv": {
                "gsolv": -0.016505972754998766,
                "energy_gas": -268.340721917935,
                "energy_solv": -268.35722789069
            },
            "gtot": -268.35722789069,
            "bmw": 0.07594637317918035
        }
    },
    "settings": {
        "threshold": 3.5,
        "func": "r2scan-3c",
        "basis": "def2-tzvp",
        "prog": "orca",
        "sm": "smd",
        "gfnv": "gfn2",
        "run": true,
        "implicit": false,
        "template": false
    },
    "nconf_in": 6,
    "nconf_out": 6
}