{
    "partname": "refinement",
    "runtime": 115.64956265129149,
    "results": {
        "CONF3": {
            "gsolv": {
                "gsolv": -0.017404823670005953,
                "energy_gas": -268.409629636379,
                "energy_solv": -268.427034460049
            },
            "gtot": -268.427034460049,
            "bmw": 0.04668937491683211
        },
        "CONF5": {
            "gsolv": {
                "gsolv": -0.017445407505022104,
                "energy_gas": -268.409689513701,
                "energy_solv": -268.427134921206
            },
            "gtot": -268.427134921206,
            "bmw": 0.05193103677964015
        },
        "CONF6": {
            "gsolv": {
                "gsolv": -0.01725536139298356,
                "energy_gas": -268.409923720273,
                "energy_solv": -268.427179081666
            },
            "gtot": -268.427179081666,
            "bmw": 0.05441760184400853
        },
        "CONF4": {
            "gsolv": {
                "gsolv": -0.017434271660988543,
                "energy_gas": -268.4096967096,
                "energy_solv": -268.427130981261
            },
            "gtot": -268.427130981261,
            "bmw": 0.05171478743220278
        },
        "CONF2": {
            "gsolv": {
                "gsolv": -0.017729956815003334,
                "energy_gas": -268.409958780966,
                "energy_solv": -268.427688737781
            },
            "gtot": -268.427688737781,
            "bmw": 0.09336089029071976
        },
        "CONF1": {
            "gsolv": {
                "gsolv": -0.01750201724098588,
                "energy_gas": -268.412091421477,
                "energy_solv": -268.429593438718
            },
            "gtot": -268.429593438718,
            "bmw": 0.7018863087365966
        }
    },
    "settings": {
        "threshold": 0.95,
        "func": "wb97x-v",
        "basis": "def2-tzvp",
        "prog": "orca",
        "sm": "smd",
        "gfnv": "gfn2",
        "run": true,
        "implicit": false,
        "template": false
    },
    "nconf_in": 6,
    "nconf_out": 6
}