{
   "temperature":     298.150000000000,
   "unit": "hartree",
   "energy":     -30.364945529959,
   "free energy":     -30.241637699853,
   "G(T)":       0.123307830107,
   "ZPVE":       0.159250730462,
   "number of imags":0,
   "point group": "c1",
   "gradient norm":       0.000025007193
}
