{
    "partname": "prescreening",
    "runtime": 8.945247785653919,
    "results": {
        "CONF1": {
            "xtb_gsolv": {
                "gsolv": -0.0004809320680010387,
                "energy_xtb_gas": -19.244083545495,
                "energy_xtb_solv": -19.244564477563
            },
            "sp": {
                "energy": -251.283064000484
            },
            "gtot": -251.283544932552,
            "bmw": 0.1339805850885964
        },
        "CONF2": {
            "xtb_gsolv": {
                "gsolv": -0.0003843911330001504,
                "energy_xtb_gas": -19.241784173833,
                "energy_xtb_solv": -19.242168564966
            },
            "sp": {
                "energy": -251.284922578691
            },
            "gtot": -251.285306969824,
            "bmw": 0.8660100119769184
        },
        "CONF4": {
            "xtb_gsolv": {
                "gsolv": -0.00039300607399894716,
                "energy_xtb_gas": -19.235104843435,
                "energy_xtb_solv": -19.235497849509
            },
            "sp": {
                "energy": -251.273290107606
            },
            "gtot": -251.27368311368,
            "bmw": 3.898694300694631e-06
        },
        "CONF3": {
            "xtb_gsolv": {
                "gsolv": -0.00042970592999935775,
                "energy_xtb_gas": -19.235678990636,
                "energy_xtb_solv": -19.236108696566
            },
            "sp": {
                "energy": -251.273579035057
            },
            "gtot": -251.274008740987,
            "bmw": 5.5042401846282035e-06
        }
    },
    "settings": {
        "threshold": 4.0,
        "func": "pbe-d4",
        "basis": "def2-sv(p)",
        "prog": "orca",
        "gfnv": "gfn2",
        "run": true,
        "template": false
    },
    "nconf_in": 4,
    "nconf_out": 2
}