{
    "partname": "screening",
    "runtime": 36.63896589912474,
    "results": {
        "CONF1": {
            "gsolv": {
                "gsolv": -0.007649765129002617,
                "energy_gas": -251.818306151,
                "energy_solv": -251.825955916129
            },
            "gtot": -251.825955916129,
            "bmw": 0.6986426312930936
        },
        "CONF2": {
            "gsolv": {
                "gsolv": -0.005951260204000164,
                "energy_gas": -251.819210746044,
                "energy_solv": -251.825162006248
            },
            "gtot": -251.825162006248,
            "bmw": 0.30135736870690644
        }
    },
    "settings": {
        "threshold": 3.5,
        "func": "r2scan-3c",
        "basis": "def2-tzvp",
        "prog": "orca",
        "sm": "smd",
        "gfnv": "gfn2",
        "run": true,
        "implicit": false,
        "template": false
    },
    "nconf_in": 2,
    "nconf_out": 2
}