{
    "partname": "refinement",
    "runtime": 227.4679324910976,
    "results": {
        "CONF1": {
            "gsolv": {
                "gsolv": -0.008579108199000984,
                "energy_gas": -251.91569510358,
                "energy_solv": -251.924274211779
            },
            "gtot": -251.924274211779,
            "bmw": 0.5654390727918144
        },
        "CONF2": {
            "gsolv": {
                "gsolv": -0.007170155208001461,
                "energy_gas": -251.916855484712,
                "energy_solv": -251.92402563992
            },
            "gtot": -251.92402563992,
            "bmw": 0.43456092720818557
        }
    },
    "settings": {
        "threshold": 0.95,
        "func": "wb97x-v",
        "basis": "def2-tzvp",
        "prog": "orca",
        "sm": "smd",
        "gfnv": "gfn2",
        "run": true,
        "implicit": false,
        "template": false
    },
    "nconf_in": 2,
    "nconf_out": 2
}