{
    "partname": "prescreening",
    "runtime": 4.311701544094831,
    "results": {
        "CONF1": {
            "xtb_gsolv": {
                "gsolv": -0.0005606591750009216,
                "energy_xtb_gas": -14.554474996542,
                "energy_xtb_solv": -14.555035655717
            },
            "sp": {
                "energy": -193.870507791907
            },
            "gtot": -193.87106845108198,
            "bmw": 0.09209554268623174
        },
        "CONF2": {
            "xtb_gsolv": {
                "gsolv": -0.0006366954689998039,
                "energy_xtb_gas": -14.554384067519,
                "energy_xtb_solv": -14.555020762988
            },
            "sp": {
                "energy": -193.872592343284
            },
            "gtot": -193.873229038753,
            "bmw": 0.9079044573137682
        }
    },
    "settings": {
        "threshold": 4.0,
        "func": "pbe-d4",
        "basis": "def2-sv(p)",
        "prog": "orca",
        "gfnv": "gfn2",
        "run": true,
        "template": false
    },
    "nconf_in": 2,
    "nconf_out": 2
}