{
    "partname": "screening",
    "runtime": 20.50141919311136,
    "results": {
        "CONF2": {
            "gsolv": {
                "gsolv": -0.0019144554619856535,
                "energy_gas": -194.283895574461,
                "energy_solv": -194.285810029923
            },
            "gtot": -194.285810029923,
            "bmw": 0.8488729989797598
        },
        "CONF1": {
            "gsolv": {
                "gsolv": -0.0023054297710132232,
                "energy_gas": -194.281875138116,
                "energy_solv": -194.284180567887
            },
            "gtot": -194.284180567887,
            "bmw": 0.15112700102024018
        }
    },
    "settings": {
        "threshold": 3.5,
        "func": "r2scan-3c",
        "basis": "def2-tzvp",
        "prog": "orca",
        "sm": "smd",
        "gfnv": "gfn2",
        "run": true,
        "implicit": false,
        "template": false
    },
    "nconf_in": 2,
    "nconf_out": 2
}