{
    "partname": "refinement",
    "runtime": 69.82066331291571,
    "results": {
        "CONF2": {
            "gsolv": {
                "gsolv": -0.0023688232739971227,
                "energy_gas": -194.348710211952,
                "energy_solv": -194.351079035226
            },
            "gtot": -194.351079035226,
            "bmw": 0.8645427287996013
        },
        "CONF1": {
            "gsolv": {
                "gsolv": -0.002831867331991589,
                "energy_gas": -194.346497081238,
                "energy_solv": -194.34932894857
            },
            "gtot": -194.34932894857,
            "bmw": 0.1354572712003987
        }
    },
    "settings": {
        "threshold": 0.95,
        "func": "wb97x-v",
        "basis": "def2-tzvp",
        "prog": "orca",
        "sm": "smd",
        "gfnv": "gfn2",
        "run": true,
        "implicit": false,
        "template": false
    },
    "nconf_in": 2,
    "nconf_out": 2
}