{
   "temperature":     298.150000000000,
   "unit": "hartree",
   "energy":     -26.294101495437,
   "free energy":     -26.170833448796,
   "G(T)":       0.123268046641,
   "ZPVE":       0.156732981435,
   "number of imags":0,
   "point group": "cs",
   "gradient norm":       0.000033048789
}
