{
   "temperature":     298.150000000000,
   "unit": "hartree",
   "energy":     -43.387850896881,
   "free energy":     -43.236666709472,
   "G(T)":       0.151184187408,
   "ZPVE":       0.187873403700,
   "number of imags":0,
   "point group": "c1",
   "gradient norm":       0.000052449891
}
