{
   "temperature":     298.150000000000,
   "unit": "hartree",
   "energy":     -41.963423279783,
   "free energy":     -41.848525810991,
   "G(T)":       0.114897468792,
   "ZPVE":       0.152849744473,
   "number of imags":0,
   "point group": "cs",
   "gradient norm":       0.000020412169
}
