{
   "temperature":     298.150000000000,
   "unit": "hartree",
   "energy":     -26.295996691732,
   "free energy":     -26.173282257475,
   "G(T)":       0.122714434257,
   "ZPVE":       0.156553461861,
   "number of imags":0,
   "point group": "c1",
   "gradient norm":       0.000066822663
}
