{
   "temperature":     298.150000000000,
   "unit": "hartree",
   "energy":     -26.295461554856,
   "free energy":     -26.172263617646,
   "G(T)":       0.123197937210,
   "ZPVE":       0.156701989799,
   "number of imags":0,
   "point group": "c1",
   "gradient norm":       0.000030220054
}
