{
    "partname": "prescreening",
    "runtime": 11.425912733189762,
    "results": {
        "CONF1": {
            "xtb_gsolv": {
                "gsolv": 0.0014014166139979523,
                "energy_xtb_gas": -25.320395629331,
                "energy_xtb_solv": -25.318994212717
            },
            "sp": {
                "energy": -313.707225698123
            },
            "gtot": -313.705824281509,
            "bmw": 0.9925217302607093
        },
        "CONF3": {
            "xtb_gsolv": {
                "gsolv": 0.0014617664069973557,
                "energy_xtb_gas": -25.315617115861,
                "energy_xtb_solv": -25.314155349454
            },
            "sp": {
                "energy": -313.702049325887
            },
            "gtot": -313.70058755948,
            "bmw": 0.00387270685874418
        },
        "CONF4": {
            "xtb_gsolv": {
                "gsolv": 0.0014229637689986419,
                "energy_xtb_gas": -25.31191535707,
                "energy_xtb_solv": -25.310492393301
            },
            "sp": {
                "energy": -313.696118548611
            },
            "gtot": -313.694695584842,
            "bmw": 7.549077572021032e-06
        },
        "CONF2": {
            "xtb_gsolv": {
                "gsolv": 0.0013843601280001394,
                "energy_xtb_gas": -25.316306194748,
                "energy_xtb_solv": -25.31492183462
            },
            "sp": {
                "energy": -313.701902454366
            },
            "gtot": -313.700518094238,
            "bmw": 0.003598013802974339
        }
    },
    "settings": {
        "threshold": 4.0,
        "func": "pbe-d4",
        "basis": "def2-sv(p)",
        "prog": "orca",
        "gfnv": "gfn2",
        "run": true,
        "template": false
    },
    "nconf_in": 4,
    "nconf_out": 3
}