{
    "partname": "screening",
    "runtime": 52.432111613452435,
    "results": {
        "CONF1": {
            "gsolv": {
                "gsolv": 0.0029767907759605805,
                "energy_gas": -314.396693062561,
                "energy_solv": -314.393716271785
            },
            "gtot": -314.393716271785,
            "bmw": 0.9933537981438018
        },
        "CONF2": {
            "gsolv": {
                "gsolv": 0.003140075961994171,
                "energy_gas": -314.391528196229,
                "energy_solv": -314.388388120267
            },
            "gtot": -314.388388120267,
            "bmw": 0.0035182273748672094
        },
        "CONF3": {
            "gsolv": {
                "gsolv": 0.0027157413500162875,
                "energy_gas": -314.390992852407,
                "energy_solv": -314.388277111057
            },
            "gtot": -314.388277111057,
            "bmw": 0.0031279744813310435
        }
    },
    "settings": {
        "threshold": 3.5,
        "func": "r2scan-3c",
        "basis": "def2-tzvp",
        "prog": "orca",
        "sm": "smd",
        "gfnv": "gfn2",
        "run": true,
        "implicit": false,
        "template": false
    },
    "nconf_in": 3,
    "nconf_out": 3
}