{
    "partname": "refinement",
    "runtime": 449.0569007145241,
    "results": {
        "CONF2": {
            "gsolv": {
                "gsolv": 0.003234342570976878,
                "energy_gas": -314.517513936747,
                "energy_solv": -314.514279594176
            },
            "gtot": -314.514279594176,
            "bmw": 0.00475614400045826
        },
        "CONF1": {
            "gsolv": {
                "gsolv": 0.0030805238289985937,
                "energy_gas": -314.522402745488,
                "energy_solv": -314.519322221659
            },
            "gtot": -314.519322221659,
            "bmw": 0.992437310578116
        },
        "CONF3": {
            "gsolv": {
                "gsolv": 0.002740150649970019,
                "energy_gas": -314.516521704006,
                "energy_solv": -314.513781553356
            },
            "gtot": -314.513781553356,
            "bmw": 0.0028065454214256406
        }
    },
    "settings": {
        "threshold": 0.95,
        "func": "wb97x-v",
        "basis": "def2-tzvp",
        "prog": "orca",
        "sm": "smd",
        "gfnv": "gfn2",
        "run": true,
        "implicit": false,
        "template": false
    },
    "nconf_in": 3,
    "nconf_out": 3
}