{
   "temperature":     298.150000000000,
   "unit": "hartree",
   "energy":     -22.222241764571,
   "free energy":     -22.100888371841,
   "G(T)":       0.121353392730,
   "ZPVE":       0.152381921065,
   "number of imags":0,
   "point group": "c2v",
   "gradient norm":       0.000043580265
}
