{
    "partname": "prescreening",
    "runtime": 17.381671104580164,
    "results": {
        "CONF1": {
            "xtb_gsolv": {
                "gsolv": -0.002707565853000915,
                "energy_xtb_gas": -38.869436568699,
                "energy_xtb_solv": -38.872144134552
            },
            "sp": {
                "energy": -1380.848428405992
            },
            "gtot": -1380.851135971845,
            "bmw": 0.696505344162282
        },
        "CONF2": {
            "xtb_gsolv": {
                "gsolv": -0.0027623578650022296,
                "energy_xtb_gas": -38.868063946713,
                "energy_xtb_solv": -38.870826304578
            },
            "sp": {
                "energy": -1380.84758926968
            },
            "gtot": -1380.850351627545,
            "bmw": 0.30349465583771795
        }
    },
    "settings": {
        "threshold": 4.0,
        "func": "pbe-d4",
        "basis": "def2-sv(p)",
        "prog": "orca",
        "gfnv": "gfn2",
        "run": true,
        "template": false
    },
    "nconf_in": 2,
    "nconf_out": 2
}