{
    "partname": "screening",
    "runtime": 107.81702623236924,
    "results": {
        "CONF2": {
            "gsolv": {
                "gsolv": -0.0034821581430151127,
                "energy_gas": -1382.333206393429,
                "energy_solv": -1382.336688551572
            },
            "gtot": -1382.336688551572,
            "bmw": 0.22034196203135753
        },
        "CONF1": {
            "gsolv": {
                "gsolv": -0.00351370819589647,
                "energy_gas": -1382.334367984544,
                "energy_solv": -1382.33788169274
            },
            "gtot": -1382.33788169274,
            "bmw": 0.7796580379686425
        }
    },
    "settings": {
        "threshold": 3.5,
        "func": "r2scan-3c",
        "basis": "def2-tzvp",
        "prog": "orca",
        "sm": "smd",
        "gfnv": "gfn2",
        "run": true,
        "implicit": false,
        "template": false
    },
    "nconf_in": 2,
    "nconf_out": 2
}