{
    "partname": "refinement",
    "runtime": 890.8066622596234,
    "results": {
        "CONF2": {
            "gsolv": {
                "gsolv": -0.003676043002087681,
                "energy_gas": -1382.414450897931,
                "energy_solv": -1382.418126940933
            },
            "gtot": -1382.418126940933,
            "bmw": 0.52151356443515
        },
        "CONF1": {
            "gsolv": {
                "gsolv": -0.0037025962149073166,
                "energy_gas": -1382.414343043486,
                "energy_solv": -1382.418045639701
            },
            "gtot": -1382.418045639701,
            "bmw": 0.4784864355648501
        }
    },
    "settings": {
        "threshold": 0.95,
        "func": "wb97x-v",
        "basis": "def2-tzvp",
        "prog": "orca",
        "sm": "smd",
        "gfnv": "gfn2",
        "run": true,
        "implicit": false,
        "template": false
    },
    "nconf_in": 2,
    "nconf_out": 2
}