{
   "temperature":     298.150000000000,
   "unit": "hartree",
   "energy":     -24.372997602349,
   "free energy":     -24.243632265557,
   "G(T)":       0.129365336792,
   "ZPVE":       0.160668473952,
   "number of imags":0,
   "point group": "cs",
   "gradient norm":       0.000047963321
}
