{
   "temperature":     298.150000000000,
   "unit": "hartree",
   "energy":     -17.732112983195,
   "free energy":     -17.628419657240,
   "G(T)":       0.103693325956,
   "ZPVE":       0.133571979079,
   "number of imags":0,
   "point group": "c1",
   "gradient norm":       0.000019519231
}
