{
   "temperature":     298.150000000000,
   "unit": "hartree",
   "energy":     -32.440398095059,
   "free energy":     -32.268972450696,
   "G(T)":       0.171425644363,
   "ZPVE":       0.208626408709,
   "number of imags":0,
   "point group": "cs",
   "gradient norm":       0.000082396694
}
