{
    "partname": "prescreening",
    "runtime": 4.858108845539391,
    "results": {
        "CONF1": {
            "xtb_gsolv": {
                "gsolv": -0.012452636697998898,
                "energy_xtb_gas": -14.620157731876,
                "energy_xtb_solv": -14.632610368574
            },
            "sp": {
                "energy": -552.529607532182
            },
            "gtot": -552.54206016888,
            "bmw": 0.9890266958351056
        },
        "CONF2": {
            "xtb_gsolv": {
                "gsolv": -0.012408384467999412,
                "energy_xtb_gas": -14.618188505434,
                "energy_xtb_solv": -14.630596889902
            },
            "sp": {
                "energy": -552.525401771554
            },
            "gtot": -552.537810156022,
            "bmw": 0.010973304164894383
        }
    },
    "settings": {
        "threshold": 4.0,
        "func": "pbe-d4",
        "basis": "def2-sv(p)",
        "prog": "orca",
        "gfnv": "gfn2",
        "run": true,
        "template": false
    },
    "nconf_in": 2,
    "nconf_out": 2
}