{
    "partname": "screening",
    "runtime": 25.9453009609133,
    "results": {
        "CONF2": {
            "gsolv": {
                "gsolv": -0.013449459239950556,
                "energy_gas": -553.131081876157,
                "energy_solv": -553.144531335397
            },
            "gtot": -553.144531335397,
            "bmw": 0.00962142305798033
        },
        "CONF1": {
            "gsolv": {
                "gsolv": -0.013881459493973125,
                "energy_gas": -553.135025313376,
                "energy_solv": -553.14890677287
            },
            "gtot": -553.14890677287,
            "bmw": 0.9903785769420196
        }
    },
    "settings": {
        "threshold": 3.5,
        "func": "r2scan-3c",
        "basis": "def2-tzvp",
        "prog": "orca",
        "sm": "smd",
        "gfnv": "gfn2",
        "run": true,
        "implicit": false,
        "template": false
    },
    "nconf_in": 2,
    "nconf_out": 2
}