{
    "partname": "refinement",
    "runtime": 95.65659959800541,
    "results": {
        "CONF2": {
            "gsolv": {
                "gsolv": -0.016813374271009707,
                "energy_gas": -553.160995620303,
                "energy_solv": -553.177808994574
            },
            "gtot": -553.177808994574,
            "bmw": 0.0063607478055703924
        },
        "CONF1": {
            "gsolv": {
                "gsolv": -0.01733272951298659,
                "energy_gas": -553.165245552917,
                "energy_solv": -553.18257828243
            },
            "gtot": -553.18257828243,
            "bmw": 0.9936392521944295
        }
    },
    "settings": {
        "threshold": 0.95,
        "func": "wb97x-v",
        "basis": "def2-tzvp",
        "prog": "orca",
        "sm": "smd",
        "gfnv": "gfn2",
        "run": true,
        "implicit": false,
        "template": false
    },
    "nconf_in": 2,
    "nconf_out": 2
}