{
    "partname": "prescreening",
    "runtime": 3.8505335059016943,
    "results": {
        "CONF2": {
            "xtb_gsolv": {
                "gsolv": -0.006664291054000238,
                "energy_xtb_gas": -7.817290914362,
                "energy_xtb_solv": -7.823955205416
            },
            "sp": {
                "energy": -111.590018931748
            },
            "gtot": -111.596683222802,
            "bmw": 0.9801449199854899
        },
        "CONF1": {
            "xtb_gsolv": {
                "gsolv": -0.0072427529779997,
                "energy_xtb_gas": -7.817917593101,
                "energy_xtb_solv": -7.825160346079
            },
            "sp": {
                "energy": -111.585758870103
            },
            "gtot": -111.59300162308101,
            "bmw": 0.019855080014510067
        }
    },
    "settings": {
        "threshold": 4.0,
        "func": "pbe-d4",
        "basis": "def2-sv(p)",
        "prog": "orca",
        "gfnv": "gfn2",
        "run": true,
        "template": false
    },
    "nconf_in": 2,
    "nconf_out": 2
}