{
    "partname": "screening",
    "runtime": 12.694223158992827,
    "results": {
        "CONF2": {
            "gsolv": {
                "gsolv": -0.008305764101990576,
                "energy_gas": -111.833644346902,
                "energy_solv": -111.841950111004
            },
            "gtot": -111.841950111004,
            "bmw": 0.9913649942240225
        },
        "CONF1": {
            "gsolv": {
                "gsolv": -0.008867631813998855,
                "energy_gas": -111.828603971494,
                "energy_solv": -111.837471603308
            },
            "gtot": -111.837471603308,
            "bmw": 0.008635005775977563
        }
    },
    "settings": {
        "threshold": 3.5,
        "func": "r2scan-3c",
        "basis": "def2-tzvp",
        "prog": "orca",
        "sm": "smd",
        "gfnv": "gfn2",
        "run": true,
        "implicit": false,
        "template": false
    },
    "nconf_in": 2,
    "nconf_out": 2
}