{
    "partname": "refinement",
    "runtime": 26.195307306014,
    "results": {
        "CONF1": {
            "gsolv": {
                "gsolv": -0.009418080203005275,
                "energy_gas": -111.867101093381,
                "energy_solv": -111.876519173584
            },
            "gtot": -111.876519173584,
            "bmw": 0.0053678704436745835
        },
        "CONF2": {
            "gsolv": {
                "gsolv": -0.00979130909799153,
                "energy_gas": -111.871658337186,
                "energy_solv": -111.881449646284
            },
            "gtot": -111.881449646284,
            "bmw": 0.9946321295563254
        }
    },
    "settings": {
        "threshold": 0.95,
        "func": "wb97x-v",
        "basis": "def2-tzvp",
        "prog": "orca",
        "sm": "smd",
        "gfnv": "gfn2",
        "run": true,
        "implicit": false,
        "template": false
    },
    "nconf_in": 2,
    "nconf_out": 2
}