{
   "temperature":     298.150000000000,
   "unit": "hartree",
   "energy":     -31.817236327537,
   "free energy":     -31.655610267638,
   "G(T)":       0.161626059899,
   "ZPVE":       0.197521799443,
   "number of imags":0,
   "point group": "cs",
   "gradient norm":       0.000032023132
}
