{
    "partname": "prescreening",
    "runtime": 8.89855197723955,
    "results": {
        "CONF1": {
            "xtb_gsolv": {
                "gsolv": -0.0019851321130026633,
                "energy_xtb_gas": -22.486979737577,
                "energy_xtb_solv": -22.48896486969
            },
            "sp": {
                "energy": -326.179659173983
            },
            "gtot": -326.181644306096,
            "bmw": 0.6206668294910896
        },
        "CONF2": {
            "xtb_gsolv": {
                "gsolv": -0.0014043901450015994,
                "energy_xtb_gas": -22.486059428399,
                "energy_xtb_solv": -22.487463818544
            },
            "sp": {
                "energy": -326.179775019175
            },
            "gtot": -326.18117940932,
            "bmw": 0.3793331705089103
        }
    },
    "settings": {
        "threshold": 4.0,
        "func": "pbe-d4",
        "basis": "def2-sv(p)",
        "prog": "orca",
        "gfnv": "gfn2",
        "run": true,
        "template": false
    },
    "nconf_in": 2,
    "nconf_out": 2
}