{
    "partname": "screening",
    "runtime": 54.07357535324991,
    "results": {
        "CONF1": {
            "gsolv": {
                "gsolv": -0.005986803276982755,
                "energy_gas": -326.819106567469,
                "energy_solv": -326.825093370746
            },
            "gtot": -326.825093370746,
            "bmw": 0.8783695383313763
        },
        "CONF2": {
            "gsolv": {
                "gsolv": -0.0045698489039978085,
                "energy_gas": -326.818656795002,
                "energy_solv": -326.823226643906
            },
            "gtot": -326.823226643906,
            "bmw": 0.1216304616686237
        }
    },
    "settings": {
        "threshold": 3.5,
        "func": "r2scan-3c",
        "basis": "def2-tzvp",
        "prog": "orca",
        "sm": "smd",
        "gfnv": "gfn2",
        "run": true,
        "implicit": false,
        "template": false
    },
    "nconf_in": 2,
    "nconf_out": 2
}