{
    "partname": "refinement",
    "runtime": 338.09443564526737,
    "results": {
        "CONF2": {
            "gsolv": {
                "gsolv": -0.005495009520984695,
                "energy_gas": -326.927640384582,
                "energy_solv": -326.933135394103
            },
            "gtot": -326.933135394103,
            "bmw": 0.1485596160876348
        },
        "CONF1": {
            "gsolv": {
                "gsolv": -0.006296977602005427,
                "energy_gas": -326.928486907726,
                "energy_solv": -326.934783885328
            },
            "gtot": -326.934783885328,
            "bmw": 0.8514403839123652
        }
    },
    "settings": {
        "threshold": 0.95,
        "func": "wb97x-v",
        "basis": "def2-tzvp",
        "prog": "orca",
        "sm": "smd",
        "gfnv": "gfn2",
        "run": true,
        "implicit": false,
        "template": false
    },
    "nconf_in": 2,
    "nconf_out": 2
}