{
   "temperature":     298.150000000000,
   "unit": "hartree",
   "energy":     -26.302886439714,
   "free energy":     -26.183832130502,
   "G(T)":       0.119054309212,
   "ZPVE":       0.155144498868,
   "number of imags":0,
   "point group": "c1",
   "gradient norm":       0.000029929973
}
