{
   "temperature":     298.150000000000,
   "unit": "hartree",
   "energy":     -14.568223030208,
   "free energy":     -14.490561041016,
   "G(T)":       0.077661989192,
   "ZPVE":       0.105316449254,
   "number of imags":0,
   "point group": "c1",
   "gradient norm":       0.000027020021
}
