{
   "temperature":     298.150000000000,
   "unit": "hartree",
   "energy":     -25.315969165792,
   "free energy":     -25.123609889425,
   "G(T)":       0.192359276367,
   "ZPVE":       0.223943438543,
   "number of imags":0,
   "point group": "c2h",
   "gradient norm":       0.000016655452
}
