{
   "temperature":     298.150000000000,
   "unit": "hartree",
   "energy":     -22.908839039323,
   "free energy":     -22.820677974547,
   "G(T)":       0.088161064776,
   "ZPVE":       0.120958630761,
   "number of imags":0,
   "point group": "cs",
   "gradient norm":       0.000122062705
}
