{
   "temperature":     298.150000000000,
   "unit": "hartree",
   "energy":     -33.608871486917,
   "free energy":     -33.413632713028,
   "G(T)":       0.195238773889,
   "ZPVE":       0.233645124860,
   "number of imags":0,
   "point group": "c1",
   "gradient norm":       0.000093497455
}
