{
   "temperature":     298.150000000000,
   "unit": "hartree",
   "energy":     -22.489911733718,
   "free energy":     -22.381183035784,
   "G(T)":       0.108728697934,
   "ZPVE":       0.141288029624,
   "number of imags":0,
   "point group": "cs",
   "gradient norm":       0.000054238691
}
