{
    "partname": "prescreening",
    "runtime": 8.275594133883715,
    "results": {
        "CONF2": {
            "xtb_gsolv": {
                "gsolv": -0.005336931795000055,
                "energy_xtb_gas": -22.901639137307,
                "energy_xtb_solv": -22.906976069102
            },
            "sp": {
                "energy": -345.032181294974
            },
            "gtot": -345.037518226769,
            "bmw": 0.7597456760724308
        },
        "CONF1": {
            "xtb_gsolv": {
                "gsolv": -0.006344830139997981,
                "energy_xtb_gas": -22.900679698846,
                "energy_xtb_solv": -22.907024528986
            },
            "sp": {
                "energy": -345.029781138457
            },
            "gtot": -345.036125968597,
            "bmw": 0.17388967932709498
        },
        "CONF3": {
            "xtb_gsolv": {
                "gsolv": -0.00644403602900212,
                "energy_xtb_gas": -22.900484431354,
                "energy_xtb_solv": -22.906928467383
            },
            "sp": {
                "energy": -345.02877153821
            },
            "gtot": -345.035215574239,
            "bmw": 0.06630119991404156
        },
        "CONF4": {
            "xtb_gsolv": {
                "gsolv": -0.008053241321000826,
                "energy_xtb_gas": -22.889579517269,
                "energy_xtb_solv": -22.89763275859
            },
            "sp": {
                "energy": -345.020598560919
            },
            "gtot": -345.02865180224,
            "bmw": 6.344468643275349e-05
        }
    },
    "settings": {
        "threshold": 4.0,
        "func": "pbe-d4",
        "basis": "def2-sv(p)",
        "prog": "orca",
        "gfnv": "gfn2",
        "run": true,
        "template": false
    },
    "nconf_in": 4,
    "nconf_out": 3
}