{
    "partname": "screening",
    "runtime": 39.42760718241334,
    "results": {
        "CONF2": {
            "gsolv": {
                "gsolv": -0.006278708821014334,
                "energy_gas": -345.700934682681,
                "energy_solv": -345.707213391502
            },
            "gtot": -345.707213391502,
            "bmw": 0.8312212524325653
        },
        "CONF3": {
            "gsolv": {
                "gsolv": -0.005990353088009215,
                "energy_gas": -345.697023131783,
                "energy_solv": -345.703013484871
            },
            "gtot": -345.703013484871,
            "bmw": 0.009725082871351475
        },
        "CONF1": {
            "gsolv": {
                "gsolv": -0.006928222356009428,
                "energy_gas": -345.698723815513,
                "energy_solv": -345.705652037869
            },
            "gtot": -345.705652037869,
            "bmw": 0.15905366469608342
        }
    },
    "settings": {
        "threshold": 3.5,
        "func": "r2scan-3c",
        "basis": "def2-tzvp",
        "prog": "orca",
        "sm": "smd",
        "gfnv": "gfn2",
        "run": true,
        "implicit": false,
        "template": false
    },
    "nconf_in": 3,
    "nconf_out": 3
}