{
    "partname": "refinement",
    "runtime": 216.3584653409198,
    "results": {
        "CONF2": {
            "gsolv": {
                "gsolv": -0.006509493652970377,
                "energy_gas": -345.801898961331,
                "energy_solv": -345.808408454984
            },
            "gtot": -345.808408454984,
            "bmw": 0.8140888236014999
        },
        "CONF3": {
            "gsolv": {
                "gsolv": -0.007126517741028238,
                "energy_gas": -345.799887566179,
                "energy_solv": -345.80701408392
            },
            "gtot": -345.80701408392,
            "bmw": 0.18591117639850016
        }
    },
    "settings": {
        "threshold": 0.95,
        "func": "wb97x-v",
        "basis": "def2-tzvp",
        "prog": "orca",
        "sm": "smd",
        "gfnv": "gfn2",
        "run": true,
        "implicit": false,
        "template": false
    },
    "nconf_in": 2,
    "nconf_out": 2
}