{
   "temperature":     298.150000000000,
   "unit": "hartree",
   "energy":     -15.774493157316,
   "free energy":     -15.671234486080,
   "G(T)":       0.103258671236,
   "ZPVE":       0.134477622886,
   "number of imags":0,
   "point group": "c1",
   "gradient norm":       0.000023399110
}
