{
   "temperature":     298.150000000000,
   "unit": "hartree",
   "energy":     -34.686886044117,
   "free energy":     -34.464494110251,
   "G(T)":       0.222391933866,
   "ZPVE":       0.259931375143,
   "number of imags":0,
   "point group": "c1",
   "gradient norm":       0.000063938200
}
