{
   "temperature":     298.150000000000,
   "unit": "hartree",
   "energy":     -17.627542901478,
   "free energy":     -17.569857116843,
   "G(T)":       0.057685784636,
   "ZPVE":       0.087004373592,
   "number of imags":0,
   "point group": "cs",
   "gradient norm":       0.000032461422
}
