{
   "temperature":     298.150000000000,
   "unit": "hartree",
   "energy":     -26.301512521683,
   "free energy":     -26.181465071109,
   "G(T)":       0.120047450574,
   "ZPVE":       0.155281034108,
   "number of imags":0,
   "point group": "cs",
   "gradient norm":       0.000035349026
}
