{
   "temperature":     298.150000000000,
   "unit": "hartree",
   "energy":     -22.490709104269,
   "free energy":     -22.381813187846,
   "G(T)":       0.108895916423,
   "ZPVE":       0.141279152146,
   "number of imags":0,
   "point group": "c1",
   "gradient norm":       0.000033040262
}
