{
    "partname": "prescreening",
    "runtime": 8.766211650334299,
    "results": {
        "CONF1": {
            "xtb_gsolv": {
                "gsolv": -0.0027441138700012857,
                "energy_xtb_gas": -22.494433628175,
                "energy_xtb_solv": -22.497177742045
            },
            "sp": {
                "energy": -326.184841598155
            },
            "gtot": -326.187585712025,
            "bmw": 0.7741132372625761
        },
        "CONF3": {
            "xtb_gsolv": {
                "gsolv": -0.0027035897340006443,
                "energy_xtb_gas": -22.492396604979,
                "energy_xtb_solv": -22.495100194713
            },
            "sp": {
                "energy": -326.183239079082
            },
            "gtot": -326.185942668816,
            "bmw": 0.13584915183130467
        },
        "CONF2": {
            "xtb_gsolv": {
                "gsolv": -0.002683273339997072,
                "energy_xtb_gas": -22.492793348782,
                "energy_xtb_solv": -22.495476622122
            },
            "sp": {
                "energy": -326.182871036055
            },
            "gtot": -326.185554309395,
            "bmw": 0.09003761090611924
        }
    },
    "settings": {
        "threshold": 4.0,
        "func": "pbe-d4",
        "basis": "def2-sv(p)",
        "prog": "orca",
        "gfnv": "gfn2",
        "run": true,
        "template": false
    },
    "nconf_in": 3,
    "nconf_out": 3
}