{
    "partname": "screening",
    "runtime": 57.96326173841953,
    "results": {
        "CONF3": {
            "gsolv": {
                "gsolv": -0.006262965317034741,
                "energy_gas": -326.822290461077,
                "energy_solv": -326.828553426394
            },
            "gtot": -326.828553426394,
            "bmw": 0.165183061145736
        },
        "CONF1": {
            "gsolv": {
                "gsolv": -0.006337102575002973,
                "energy_gas": -326.823665655819,
                "energy_solv": -326.830002758394
            },
            "gtot": -326.830002758394,
            "bmw": 0.7666763812183817
        },
        "CONF2": {
            "gsolv": {
                "gsolv": -0.006041189231950739,
                "energy_gas": -326.82167617967,
                "energy_solv": -326.827717368902
            },
            "gtot": -326.827717368902,
            "bmw": 0.0681405576358823
        }
    },
    "settings": {
        "threshold": 3.5,
        "func": "r2scan-3c",
        "basis": "def2-tzvp",
        "prog": "orca",
        "sm": "smd",
        "gfnv": "gfn2",
        "run": true,
        "implicit": false,
        "template": false
    },
    "nconf_in": 3,
    "nconf_out": 3
}