{
    "partname": "refinement",
    "runtime": 328.29193000216037,
    "results": {
        "CONF1": {
            "gsolv": {
                "gsolv": -0.006673544429986578,
                "energy_gas": -326.932111674898,
                "energy_solv": -326.938785219328
            },
            "gtot": -326.938785219328,
            "bmw": 0.7616556083222251
        },
        "CONF2": {
            "gsolv": {
                "gsolv": -0.006436414269956003,
                "energy_gas": -326.930234344227,
                "energy_solv": -326.936670758497
            },
            "gtot": -326.936670758497,
            "bmw": 0.08112860066190265
        },
        "CONF3": {
            "gsolv": {
                "gsolv": -0.006591591798041918,
                "energy_gas": -326.93070382337,
                "energy_solv": -326.937295415168
            },
            "gtot": -326.937295415168,
            "bmw": 0.15721579101587213
        }
    },
    "settings": {
        "threshold": 0.95,
        "func": "wb97x-v",
        "basis": "def2-tzvp",
        "prog": "orca",
        "sm": "smd",
        "gfnv": "gfn2",
        "run": true,
        "implicit": false,
        "template": false
    },
    "nconf_in": 3,
    "nconf_out": 3
}