{
   "temperature":     298.150000000000,
   "unit": "hartree",
   "energy":     -65.134948496827,
   "free energy":     -65.043631377747,
   "G(T)":       0.091317119080,
   "ZPVE":       0.139450391202,
   "number of imags":0,
   "point group": "c1",
   "gradient norm":       0.000063201021
}
