{
   "temperature":     298.150000000000,
   "unit": "hartree",
   "energy":     -26.324518448086,
   "free energy":     -26.116989607605,
   "G(T)":       0.207528840481,
   "ZPVE":       0.242583736396,
   "number of imags":0,
   "point group": "c1",
   "gradient norm":       0.000056852224
}
