{
   "temperature":     298.150000000000,
   "unit": "hartree",
   "energy":     -14.545619903374,
   "free energy":     -14.480954305977,
   "G(T)":       0.064665597397,
   "ZPVE":       0.093257638848,
   "number of imags":0,
   "point group": "c1",
   "gradient norm":       0.000071648620
}
