{
   "temperature":     298.150000000000,
   "unit": "hartree",
   "energy":     -43.389354457671,
   "free energy":     -43.241922763068,
   "G(T)":       0.147431694603,
   "ZPVE":       0.186055654996,
   "number of imags":0,
   "point group": "c1",
   "gradient norm":       0.000076440840
}
