{
    "partname": "prescreening",
    "runtime": 9.769132234156132,
    "results": {
        "CONF2": {
            "xtb_gsolv": {
                "gsolv": -0.007872680666999088,
                "energy_xtb_gas": -27.181092837818,
                "energy_xtb_solv": -27.188965518485
            },
            "sp": {
                "energy": -421.08827114197
            },
            "gtot": -421.096143822637,
            "bmw": 0.022229029267516128
        },
        "CONF3": {
            "xtb_gsolv": {
                "gsolv": -0.006880641477000182,
                "energy_xtb_gas": -27.180700818978,
                "energy_xtb_solv": -27.187581460455
            },
            "sp": {
                "energy": -421.082925564662
            },
            "gtot": -421.089806206139,
            "bmw": 2.7028297740800527e-05
        },
        "CONF1": {
            "xtb_gsolv": {
                "gsolv": -0.005588549720997094,
                "energy_xtb_gas": -27.187023517736,
                "energy_xtb_solv": -27.192612067457
            },
            "sp": {
                "energy": -421.094127921584
            },
            "gtot": -421.099716471305,
            "bmw": 0.9777439424347429
        }
    },
    "settings": {
        "threshold": 4.0,
        "func": "pbe-d4",
        "basis": "def2-sv(p)",
        "prog": "orca",
        "gfnv": "gfn2",
        "run": true,
        "template": false
    },
    "nconf_in": 3,
    "nconf_out": 2
}