{
    "partname": "screening",
    "runtime": 60.96504607703537,
    "results": {
        "CONF2": {
            "gsolv": {
                "gsolv": -0.012333196350994058,
                "energy_gas": -421.896986810747,
                "energy_solv": -421.909320007098
            },
            "gtot": -421.909320007098,
            "bmw": 0.21356243805139372
        },
        "CONF1": {
            "gsolv": {
                "gsolv": -0.007142948318005438,
                "energy_gas": -421.903407881751,
                "energy_solv": -421.910550830069
            },
            "gtot": -421.910550830069,
            "bmw": 0.7864375619486064
        }
    },
    "settings": {
        "threshold": 3.5,
        "func": "r2scan-3c",
        "basis": "def2-tzvp",
        "prog": "orca",
        "sm": "smd",
        "gfnv": "gfn2",
        "run": true,
        "implicit": false,
        "template": false
    },
    "nconf_in": 2,
    "nconf_out": 2
}