{
    "partname": "refinement",
    "runtime": 398.57244262006134,
    "results": {
        "CONF1": {
            "gsolv": {
                "gsolv": -0.007655752027005747,
                "energy_gas": -422.018640264076,
                "energy_solv": -422.026296016103
            },
            "gtot": -422.026296016103,
            "bmw": 0.8010114857867383
        },
        "CONF2": {
            "gsolv": {
                "gsolv": -0.013176579165019575,
                "energy_gas": -422.011804539982,
                "energy_solv": -422.024981119147
            },
            "gtot": -422.024981119147,
            "bmw": 0.1989885142132617
        }
    },
    "settings": {
        "threshold": 0.95,
        "func": "wb97x-v",
        "basis": "def2-tzvp",
        "prog": "orca",
        "sm": "smd",
        "gfnv": "gfn2",
        "run": true,
        "implicit": false,
        "template": false
    },
    "nconf_in": 2,
    "nconf_out": 2
}