{
    "partname": "prescreening",
    "runtime": 8.645547036081553,
    "results": {
        "CONF1": {
            "xtb_gsolv": {
                "gsolv": -0.005589307819999334,
                "energy_xtb_gas": -26.294780699569,
                "energy_xtb_solv": -26.300370007389
            },
            "sp": {
                "energy": -385.240258536094
            },
            "gtot": -385.245847843914,
            "bmw": 0.9272438234410232
        },
        "CONF2": {
            "xtb_gsolv": {
                "gsolv": -0.0055865761029991745,
                "energy_xtb_gas": -26.292976483315,
                "energy_xtb_solv": -26.298563059418
            },
            "sp": {
                "energy": -385.237858223045
            },
            "gtot": -385.243444799148,
            "bmw": 0.07275617655897679
        }
    },
    "settings": {
        "threshold": 4.0,
        "func": "pbe-d4",
        "basis": "def2-sv(p)",
        "prog": "orca",
        "gfnv": "gfn2",
        "run": true,
        "template": false
    },
    "nconf_in": 2,
    "nconf_out": 2
}