{
    "partname": "screening",
    "runtime": 57.357844127342105,
    "results": {
        "CONF1": {
            "gsolv": {
                "gsolv": -0.008648568657008582,
                "energy_gas": -386.004783850991,
                "energy_solv": -386.013432419648
            },
            "gtot": -386.013432419648,
            "bmw": 0.9187958694679803
        },
        "CONF2": {
            "gsolv": {
                "gsolv": -0.008507424561003063,
                "energy_gas": -386.00263431281,
                "energy_solv": -386.011141737371
            },
            "gtot": -386.011141737371,
            "bmw": 0.08120413053201977
        }
    },
    "settings": {
        "threshold": 3.5,
        "func": "r2scan-3c",
        "basis": "def2-tzvp",
        "prog": "orca",
        "sm": "smd",
        "gfnv": "gfn2",
        "run": true,
        "implicit": false,
        "template": false
    },
    "nconf_in": 2,
    "nconf_out": 2
}