{
    "partname": "refinement",
    "runtime": 392.51765151973814,
    "results": {
        "CONF2": {
            "gsolv": {
                "gsolv": -0.008800298441997256,
                "energy_gas": -386.119885526523,
                "energy_solv": -386.128685824965
            },
            "gtot": -386.128685824965,
            "bmw": 0.09208890379426184
        },
        "CONF1": {
            "gsolv": {
                "gsolv": -0.008891450841019832,
                "energy_gas": -386.121955036765,
                "energy_solv": -386.130846487606
            },
            "gtot": -386.130846487606,
            "bmw": 0.9079110962057382
        }
    },
    "settings": {
        "threshold": 0.95,
        "func": "wb97x-v",
        "basis": "def2-tzvp",
        "prog": "orca",
        "sm": "smd",
        "gfnv": "gfn2",
        "run": true,
        "implicit": false,
        "template": false
    },
    "nconf_in": 2,
    "nconf_out": 2
}