{
    "partname": "prescreening",
    "runtime": 20.883287077769637,
    "results": {
        "CONF1": {
            "xtb_gsolv": {
                "gsolv": -0.0003780852029997561,
                "energy_xtb_gas": -31.816569809803,
                "energy_xtb_solv": -31.816947895006
            },
            "sp": {
                "energy": -463.488310155536
            },
            "gtot": -463.488688240739,
            "bmw": 0.7144246514267375
        },
        "CONF2": {
            "xtb_gsolv": {
                "gsolv": -0.0003725665059981509,
                "energy_xtb_gas": -31.816096656557,
                "energy_xtb_solv": -31.816469223063
            },
            "sp": {
                "energy": -463.487449884489
            },
            "gtot": -463.487822450995,
            "bmw": 0.2855753485732624
        }
    },
    "settings": {
        "threshold": 4.0,
        "func": "pbe-d4",
        "basis": "def2-sv(p)",
        "prog": "orca",
        "gfnv": "gfn2",
        "run": true,
        "template": false
    },
    "nconf_in": 2,
    "nconf_out": 2
}