{
    "partname": "screening",
    "runtime": 94.33723947964609,
    "results": {
        "CONF2": {
            "gsolv": {
                "gsolv": -0.0030076978720217085,
                "energy_gas": -464.389262750666,
                "energy_solv": -464.392270448538
            },
            "gtot": -464.392270448538,
            "bmw": 0.26927053342656765
        },
        "CONF1": {
            "gsolv": {
                "gsolv": -0.0030334856550098266,
                "energy_gas": -464.3901795668,
                "energy_solv": -464.393213052455
            },
            "gtot": -464.393213052455,
            "bmw": 0.7307294665734324
        }
    },
    "settings": {
        "threshold": 3.5,
        "func": "r2scan-3c",
        "basis": "def2-tzvp",
        "prog": "orca",
        "sm": "smd",
        "gfnv": "gfn2",
        "run": true,
        "implicit": false,
        "template": false
    },
    "nconf_in": 2,
    "nconf_out": 2
}