{
    "partname": "refinement",
    "runtime": 768.3008346492425,
    "results": {
        "CONF1": {
            "gsolv": {
                "gsolv": -0.0028007486509977753,
                "energy_gas": -464.541462572359,
                "energy_solv": -464.54426332101
            },
            "gtot": -464.54426332101,
            "bmw": 0.758847521923514
        },
        "CONF2": {
            "gsolv": {
                "gsolv": -0.0027753081249670686,
                "energy_gas": -464.540405627551,
                "energy_solv": -464.543180935676
            },
            "gtot": -464.543180935676,
            "bmw": 0.24115247807648593
        }
    },
    "settings": {
        "threshold": 0.95,
        "func": "wb97x-v",
        "basis": "def2-tzvp",
        "prog": "orca",
        "sm": "smd",
        "gfnv": "gfn2",
        "run": true,
        "implicit": false,
        "template": false
    },
    "nconf_in": 2,
    "nconf_out": 2
}