{
   "temperature":     298.150000000000,
   "unit": "hartree",
   "energy":     -32.442138960442,
   "free energy":     -32.271136664278,
   "G(T)":       0.171002296164,
   "ZPVE":       0.208267250474,
   "number of imags":0,
   "point group": "c1",
   "gradient norm":       0.000027285806
}
