{
   "temperature":     298.150000000000,
   "unit": "hartree",
   "energy":     -33.611590166266,
   "free energy":     -33.416263676471,
   "G(T)":       0.195326489794,
   "ZPVE":       0.233654713873,
   "number of imags":0,
   "point group": "c1",
   "gradient norm":       0.000052129901
}
