{
   "temperature":     298.150000000000,
   "unit": "hartree",
   "energy":     -23.378454852529,
   "free energy":     -23.306408088207,
   "G(T)":       0.072046764323,
   "ZPVE":       0.103647827259,
   "number of imags":0,
   "point group": "cs",
   "gradient norm":       0.000019048207
}
