{
   "temperature":     298.150000000000,
   "unit": "hartree",
   "energy":     -13.664244254136,
   "free energy":     -13.560933085241,
   "G(T)":       0.103311168895,
   "ZPVE":       0.130813759705,
   "number of imags":0,
   "point group": "c2",
   "gradient norm":       0.000025282461
}
