{
   "temperature":     298.150000000000,
   "unit": "hartree",
   "energy":     -16.071919832992,
   "free energy":     -15.973853670279,
   "G(T)":       0.098066162713,
   "ZPVE":       0.126719903101,
   "number of imags":0,
   "point group": "cs",
   "gradient norm":       0.000105112607
}
