{
   "temperature":     298.150000000000,
   "unit": "hartree",
   "energy":     -25.523793916265,
   "free energy":     -25.436361841865,
   "G(T)":       0.087432074400,
   "ZPVE":       0.121630322197,
   "number of imags":0,
   "point group": "cs",
   "gradient norm":       0.000086238866
}
