{
   "temperature":     298.150000000000,
   "unit": "hartree",
   "energy":     -43.389059754979,
   "free energy":     -43.241885536546,
   "G(T)":       0.147174218433,
   "ZPVE":       0.186076353853,
   "number of imags":0,
   "point group": "c1",
   "gradient norm":       0.000030410082
}
