{
   "temperature":     298.150000000000,
   "unit": "hartree",
   "energy":     -17.476867206964,
   "free energy":     -17.409950156038,
   "G(T)":       0.066917050925,
   "ZPVE":       0.096164998710,
   "number of imags":0,
   "point group": "cs",
   "gradient norm":       0.000106096180
}
