{
   "temperature":     298.150000000000,
   "unit": "hartree",
   "energy":     -26.299827403185,
   "free energy":     -26.179649538485,
   "G(T)":       0.120177864700,
   "ZPVE":       0.155310401897,
   "number of imags":0,
   "point group": "cs",
   "gradient norm":       0.000021914341
}
