{
   "temperature":     298.150000000000,
   "unit": "hartree",
   "energy":     -43.403061591525,
   "free energy":     -43.255689534807,
   "G(T)":       0.147372056718,
   "ZPVE":       0.185764381744,
   "number of imags":0,
   "point group": "c1",
   "gradient norm":       0.000042353603
}
