{
   "temperature":     298.150000000000,
   "unit": "hartree",
   "energy":     -16.829710785574,
   "free energy":     -16.701022925893,
   "G(T)":       0.128687859681,
   "ZPVE":       0.158758331028,
   "number of imags":0,
   "point group": "cs",
   "gradient norm":       0.000027591945
}
