{
   "temperature":     298.150000000000,
   "unit": "hartree",
   "energy":     -42.395498471193,
   "free energy":     -42.237316751447,
   "G(T)":       0.158181719746,
   "ZPVE":       0.199200966169,
   "number of imags":0,
   "point group": "c1",
   "gradient norm":       0.000074682089
}
