{
   "temperature":     298.150000000000,
   "unit": "hartree",
   "energy":     -22.454465308686,
   "free energy":     -22.472579390123,
   "G(T)":      -0.018114081437,
   "ZPVE":       0.013719967663,
   "number of imags":0,
   "point group": "d2h",
   "gradient norm":       0.000082801516
}
