{
   "temperature":     298.150000000000,
   "unit": "hartree",
   "energy":     -23.113628870675,
   "free energy":     -23.017210856358,
   "G(T)":       0.096418014317,
   "ZPVE":       0.128471849377,
   "number of imags":0,
   "point group": "c1",
   "gradient norm":       0.000052638488
}
