{
    "partname": "prescreening",
    "runtime": 8.402862626127899,
    "results": {
        "CONF2": {
            "xtb_gsolv": {
                "gsolv": -0.0043596084330026486,
                "energy_xtb_gas": -22.752130459323,
                "energy_xtb_solv": -22.756490067756
            },
            "sp": {
                "energy": -342.198992676614
            },
            "gtot": -342.203352285047,
            "bmw": 0.4639360846795826
        },
        "CONF1": {
            "xtb_gsolv": {
                "gsolv": -0.004881722427999335,
                "energy_xtb_gas": -22.752949894385,
                "energy_xtb_solv": -22.757831616813
            },
            "sp": {
                "energy": -342.198607003413
            },
            "gtot": -342.203488725841,
            "bmw": 0.5360639153204174
        }
    },
    "settings": {
        "threshold": 4.0,
        "func": "pbe-d4",
        "basis": "def2-sv(p)",
        "prog": "orca",
        "gfnv": "gfn2",
        "run": true,
        "template": false
    },
    "nconf_in": 2,
    "nconf_out": 2
}