{
    "partname": "screening",
    "runtime": 52.26907642465085,
    "results": {
        "CONF2": {
            "gsolv": {
                "gsolv": -0.008356269170974429,
                "energy_gas": -342.851174671382,
                "energy_solv": -342.859530940553
            },
            "gtot": -342.859530940553,
            "bmw": 0.16898296030701462
        },
        "CONF1": {
            "gsolv": {
                "gsolv": -0.009593019483986609,
                "energy_gas": -342.851441866503,
                "energy_solv": -342.861034885987
            },
            "gtot": -342.861034885987,
            "bmw": 0.8310170396929853
        }
    },
    "settings": {
        "threshold": 3.5,
        "func": "r2scan-3c",
        "basis": "def2-tzvp",
        "prog": "orca",
        "sm": "smd",
        "gfnv": "gfn2",
        "run": true,
        "implicit": false,
        "template": false
    },
    "nconf_in": 2,
    "nconf_out": 2
}