{
    "partname": "refinement",
    "runtime": 285.8753322418779,
    "results": {
        "CONF2": {
            "gsolv": {
                "gsolv": -0.009292549439010145,
                "energy_gas": -342.962476511567,
                "energy_solv": -342.971769061006
            },
            "gtot": -342.971769061006,
            "bmw": 0.15785407064560977
        },
        "CONF1": {
            "gsolv": {
                "gsolv": -0.01002815715298766,
                "energy_gas": -342.963321734072,
                "energy_solv": -342.973349891225
            },
            "gtot": -342.973349891225,
            "bmw": 0.8421459293543903
        }
    },
    "settings": {
        "threshold": 0.95,
        "func": "wb97x-v",
        "basis": "def2-tzvp",
        "prog": "orca",
        "sm": "smd",
        "gfnv": "gfn2",
        "run": true,
        "implicit": false,
        "template": false
    },
    "nconf_in": 2,
    "nconf_out": 2
}