{
   "temperature":     298.150000000000,
   "unit": "hartree",
   "energy":     -27.251669167930,
   "free energy":     -27.202778397652,
   "G(T)":       0.048890770278,
   "ZPVE":       0.080864386548,
   "number of imags":0,
   "point group": "c1",
   "gradient norm":       0.000050973898
}
