{
   "temperature":     298.150000000000,
   "unit": "hartree",
   "energy":     -19.326418934237,
   "free energy":     -19.245535862101,
   "G(T)":       0.080883072136,
   "ZPVE":       0.112668959849,
   "number of imags":0,
   "point group": "cs",
   "gradient norm":       0.000042772831
}
