{
   "temperature":     298.150000000000,
   "unit": "hartree",
   "energy":     -19.868005195226,
   "free energy":     -19.760871124780,
   "G(T)":       0.107134070446,
   "ZPVE":       0.138754434467,
   "number of imags":0,
   "point group": "c1",
   "gradient norm":       0.000044985232
}
