{
   "temperature":     298.150000000000,
   "unit": "hartree",
   "energy":     -19.868005215372,
   "free energy":     -19.760872094052,
   "G(T)":       0.107133121320,
   "ZPVE":       0.138754317095,
   "number of imags":0,
   "point group": "c1",
   "gradient norm":       0.000062342209
}
