{
   "temperature":     298.150000000000,
   "unit": "hartree",
   "energy":     -19.882874918111,
   "free energy":     -19.770799242331,
   "G(T)":       0.112075675780,
   "ZPVE":       0.142173342093,
   "number of imags":0,
   "point group": "c1",
   "gradient norm":       0.000021225582
}
