{
   "temperature":     298.150000000000,
   "unit": "hartree",
   "energy":     -20.679738404396,
   "free energy":     -20.626300651014,
   "G(T)":       0.053437753382,
   "ZPVE":       0.083990846784,
   "number of imags":0,
   "point group": "cs",
   "gradient norm":       0.000040862951
}
