{
   "temperature":     298.150000000000,
   "unit": "hartree",
   "energy":     -28.425683539235,
   "free energy":     -28.302144001740,
   "G(T)":       0.123539537496,
   "ZPVE":       0.160794585054,
   "number of imags":0,
   "point group": "c1",
   "gradient norm":       0.000027802923
}
