{
   "temperature":     298.150000000000,
   "unit": "hartree",
   "energy":     -17.724496732382,
   "free energy":     -17.621808161914,
   "G(T)":       0.102688570468,
   "ZPVE":       0.132923181832,
   "number of imags":0,
   "point group": "c1",
   "gradient norm":       0.000072515533
}
