{
    "partname": "prescreening",
    "runtime": 9.880094237159938,
    "results": {
        "CONF3": {
            "xtb_gsolv": {
                "gsolv": -0.013169957561999013,
                "energy_xtb_gas": -33.407996152612,
                "energy_xtb_solv": -33.421166110174
            },
            "sp": {
                "energy": -534.245309465074
            },
            "gtot": -534.258479422636,
            "bmw": 0.22748022638044035
        },
        "CONF2": {
            "xtb_gsolv": {
                "gsolv": -0.013026082339003153,
                "energy_xtb_gas": -33.408259261332,
                "energy_xtb_solv": -33.421285343671
            },
            "sp": {
                "energy": -534.245655027494
            },
            "gtot": -534.258681109833,
            "bmw": 0.28165232510487026
        },
        "CONF4": {
            "xtb_gsolv": {
                "gsolv": -0.011486362181003074,
                "energy_xtb_gas": -33.40119185567,
                "energy_xtb_solv": -33.412678217851
            },
            "sp": {
                "energy": -534.232556398528
            },
            "gtot": -534.244042760709,
            "bmw": 5.20641544823815e-08
        },
        "CONF1": {
            "xtb_gsolv": {
                "gsolv": -0.012962234114993976,
                "energy_xtb_gas": -33.408405228562,
                "energy_xtb_solv": -33.421367462677
            },
            "sp": {
                "energy": -534.246243370383
            },
            "gtot": -534.259205604498,
            "bmw": 0.4908673964505349
        }
    },
    "settings": {
        "threshold": 4.0,
        "func": "pbe-d4",
        "basis": "def2-sv(p)",
        "prog": "orca",
        "gfnv": "gfn2",
        "run": true,
        "template": false
    },
    "nconf_in": 4,
    "nconf_out": 3
}