{
    "partname": "screening",
    "runtime": 57.231087090913206,
    "results": {
        "CONF1": {
            "gsolv": {
                "gsolv": -0.013334651485024551,
                "energy_gas": -535.24961779171,
                "energy_solv": -535.262952443195
            },
            "gtot": -535.262952443195,
            "bmw": 0.7308911393786341
        },
        "CONF2": {
            "gsolv": {
                "gsolv": -0.0129263333100198,
                "energy_gas": -535.248624655446,
                "energy_solv": -535.261550988756
            },
            "gtot": -535.261550988756,
            "bmw": 0.16566405079154684
        },
        "CONF3": {
            "gsolv": {
                "gsolv": -0.012875635263981167,
                "energy_gas": -535.248230714953,
                "energy_solv": -535.261106350217
            },
            "gtot": -535.261106350217,
            "bmw": 0.10344480982981909
        }
    },
    "settings": {
        "threshold": 3.5,
        "func": "r2scan-3c",
        "basis": "def2-tzvp",
        "prog": "orca",
        "sm": "smd",
        "gfnv": "gfn2",
        "run": true,
        "implicit": false,
        "template": false
    },
    "nconf_in": 3,
    "nconf_out": 3
}