{
    "partname": "refinement",
    "runtime": 444.56205936986953,
    "results": {
        "CONF2": {
            "gsolv": {
                "gsolv": -0.013679019119990699,
                "energy_gas": -535.388265210511,
                "energy_solv": -535.401944229631
            },
            "gtot": -535.401944229631,
            "bmw": 0.3347853244210754
        },
        "CONF1": {
            "gsolv": {
                "gsolv": -0.013641173115047422,
                "energy_gas": -535.388280395964,
                "energy_solv": -535.401921569079
            },
            "gtot": -535.401921569079,
            "bmw": 0.3268460792716585
        },
        "CONF3": {
            "gsolv": {
                "gsolv": -0.013812204637929426,
                "energy_gas": -535.388142077075,
                "energy_solv": -535.401954281713
            },
            "gtot": -535.401954281713,
            "bmw": 0.3383685963072661
        }
    },
    "settings": {
        "threshold": 0.95,
        "func": "wb97x-v",
        "basis": "def2-tzvp",
        "prog": "orca",
        "sm": "smd",
        "gfnv": "gfn2",
        "run": true,
        "implicit": false,
        "template": false
    },
    "nconf_in": 3,
    "nconf_out": 3
}