{
   "temperature":     298.150000000000,
   "unit": "hartree",
   "energy":     -30.282418687077,
   "free energy":     -30.254717829449,
   "G(T)":       0.027700857628,
   "ZPVE":       0.062560831359,
   "number of imags":0,
   "point group": "c1",
   "gradient norm":       0.000191333619
}
