{
   "temperature":     298.150000000000,
   "unit": "hartree",
   "energy":     -29.521801112011,
   "free energy":     -29.430558712036,
   "G(T)":       0.091242399975,
   "ZPVE":       0.126596671430,
   "number of imags":0,
   "point group": "c1",
   "gradient norm":       0.000036473479
}
