{
    "partname": "prescreening",
    "runtime": 6.295533369295299,
    "results": {
        "CONF4": {
            "xtb_gsolv": {
                "gsolv": -0.009383265042000488,
                "energy_xtb_gas": -27.236921545166,
                "energy_xtb_solv": -27.246304810208
            },
            "sp": {
                "energy": -491.107346412221
            },
            "gtot": -491.116729677263,
            "bmw": 0.00046682952200253325
        },
        "CONF2": {
            "xtb_gsolv": {
                "gsolv": -0.009253318479998995,
                "energy_xtb_gas": -27.240601043517,
                "energy_xtb_solv": -27.249854361997
            },
            "sp": {
                "energy": -491.113386499243
            },
            "gtot": -491.122639817723,
            "bmw": 0.24413764393901818
        },
        "CONF3": {
            "xtb_gsolv": {
                "gsolv": -0.0069296005360008905,
                "energy_xtb_gas": -27.241784177832,
                "energy_xtb_solv": -27.248713778368
            },
            "sp": {
                "energy": -491.116288981708
            },
            "gtot": -491.123218582244,
            "bmw": 0.4506589507823462
        },
        "CONF1": {
            "xtb_gsolv": {
                "gsolv": -0.007044490539001913,
                "energy_xtb_gas": -27.243599491031,
                "energy_xtb_solv": -27.25064398157
            },
            "sp": {
                "energy": -491.1158046674
            },
            "gtot": -491.122849157939,
            "bmw": 0.3047365757566331
        }
    },
    "settings": {
        "threshold": 4.0,
        "func": "pbe-d4",
        "basis": "def2-sv(p)",
        "prog": "orca",
        "gfnv": "gfn2",
        "run": true,
        "template": false
    },
    "nconf_in": 4,
    "nconf_out": 3
}