{
    "partname": "screening",
    "runtime": 46.357830222696066,
    "results": {
        "CONF2": {
            "gsolv": {
                "gsolv": -0.008014669231954485,
                "energy_gas": -492.054053584522,
                "energy_solv": -492.062068253754
            },
            "gtot": -492.062068253754,
            "bmw": 0.07452117145422602
        },
        "CONF3": {
            "gsolv": {
                "gsolv": -0.006020781604036074,
                "energy_gas": -492.057661819851,
                "energy_solv": -492.063682601455
            },
            "gtot": -492.063682601455,
            "bmw": 0.4119345471921178
        },
        "CONF1": {
            "gsolv": {
                "gsolv": -0.006728437332014892,
                "energy_gas": -492.057162330013,
                "energy_solv": -492.063890767345
            },
            "gtot": -492.063890767345,
            "bmw": 0.5135442813536562
        }
    },
    "settings": {
        "threshold": 3.5,
        "func": "r2scan-3c",
        "basis": "def2-tzvp",
        "prog": "orca",
        "sm": "smd",
        "gfnv": "gfn2",
        "run": true,
        "implicit": false,
        "template": false
    },
    "nconf_in": 3,
    "nconf_out": 3
}