{
    "partname": "refinement",
    "runtime": 162.17142057418823,
    "results": {
        "CONF1": {
            "gsolv": {
                "gsolv": -0.0076682275019948065,
                "energy_gas": -492.138748949571,
                "energy_solv": -492.146417177073
            },
            "gtot": -492.146417177073,
            "bmw": 0.44621074415185513
        },
        "CONF3": {
            "gsolv": {
                "gsolv": -0.007080763516000843,
                "energy_gas": -492.139361058367,
                "energy_solv": -492.146441821883
            },
            "gtot": -492.146441821883,
            "bmw": 0.4580109395730234
        },
        "CONF2": {
            "gsolv": {
                "gsolv": -0.00906685457397316,
                "energy_gas": -492.135897454926,
                "energy_solv": -492.1449643095
            },
            "gtot": -492.1449643095,
            "bmw": 0.09577831627512155
        }
    },
    "settings": {
        "threshold": 0.95,
        "func": "wb97x-v",
        "basis": "def2-tzvp",
        "prog": "orca",
        "sm": "smd",
        "gfnv": "gfn2",
        "run": true,
        "implicit": false,
        "template": false
    },
    "nconf_in": 3,
    "nconf_out": 3
}