{
    "partname": "prescreening",
    "runtime": 24.55475361086428,
    "results": {
        "CONF1": {
            "xtb_gsolv": {
                "gsolv": -0.002429312456001753,
                "energy_xtb_gas": -41.959179973992,
                "energy_xtb_solv": -41.961609286448
            },
            "sp": {
                "energy": -1070.559047965629
            },
            "gtot": -1070.561477278085,
            "bmw": 1.0
        }
    },
    "settings": {
        "threshold": 4.0,
        "func": "pbe-d4",
        "basis": "def2-sv(p)",
        "prog": "orca",
        "gfnv": "gfn2",
        "run": true,
        "template": false
    },
    "nconf_in": 1,
    "nconf_out": 1
}