{
    "partname": "prescreening",
    "runtime": 6.117175756022334,
    "results": {
        "CONF1": {
            "xtb_gsolv": {
                "gsolv": 0.004486191822998364,
                "energy_xtb_gas": -34.769816512468,
                "energy_xtb_solv": -34.765330320645
            },
            "sp": {
                "energy": -712.038421851485
            },
            "gtot": -712.033935659662,
            "bmw": 1.0
        }
    },
    "settings": {
        "threshold": 4.0,
        "func": "pbe-d4",
        "basis": "def2-sv(p)",
        "prog": "orca",
        "gfnv": "gfn2",
        "run": true,
        "template": false
    },
    "nconf_in": 1,
    "nconf_out": 1
}