{
    "partname": "prescreening",
    "runtime": 4.442685606889427,
    "results": {
        "CONF1": {
            "xtb_gsolv": {
                "gsolv": 0.0004424435709999841,
                "energy_xtb_gas": -11.309297161207,
                "energy_xtb_solv": -11.308854717636
            },
            "sp": {
                "energy": -5186.105435854485
            },
            "gtot": -5186.104993410914,
            "bmw": 1.0
        }
    },
    "settings": {
        "threshold": 4.0,
        "func": "pbe-d4",
        "basis": "def2-sv(p)",
        "prog": "orca",
        "gfnv": "gfn2",
        "run": true,
        "template": false
    },
    "nconf_in": 1,
    "nconf_out": 1
}