{
   "temperature":     298.150000000000,
   "unit": "hartree",
   "energy":     -19.882806477068,
   "free energy":     -19.770803999335,
   "G(T)":       0.112002477733,
   "ZPVE":       0.142123221898,
   "number of imags":0,
   "point group": "c1",
   "gradient norm":       0.000020855076
}
