{
    "partname": "prescreening",
    "runtime": 4.87439133413136,
    "results": {
        "CONF2": {
            "xtb_gsolv": {
                "gsolv": -0.01274010103099954,
                "energy_xtb_gas": -13.818177457469,
                "energy_xtb_solv": -13.8309175585
            },
            "sp": {
                "energy": -208.759526232887
            },
            "gtot": -208.772266333918,
            "bmw": 0.545968293718495
        },
        "CONF1": {
            "xtb_gsolv": {
                "gsolv": -0.012699422210999955,
                "energy_xtb_gas": -13.818786569172,
                "energy_xtb_solv": -13.831485991383
            },
            "sp": {
                "energy": -208.759392810003
            },
            "gtot": -208.772092232214,
            "bmw": 0.4540317062815051
        }
    },
    "settings": {
        "threshold": 4.0,
        "func": "pbe-d4",
        "basis": "def2-sv(p)",
        "prog": "orca",
        "gfnv": "gfn2",
        "run": true,
        "template": false
    },
    "nconf_in": 2,
    "nconf_out": 2
}