{
    "partname": "screening",
    "runtime": 23.385766512714326,
    "results": {
        "CONF2": {
            "gsolv": {
                "gsolv": -0.016760452435988782,
                "energy_gas": -209.173125136458,
                "energy_solv": -209.189885588894
            },
            "gtot": -209.189885588894,
            "bmw": 0.6813867558934465
        },
        "CONF1": {
            "gsolv": {
                "gsolv": -0.016240694366018715,
                "energy_gas": -209.172927171234,
                "energy_solv": -209.1891678656
            },
            "gtot": -209.1891678656,
            "bmw": 0.31861324410655345
        }
    },
    "settings": {
        "threshold": 3.5,
        "func": "r2scan-3c",
        "basis": "def2-tzvp",
        "prog": "orca",
        "sm": "smd",
        "gfnv": "gfn2",
        "run": true,
        "implicit": false,
        "template": false
    },
    "nconf_in": 2,
    "nconf_out": 2
}