{
    "partname": "refinement",
    "runtime": 79.5074641564861,
    "results": {
        "CONF2": {
            "gsolv": {
                "gsolv": -0.017871284228988316,
                "energy_gas": -209.229740317688,
                "energy_solv": -209.247611601917
            },
            "gtot": -209.247611601917,
            "bmw": 0.6517256651736932
        },
        "CONF1": {
            "gsolv": {
                "gsolv": -0.017289364014999364,
                "energy_gas": -209.229730580966,
                "energy_solv": -209.247019944981
            },
            "gtot": -209.247019944981,
            "bmw": 0.3482743348263067
        }
    },
    "settings": {
        "threshold": 0.95,
        "func": "wb97x-v",
        "basis": "def2-tzvp",
        "prog": "orca",
        "sm": "smd",
        "gfnv": "gfn2",
        "run": true,
        "implicit": false,
        "template": false
    },
    "nconf_in": 2,
    "nconf_out": 2
}