{
   "temperature":     298.150000000000,
   "unit": "hartree",
   "energy":     -42.171716695677,
   "free energy":     -42.031073736549,
   "G(T)":       0.140642959128,
   "ZPVE":       0.181906257346,
   "number of imags":0,
   "point group": "c1",
   "gradient norm":       0.000054500666
}
