{
   "temperature":     298.150000000000,
   "unit": "hartree",
   "energy":     -20.789623758482,
   "free energy":     -20.708195307126,
   "G(T)":       0.081428451356,
   "ZPVE":       0.114753337923,
   "number of imags":0,
   "point group": "c1",
   "gradient norm":       0.000096982886
}
