{
   "temperature":     298.150000000000,
   "unit": "hartree",
   "energy":     -20.900243008793,
   "free energy":     -20.770640920317,
   "G(T)":       0.129602088476,
   "ZPVE":       0.161222341241,
   "number of imags":0,
   "point group": "c1",
   "gradient norm":       0.000069338527
}
