{
   "temperature":     298.150000000000,
   "unit": "hartree",
   "energy":     -47.579964631333,
   "free energy":     -47.514143463394,
   "G(T)":       0.065821167940,
   "ZPVE":       0.103952531685,
   "number of imags":0,
   "point group": "c2",
   "gradient norm":       0.000097668780
}
