{
   "temperature":     298.150000000000,
   "unit": "hartree",
   "energy":     -43.390917088048,
   "free energy":     -43.244275314041,
   "G(T)":       0.146641774007,
   "ZPVE":       0.185839726630,
   "number of imags":0,
   "point group": "c1",
   "gradient norm":       0.000053801880
}
