{
   "temperature":     298.150000000000,
   "unit": "hartree",
   "energy":     -16.993125930649,
   "free energy":     -16.923086644752,
   "G(T)":       0.070039285896,
   "ZPVE":       0.099190686117,
   "number of imags":0,
   "point group": "cs",
   "gradient norm":       0.000041977920
}
