{
   "temperature":     298.150000000000,
   "unit": "hartree",
   "energy":     -31.735692933644,
   "free energy":     -31.669873083783,
   "G(T)":       0.065819849861,
   "ZPVE":       0.100600404077,
   "number of imags":0,
   "point group": "cs",
   "gradient norm":       0.000049028049
}
