{
    "partname": "prescreening",
    "runtime": 10.565185002982616,
    "results": {
        "CONF1": {
            "xtb_gsolv": {
                "gsolv": -0.0033284279809997486,
                "energy_xtb_gas": -25.654711987595,
                "energy_xtb_solv": -25.658040415576
            },
            "sp": {
                "energy": -365.399064965195
            },
            "gtot": -365.402393393176,
            "bmw": 1.0
        }
    },
    "settings": {
        "threshold": 4.0,
        "func": "pbe-d4",
        "basis": "def2-sv(p)",
        "prog": "orca",
        "gfnv": "gfn2",
        "run": true,
        "template": false
    },
    "nconf_in": 1,
    "nconf_out": 1
}