{
   "temperature":     298.150000000000,
   "unit": "hartree",
   "energy":     -17.890918448056,
   "free energy":     -17.782674249607,
   "G(T)":       0.108244198449,
   "ZPVE":       0.138548453690,
   "number of imags":0,
   "point group": "c2",
   "gradient norm":       0.000027750656
}
