{
    "partname": "prescreening",
    "runtime": 7.509174542501569,
    "results": {
        "CONF1": {
            "xtb_gsolv": {
                "gsolv": -0.009418137397002369,
                "energy_xtb_gas": -28.053453051269,
                "energy_xtb_solv": -28.062871188666
            },
            "sp": {
                "energy": -1225.363132952195
            },
            "gtot": -1225.372551089592,
            "bmw": 0.4338071668727595
        },
        "CONF2": {
            "xtb_gsolv": {
                "gsolv": -0.009724181095002393,
                "energy_xtb_gas": -28.0530037737,
                "energy_xtb_solv": -28.062727954795
            },
            "sp": {
                "energy": -1225.363078377305
            },
            "gtot": -1225.3728025584,
            "bmw": 0.5661928331272406
        }
    },
    "settings": {
        "threshold": 4.0,
        "func": "pbe-d4",
        "basis": "def2-sv(p)",
        "prog": "orca",
        "gfnv": "gfn2",
        "run": true,
        "template": false
    },
    "nconf_in": 2,
    "nconf_out": 2
}