{
    "partname": "screening",
    "runtime": 46.45778441056609,
    "results": {
        "CONF1": {
            "gsolv": {
                "gsolv": -0.009268468402979124,
                "energy_gas": -1226.558336156135,
                "energy_solv": -1226.567604624538
            },
            "gtot": -1226.567604624538,
            "bmw": 0.48371624101387417
        },
        "CONF2": {
            "gsolv": {
                "gsolv": -0.00945065117412014,
                "energy_gas": -1226.558215494566,
                "energy_solv": -1226.56766614574
            },
            "gtot": -1226.56766614574,
            "bmw": 0.5162837589861258
        }
    },
    "settings": {
        "threshold": 3.5,
        "func": "r2scan-3c",
        "basis": "def2-tzvp",
        "prog": "orca",
        "sm": "smd",
        "gfnv": "gfn2",
        "run": true,
        "implicit": false,
        "template": false
    },
    "nconf_in": 2,
    "nconf_out": 2
}