{
    "partname": "refinement",
    "runtime": 294.66627070773393,
    "results": {
        "CONF2": {
            "gsolv": {
                "gsolv": -0.009796838824058796,
                "energy_gas": -1226.576749388014,
                "energy_solv": -1226.586546226838
            },
            "gtot": -1226.586546226838,
            "bmw": 0.5195049032107728
        },
        "CONF1": {
            "gsolv": {
                "gsolv": -0.009623524329072097,
                "energy_gas": -1226.576849000254,
                "energy_solv": -1226.586472524583
            },
            "gtot": -1226.586472524583,
            "bmw": 0.48049509678922725
        }
    },
    "settings": {
        "threshold": 0.95,
        "func": "wb97x-v",
        "basis": "def2-tzvp",
        "prog": "orca",
        "sm": "smd",
        "gfnv": "gfn2",
        "run": true,
        "implicit": false,
        "template": false
    },
    "nconf_in": 2,
    "nconf_out": 2
}