{
   "temperature":     298.150000000000,
   "unit": "hartree",
   "energy":     -19.243982456998,
   "free energy":     -19.116911507761,
   "G(T)":       0.127070949236,
   "ZPVE":       0.155731781071,
   "number of imags":0,
   "point group": "cs",
   "gradient norm":       0.000066106866
}
