{
   "temperature":     298.150000000000,
   "unit": "hartree",
   "energy":     -60.896781261798,
   "free energy":     -60.808573935002,
   "G(T)":       0.088207326796,
   "ZPVE":       0.135754997340,
   "number of imags":0,
   "point group": "cs",
   "gradient norm":       0.000072873275
}
