{
   "temperature":     298.150000000000,
   "unit": "hartree",
   "energy":     -26.296395760417,
   "free energy":     -26.173691578341,
   "G(T)":       0.122704182076,
   "ZPVE":       0.156555394678,
   "number of imags":0,
   "point group": "c1",
   "gradient norm":       0.000096808489
}
