{
    "partname": "prescreening",
    "runtime": 7.559412897564471,
    "results": {
        "CONF2": {
            "xtb_gsolv": {
                "gsolv": -0.005713326491001425,
                "energy_xtb_gas": -20.786613034751,
                "energy_xtb_solv": -20.792326361242
            },
            "sp": {
                "energy": -307.031180163975
            },
            "gtot": -307.036893490466,
            "bmw": 0.29375346313377443
        },
        "CONF3": {
            "xtb_gsolv": {
                "gsolv": -0.005700873982000587,
                "energy_xtb_gas": -20.786612349414,
                "energy_xtb_solv": -20.792313223396
            },
            "sp": {
                "energy": -307.030895960451
            },
            "gtot": -307.036596834433,
            "bmw": 0.21455106046961417
        },
        "CONF1": {
            "xtb_gsolv": {
                "gsolv": -0.005296851192998275,
                "energy_xtb_gas": -20.787476921084,
                "energy_xtb_solv": -20.792773772277
            },
            "sp": {
                "energy": -307.031515298768
            },
            "gtot": -307.036812149961,
            "bmw": 0.2695063193021599
        },
        "CONF4": {
            "xtb_gsolv": {
                "gsolv": -0.005664059480000816,
                "energy_xtb_gas": -20.786556187522,
                "energy_xtb_solv": -20.792220247002
            },
            "sp": {
                "energy": -307.030965803752
            },
            "gtot": -307.036629863232,
            "bmw": 0.22218915709445144
        }
    },
    "settings": {
        "threshold": 4.0,
        "func": "pbe-d4",
        "basis": "def2-sv(p)",
        "prog": "orca",
        "gfnv": "gfn2",
        "run": true,
        "template": false
    },
    "nconf_in": 4,
    "nconf_out": 4
}