{
    "partname": "screening",
    "runtime": 33.133090265095234,
    "results": {
        "CONF3": {
            "gsolv": {
                "gsolv": -0.0058964579410485385,
                "energy_gas": -307.636964783676,
                "energy_solv": -307.642861241617
            },
            "gtot": -307.642861241617,
            "bmw": 0.16647214134884827
        },
        "CONF2": {
            "gsolv": {
                "gsolv": -0.006182412602981913,
                "energy_gas": -307.637530438133,
                "energy_solv": -307.643712850736
            },
            "gtot": -307.643712850736,
            "bmw": 0.41025572097031643
        },
        "CONF4": {
            "gsolv": {
                "gsolv": -0.005847056765958314,
                "energy_gas": -307.637087203804,
                "energy_solv": -307.64293426057
            },
            "gtot": -307.64293426057,
            "bmw": 0.17985725439593453
        },
        "CONF1": {
            "gsolv": {
                "gsolv": -0.005514835528003914,
                "energy_gas": -307.637705138665,
                "energy_solv": -307.643219974193
            },
            "gtot": -307.643219974193,
            "bmw": 0.24341488328490074
        }
    },
    "settings": {
        "threshold": 3.5,
        "func": "r2scan-3c",
        "basis": "def2-tzvp",
        "prog": "orca",
        "sm": "smd",
        "gfnv": "gfn2",
        "run": true,
        "implicit": false,
        "template": false
    },
    "nconf_in": 4,
    "nconf_out": 4
}