{
    "partname": "refinement",
    "runtime": 159.00315373204648,
    "results": {
        "CONF2": {
            "gsolv": {
                "gsolv": -0.0067141612360046565,
                "energy_gas": -307.724911849909,
                "energy_solv": -307.731626011145
            },
            "gtot": -307.731626011145,
            "bmw": 0.2938574451053145
        },
        "CONF3": {
            "gsolv": {
                "gsolv": -0.0067167249659974,
                "energy_gas": -307.724961544941,
                "energy_solv": -307.731678269907
            },
            "gtot": -307.731678269907,
            "bmw": 0.3105804143329771
        },
        "CONF4": {
            "gsolv": {
                "gsolv": -0.006641475318986068,
                "energy_gas": -307.725265159641,
                "energy_solv": -307.73190663496
            },
            "gtot": -307.73190663496,
            "bmw": 0.3955621405617084
        }
    },
    "settings": {
        "threshold": 0.95,
        "func": "wb97x-v",
        "basis": "def2-tzvp",
        "prog": "orca",
        "sm": "smd",
        "gfnv": "gfn2",
        "run": true,
        "implicit": false,
        "template": false
    },
    "nconf_in": 3,
    "nconf_out": 3
}