{
    "partname": "prescreening",
    "runtime": 27.62803008966148,
    "results": {
        "CONF2": {
            "xtb_gsolv": {
                "gsolv": -0.0052210680459978676,
                "energy_xtb_gas": -63.150280261109,
                "energy_xtb_solv": -63.155501329155
            },
            "sp": {
                "energy": -4136.516468394731
            },
            "gtot": -4136.521689462777,
            "bmw": 0.5159448994826759
        },
        "CONF1": {
            "xtb_gsolv": {
                "gsolv": -0.0054010728579996226,
                "energy_xtb_gas": -63.150329909536,
                "energy_xtb_solv": -63.155730982394
            },
            "sp": {
                "energy": -4136.516228149831
            },
            "gtot": -4136.521629222689,
            "bmw": 0.48405510051732414
        }
    },
    "settings": {
        "threshold": 4.0,
        "func": "pbe-d4",
        "basis": "def2-sv(p)",
        "prog": "orca",
        "gfnv": "gfn2",
        "run": true,
        "template": false
    },
    "nconf_in": 2,
    "nconf_out": 2
}