{
    "partname": "screening",
    "runtime": 200.79764751624316,
    "results": {
        "CONF2": {
            "gsolv": {
                "gsolv": 0.0007588902253701235,
                "energy_gas": -4139.795191129357,
                "energy_solv": -4139.794432239131
            },
            "gtot": -4139.794432239131,
            "bmw": 0.5958180096971151
        },
        "CONF1": {
            "gsolv": {
                "gsolv": 0.0007683735875616549,
                "energy_gas": -4139.794834203296,
                "energy_solv": -4139.794065829708
            },
            "gtot": -4139.794065829708,
            "bmw": 0.40418199030288493
        }
    },
    "settings": {
        "threshold": 3.5,
        "func": "r2scan-3c",
        "basis": "def2-tzvp",
        "prog": "orca",
        "sm": "smd",
        "gfnv": "gfn2",
        "run": true,
        "implicit": false,
        "template": false
    },
    "nconf_in": 2,
    "nconf_out": 2
}