{
    "partname": "refinement",
    "runtime": 1628.1740474458784,
    "results": {
        "CONF1": {
            "gsolv": {
                "gsolv": 0.0003415057008169242,
                "energy_gas": -4139.675180167097,
                "energy_solv": -4139.674838661396
            },
            "gtot": -4139.674838661396,
            "bmw": 0.5001257721638946
        },
        "CONF2": {
            "gsolv": {
                "gsolv": 0.0003263314856667421,
                "energy_gas": -4139.675164517874,
                "energy_solv": -4139.674838186388
            },
            "gtot": -4139.674838186388,
            "bmw": 0.4998742278361054
        }
    },
    "settings": {
        "threshold": 0.95,
        "func": "wb97x-v",
        "basis": "def2-tzvp",
        "prog": "orca",
        "sm": "smd",
        "gfnv": "gfn2",
        "run": true,
        "implicit": false,
        "template": false
    },
    "nconf_in": 2,
    "nconf_out": 2
}