{
   "temperature":     298.150000000000,
   "unit": "hartree",
   "energy":     -27.250528136764,
   "free energy":     -27.201767218640,
   "G(T)":       0.048760918124,
   "ZPVE":       0.080838320105,
   "number of imags":0,
   "point group": "c1",
   "gradient norm":       0.000074410049
}
