{
   "temperature":     298.150000000000,
   "unit": "hartree",
   "energy":     -20.900505932241,
   "free energy":     -20.770636011504,
   "G(T)":       0.129869920737,
   "ZPVE":       0.161225049747,
   "number of imags":0,
   "point group": "c1",
   "gradient norm":       0.000060339739
}
