{
   "temperature":     298.150000000000,
   "unit": "hartree",
   "energy":     -26.301507333223,
   "free energy":     -26.181409661474,
   "G(T)":       0.120097671749,
   "ZPVE":       0.155283083307,
   "number of imags":0,
   "point group": "c1",
   "gradient norm":       0.000091360345
}
