{
   "temperature":     298.150000000000,
   "unit": "hartree",
   "energy":     -33.613893281291,
   "free energy":     -33.417884310353,
   "G(T)":       0.196008970938,
   "ZPVE":       0.233736702590,
   "number of imags":0,
   "point group": "c1",
   "gradient norm":       0.000055150039
}
