{
   "temperature":     298.150000000000,
   "unit": "hartree",
   "energy":     -17.731005703933,
   "free energy":     -17.627464733003,
   "G(T)":       0.103540970929,
   "ZPVE":       0.133539947729,
   "number of imags":0,
   "point group": "c1",
   "gradient norm":       0.000026826981
}
