{
    "partname": "prescreening",
    "runtime": 12.327993898186833,
    "results": {
        "CONF1": {
            "xtb_gsolv": {
                "gsolv": -0.0024147649500037005,
                "energy_xtb_gas": -42.917539098993,
                "energy_xtb_solv": -42.919953863943
            },
            "sp": {
                "energy": -1840.12636166692
            },
            "gtot": -1840.12877643187,
            "bmw": 1.0
        }
    },
    "settings": {
        "threshold": 4.0,
        "func": "pbe-d4",
        "basis": "def2-sv(p)",
        "prog": "orca",
        "gfnv": "gfn2",
        "run": true,
        "template": false
    },
    "nconf_in": 1,
    "nconf_out": 1
}