{
   "temperature":     298.150000000000,
   "unit": "hartree",
   "energy":     -25.750263858312,
   "free energy":     -25.650892823710,
   "G(T)":       0.099371034602,
   "ZPVE":       0.130833819329,
   "number of imags":0,
   "point group": "cs",
   "gradient norm":       0.000066951803
}
