{
   "temperature":     298.150000000000,
   "unit": "hartree",
   "energy":     -34.686638371341,
   "free energy":     -34.464384990611,
   "G(T)":       0.222253380730,
   "ZPVE":       0.259870526883,
   "number of imags":0,
   "point group": "c1",
   "gradient norm":       0.000031367284
}
