{
   "temperature":     298.150000000000,
   "unit": "hartree",
   "energy":     -14.760896464332,
   "free energy":     -14.673879525021,
   "G(T)":       0.087016939311,
   "ZPVE":       0.114590131736,
   "number of imags":0,
   "point group": "cs",
   "gradient norm":       0.000020399590
}
