{
   "temperature":     298.150000000000,
   "unit": "hartree",
   "energy":     -34.685880892446,
   "free energy":     -34.463280257864,
   "G(T)":       0.222600634582,
   "ZPVE":       0.259978012448,
   "number of imags":0,
   "point group": "c1",
   "gradient norm":       0.000047183134
}
