{
   "temperature":     298.150000000000,
   "unit": "hartree",
   "energy":     -27.252459365381,
   "free energy":     -27.203382473885,
   "G(T)":       0.049076891496,
   "ZPVE":       0.081032467989,
   "number of imags":0,
   "point group": "c1",
   "gradient norm":       0.000028559175
}
