{
   "temperature":     298.150000000000,
   "unit": "hartree",
   "energy":     -33.610211154061,
   "free energy":     -33.416183679446,
   "G(T)":       0.194027474615,
   "ZPVE":       0.233362690098,
   "number of imags":0,
   "point group": "c1",
   "gradient norm":       0.000026017074
}
