{
   "temperature":     298.150000000000,
   "unit": "hartree",
   "energy":     -14.079357188835,
   "free energy":     -14.016229139613,
   "G(T)":       0.063128049222,
   "ZPVE":       0.092850520296,
   "number of imags":0,
   "point group": "c1",
   "gradient norm":       0.000090600501
}
