{
   "temperature":     298.150000000000,
   "unit": "hartree",
   "energy":     -20.790118381652,
   "free energy":     -20.708323085173,
   "G(T)":       0.081795296479,
   "ZPVE":       0.114967186524,
   "number of imags":0,
   "point group": "c1",
   "gradient norm":       0.000075205048
}
