{
   "temperature":     298.150000000000,
   "unit": "hartree",
   "energy":     -33.423179647662,
   "free energy":     -33.318969001914,
   "G(T)":       0.104210645748,
   "ZPVE":       0.141214317030,
   "number of imags":0,
   "point group": "cs",
   "gradient norm":       0.000067930552
}
