{
   "temperature":     298.150000000000,
   "unit": "hartree",
   "energy":     -38.873957574254,
   "free energy":     -38.756795179376,
   "G(T)":       0.117162394878,
   "ZPVE":       0.156634871675,
   "number of imags":0,
   "point group": "c1",
   "gradient norm":       0.000031148986
}
