{
    "partname": "prescreening",
    "runtime": 10.34601879492402,
    "results": {
        "CONF3": {
            "xtb_gsolv": {
                "gsolv": -0.0008469409579987541,
                "energy_xtb_gas": -23.044206882846,
                "energy_xtb_solv": -23.045053823804
            },
            "sp": {
                "energy": -310.344630267479
            },
            "gtot": -310.345477208437,
            "bmw": 0.041803617957831496
        },
        "CONF1": {
            "xtb_gsolv": {
                "gsolv": -0.0011376708760018062,
                "energy_xtb_gas": -23.044859753492,
                "energy_xtb_solv": -23.045997424368
            },
            "sp": {
                "energy": -310.347195578077
            },
            "gtot": -310.348333248953,
            "bmw": 0.8607986413568495
        },
        "CONF2": {
            "xtb_gsolv": {
                "gsolv": -0.0009995774690025883,
                "energy_xtb_gas": -23.044934487333,
                "energy_xtb_solv": -23.045934064802
            },
            "sp": {
                "energy": -310.34527624062
            },
            "gtot": -310.346275818089,
            "bmw": 0.09739774068531905
        }
    },
    "settings": {
        "threshold": 4.0,
        "func": "pbe-d4",
        "basis": "def2-sv(p)",
        "prog": "orca",
        "gfnv": "gfn2",
        "run": true,
        "template": false
    },
    "nconf_in": 3,
    "nconf_out": 3
}