{
    "partname": "screening",
    "runtime": 57.39295893814415,
    "results": {
        "CONF1": {
            "gsolv": {
                "gsolv": -0.0035760124929993253,
                "energy_gas": -310.996987840068,
                "energy_solv": -311.000563852561
            },
            "gtot": -311.000563852561,
            "bmw": 0.7752268083515055
        },
        "CONF3": {
            "gsolv": {
                "gsolv": -0.003420829743959075,
                "energy_gas": -310.994711749225,
                "energy_solv": -310.998132578969
            },
            "gtot": -310.998132578969,
            "bmw": 0.05903646444286398
        },
        "CONF2": {
            "gsolv": {
                "gsolv": -0.0036795317440123654,
                "energy_gas": -310.995427676463,
                "energy_solv": -310.999107208207
            },
            "gtot": -310.999107208207,
            "bmw": 0.16573672720563057
        }
    },
    "settings": {
        "threshold": 3.5,
        "func": "r2scan-3c",
        "basis": "def2-tzvp",
        "prog": "orca",
        "sm": "smd",
        "gfnv": "gfn2",
        "run": true,
        "implicit": false,
        "template": false
    },
    "nconf_in": 3,
    "nconf_out": 3
}