{
    "partname": "refinement",
    "runtime": 308.27522188890725,
    "results": {
        "CONF2": {
            "gsolv": {
                "gsolv": -0.004589299296981153,
                "energy_gas": -311.103962577924,
                "energy_solv": -311.108551877221
            },
            "gtot": -311.108551877221,
            "bmw": 0.16571318852428849
        },
        "CONF1": {
            "gsolv": {
                "gsolv": -0.004403717967022658,
                "energy_gas": -311.105570475641,
                "energy_solv": -311.109974193608
            },
            "gtot": -311.109974193608,
            "bmw": 0.7474417042948444
        },
        "CONF3": {
            "gsolv": {
                "gsolv": -0.004232413288036696,
                "energy_gas": -311.103709396232,
                "energy_solv": -311.10794180952
            },
            "gtot": -311.10794180952,
            "bmw": 0.08684510718086709
        }
    },
    "settings": {
        "threshold": 0.95,
        "func": "wb97x-v",
        "basis": "def2-tzvp",
        "prog": "orca",
        "sm": "smd",
        "gfnv": "gfn2",
        "run": true,
        "implicit": false,
        "template": false
    },
    "nconf_in": 3,
    "nconf_out": 3
}