{
   "temperature":     298.150000000000,
   "unit": "hartree",
   "energy":     -33.611812869524,
   "free energy":     -33.416132259307,
   "G(T)":       0.195680610217,
   "ZPVE":       0.233737659653,
   "number of imags":0,
   "point group": "c1",
   "gradient norm":       0.000074769709
}
