{
    "partname": "prescreening",
    "runtime": 10.375573652796447,
    "results": {
        "CONF1": {
            "xtb_gsolv": {
                "gsolv": -0.0062018297210002515,
                "energy_xtb_gas": -29.332872388341,
                "energy_xtb_solv": -29.339074218062
            },
            "sp": {
                "energy": -459.163017576966
            },
            "gtot": -459.16921940668703,
            "bmw": 1.0
        }
    },
    "settings": {
        "threshold": 4.0,
        "func": "pbe-d4",
        "basis": "def2-sv(p)",
        "prog": "orca",
        "gfnv": "gfn2",
        "run": true,
        "template": false
    },
    "nconf_in": 1,
    "nconf_out": 1
}