{
   "temperature":     298.150000000000,
   "unit": "hartree",
   "energy":     -14.712449491497,
   "free energy":     -14.630387921433,
   "G(T)":       0.082061570064,
   "ZPVE":       0.111390153474,
   "number of imags":0,
   "point group": "c1",
   "gradient norm":       0.000063041180
}
