{
   "temperature":     298.150000000000,
   "unit": "hartree",
   "energy":     -32.078221650559,
   "free energy":     -32.054382507876,
   "G(T)":       0.023839142683,
   "ZPVE":       0.059165688715,
   "number of imags":0,
   "point group": "d2h",
   "gradient norm":       0.000021202692
}
