{
   "temperature":     298.150000000000,
   "unit": "hartree",
   "energy":     -19.935346006459,
   "free energy":     -19.876615302395,
   "G(T)":       0.058730704064,
   "ZPVE":       0.088038665456,
   "number of imags":0,
   "point group": "c2v",
   "gradient norm":       0.000016468316
}
