{
    "partname": "prescreening",
    "runtime": 13.306132689118385,
    "results": {
        "CONF2": {
            "xtb_gsolv": {
                "gsolv": -0.0016264848009992505,
                "energy_xtb_gas": -13.803930614597,
                "energy_xtb_solv": -13.805557099398
            },
            "sp": {
                "energy": -415.906166279017
            },
            "gtot": -415.907792763818,
            "bmw": 0.44534330940991823
        },
        "CONF1": {
            "xtb_gsolv": {
                "gsolv": -0.0017708296900007525,
                "energy_xtb_gas": -13.803934889305,
                "energy_xtb_solv": -13.805705718995
            },
            "sp": {
                "energy": -415.906229186134
            },
            "gtot": -415.908000015824,
            "bmw": 0.5546566905900818
        }
    },
    "settings": {
        "threshold": 4.0,
        "func": "pbe-d4",
        "basis": "def2-sv(p)",
        "prog": "orca",
        "gfnv": "gfn2",
        "run": true,
        "template": false
    },
    "nconf_in": 2,
    "nconf_out": 2
}