{
    "partname": "screening",
    "runtime": 23.394270619377494,
    "results": {
        "CONF2": {
            "gsolv": {
                "gsolv": -0.00218819297998607,
                "energy_gas": -416.230315644415,
                "energy_solv": -416.232503837395
            },
            "gtot": -416.232503837395,
            "bmw": 0.4698642836245246
        },
        "CONF1": {
            "gsolv": {
                "gsolv": -0.002424568867013477,
                "energy_gas": -416.230193221265,
                "energy_solv": -416.232617790132
            },
            "gtot": -416.232617790132,
            "bmw": 0.5301357163754754
        }
    },
    "settings": {
        "threshold": 3.5,
        "func": "r2scan-3c",
        "basis": "def2-tzvp",
        "prog": "orca",
        "sm": "smd",
        "gfnv": "gfn2",
        "run": true,
        "implicit": false,
        "template": false
    },
    "nconf_in": 2,
    "nconf_out": 2
}