{
    "partname": "refinement",
    "runtime": 140.35236797016114,
    "results": {
        "CONF1": {
            "gsolv": {
                "gsolv": -0.0022435265439639807,
                "energy_gas": -416.234278396021,
                "energy_solv": -416.236521922565
            },
            "gtot": -416.236521922565,
            "bmw": 0.5588672128883977
        },
        "CONF2": {
            "gsolv": {
                "gsolv": -0.002128735941994364,
                "energy_gas": -416.234169824872,
                "energy_solv": -416.236298560814
            },
            "gtot": -416.236298560814,
            "bmw": 0.4411327871116023
        }
    },
    "settings": {
        "threshold": 0.95,
        "func": "wb97x-v",
        "basis": "def2-tzvp",
        "prog": "orca",
        "sm": "smd",
        "gfnv": "gfn2",
        "run": true,
        "implicit": false,
        "template": false
    },
    "nconf_in": 2,
    "nconf_out": 2
}