{
   "temperature":     298.150000000000,
   "unit": "hartree",
   "energy":     -16.995470208747,
   "free energy":     -16.925723440925,
   "G(T)":       0.069746767822,
   "ZPVE":       0.099640486451,
   "number of imags":0,
   "point group": "c1",
   "gradient norm":       0.000024249135
}
