{
    "partname": "prescreening",
    "runtime": 6.175417442806065,
    "results": {
        "CONF1": {
            "xtb_gsolv": {
                "gsolv": 0.0033976666199997396,
                "energy_xtb_gas": -27.790196788273,
                "energy_xtb_solv": -27.786799121653
            },
            "sp": {
                "energy": -3048.752835057508
            },
            "gtot": -3048.749437390888,
            "bmw": 1.0
        }
    },
    "settings": {
        "threshold": 4.0,
        "func": "pbe-d4",
        "basis": "def2-sv(p)",
        "prog": "orca",
        "gfnv": "gfn2",
        "run": true,
        "template": false
    },
    "nconf_in": 1,
    "nconf_out": 1
}