{
   "temperature":     298.150000000000,
   "unit": "hartree",
   "energy":     -30.432599428140,
   "free energy":     -30.362550681612,
   "G(T)":       0.070048746528,
   "ZPVE":       0.103058374357,
   "number of imags":0,
   "point group": "cs",
   "gradient norm":       0.000057517298
}
