{
   "temperature":     298.150000000000,
   "unit": "hartree",
   "energy":     -43.389999105139,
   "free energy":     -43.242506933856,
   "G(T)":       0.147492171283,
   "ZPVE":       0.186293006578,
   "number of imags":0,
   "point group": "c1",
   "gradient norm":       0.000028752532
}
