{
   "temperature":     298.150000000000,
   "unit": "hartree",
   "energy":      -8.698596503811,
   "free energy":      -8.677356509869,
   "G(T)":       0.021239993941,
   "ZPVE":       0.044179161348,
   "number of imags":0,
   "point group": "c3v",
   "gradient norm":       0.000070415205
}
