{
    "partname": "prescreening",
    "runtime": 14.06143163330853,
    "results": {
        "CONF3": {
            "xtb_gsolv": {
                "gsolv": -0.0056732293499983655,
                "energy_xtb_gas": -20.782135691231,
                "energy_xtb_solv": -20.787808920581
            },
            "sp": {
                "energy": -307.024663022988
            },
            "gtot": -307.03033625233803,
            "bmw": 0.021142046846871522
        },
        "CONF4": {
            "xtb_gsolv": {
                "gsolv": -0.005596153944001259,
                "energy_xtb_gas": -20.782199133575,
                "energy_xtb_solv": -20.787795287519
            },
            "sp": {
                "energy": -307.02516809159
            },
            "gtot": -307.030764245534,
            "bmw": 0.03326674229615302
        },
        "CONF12": {
            "xtb_gsolv": {
                "gsolv": -0.004817895247001047,
                "energy_xtb_gas": -20.782837649174,
                "energy_xtb_solv": -20.787655544421
            },
            "sp": {
                "energy": -307.026142668663
            },
            "gtot": -307.03096056391,
            "bmw": 0.04095533439300513
        },
        "CONF13": {
            "xtb_gsolv": {
                "gsolv": -0.005163915371998229,
                "energy_xtb_gas": -20.782457295644,
                "energy_xtb_solv": -20.787621211016
            },
            "sp": {
                "energy": -307.025140763754
            },
            "gtot": -307.030304679126,
            "bmw": 0.02044675337070578
        },
        "CONF1": {
            "xtb_gsolv": {
                "gsolv": -0.004731712048997139,
                "energy_xtb_gas": -20.783108932421,
                "energy_xtb_solv": -20.78784064447
            },
            "sp": {
                "energy": -307.028054318238
            },
            "gtot": -307.032786030287,
            "bmw": 0.2831176129015272
        },
        "CONF14": {
            "xtb_gsolv": {
                "gsolv": -0.005212967483998909,
                "energy_xtb_gas": -20.782381991727,
                "energy_xtb_solv": -20.787594959211
            },
            "sp": {
                "energy": -307.025275868898
            },
            "gtot": -307.030488836382,
            "bmw": 0.024850254042356683
        },
        "CONF5": {
            "xtb_gsolv": {
                "gsolv": -0.0048343597790001525,
                "energy_xtb_gas": -20.782956049236,
                "energy_xtb_solv": -20.787790409015
            },
            "sp": {
                "energy": -307.027050874927
            },
            "gtot": -307.031885234706,
            "bmw": 0.10905098719417737
        },
        "CONF8": {
            "xtb_gsolv": {
                "gsolv": -0.004900494612002149,
                "energy_xtb_gas": -20.782832389352,
                "energy_xtb_solv": -20.787732883964
            },
            "sp": {
                "energy": -307.026126737009
            },
            "gtot": -307.031027231621,
            "bmw": 0.04395168207554619
        },
        "CONF2": {
            "xtb_gsolv": {
                "gsolv": -0.005543718056998159,
                "energy_xtb_gas": -20.782260606891,
                "energy_xtb_solv": -20.787804324948
            },
            "sp": {
                "energy": -307.025545100992
            },
            "gtot": -307.03108881904905,
            "bmw": 0.046914139684911954
        },
        "CONF9": {
            "xtb_gsolv": {
                "gsolv": -0.004987436039996851,
                "energy_xtb_gas": -20.782726705476,
                "energy_xtb_solv": -20.787714141516
            },
            "sp": {
                "energy": -307.025524434907
            },
            "gtot": -307.030511870947,
            "bmw": 0.02546396328024652
        },
        "CONF18": {
            "xtb_gsolv": {
                "gsolv": -0.005241173838999913,
                "energy_xtb_gas": -20.782358419694,
                "energy_xtb_solv": -20.787599593533
            },
            "sp": {
                "energy": -307.025122942492
            },
            "gtot": -307.030364116331,
            "bmw": 0.02177527158923719
        },
        "CONF10": {
            "xtb_gsolv": {
                "gsolv": -0.0048946855359979224,
                "energy_xtb_gas": -20.78283975232,
                "energy_xtb_solv": -20.787734437856
            },
            "sp": {
                "energy": -307.026149083825
            },
            "gtot": -307.03104376936096,
            "bmw": 0.044728294057584536
        },
        "CONF6": {
            "xtb_gsolv": {
                "gsolv": -0.004893546949997329,
                "energy_xtb_gas": -20.782844355053,
                "energy_xtb_solv": -20.787737902003
            },
            "sp": {
                "energy": -307.02618931311
            },
            "gtot": -307.03108286006,
            "bmw": 0.04661898474835429
        },
        "CONF15": {
            "xtb_gsolv": {
                "gsolv": -0.004826318235998883,
                "energy_xtb_gas": -20.782770383508,
                "energy_xtb_solv": -20.787596701744
            },
            "sp": {
                "energy": -307.025866567342
            },
            "gtot": -307.030692885578,
            "bmw": 0.030845155656677805
        },
        "CONF7": {
            "xtb_gsolv": {
                "gsolv": -0.005002176055999286,
                "energy_xtb_gas": -20.782718891902,
                "energy_xtb_solv": -20.787721067958
            },
            "sp": {
                "energy": -307.025301514885
            },
            "gtot": -307.03030369094097,
            "bmw": 0.020425364943801465
        },
        "CONF11": {
            "xtb_gsolv": {
                "gsolv": -0.004976437118997978,
                "energy_xtb_gas": -20.782737233881,
                "energy_xtb_solv": -20.787713671
            },
            "sp": {
                "energy": -307.02561015379
            },
            "gtot": -307.030586590909,
            "bmw": 0.027560989322116744
        },
        "CONF17": {
            "xtb_gsolv": {
                "gsolv": -0.004706789553999613,
                "energy_xtb_gas": -20.782875585105,
                "energy_xtb_solv": -20.787582374659
            },
            "sp": {
                "energy": -307.026799253818
            },
            "gtot": -307.031506043372,
            "bmw": 0.07298164716940322
        },
        "CONF16": {
            "xtb_gsolv": {
                "gsolv": -0.0052874776200013685,
                "energy_xtb_gas": -20.782298116619,
                "energy_xtb_solv": -20.787585594239
            },
            "sp": {
                "energy": -307.025325880169
            },
            "gtot": -307.03061335778904,
            "bmw": 0.02835350253830034
        },
        "CONF19": {
            "xtb_gsolv": {
                "gsolv": -0.0047350630020019935,
                "energy_xtb_gas": -20.782847256538,
                "energy_xtb_solv": -20.78758231954
            },
            "sp": {
                "energy": -307.02654670676
            },
            "gtot": -307.03128176976196,
            "bmw": 0.05755127388902305
        }
    },
    "settings": {
        "threshold": 4.0,
        "func": "pbe-d4",
        "basis": "def2-sv(p)",
        "prog": "orca",
        "gfnv": "gfn2",
        "run": true,
        "template": false
    },
    "nconf_in": 19,
    "nconf_out": 19
}