{
    "partname": "screening",
    "runtime": 71.0026346296072,
    "results": {
        "CONF16": {
            "gsolv": {
                "gsolv": -0.004863500979013224,
                "energy_gas": -307.630169954117,
                "energy_solv": -307.635033455096
            },
            "gtot": -307.635033455096,
            "bmw": 0.007920386003429642
        },
        "CONF12": {
            "gsolv": {
                "gsolv": -0.004244724999011851,
                "energy_gas": -307.630698904753,
                "energy_solv": -307.634943629752
            },
            "gtot": -307.634943629752,
            "bmw": 0.007201609183083294
        },
        "CONF5": {
            "gsolv": {
                "gsolv": -0.004342879375030861,
                "energy_gas": -307.631822395001,
                "energy_solv": -307.636165274376
            },
            "gtot": -307.636165274376,
            "bmw": 0.026263172126656662
        },
        "CONF6": {
            "gsolv": {
                "gsolv": -0.005321847998004614,
                "energy_gas": -307.631761071709,
                "energy_solv": -307.637082919707
            },
            "gtot": -307.637082919707,
            "bmw": 0.06941204105568421
        },
        "CONF2": {
            "gsolv": {
                "gsolv": -0.005783458582982348,
                "energy_gas": -307.631087540578,
                "energy_solv": -307.636870999161
            },
            "gtot": -307.636870999161,
            "bmw": 0.055457222054166026
        },
        "CONF14": {
            "gsolv": {
                "gsolv": -0.004671360483996523,
                "energy_gas": -307.630054353189,
                "energy_solv": -307.634725713673
            },
            "gtot": -307.634725713673,
            "bmw": 0.005717354107977694
        },
        "CONF11": {
            "gsolv": {
                "gsolv": -0.004957087754974054,
                "energy_gas": -307.630909073543,
                "energy_solv": -307.635866161298
            },
            "gtot": -307.635866161298,
            "bmw": 0.019132190111839288
        },
        "CONF8": {
            "gsolv": {
                "gsolv": -0.005304696445023183,
                "energy_gas": -307.631700320927,
                "energy_solv": -307.637005017372
            },
            "gtot": -307.637005017372,
            "bmw": 0.06391491582022121
        },
        "CONF18": {
            "gsolv": {
                "gsolv": -0.0044818245540341195,
                "energy_gas": -307.62976824489,
                "energy_solv": -307.634250069444
            },
            "gtot": -307.634250069444,
            "bmw": 0.003454728241527047
        },
        "CONF4": {
            "gsolv": {
                "gsolv": -0.005505391967005835,
                "energy_gas": -307.630467437485,
                "energy_solv": -307.635972829452
            },
            "gtot": -307.635972829452,
            "bmw": 0.021420452567267417
        },
        "CONF10": {
            "gsolv": {
                "gsolv": -0.005316004265011998,
                "energy_gas": -307.631739886113,
                "energy_solv": -307.637055890378
            },
            "gtot": -307.637055890378,
            "bmw": 0.06745314201986159
        },
        "CONF9": {
            "gsolv": {
                "gsolv": -0.0048555030110151165,
                "energy_gas": -307.630732902585,
                "energy_solv": -307.635588405596
            },
            "gtot": -307.635588405596,
            "bmw": 0.014256269884250704
        },
        "CONF1": {
            "gsolv": {
                "gsolv": -0.005212071785024364,
                "energy_gas": -307.633668838563,
                "energy_solv": -307.638880910348
            },
            "gtot": -307.638880910348,
            "bmw": 0.46607226843203964
        },
        "CONF17": {
            "gsolv": {
                "gsolv": -0.005185449376995166,
                "energy_gas": -307.632088139433,
                "energy_solv": -307.63727358881
            },
            "gtot": -307.63727358881,
            "bmw": 0.08494474786094514
        },
        "CONF19": {
            "gsolv": {
                "gsolv": -0.005126156660992365,
                "energy_gas": -307.631840487702,
                "energy_solv": -307.636966644363
            },
            "gtot": -307.636966644363,
            "bmw": 0.06136939740189325
        },
        "CONF15": {
            "gsolv": {
                "gsolv": -0.0045418276559985316,
                "energy_gas": -307.630710088648,
                "energy_solv": -307.635251916304
            },
            "gtot": -307.635251916304,
            "bmw": 0.009982321375924974
        },
        "CONF3": {
            "gsolv": {
                "gsolv": -0.005037712071043643,
                "energy_gas": -307.629596858288,
                "energy_solv": -307.634634570359
            },
            "gtot": -307.634634570359,
            "bmw": 0.005191251491275369
        },
        "CONF7": {
            "gsolv": {
                "gsolv": -0.0046220621809993645,
                "energy_gas": -307.63034205685,
                "energy_solv": -307.634964119031
            },
            "gtot": -307.634964119031,
            "bmw": 0.007359595841748244
        },
        "CONF13": {
            "gsolv": {
                "gsolv": -0.004428174935981133,
                "energy_gas": -307.629827944077,
                "energy_solv": -307.634256119013
            },
            "gtot": -307.634256119013,
            "bmw": 0.003476934420208752
        }
    },
    "settings": {
        "threshold": 3.5,
        "func": "r2scan-3c",
        "basis": "def2-tzvp",
        "prog": "orca",
        "sm": "smd",
        "gfnv": "gfn2",
        "run": true,
        "implicit": false,
        "template": false
    },
    "nconf_in": 19,
    "nconf_out": 19
}