{
    "partname": "refinement",
    "runtime": 176.68531954847276,
    "results": {
        "CONF12": {
            "gsolv": {
                "gsolv": -0.005813437272024657,
                "energy_gas": -307.721341052693,
                "energy_solv": -307.727154489965
            },
            "gtot": -307.727154489965,
            "bmw": 0.23743246979296456
        },
        "CONF1": {
            "gsolv": {
                "gsolv": -0.005737083418978273,
                "energy_gas": -307.721423110276,
                "energy_solv": -307.727160193695
            },
            "gtot": -307.727160193695,
            "bmw": 0.23887111914468453
        },
        "CONF17": {
            "gsolv": {
                "gsolv": -0.00581702498601544,
                "energy_gas": -307.721371150236,
                "energy_solv": -307.727188175222
            },
            "gtot": -307.727188175222,
            "bmw": 0.24605616779624587
        },
        "CONF5": {
            "gsolv": {
                "gsolv": -0.005755465808022109,
                "energy_gas": -307.721367003252,
                "energy_solv": -307.72712246906
            },
            "gtot": -307.72712246906,
            "bmw": 0.2295152320671633
        },
        "CONF3": {
            "gsolv": {
                "gsolv": -0.006193070241010901,
                "energy_gas": -307.719454425706,
                "energy_solv": -307.725647495947
            },
            "gtot": -307.725647495947,
            "bmw": 0.048125011198941865
        }
    },
    "settings": {
        "threshold": 0.95,
        "func": "wb97x-v",
        "basis": "def2-tzvp",
        "prog": "orca",
        "sm": "smd",
        "gfnv": "gfn2",
        "run": true,
        "implicit": false,
        "template": false
    },
    "nconf_in": 5,
    "nconf_out": 5
}