{
   "temperature":     298.150000000000,
   "unit": "hartree",
   "energy":     -15.773097573296,
   "free energy":     -15.668495997080,
   "G(T)":       0.104601576216,
   "ZPVE":       0.134387007176,
   "number of imags":0,
   "point group": "cs",
   "gradient norm":       0.000051497583
}
