{
    "partname": "prescreening",
    "runtime": 5.079456774517894,
    "results": {
        "CONF1": {
            "xtb_gsolv": {
                "gsolv": -0.004659720205999918,
                "energy_xtb_gas": -15.635772298482,
                "energy_xtb_solv": -15.640432018688
            },
            "sp": {
                "energy": -230.721886479959
            },
            "gtot": -230.72654620016502,
            "bmw": 0.9397581706724463
        },
        "CONF2": {
            "xtb_gsolv": {
                "gsolv": -0.004121050375999857,
                "energy_xtb_gas": -15.635281702169,
                "energy_xtb_solv": -15.639402752545
            },
            "sp": {
                "energy": -230.719831235555
            },
            "gtot": -230.723952285931,
            "bmw": 0.0602418293275538
        }
    },
    "settings": {
        "threshold": 4.0,
        "func": "pbe-d4",
        "basis": "def2-sv(p)",
        "prog": "orca",
        "gfnv": "gfn2",
        "run": true,
        "template": false
    },
    "nconf_in": 2,
    "nconf_out": 2
}