{
    "partname": "screening",
    "runtime": 29.871101884171367,
    "results": {
        "CONF1": {
            "gsolv": {
                "gsolv": -0.007699908569975378,
                "energy_gas": -231.174120315602,
                "energy_solv": -231.181820224172
            },
            "gtot": -231.181820224172,
            "bmw": 0.9913675758083277
        },
        "CONF2": {
            "gsolv": {
                "gsolv": -0.006518469867984322,
                "energy_gas": -231.170822961827,
                "energy_solv": -231.177341431695
            },
            "gtot": -231.177341431695,
            "bmw": 0.008632424191672344
        }
    },
    "settings": {
        "threshold": 3.5,
        "func": "r2scan-3c",
        "basis": "def2-tzvp",
        "prog": "orca",
        "sm": "smd",
        "gfnv": "gfn2",
        "run": true,
        "implicit": false,
        "template": false
    },
    "nconf_in": 2,
    "nconf_out": 2
}