{
    "partname": "refinement",
    "runtime": 117.2277733515948,
    "results": {
        "CONF2": {
            "gsolv": {
                "gsolv": -0.00692350094197991,
                "energy_gas": -231.238313206098,
                "energy_solv": -231.24523670704
            },
            "gtot": -231.24523670704,
            "bmw": 0.015178911528737132
        },
        "CONF1": {
            "gsolv": {
                "gsolv": -0.00848911455298662,
                "energy_gas": -231.240687249327,
                "energy_solv": -231.24917636388
            },
            "gtot": -231.24917636388,
            "bmw": 0.9848210884712628
        }
    },
    "settings": {
        "threshold": 0.95,
        "func": "wb97x-v",
        "basis": "def2-tzvp",
        "prog": "orca",
        "sm": "smd",
        "gfnv": "gfn2",
        "run": true,
        "implicit": false,
        "template": false
    },
    "nconf_in": 2,
    "nconf_out": 2
}