{
   "temperature":     298.150000000000,
   "unit": "hartree",
   "energy":     -40.477769197395,
   "free energy":     -40.428529686439,
   "G(T)":       0.049239510956,
   "ZPVE":       0.085888833946,
   "number of imags":0,
   "point group": "cs",
   "gradient norm":       0.000041867170
}
