{
   "temperature":     298.150000000000,
   "unit": "hartree",
   "energy":     -31.809432428392,
   "free energy":     -31.646081406752,
   "G(T)":       0.163351021640,
   "ZPVE":       0.198724404748,
   "number of imags":0,
   "point group": "c1",
   "gradient norm":       0.000132556773
}
