{
   "temperature":     298.150000000000,
   "unit": "hartree",
   "energy":     -26.326037313289,
   "free energy":     -26.118866830103,
   "G(T)":       0.207170483186,
   "ZPVE":       0.242447172369,
   "number of imags":0,
   "point group": "c1",
   "gradient norm":       0.000023169678
}
