{
    "partname": "prescreening",
    "runtime": 5.453826956450939,
    "results": {
        "CONF2": {
            "xtb_gsolv": {
                "gsolv": -0.007233759226000558,
                "energy_xtb_gas": -15.016329885829,
                "energy_xtb_solv": -15.023563645055
            },
            "sp": {
                "energy": -210.883203193804
            },
            "gtot": -210.89043695303002,
            "bmw": 0.5221988419770599
        },
        "CONF1": {
            "xtb_gsolv": {
                "gsolv": -0.007464529639999995,
                "energy_xtb_gas": -15.016285417981,
                "energy_xtb_solv": -15.023749947621
            },
            "sp": {
                "energy": -210.882888529091
            },
            "gtot": -210.890353058731,
            "bmw": 0.47780115802294
        }
    },
    "settings": {
        "threshold": 4.0,
        "func": "pbe-d4",
        "basis": "def2-sv(p)",
        "prog": "orca",
        "gfnv": "gfn2",
        "run": true,
        "template": false
    },
    "nconf_in": 2,
    "nconf_out": 2
}