{
    "partname": "screening",
    "runtime": 25.065891163423657,
    "results": {
        "CONF1": {
            "gsolv": {
                "gsolv": -0.006148490467978718,
                "energy_gas": -211.313272572761,
                "energy_solv": -211.319421063229
            },
            "gtot": -211.319421063229,
            "bmw": 0.4398518932755178
        },
        "CONF2": {
            "gsolv": {
                "gsolv": -0.00600674231100129,
                "energy_gas": -211.313642589776,
                "energy_solv": -211.319649332087
            },
            "gtot": -211.319649332087,
            "bmw": 0.5601481067244821
        }
    },
    "settings": {
        "threshold": 3.5,
        "func": "r2scan-3c",
        "basis": "def2-tzvp",
        "prog": "orca",
        "sm": "smd",
        "gfnv": "gfn2",
        "run": true,
        "implicit": false,
        "template": false
    },
    "nconf_in": 2,
    "nconf_out": 2
}