{
    "partname": "refinement",
    "runtime": 106.70426859892905,
    "results": {
        "CONF1": {
            "gsolv": {
                "gsolv": -0.00613484421100452,
                "energy_gas": -211.388252272955,
                "energy_solv": -211.394387117166
            },
            "gtot": -211.394387117166,
            "bmw": 0.4101489775663654
        },
        "CONF2": {
            "gsolv": {
                "gsolv": -0.006074100114005887,
                "energy_gas": -211.388656085805,
                "energy_solv": -211.394730185919
            },
            "gtot": -211.394730185919,
            "bmw": 0.5898510224336346
        }
    },
    "settings": {
        "threshold": 0.95,
        "func": "wb97x-v",
        "basis": "def2-tzvp",
        "prog": "orca",
        "sm": "smd",
        "gfnv": "gfn2",
        "run": true,
        "implicit": false,
        "template": false
    },
    "nconf_in": 2,
    "nconf_out": 2
}