{
   "temperature":     298.150000000000,
   "unit": "hartree",
   "energy":     -28.676532617693,
   "free energy":     -28.636175323014,
   "G(T)":       0.040357294679,
   "ZPVE":       0.073160549251,
   "number of imags":0,
   "point group": "cs",
   "gradient norm":       0.000076236931
}
