{
   "temperature":     298.150000000000,
   "unit": "hartree",
   "energy":     -13.737377721226,
   "free energy":     -13.664898630994,
   "G(T)":       0.072479090232,
   "ZPVE":       0.102250993623,
   "number of imags":0,
   "point group": "c1",
   "gradient norm":       0.000030066180
}
