{
   "temperature":     298.150000000000,
   "unit": "hartree",
   "energy":     -43.390312403053,
   "free energy":     -43.242493776959,
   "G(T)":       0.147818626094,
   "ZPVE":       0.186352176798,
   "number of imags":0,
   "point group": "c1",
   "gradient norm":       0.000041324411
}
