{
   "temperature":     298.150000000000,
   "unit": "hartree",
   "energy":     -26.292753720883,
   "free energy":     -26.169344039631,
   "G(T)":       0.123409681252,
   "ZPVE":       0.156655354511,
   "number of imags":0,
   "point group": "c1",
   "gradient norm":       0.000034051839
}
