{
    "partname": "prescreening",
    "runtime": 18.872958983294666,
    "results": {
        "CONF1": {
            "xtb_gsolv": {
                "gsolv": -0.0051390062640024325,
                "energy_xtb_gas": -51.020362733734,
                "energy_xtb_solv": -51.025501739998
            },
            "sp": {
                "energy": -2758.690746664441
            },
            "gtot": -2758.695885670705,
            "bmw": 1.0
        }
    },
    "settings": {
        "threshold": 4.0,
        "func": "pbe-d4",
        "basis": "def2-sv(p)",
        "prog": "orca",
        "gfnv": "gfn2",
        "run": true,
        "template": false
    },
    "nconf_in": 1,
    "nconf_out": 1
}