{
   "temperature":     298.150000000000,
   "unit": "hartree",
   "energy":     -43.387660461936,
   "free energy":     -43.240103946861,
   "G(T)":       0.147556515075,
   "ZPVE":       0.186325022012,
   "number of imags":0,
   "point group": "c1",
   "gradient norm":       0.000161962754
}
