{
   "temperature":     298.150000000000,
   "unit": "hartree",
   "energy":     -15.780852249164,
   "free energy":     -15.679293298768,
   "G(T)":       0.101558950396,
   "ZPVE":       0.133521426337,
   "number of imags":0,
   "point group": "c1",
   "gradient norm":       0.000028603764
}
