{
   "temperature":     298.150000000000,
   "unit": "hartree",
   "energy":     -35.334634483968,
   "free energy":     -35.180140282788,
   "G(T)":       0.154494201180,
   "ZPVE":       0.193956987039,
   "number of imags":0,
   "point group": "cs",
   "gradient norm":       0.000028968954
}
