{
    "partname": "prescreening",
    "runtime": 5.4034410561434925,
    "results": {
        "CONF2": {
            "xtb_gsolv": {
                "gsolv": -0.001683493409000647,
                "energy_xtb_gas": -20.760039560383,
                "energy_xtb_solv": -20.761723053792
            },
            "sp": {
                "energy": -306.966681043713
            },
            "gtot": -306.968364537122,
            "bmw": 1.1030251899696825e-05
        },
        "CONF3": {
            "xtb_gsolv": {
                "gsolv": -0.002180186913999904,
                "energy_xtb_gas": -20.758990176552,
                "energy_xtb_solv": -20.761170363466
            },
            "sp": {
                "energy": -306.966242307299
            },
            "gtot": -306.96842249421303,
            "bmw": 1.172853713255427e-05
        },
        "CONF1": {
            "xtb_gsolv": {
                "gsolv": -0.0015855935779995889,
                "energy_xtb_gas": -20.767758416042,
                "energy_xtb_solv": -20.76934400962
            },
            "sp": {
                "energy": -306.977556656242
            },
            "gtot": -306.97914224982,
            "bmw": 0.9999772412109676
        }
    },
    "settings": {
        "threshold": 4.0,
        "func": "pbe-d4",
        "basis": "def2-sv(p)",
        "prog": "orca",
        "gfnv": "gfn2",
        "run": true,
        "template": false
    },
    "nconf_in": 3,
    "nconf_out": 1
}