{
   "temperature":     298.150000000000,
   "unit": "hartree",
   "energy":     -43.389999948729,
   "free energy":     -43.242210851938,
   "G(T)":       0.147789096790,
   "ZPVE":       0.186245458634,
   "number of imags":0,
   "point group": "c1",
   "gradient norm":       0.000083360544
}
