{
   "temperature":     298.150000000000,
   "unit": "hartree",
   "energy":     -14.556834578885,
   "free energy":     -14.479727605028,
   "G(T)":       0.077106973857,
   "ZPVE":       0.105112829679,
   "number of imags":0,
   "point group": "cs",
   "gradient norm":       0.000014764239
}
