{
   "temperature":     298.150000000000,
   "unit": "hartree",
   "energy":     -25.524884641371,
   "free energy":     -25.437246283518,
   "G(T)":       0.087638357853,
   "ZPVE":       0.121620716697,
   "number of imags":0,
   "point group": "c1",
   "gradient norm":       0.000072939796
}
