{
   "temperature":     298.150000000000,
   "unit": "hartree",
   "energy":     -15.768422161985,
   "free energy":     -15.666080372814,
   "G(T)":       0.102341789170,
   "ZPVE":       0.134650304992,
   "number of imags":0,
   "point group": "c1",
   "gradient norm":       0.000060523668
}
