{
   "temperature":     298.150000000000,
   "unit": "hartree",
   "energy":     -30.364950244114,
   "free energy":     -30.241824781558,
   "G(T)":       0.123125462556,
   "ZPVE":       0.159243358004,
   "number of imags":0,
   "point group": "cs",
   "gradient norm":       0.000035012942
}
