{
   "temperature":     298.150000000000,
   "unit": "hartree",
   "energy":     -23.115672554170,
   "free energy":     -23.018305127455,
   "G(T)":       0.097367426715,
   "ZPVE":       0.128622232990,
   "number of imags":0,
   "point group": "cs",
   "gradient norm":       0.000032408846
}
