{
    "partname": "prescreening",
    "runtime": 20.86067182291299,
    "results": {
        "CONF16": {
            "xtb_gsolv": {
                "gsolv": -0.0035073658770023997,
                "energy_xtb_gas": -28.341553824423,
                "energy_xtb_solv": -28.3450611903
            },
            "sp": {
                "energy": -387.600649105026
            },
            "gtot": -387.604156470903,
            "bmw": 8.09716130020708e-06
        },
        "CONF7": {
            "xtb_gsolv": {
                "gsolv": -0.0037280310979994624,
                "energy_xtb_gas": -28.347814212493,
                "energy_xtb_solv": -28.351542243591
            },
            "sp": {
                "energy": -387.607832068294
            },
            "gtot": -387.61156009939197,
            "bmw": 0.020595207347157956
        },
        "CONF1": {
            "xtb_gsolv": {
                "gsolv": -0.0034837871929980224,
                "energy_xtb_gas": -28.349863551013,
                "energy_xtb_solv": -28.353347338206
            },
            "sp": {
                "energy": -387.610581803014
            },
            "gtot": -387.61406559020696,
            "bmw": 0.29255812925893726
        },
        "CONF15": {
            "xtb_gsolv": {
                "gsolv": -0.0035913453309994736,
                "energy_xtb_gas": -28.34148122147,
                "energy_xtb_solv": -28.345072566801
            },
            "sp": {
                "energy": -387.600702862072
            },
            "gtot": -387.60429420740303,
            "bmw": 9.368869622608269e-06
        },
        "CONF6": {
            "xtb_gsolv": {
                "gsolv": -0.0035399345409992122,
                "energy_xtb_gas": -28.348390198126,
                "energy_xtb_solv": -28.351930132667
            },
            "sp": {
                "energy": -387.609278871194
            },
            "gtot": -387.612818805735,
            "bmw": 0.07811438358782744
        },
        "CONF13": {
            "xtb_gsolv": {
                "gsolv": -0.003545256240997219,
                "energy_xtb_gas": -28.341774363009,
                "energy_xtb_solv": -28.34531961925
            },
            "sp": {
                "energy": -387.601194881245
            },
            "gtot": -387.60474013748603,
            "bmw": 1.5024527930145879e-05
        },
        "CONF9": {
            "xtb_gsolv": {
                "gsolv": -0.0033638182940016748,
                "energy_xtb_gas": -28.347567419694,
                "energy_xtb_solv": -28.350931237988
            },
            "sp": {
                "energy": -387.608299045515
            },
            "gtot": -387.61166286380904,
            "bmw": 0.022963312106402477
        },
        "CONF2": {
            "xtb_gsolv": {
                "gsolv": -0.0034412653960025352,
                "energy_xtb_gas": -28.349751037319,
                "energy_xtb_solv": -28.353192302715
            },
            "sp": {
                "energy": -387.610195883539
            },
            "gtot": -387.613637148935,
            "bmw": 0.18584155320091283
        },
        "CONF14": {
            "xtb_gsolv": {
                "gsolv": -0.0035259907550013736,
                "energy_xtb_gas": -28.341687062633,
                "energy_xtb_solv": -28.345213053388
            },
            "sp": {
                "energy": -387.601459075504
            },
            "gtot": -387.604985066259,
            "bmw": 1.9474228997529415e-05
        },
        "CONF12": {
            "xtb_gsolv": {
                "gsolv": -0.0034916634569981397,
                "energy_xtb_gas": -28.342125136199,
                "energy_xtb_solv": -28.345616799656
            },
            "sp": {
                "energy": -387.601571113787
            },
            "gtot": -387.605062777244,
            "bmw": 2.1144861818387883e-05
        },
        "CONF3": {
            "xtb_gsolv": {
                "gsolv": -0.0035389267110019773,
                "energy_xtb_gas": -28.349187180732,
                "energy_xtb_solv": -28.352726107443
            },
            "sp": {
                "energy": -387.610146344329
            },
            "gtot": -387.61368527104,
            "bmw": 0.19555884456070782
        },
        "CONF8": {
            "xtb_gsolv": {
                "gsolv": -0.003316624675999691,
                "energy_xtb_gas": -28.347759175234,
                "energy_xtb_solv": -28.35107579991
            },
            "sp": {
                "energy": -387.608562759828
            },
            "gtot": -387.611879384504,
            "bmw": 0.02888199273222389
        },
        "CONF11": {
            "xtb_gsolv": {
                "gsolv": -0.003406787468001937,
                "energy_xtb_gas": -28.342550460334,
                "energy_xtb_solv": -28.345957247802
            },
            "sp": {
                "energy": -387.601506570633
            },
            "gtot": -387.604913358101,
            "bmw": 1.8049983241448126e-05
        },
        "CONF5": {
            "xtb_gsolv": {
                "gsolv": -0.0035013105390007127,
                "energy_xtb_gas": -28.349013421663,
                "energy_xtb_solv": -28.352514732202
            },
            "sp": {
                "energy": -387.609673709115
            },
            "gtot": -387.61317501965397,
            "bmw": 0.1139142541883449
        },
        "CONF4": {
            "xtb_gsolv": {
                "gsolv": -0.0037467388370018284,
                "energy_xtb_gas": -28.348925197228,
                "energy_xtb_solv": -28.352671936065
            },
            "sp": {
                "energy": -387.608586068134
            },
            "gtot": -387.612332806971,
            "bmw": 0.046686041579153244
        },
        "CONF10": {
            "xtb_gsolv": {
                "gsolv": -0.0031856141899986312,
                "energy_xtb_gas": -28.347702403075,
                "energy_xtb_solv": -28.350888017265
            },
            "sp": {
                "energy": -387.608060770301
            },
            "gtot": -387.611246384491,
            "bmw": 0.014772952543881683
        },
        "CONF17": {
            "xtb_gsolv": {
                "gsolv": -0.003444067907000914,
                "energy_xtb_gas": -28.341314474079,
                "energy_xtb_solv": -28.344758541986
            },
            "sp": {
                "energy": -387.6004755013
            },
            "gtot": -387.60391956920705,
            "bmw": 6.300362725454691e-06
        },
        "CONF18": {
            "xtb_gsolv": {
                "gsolv": -0.003401561128999475,
                "energy_xtb_gas": -28.341072538772,
                "energy_xtb_solv": -28.344474099901
            },
            "sp": {
                "energy": -387.600771225514
            },
            "gtot": -387.604172786643,
            "bmw": 8.238298270541566e-06
        },
        "CONF21": {
            "xtb_gsolv": {
                "gsolv": -0.0037296482160016353,
                "energy_xtb_gas": -28.340090048432,
                "energy_xtb_solv": -28.343819696648
            },
            "sp": {
                "energy": -387.598334378389
            },
            "gtot": -387.602064026605,
            "bmw": 8.82825839010472e-07
        },
        "CONF20": {
            "xtb_gsolv": {
                "gsolv": -0.0034104335940021713,
                "energy_xtb_gas": -28.340907513241,
                "energy_xtb_solv": -28.344317946835
            },
            "sp": {
                "energy": -387.600292812356
            },
            "gtot": -387.60370324595,
            "bmw": 5.0103001389859866e-06
        },
        "CONF19": {
            "xtb_gsolv": {
                "gsolv": -0.00369491491100149,
                "energy_xtb_gas": -28.340730181231,
                "energy_xtb_solv": -28.344425096142
            },