{
    "partname": "screening",
    "runtime": 76.01547074783593,
    "results": {
        "CONF2": {
            "gsolv": {
                "gsolv": -0.006734735851011919,
                "energy_gas": -388.408591725196,
                "energy_solv": -388.415326461047
            },
            "gtot": -388.415326461047,
            "bmw": 0.16455782449678563
        },
        "CONF1": {
            "gsolv": {
                "gsolv": -0.006884026813963828,
                "energy_gas": -388.408874300323,
                "energy_solv": -388.415758327137
            },
            "gtot": -388.415758327137,
            "bmw": 0.2599939177326068
        },
        "CONF8": {
            "gsolv": {
                "gsolv": -0.005497779407960479,
                "energy_gas": -388.406321927289,
                "energy_solv": -388.411819706697
            },
            "gtot": -388.411819706697,
            "bmw": 0.0040116514182334225
        },
        "CONF9": {
            "gsolv": {
                "gsolv": -0.005700459713011696,
                "energy_gas": -388.406225083886,
                "energy_solv": -388.411925543599
            },
            "gtot": -388.411925543599,
            "bmw": 0.004487503437674123
        },
        "CONF6": {
            "gsolv": {
                "gsolv": -0.006331742109011884,
                "energy_gas": -388.407851866998,
                "energy_solv": -388.414183609107
            },
            "gtot": -388.414183609107,
            "bmw": 0.049050454119444274
        },
        "CONF10": {
            "gsolv": {
                "gsolv": -0.0049053395189844196,
                "energy_gas": -388.405390627855,
                "energy_solv": -388.410295967374
            },
            "gtot": -388.410295967374,
            "bmw": 0.0007988249400569583
        },
        "CONF3": {
            "gsolv": {
                "gsolv": -0.006977620951033714,
                "energy_gas": -388.40866535847,
                "energy_solv": -388.415642979421
            },
            "gtot": -388.415642979421,
            "bmw": 0.23009485696576729
        },
        "CONF5": {
            "gsolv": {
                "gsolv": -0.006989863276999131,
                "energy_gas": -388.408307571579,
                "energy_solv": -388.415297434856
            },
            "gtot": -388.415297434856,
            "bmw": 0.15957594078969997
        },
        "CONF7": {
            "gsolv": {
                "gsolv": -0.007208073105005042,
                "energy_gas": -388.406144175623,
                "energy_solv": -388.413352248728
            },
            "gtot": -388.413352248728,
            "bmw": 0.020334978998001865
        },
        "CONF4": {
            "gsolv": {
                "gsolv": -0.007618003999994016,
                "energy_gas": -388.407302878526,
                "energy_solv": -388.414920882526
            },
            "gtot": -388.414920882526,
            "bmw": 0.10709404710172951
        }
    },
    "settings": {
        "threshold": 3.5,
        "func": "r2scan-3c",
        "basis": "def2-tzvp",
        "prog": "orca",
        "sm": "smd",
        "gfnv": "gfn2",
        "run": true,
        "implicit": false,
        "template": false
    },
    "nconf_in": 10,
    "nconf_out": 10
}