{
    "partname": "refinement",
    "runtime": 450.6500814710744,
    "results": {
        "CONF7": {
            "gsolv": {
                "gsolv": -0.007707969297996442,
                "energy_gas": -388.543150741744,
                "energy_solv": -388.550858711042
            },
            "gtot": -388.550858711042,
            "bmw": 0.17447448528981455
        },
        "CONF5": {
            "gsolv": {
                "gsolv": -0.007696442357996602,
                "energy_gas": -388.54310298625,
                "energy_solv": -388.550799428608
            },
            "gtot": -388.550799428608,
            "bmw": 0.16385658287575075
        },
        "CONF1": {
            "gsolv": {
                "gsolv": -0.0077306978319597874,
                "energy_gas": -388.543297194823,
                "energy_solv": -388.551027892655
            },
            "gtot": -388.551027892655,
            "bmw": 0.20871327900259987
        },
        "CONF3": {
            "gsolv": {
                "gsolv": -0.007687689691010746,
                "energy_gas": -388.543132621223,
                "energy_solv": -388.550820310914
            },
            "gtot": -388.550820310914,
            "bmw": 0.16752093548217892
        },
        "CONF2": {
            "gsolv": {
                "gsolv": -0.007756618907023949,
                "energy_gas": -388.54329382961,
                "energy_solv": -388.551050448517
            },
            "gtot": -388.551050448517,
            "bmw": 0.21375932012846188
        },
        "CONF4": {
            "gsolv": {
                "gsolv": -0.008080770774995472,
                "energy_gas": -388.541937965133,
                "energy_solv": -388.550018735908
            },
            "gtot": -388.550018735908,
            "bmw": 0.07167539722119402
        }
    },
    "settings": {
        "threshold": 0.95,
        "func": "wb97x-v",
        "basis": "def2-tzvp",
        "prog": "orca",
        "sm": "smd",
        "gfnv": "gfn2",
        "run": true,
        "implicit": false,
        "template": false
    },
    "nconf_in": 6,
    "nconf_out": 6
}