{
   "temperature":     298.150000000000,
   "unit": "hartree",
   "energy":     -48.535857818724,
   "free energy":     -48.332576649065,
   "G(T)":       0.203281169659,
   "ZPVE":       0.247600991802,
   "number of imags":0,
   "point group": "c1",
   "gradient norm":       0.000042824484
}
