{
   "temperature":     298.150000000000,
   "unit": "hartree",
   "energy":     -21.159981409484,
   "free energy":     -21.063074510376,
   "G(T)":       0.096906899108,
   "ZPVE":       0.129260538248,
   "number of imags":0,
   "point group": "cs",
   "gradient norm":       0.000019762311
}
