{
    "partname": "prescreening",
    "runtime": 8.704012042842805,
    "results": {
        "CONF1": {
            "xtb_gsolv": {
                "gsolv": -0.004211245558998655,
                "energy_xtb_gas": -25.243449475233,
                "energy_xtb_solv": -25.247660720792
            },
            "sp": {
                "energy": -384.062559597003
            },
            "gtot": -384.066770842562,
            "bmw": 1.0
        }
    },
    "settings": {
        "threshold": 4.0,
        "func": "pbe-d4",
        "basis": "def2-sv(p)",
        "prog": "orca",
        "gfnv": "gfn2",
        "run": true,
        "template": false
    },
    "nconf_in": 1,
    "nconf_out": 1
}