{
   "temperature":     298.150000000000,
   "unit": "hartree",
   "energy":     -15.642245847281,
   "free energy":     -15.584360195763,
   "G(T)":       0.057885651519,
   "ZPVE":       0.086763534657,
   "number of imags":0,
   "point group": "cs",
   "gradient norm":       0.000023437647
}
