{
    "partname": "prescreening",
    "runtime": 5.034666980151087,
    "results": {
        "CONF2": {
            "xtb_gsolv": {
                "gsolv": -0.0005423143689995413,
                "energy_xtb_gas": -16.069563196989,
                "energy_xtb_solv": -16.070105511358
            },
            "sp": {
                "energy": -212.061507700617
            },
            "gtot": -212.062050014986,
            "bmw": 0.6509899540320722
        },
        "CONF1": {
            "xtb_gsolv": {
                "gsolv": -0.0007334361810009682,
                "energy_xtb_gas": -16.071772821615,
                "energy_xtb_solv": -16.072506257796
            },
            "sp": {
                "energy": -212.060727980763
            },
            "gtot": -212.061461416944,
            "bmw": 0.3490100459679278
        }
    },
    "settings": {
        "threshold": 4.0,
        "func": "pbe-d4",
        "basis": "def2-sv(p)",
        "prog": "orca",
        "gfnv": "gfn2",
        "run": true,
        "template": false
    },
    "nconf_in": 2,
    "nconf_out": 2
}