{
    "partname": "screening",
    "runtime": 25.92224339582026,
    "results": {
        "CONF1": {
            "gsolv": {
                "gsolv": -0.008536415367018435,
                "energy_gas": -212.511008167885,
                "energy_solv": -212.519544583252
            },
            "gtot": -212.519544583252,
            "bmw": 0.9184307422556555
        },
        "CONF2": {
            "gsolv": {
                "gsolv": -0.006706909354988966,
                "energy_gas": -212.510551602834,
                "energy_solv": -212.517258512189
            },
            "gtot": -212.517258512189,
            "bmw": 0.08156925774434447
        }
    },
    "settings": {
        "threshold": 3.5,
        "func": "r2scan-3c",
        "basis": "def2-tzvp",
        "prog": "orca",
        "sm": "smd",
        "gfnv": "gfn2",
        "run": true,
        "implicit": false,
        "template": false
    },
    "nconf_in": 2,
    "nconf_out": 2
}