{
    "partname": "refinement",
    "runtime": 133.74707039399073,
    "results": {
        "CONF1": {
            "gsolv": {
                "gsolv": -0.009652145200988116,
                "energy_gas": -212.592831707473,
                "energy_solv": -212.602483852674
            },
            "gtot": -212.602483852674,
            "bmw": 0.835148838394273
        },
        "CONF2": {
            "gsolv": {
                "gsolv": -0.007912174490996904,
                "energy_gas": -212.593039676775,
                "energy_solv": -212.600951851266
            },
            "gtot": -212.600951851266,
            "bmw": 0.16485116160572705
        }
    },
    "settings": {
        "threshold": 0.95,
        "func": "wb97x-v",
        "basis": "def2-tzvp",
        "prog": "orca",
        "sm": "smd",
        "gfnv": "gfn2",
        "run": true,
        "implicit": false,
        "template": false
    },
    "nconf_in": 2,
    "nconf_out": 2
}