{
   "temperature":     298.150000000000,
   "unit": "hartree",
   "energy":     -19.878541737198,
   "free energy":     -19.767219586197,
   "G(T)":       0.111322151001,
   "ZPVE":       0.141525502124,
   "number of imags":0,
   "point group": "c1",
   "gradient norm":       0.000057612020
}
