{
   "temperature":     298.150000000000,
   "unit": "hartree",
   "energy":     -63.157148135933,
   "free energy":     -63.111627556118,
   "G(T)":       0.045520579815,
   "ZPVE":       0.098425408454,
   "number of imags":0,
   "point group": "c1",
   "gradient norm":       0.000032060841
}
