{
    "partname": "prescreening",
    "runtime": 6.6771068554371595,
    "results": {
        "CONF1": {
            "xtb_gsolv": {
                "gsolv": -0.0021066796659994225,
                "energy_xtb_gas": -17.24824210075,
                "energy_xtb_solv": -17.250348780416
            },
            "sp": {
                "energy": -2730.894866449248
            },
            "gtot": -2730.8969731289144,
            "bmw": 1.0
        }
    },
    "settings": {
        "threshold": 4.0,
        "func": "pbe-d4",
        "basis": "def2-sv(p)",
        "prog": "orca",
        "gfnv": "gfn2",
        "run": true,
        "template": false
    },
    "nconf_in": 1,
    "nconf_out": 1
}