{
   "temperature":     298.150000000000,
   "unit": "hartree",
   "energy":     -35.334628272416,
   "free energy":     -35.180129592317,
   "G(T)":       0.154498680100,
   "ZPVE":       0.193968774116,
   "number of imags":0,
   "point group": "c1",
   "gradient norm":       0.000034147976
}
