{
    "partname": "prescreening",
    "runtime": 7.289410853758454,
    "results": {
        "CONF4": {
            "xtb_gsolv": {
                "gsolv": -0.003003490371000339,
                "energy_xtb_gas": -30.276824870814,
                "energy_xtb_solv": -30.279828361185
            },
            "sp": {
                "energy": -565.036445934632
            },
            "gtot": -565.039449425003,
            "bmw": 0.2452009911877357
        },
        "CONF3": {
            "xtb_gsolv": {
                "gsolv": -0.0034160432339973568,
                "energy_xtb_gas": -30.276712458485,
                "energy_xtb_solv": -30.280128501719
            },
            "sp": {
                "energy": -565.035366453691
            },
            "gtot": -565.038782496925,
            "bmw": 0.12099196780885343
        },
        "CONF1": {
            "xtb_gsolv": {
                "gsolv": -0.003229919424001082,
                "energy_xtb_gas": -30.27737905127,
                "energy_xtb_solv": -30.280608970694
            },
            "sp": {
                "energy": -565.036082703141
            },
            "gtot": -565.039312622565,
            "bmw": 0.21212773542270566
        },
        "CONF2": {
            "xtb_gsolv": {
                "gsolv": -0.0028327549769997518,
                "energy_xtb_gas": -30.277442730191,
                "energy_xtb_solv": -30.280275485168
            },
            "sp": {
                "energy": -565.037128575168
            },
            "gtot": -565.039961330145,
            "bmw": 0.4216793055807052
        }
    },
    "settings": {
        "threshold": 4.0,
        "func": "pbe-d4",
        "basis": "def2-sv(p)",
        "prog": "orca",
        "gfnv": "gfn2",
        "run": true,
        "template": false
    },
    "nconf_in": 4,
    "nconf_out": 4
}