{
    "partname": "screening",
    "runtime": 40.366684642620385,
    "results": {
        "CONF1": {
            "gsolv": {
                "gsolv": -0.0009491795819940307,
                "energy_gas": -566.06385980467,
                "energy_solv": -566.064808984252
            },
            "gtot": -566.064808984252,
            "bmw": 0.06759077697766482
        },
        "CONF2": {
            "gsolv": {
                "gsolv": -0.0015083575420931083,
                "energy_gas": -566.065346087348,
                "energy_solv": -566.06685444489
            },
            "gtot": -566.06685444489,
            "bmw": 0.5898399799503042
        },
        "CONF3": {
            "gsolv": {
                "gsolv": -0.0012678155999310547,
                "energy_gas": -566.062872769137,
                "energy_solv": -566.064140584737
            },
            "gtot": -566.064140584737,
            "bmw": 0.03330005442858843
        },
        "CONF4": {
            "gsolv": {
                "gsolv": -0.00180755613303063,
                "energy_gas": -566.064437286669,
                "energy_solv": -566.066244842802
            },
            "gtot": -566.066244842802,
            "bmw": 0.30926918864344255
        }
    },
    "settings": {
        "threshold": 3.5,
        "func": "r2scan-3c",
        "basis": "def2-tzvp",
        "prog": "orca",
        "sm": "smd",
        "gfnv": "gfn2",
        "run": true,
        "implicit": false,
        "template": false
    },
    "nconf_in": 4,
    "nconf_out": 4
}