{
    "partname": "refinement",
    "runtime": 168.3582387343049,
    "results": {
        "CONF2": {
            "gsolv": {
                "gsolv": -0.0016364122699314976,
                "energy_gas": -566.156943040964,
                "energy_solv": -566.158579453234
            },
            "gtot": -566.158579453234,
            "bmw": 0.4049918119062119
        },
        "CONF3": {
            "gsolv": {
                "gsolv": -0.0017374713710296419,
                "energy_gas": -566.156742372291,
                "energy_solv": -566.158479843662
            },
            "gtot": -566.158479843662,
            "bmw": 0.3644424949847943
        },
        "CONF4": {
            "gsolv": {
                "gsolv": -0.0020978228329795456,
                "energy_gas": -566.155949742378,
                "energy_solv": -566.158047565211
            },
            "gtot": -566.158047565211,
            "bmw": 0.23056569310899375
        }
    },
    "settings": {
        "threshold": 0.95,
        "func": "wb97x-v",
        "basis": "def2-tzvp",
        "prog": "orca",
        "sm": "smd",
        "gfnv": "gfn2",
        "run": true,
        "implicit": false,
        "template": false
    },
    "nconf_in": 3,
    "nconf_out": 3
}