{
   "temperature":     298.150000000000,
   "unit": "hartree",
   "energy":     -26.555335248992,
   "free energy":     -26.444005499645,
   "G(T)":       0.111329749347,
   "ZPVE":       0.144293818370,
   "number of imags":0,
   "point group": "c1",
   "gradient norm":       0.000070001244
}
