{
   "temperature":     298.150000000000,
   "unit": "hartree",
   "energy":     -18.981687494898,
   "free energy":     -18.844792175234,
   "G(T)":       0.136895319664,
   "ZPVE":       0.167047123722,
   "number of imags":0,
   "point group": "c1",
   "gradient norm":       0.000039445405
}
