{
   "temperature":     298.150000000000,
   "unit": "hartree",
   "energy":     -33.642194385008,
   "free energy":     -33.443981451134,
   "G(T)":       0.198212933874,
   "ZPVE":       0.235796091771,
   "number of imags":0,
   "point group": "c1",
   "gradient norm":       0.000142347936
}
