{
    "partname": "prescreening",
    "runtime": 4.434220174327493,
    "results": {
        "CONF1": {
            "xtb_gsolv": {
                "gsolv": -0.0011277493520012172,
                "energy_xtb_gas": -10.911440679753,
                "energy_xtb_solv": -10.912568429105
            },
            "sp": {
                "energy": -2652.461994944949
            },
            "gtot": -2652.4631226943006,
            "bmw": 1.0
        }
    },
    "settings": {
        "threshold": 4.0,
        "func": "pbe-d4",
        "basis": "def2-sv(p)",
        "prog": "orca",
        "gfnv": "gfn2",
        "run": true,
        "template": false
    },
    "nconf_in": 1,
    "nconf_out": 1
}