{
   "temperature":     298.150000000000,
   "unit": "hartree",
   "energy":     -26.294385699564,
   "free energy":     -26.172454865031,
   "G(T)":       0.121930834533,
   "ZPVE":       0.156571226224,
   "number of imags":0,
   "point group": "cs",
   "gradient norm":       0.000033341603
}
