{
   "temperature":     298.150000000000,
   "unit": "hartree",
   "energy":     -22.499841632473,
   "free energy":     -22.394454650472,
   "G(T)":       0.105386982001,
   "ZPVE":       0.139784978576,
   "number of imags":0,
   "point group": "c1",
   "gradient norm":       0.000067978120
}
