{
   "temperature":     298.150000000000,
   "unit": "hartree",
   "energy":     -25.524884633903,
   "free energy":     -25.438083762912,
   "G(T)":       0.086800870991,
   "ZPVE":       0.121606282095,
   "number of imags":0,
   "point group": "cs",
   "gradient norm":       0.000105209112
}
