{
   "temperature":     298.150000000000,
   "unit": "hartree",
   "energy":     -12.606490806852,
   "free energy":     -12.527689930308,
   "G(T)":       0.078800876544,
   "ZPVE":       0.106533238460,
   "number of imags":0,
   "point group": "c1",
   "gradient norm":       0.000120486783
}
