{
    "partname": "prescreening",
    "runtime": 8.182686420157552,
    "results": {
        "CONF2": {
            "xtb_gsolv": {
                "gsolv": 0.0005983302280014868,
                "energy_xtb_gas": -22.285267140155,
                "energy_xtb_solv": -22.284668809927
            },
            "sp": {
                "energy": -668.832689609805
            },
            "gtot": -668.8320912795771,
            "bmw": 0.06040702213792121
        },
        "CONF1": {
            "xtb_gsolv": {
                "gsolv": 0.0008847507740021854,
                "energy_xtb_gas": -22.288252575093,
                "energy_xtb_solv": -22.287367824319
            },
            "sp": {
                "energy": -668.835567193039
            },
            "gtot": -668.8346824422649,
            "bmw": 0.9395929778620787
        }
    },
    "settings": {
        "threshold": 4.0,
        "func": "pbe-d4",
        "basis": "def2-sv(p)",
        "prog": "orca",
        "gfnv": "gfn2",
        "run": true,
        "template": false
    },
    "nconf_in": 2,
    "nconf_out": 2
}