{
    "partname": "screening",
    "runtime": 42.83668635878712,
    "results": {
        "CONF1": {
            "gsolv": {
                "gsolv": -0.00431083104604113,
                "energy_gas": -669.647005414136,
                "energy_solv": -669.651316245182
            },
            "gtot": -669.651316245182,
            "bmw": 0.987205282549199
        },
        "CONF2": {
            "gsolv": {
                "gsolv": -0.002736172530035219,
                "energy_gas": -669.644476795659,
                "energy_solv": -669.647212968189
            },
            "gtot": -669.647212968189,
            "bmw": 0.012794717450800951
        }
    },
    "settings": {
        "threshold": 3.5,
        "func": "r2scan-3c",
        "basis": "def2-tzvp",
        "prog": "orca",
        "sm": "smd",
        "gfnv": "gfn2",
        "run": true,
        "implicit": false,
        "template": false
    },
    "nconf_in": 2,
    "nconf_out": 2
}