{
    "partname": "refinement",
    "runtime": 288.9020974682644,
    "results": {
        "CONF2": {
            "gsolv": {
                "gsolv": -0.002607123199027228,
                "energy_gas": -669.710814468575,
                "energy_solv": -669.713421591774
            },
            "gtot": -669.713421591774,
            "bmw": 0.06702467703231257
        },
        "CONF1": {
            "gsolv": {
                "gsolv": -0.004072543543998108,
                "energy_gas": -669.711835384296,
                "energy_solv": -669.71590792784
            },
            "gtot": -669.71590792784,
            "bmw": 0.9329753229676874
        }
    },
    "settings": {
        "threshold": 0.95,
        "func": "wb97x-v",
        "basis": "def2-tzvp",
        "prog": "orca",
        "sm": "smd",
        "gfnv": "gfn2",
        "run": true,
        "implicit": false,
        "template": false
    },
    "nconf_in": 2,
    "nconf_out": 2
}