{
   "temperature":     298.150000000000,
   "unit": "hartree",
   "energy":     -22.802139072054,
   "free energy":     -22.748408916987,
   "G(T)":       0.053730155067,
   "ZPVE":       0.085515141195,
   "number of imags":0,
   "point group": "c1",
   "gradient norm":       0.000056482203
}
