{
   "temperature":     298.150000000000,
   "unit": "hartree",
   "energy":     -13.921084893098,
   "free energy":     -13.830106895527,
   "G(T)":       0.090977997571,
   "ZPVE":       0.118965957505,
   "number of imags":0,
   "point group": "c1",
   "gradient norm":       0.000026258672
}
