{
   "temperature":     298.150000000000,
   "unit": "hartree",
   "energy":     -43.388976449234,
   "free energy":     -43.240951327741,
   "G(T)":       0.148025121493,
   "ZPVE":       0.186459038888,
   "number of imags":0,
   "point group": "c1",
   "gradient norm":       0.000031533055
}
