{
    "partname": "prescreening",
    "runtime": 4.895453722216189,
    "results": {
        "CONF2": {
            "xtb_gsolv": {
                "gsolv": -0.0017191199330000018,
                "energy_xtb_gas": -16.685976244728,
                "energy_xtb_solv": -16.687695364661
            },
            "sp": {
                "energy": -231.920870480922
            },
            "gtot": -231.922589600855,
            "bmw": 0.8835272576909547
        },
        "CONF1": {
            "xtb_gsolv": {
                "gsolv": -0.0015916983210004787,
                "energy_xtb_gas": -16.686358062641,
                "energy_xtb_solv": -16.687949760962
            },
            "sp": {
                "energy": -231.919084736087
            },
            "gtot": -231.920676434408,
            "bmw": 0.11647274230904522
        }
    },
    "settings": {
        "threshold": 4.0,
        "func": "pbe-d4",
        "basis": "def2-sv(p)",
        "prog": "orca",
        "gfnv": "gfn2",
        "run": true,
        "template": false
    },
    "nconf_in": 2,
    "nconf_out": 2
}