{
    "partname": "screening",
    "runtime": 30.347623725421727,
    "results": {
        "CONF1": {
            "gsolv": {
                "gsolv": -0.004941753642015101,
                "energy_gas": -232.393332526591,
                "energy_solv": -232.398274280233
            },
            "gtot": -232.398274280233,
            "bmw": 0.300486715801653
        },
        "CONF2": {
            "gsolv": {
                "gsolv": -0.004652832584980615,
                "energy_gas": -232.394419265238,
                "energy_solv": -232.399072097823
            },
            "gtot": -232.399072097823,
            "bmw": 0.699513284198347
        }
    },
    "settings": {
        "threshold": 3.5,
        "func": "r2scan-3c",
        "basis": "def2-tzvp",
        "prog": "orca",
        "sm": "smd",
        "gfnv": "gfn2",
        "run": true,
        "implicit": false,
        "template": false
    },
    "nconf_in": 2,
    "nconf_out": 2
}