{
    "partname": "refinement",
    "runtime": 121.49151117075235,
    "results": {
        "CONF1": {
            "gsolv": {
                "gsolv": -0.005709159349009951,
                "energy_gas": -232.467808408678,
                "energy_solv": -232.473517568027
            },
            "gtot": -232.473517568027,
            "bmw": 0.2625451515719996
        },
        "CONF2": {
            "gsolv": {
                "gsolv": -0.0056655810070083135,
                "energy_gas": -232.468827122847,
                "energy_solv": -232.474492703854
            },
            "gtot": -232.474492703854,
            "bmw": 0.7374548484280004
        }
    },
    "settings": {
        "threshold": 0.95,
        "func": "wb97x-v",
        "basis": "def2-tzvp",
        "prog": "orca",
        "sm": "smd",
        "gfnv": "gfn2",
        "run": true,
        "implicit": false,
        "template": false
    },
    "nconf_in": 2,
    "nconf_out": 2
}