{
   "temperature":     298.150000000000,
   "unit": "hartree",
   "energy":     -15.774492216495,
   "free energy":     -15.671245982238,
   "G(T)":       0.103246234258,
   "ZPVE":       0.134479378086,
   "number of imags":0,
   "point group": "c1",
   "gradient norm":       0.000045887762
}
