{
   "temperature":     298.150000000000,
   "unit": "hartree",
   "energy":     -27.250528482064,
   "free energy":     -27.201760422877,
   "G(T)":       0.048768059187,
   "ZPVE":       0.080838499714,
   "number of imags":0,
   "point group": "c1",
   "gradient norm":       0.000031930631
}
