{
   "temperature":     298.150000000000,
   "unit": "hartree",
   "energy":     -45.627229057128,
   "free energy":     -45.478084718019,
   "G(T)":       0.149144339108,
   "ZPVE":       0.188933873784,
   "number of imags":0,
   "point group": "cs",
   "gradient norm":       0.000089856875
}
