{
   "temperature":     298.150000000000,
   "unit": "hartree",
   "energy":     -22.498851324165,
   "free energy":     -22.392784608467,
   "G(T)":       0.106066715698,
   "ZPVE":       0.139808570327,
   "number of imags":0,
   "point group": "cs",
   "gradient norm":       0.000057349704
}
