{
   "temperature":     298.150000000000,
   "unit": "hartree",
   "energy":     -23.159128648968,
   "free energy":     -22.977854243463,
   "G(T)":       0.181274405505,
   "ZPVE":       0.214660965428,
   "number of imags":0,
   "point group": "c1",
   "gradient norm":       0.000032004064
}
