{
    "partname": "prescreening",
    "runtime": 6.737112118862569,
    "results": {
        "CONF1": {
            "xtb_gsolv": {
                "gsolv": -0.0028364791530002265,
                "energy_xtb_gas": -19.321768627278,
                "energy_xtb_solv": -19.324605106431
            },
            "sp": {
                "energy": -286.964212367831
            },
            "gtot": -286.967048846984,
            "bmw": 1.0
        }
    },
    "settings": {
        "threshold": 4.0,
        "func": "pbe-d4",
        "basis": "def2-sv(p)",
        "prog": "orca",
        "gfnv": "gfn2",
        "run": true,
        "template": false
    },
    "nconf_in": 1,
    "nconf_out": 1
}