{
   "temperature":     298.150000000000,
   "unit": "hartree",
   "energy":     -30.282422912180,
   "free energy":     -30.254742687501,
   "G(T)":       0.027680224679,
   "ZPVE":       0.062557061515,
   "number of imags":0,
   "point group": "cs",
   "gradient norm":       0.000057293020
}
