{
   "temperature":     298.150000000000,
   "unit": "hartree",
   "energy":     -43.388787704336,
   "free energy":     -43.241507506511,
   "G(T)":       0.147280197825,
   "ZPVE":       0.186051395898,
   "number of imags":0,
   "point group": "c1",
   "gradient norm":       0.000052952837
}
