{
    "partname": "prescreening",
    "runtime": 4.900899838656187,
    "results": {
        "CONF1": {
            "xtb_gsolv": {
                "gsolv": 0.0003633694099995921,
                "energy_xtb_gas": -11.546225770397,
                "energy_xtb_solv": -11.545862400987
            },
            "sp": {
                "energy": -155.584133290623
            },
            "gtot": -155.583769921213,
            "bmw": 1.0
        }
    },
    "settings": {
        "threshold": 4.0,
        "func": "pbe-d4",
        "basis": "def2-sv(p)",
        "prog": "orca",
        "gfnv": "gfn2",
        "run": true,
        "template": false
    },
    "nconf_in": 1,
    "nconf_out": 1
}