{
   "temperature":     298.150000000000,
   "unit": "hartree",
   "energy":     -38.873957978406,
   "free energy":     -38.756798507656,
   "G(T)":       0.117159470750,
   "ZPVE":       0.156637502568,
   "number of imags":0,
   "point group": "c1",
   "gradient norm":       0.000030111132
}
