{
   "temperature":     298.150000000000,
   "unit": "hartree",
   "energy":     -26.156559196843,
   "free energy":     -26.079731193411,
   "G(T)":       0.076828003433,
   "ZPVE":       0.109139155571,
   "number of imags":0,
   "point group": "cs",
   "gradient norm":       0.000022596229
}
