{
   "temperature":     298.150000000000,
   "unit": "hartree",
   "energy":     -13.920040118059,
   "free energy":     -13.829018318491,
   "G(T)":       0.091021799568,
   "ZPVE":       0.119022426758,
   "number of imags":0,
   "point group": "c1",
   "gradient norm":       0.000031326538
}
