{
   "temperature":     298.150000000000,
   "unit": "hartree",
   "energy":     -43.394425757124,
   "free energy":     -43.246960754801,
   "G(T)":       0.147465002323,
   "ZPVE":       0.185952770114,
   "number of imags":0,
   "point group": "c1",
   "gradient norm":       0.000117943080
}
