{
   "temperature":     298.150000000000,
   "unit": "hartree",
   "energy":     -22.144833068757,
   "free energy":     -22.094987169810,
   "G(T)":       0.049845898947,
   "ZPVE":       0.085237948576,
   "number of imags":0,
   "point group": "c1",
   "gradient norm":       0.000046122714
}
