{
    "partname": "prescreening",
    "runtime": 21.163519236724824,
    "results": {
        "CONF1": {
            "xtb_gsolv": {
                "gsolv": -0.003249067813001716,
                "energy_xtb_gas": -54.088397464394,
                "energy_xtb_solv": -54.091646532207
            },
            "sp": {
                "energy": -2448.385338072635
            },
            "gtot": -2448.388587140448,
            "bmw": 1.0
        }
    },
    "settings": {
        "threshold": 4.0,
        "func": "pbe-d4",
        "basis": "def2-sv(p)",
        "prog": "orca",
        "gfnv": "gfn2",
        "run": true,
        "template": false
    },
    "nconf_in": 1,
    "nconf_out": 1
}