{
   "temperature":     298.150000000000,
   "unit": "hartree",
   "energy":     -17.246393554785,
   "free energy":     -17.157159391938,
   "G(T)":       0.089234162847,
   "ZPVE":       0.120694074044,
   "number of imags":0,
   "point group": "cs",
   "gradient norm":       0.000060001228
}
