{
    "partname": "prescreening",
    "runtime": 20.76108594611287,
    "results": {
        "CONF1": {
            "xtb_gsolv": {
                "gsolv": -0.004983601744001476,
                "energy_xtb_gas": -51.304573583309,
                "energy_xtb_solv": -51.309557185053
            },
            "sp": {
                "energy": -2329.330597562195
            },
            "gtot": -2329.335581163939,
            "bmw": 1.0
        }
    },
    "settings": {
        "threshold": 4.0,
        "func": "pbe-d4",
        "basis": "def2-sv(p)",
        "prog": "orca",
        "gfnv": "gfn2",
        "run": true,
        "template": false
    },
    "nconf_in": 1,
    "nconf_out": 1
}