{
   "temperature":     298.150000000000,
   "unit": "hartree",
   "energy":     -30.282089651107,
   "free energy":     -30.254380384254,
   "G(T)":       0.027709266853,
   "ZPVE":       0.062562537387,
   "number of imags":0,
   "point group": "cs",
   "gradient norm":       0.000127972869
}
