{
    "partname": "prescreening",
    "runtime": 10.57735553290695,
    "results": {
        "CONF1": {
            "xtb_gsolv": {
                "gsolv": 0.00043440759100121795,
                "energy_xtb_gas": -25.383946992892,
                "energy_xtb_solv": -25.383512585301
            },
            "sp": {
                "energy": -349.372120570343
            },
            "gtot": -349.371686162752,
            "bmw": 0.5217690770207313
        },
        "CONF4": {
            "xtb_gsolv": {
                "gsolv": 0.00037133839899894383,
                "energy_xtb_gas": -25.381618863107,
                "energy_xtb_solv": -25.381247524708
            },
            "sp": {
                "energy": -349.369509652616
            },
            "gtot": -349.36913831421697,
            "bmw": 0.035119565375154246
        },
        "CONF3": {
            "xtb_gsolv": {
                "gsolv": 0.0004440359459998433,
                "energy_xtb_gas": -25.382635724013,
                "energy_xtb_solv": -25.382191688067
            },
            "sp": {
                "energy": -349.370232000742
            },
            "gtot": -349.36978796479605,
            "bmw": 0.06988238435940958
        },
        "CONF2": {
            "xtb_gsolv": {
                "gsolv": 0.00031859277600077007,
                "energy_xtb_gas": -25.382681431177,
                "energy_xtb_solv": -25.382362838401
            },
            "sp": {
                "energy": -349.371688422792
            },
            "gtot": -349.37136983001596,
            "bmw": 0.3732289732447049
        }
    },
    "settings": {
        "threshold": 4.0,
        "func": "pbe-d4",
        "basis": "def2-sv(p)",
        "prog": "orca",
        "gfnv": "gfn2",
        "run": true,
        "template": false
    },
    "nconf_in": 4,
    "nconf_out": 4
}