{
    "partname": "screening",
    "runtime": 57.30012737959623,
    "results": {
        "CONF2": {
            "gsolv": {
                "gsolv": -0.0015103305460115735,
                "energy_gas": -350.081519341207,
                "energy_solv": -350.083029671753
            },
            "gtot": -350.083029671753,
            "bmw": 0.3716502802700663
        },
        "CONF4": {
            "gsolv": {
                "gsolv": -0.0013601968630041483,
                "energy_gas": -350.079695637074,
                "energy_solv": -350.081055833937
            },
            "gtot": -350.081055833937,
            "bmw": 0.04594432919837928
        },
        "CONF1": {
            "gsolv": {
                "gsolv": -0.001320319035016837,
                "energy_gas": -350.081956115165,
                "energy_solv": -350.0832764342
            },
            "gtot": -350.0832764342,
            "bmw": 0.48265558227116356
        },
        "CONF3": {
            "gsolv": {
                "gsolv": -0.0012482554120083478,
                "energy_gas": -350.080539542568,
                "energy_solv": -350.08178779798
            },
            "gtot": -350.08178779798,
            "bmw": 0.09974980826039079
        }
    },
    "settings": {
        "threshold": 3.5,
        "func": "r2scan-3c",
        "basis": "def2-tzvp",
        "prog": "orca",
        "sm": "smd",
        "gfnv": "gfn2",
        "run": true,
        "implicit": false,
        "template": false
    },
    "nconf_in": 4,
    "nconf_out": 4
}