{
    "partname": "refinement",
    "runtime": 458.7633913811296,
    "results": {
        "CONF2": {
            "gsolv": {
                "gsolv": -0.001284910011008833,
                "energy_gas": -350.203730765636,
                "energy_solv": -350.205015675647
            },
            "gtot": -350.205015675647,
            "bmw": 0.24821210135254448
        },
        "CONF4": {
            "gsolv": {
                "gsolv": -0.001269463614050892,
                "energy_gas": -350.203737865617,
                "energy_solv": -350.205007329231
            },
            "gtot": -350.205007329231,
            "bmw": 0.24602762016786636
        },
        "CONF1": {
            "gsolv": {
                "gsolv": -0.0011512877879908956,
                "energy_gas": -350.204353988551,
                "energy_solv": -350.205505276339
            },
            "gtot": -350.205505276339,
            "bmw": 0.41689211497657913
        },
        "CONF3": {
            "gsolv": {
                "gsolv": -0.001099555053997392,
                "energy_gas": -350.202946321411,
                "energy_solv": -350.204045876465
            },
            "gtot": -350.204045876465,
            "bmw": 0.08886816350301009
        }
    },
    "settings": {
        "threshold": 0.95,
        "func": "wb97x-v",
        "basis": "def2-tzvp",
        "prog": "orca",
        "sm": "smd",
        "gfnv": "gfn2",
        "run": true,
        "implicit": false,
        "template": false
    },
    "nconf_in": 4,
    "nconf_out": 4
}