{
   "temperature":     298.150000000000,
   "unit": "hartree",
   "energy":     -47.579964941801,
   "free energy":     -47.514127084990,
   "G(T)":       0.065837856811,
   "ZPVE":       0.103957702821,
   "number of imags":0,
   "point group": "c2",
   "gradient norm":       0.000054274987
}
