{
   "temperature":     298.150000000000,
   "unit": "hartree",
   "energy":     -24.015197308067,
   "free energy":     -23.955170111286,
   "G(T)":       0.060027196781,
   "ZPVE":       0.091431603263,
   "number of imags":0,
   "point group": "cs",
   "gradient norm":       0.000047318182
}
