{
   "temperature":     298.150000000000,
   "unit": "hartree",
   "energy":     -20.965397064860,
   "free energy":     -20.892540527735,
   "G(T)":       0.072856537125,
   "ZPVE":       0.104506757662,
   "number of imags":0,
   "point group": "c1",
   "gradient norm":       0.000047051574
}
