{
   "temperature":     298.150000000000,
   "unit": "hartree",
   "energy":     -48.535858983363,
   "free energy":     -48.332558420504,
   "G(T)":       0.203300562860,
   "ZPVE":       0.247613738053,
   "number of imags":0,
   "point group": "c1",
   "gradient norm":       0.000057318239
}
