{
    "partname": "prescreening",
    "runtime": 7.52690886054188,
    "results": {
        "CONF7": {
            "xtb_gsolv": {
                "gsolv": -0.004224913266000385,
                "energy_xtb_gas": -20.888893545988,
                "energy_xtb_solv": -20.893118459254
            },
            "sp": {
                "energy": -272.301082209373
            },
            "gtot": -272.305307122639,
            "bmw": 7.463855698427642e-05
        },
        "CONF1": {
            "xtb_gsolv": {
                "gsolv": -0.004359666372000248,
                "energy_xtb_gas": -20.894332488457,
                "energy_xtb_solv": -20.898692154829
            },
            "sp": {
                "energy": -272.308739095628
            },
            "gtot": -272.31309876200004,
            "bmw": 0.2863315864029651
        },
        "CONF2": {
            "xtb_gsolv": {
                "gsolv": -0.004088450353002315,
                "energy_xtb_gas": -20.894535084195,
                "energy_xtb_solv": -20.898623534548
            },
            "sp": {
                "energy": -272.309121999342
            },
            "gtot": -272.31321044969496,
            "bmw": 0.3222864472915112
        },
        "CONF6": {
            "xtb_gsolv": {
                "gsolv": -0.004267656898999661,
                "energy_xtb_gas": -20.889928724681,
                "energy_xtb_solv": -20.89419638158
            },
            "sp": {
                "energy": -272.302028798536
            },
            "gtot": -272.306296455435,
            "bmw": 0.00021282606770815953
        },
        "CONF5": {
            "xtb_gsolv": {
                "gsolv": -0.004603459797998255,
                "energy_xtb_gas": -20.892367279285,
                "energy_xtb_solv": -20.896970739083
            },
            "sp": {
                "energy": -272.306516437464
            },
            "gtot": -272.31111989726196,
            "bmw": 0.035209064476445735
        },
        "CONF3": {
            "xtb_gsolv": {
                "gsolv": -0.004278896045999403,
                "energy_xtb_gas": -20.894150763765,
                "energy_xtb_solv": -20.898429659811
            },
            "sp": {
                "energy": -272.308588117821
            },
            "gtot": -272.312867013867,
            "bmw": 0.22401262592599122
        },
        "CONF4": {
            "xtb_gsolv": {
                "gsolv": -0.003530182454998254,
                "energy_xtb_gas": -20.89393519472,
                "energy_xtb_solv": -20.897465377175
            },
            "sp": {
                "energy": -272.308836541931
            },
            "gtot": -272.312366724386,
            "bmw": 0.1318728112783942
        }
    },
    "settings": {
        "threshold": 4.0,
        "func": "pbe-d4",
        "basis": "def2-sv(p)",
        "prog": "orca",
        "gfnv": "gfn2",
        "run": true,
        "template": false
    },
    "nconf_in": 7,
    "nconf_out": 5
}