{
    "partname": "screening",
    "runtime": 44.133070779033005,
    "results": {
        "CONF3": {
            "gsolv": {
                "gsolv": -0.006265314962035973,
                "energy_gas": -272.908457688926,
                "energy_solv": -272.914723003888
            },
            "gtot": -272.914723003888,
            "bmw": 0.24640756909064532
        },
        "CONF1": {
            "gsolv": {
                "gsolv": -0.005557779086984738,
                "energy_gas": -272.908713368355,
                "energy_solv": -272.914271147442
            },
            "gtot": -272.914271147442,
            "bmw": 0.15269136091375243
        },
        "CONF4": {
            "gsolv": {
                "gsolv": -0.006275776842016967,
                "energy_gas": -272.908813683493,
                "energy_solv": -272.915089460335
            },
            "gtot": -272.915089460335,
            "bmw": 0.3632556200430433
        },
        "CONF2": {
            "gsolv": {
                "gsolv": -0.005671771460981745,
                "energy_gas": -272.908926261078,
                "energy_solv": -272.914598032539
            },
            "gtot": -272.914598032539,
            "bmw": 0.21585951787418658
        },
        "CONF5": {
            "gsolv": {
                "gsolv": -0.005481380106004963,
                "energy_gas": -272.906951295909,
                "energy_solv": -272.912432676015
            },
            "gtot": -272.912432676015,
            "bmw": 0.021785932078372486
        }
    },
    "settings": {
        "threshold": 3.5,
        "func": "r2scan-3c",
        "basis": "def2-tzvp",
        "prog": "orca",
        "sm": "smd",
        "gfnv": "gfn2",
        "run": true,
        "implicit": false,
        "template": false
    },
    "nconf_in": 5,
    "nconf_out": 5
}