{
    "partname": "refinement",
    "runtime": 226.0070690466091,
    "results": {
        "CONF2": {
            "gsolv": {
                "gsolv": -0.00660583291499961,
                "energy_gas": -273.000624566192,
                "energy_solv": -273.007230399107
            },
            "gtot": -273.007230399107,
            "bmw": 0.211363941774788
        },
        "CONF4": {
            "gsolv": {
                "gsolv": -0.007047584284975983,
                "energy_gas": -273.000195553478,
                "energy_solv": -273.007243137763
            },
            "gtot": -273.007243137763,
            "bmw": 0.21423492695059715
        },
        "CONF1": {
            "gsolv": {
                "gsolv": -0.0064689419060073305,
                "energy_gas": -273.000486943833,
                "energy_solv": -273.006955885739
            },
            "gtot": -273.006955885739,
            "bmw": 0.15803871530546956
        },
        "CONF5": {
            "gsolv": {
                "gsolv": -0.006661538805985856,
                "energy_gas": -273.000599697324,
                "energy_solv": -273.00726123613
            },
            "gtot": -273.00726123613,
            "bmw": 0.2183810492653651
        },
        "CONF3": {
            "gsolv": {
                "gsolv": -0.007041652287000488,
                "energy_gas": -273.000126989107,
                "energy_solv": -273.007168641394
            },
            "gtot": -273.007168641394,
            "bmw": 0.19798136670378016
        }
    },
    "settings": {
        "threshold": 0.95,
        "func": "wb97x-v",
        "basis": "def2-tzvp",
        "prog": "orca",
        "sm": "smd",
        "gfnv": "gfn2",
        "run": true,
        "implicit": false,
        "template": false
    },
    "nconf_in": 5,
    "nconf_out": 5
}