{
    "partname": "prescreening",
    "runtime": 5.754106855019927,
    "results": {
        "CONF1": {
            "xtb_gsolv": {
                "gsolv": -0.006196478582999987,
                "energy_xtb_gas": -17.469861659317,
                "energy_xtb_solv": -17.4760581379
            },
            "sp": {
                "energy": -264.951677216872
            },
            "gtot": -264.95787369545496,
            "bmw": 0.7227464926445374
        },
        "CONF2": {
            "xtb_gsolv": {
                "gsolv": -0.0061998460029997204,
                "energy_xtb_gas": -17.469507785607,
                "energy_xtb_solv": -17.47570763161
            },
            "sp": {
                "energy": -264.950769202175
            },
            "gtot": -264.95696904817805,
            "bmw": 0.27725350735546267
        }
    },
    "settings": {
        "threshold": 4.0,
        "func": "pbe-d4",
        "basis": "def2-sv(p)",
        "prog": "orca",
        "gfnv": "gfn2",
        "run": true,
        "template": false
    },
    "nconf_in": 2,
    "nconf_out": 2
}