{
    "partname": "screening",
    "runtime": 35.78523438796401,
    "results": {
        "CONF1": {
            "gsolv": {
                "gsolv": -0.01222885601401913,
                "energy_gas": -265.450170951024,
                "energy_solv": -265.462399807038
            },
            "gtot": -265.462399807038,
            "bmw": 0.6983907495662027
        },
        "CONF2": {
            "gsolv": {
                "gsolv": -0.01233815975200514,
                "energy_gas": -265.449268866715,
                "energy_solv": -265.461607026467
            },
            "gtot": -265.461607026467,
            "bmw": 0.30160925043379727
        }
    },
    "settings": {
        "threshold": 3.5,
        "func": "r2scan-3c",
        "basis": "def2-tzvp",
        "prog": "orca",
        "sm": "smd",
        "gfnv": "gfn2",
        "run": true,
        "implicit": false,
        "template": false
    },
    "nconf_in": 2,
    "nconf_out": 2
}