{
    "partname": "refinement",
    "runtime": 174.06626564916223,
    "results": {
        "CONF2": {
            "gsolv": {
                "gsolv": -0.012880239320963938,
                "energy_gas": -265.540772995332,
                "energy_solv": -265.553653234653
            },
            "gtot": -265.553653234653,
            "bmw": 0.322360224190847
        },
        "CONF1": {
            "gsolv": {
                "gsolv": -0.012774262308028028,
                "energy_gas": -265.541580450118,
                "energy_solv": -265.554354712426
            },
            "gtot": -265.554354712426,
            "bmw": 0.6776397758091531
        }
    },
    "settings": {
        "threshold": 0.95,
        "func": "wb97x-v",
        "basis": "def2-tzvp",
        "prog": "orca",
        "sm": "smd",
        "gfnv": "gfn2",
        "run": true,
        "implicit": false,
        "template": false
    },
    "nconf_in": 2,
    "nconf_out": 2
}