{
   "temperature":     298.150000000000,
   "unit": "hartree",
   "energy":     -32.443041604473,
   "free energy":     -32.272422338236,
   "G(T)":       0.170619266237,
   "ZPVE":       0.208300228407,
   "number of imags":0,
   "point group": "cs",
   "gradient norm":       0.000019634705
}
