{
   "temperature":     298.150000000000,
   "unit": "hartree",
   "energy":     -29.519089827233,
   "free energy":     -29.426443451082,
   "G(T)":       0.092646376151,
   "ZPVE":       0.127056570532,
   "number of imags":0,
   "point group": "c1",
   "gradient norm":       0.000095637220
}
