{
    "partname": "prescreening",
    "runtime": 9.768350031226873,
    "results": {
        "CONF1": {
            "xtb_gsolv": {
                "gsolv": -0.019590460693002854,
                "energy_xtb_gas": -40.456364250486,
                "energy_xtb_solv": -40.475954711179
            },
            "sp": {
                "energy": -750.460581227609
            },
            "gtot": -750.4801716883021,
            "bmw": 1.0
        }
    },
    "settings": {
        "threshold": 4.0,
        "func": "pbe-d4",
        "basis": "def2-sv(p)",
        "prog": "orca",
        "gfnv": "gfn2",
        "run": true,
        "template": false
    },
    "nconf_in": 1,
    "nconf_out": 1
}