{
    "partname": "prescreening",
    "runtime": 13.019433052279055,
    "results": {
        "CONF7": {
            "xtb_gsolv": {
                "gsolv": 0.0013178693589992463,
                "energy_xtb_gas": -26.318815883359,
                "energy_xtb_solv": -26.317498014
            },
            "sp": {
                "energy": -314.868584167683
            },
            "gtot": -314.867266298324,
            "bmw": 0.0032844598070037043
        },
        "CONF5": {
            "xtb_gsolv": {
                "gsolv": 0.0012699068139987446,
                "energy_xtb_gas": -26.319887999172,
                "energy_xtb_solv": -26.318618092358
            },
            "sp": {
                "energy": -314.866044870713
            },
            "gtot": -314.864774963899,
            "bmw": 0.00023470883548880412
        },
        "CONF3": {
            "xtb_gsolv": {
                "gsolv": 0.0012863255210007196,
                "energy_xtb_gas": -26.323991029851,
                "energy_xtb_solv": -26.32270470433
            },
            "sp": {
                "energy": -314.872214452531
            },
            "gtot": -314.87092812701,
            "bmw": 0.15877735275135188
        },
        "CONF6": {
            "xtb_gsolv": {
                "gsolv": 0.0013192794040008948,
                "energy_xtb_gas": -26.319469272786,
                "energy_xtb_solv": -26.318149993382
            },
            "sp": {
                "energy": -314.868796333435
            },
            "gtot": -314.867477054031,
            "bmw": 0.004105866897941242
        },
        "CONF2": {
            "xtb_gsolv": {
                "gsolv": 0.0012745282710007189,
                "energy_xtb_gas": -26.325375890111,
                "energy_xtb_solv": -26.32410136184
            },
            "sp": {
                "energy": -314.872711352071
            },
            "gtot": -314.8714368238,
            "bmw": 0.27212778305643043
        },
        "CONF1": {
            "xtb_gsolv": {
                "gsolv": 0.0012747865789997093,
                "energy_xtb_gas": -26.325498429484,
                "energy_xtb_solv": -26.324223642905
            },
            "sp": {
                "energy": -314.873010446728
            },
            "gtot": -314.871735660149,
            "bmw": 0.37344623846794656
        },
        "CONF4": {
            "xtb_gsolv": {
                "gsolv": 0.0012792362909976873,
                "energy_xtb_gas": -26.32383216999,
                "energy_xtb_solv": -26.322552933699
            },
            "sp": {
                "energy": -314.872366991272
            },
            "gtot": -314.871087754981,
            "bmw": 0.18802359018383735
        }
    },
    "settings": {
        "threshold": 4.0,
        "func": "pbe-d4",
        "basis": "def2-sv(p)",
        "prog": "orca",
        "gfnv": "gfn2",
        "run": true,
        "template": false
    },
    "nconf_in": 7,
    "nconf_out": 6
}