{
    "partname": "screening",
    "runtime": 64.3995126830414,
    "results": {
        "CONF2": {
            "gsolv": {
                "gsolv": 0.004145105954989958,
                "energy_gas": -315.587514152942,
                "energy_solv": -315.583369046987
            },
            "gtot": -315.583369046987,
            "bmw": 0.3194716551432424
        },
        "CONF4": {
            "gsolv": {
                "gsolv": 0.00392756601200972,
                "energy_gas": -315.586238524188,
                "energy_solv": -315.582310958176
            },
            "gtot": -315.582310958176,
            "bmw": 0.10417060048211801
        },
        "CONF3": {
            "gsolv": {
                "gsolv": 0.003976284959037457,
                "energy_gas": -315.586704477491,
                "energy_solv": -315.582728192532
            },
            "gtot": -315.582728192532,
            "bmw": 0.16205397449501852
        },
        "CONF1": {
            "gsolv": {
                "gsolv": 0.004185843230004593,
                "energy_gas": -315.587794218147,
                "energy_solv": -315.583608374917
            },
            "gtot": -315.583608374917,
            "bmw": 0.4116380948520373
        },
        "CONF6": {
            "gsolv": {
                "gsolv": 0.003795685731006415,
                "energy_gas": -315.582277474878,
                "energy_solv": -315.578481789147
            },
            "gtot": -315.578481789147,
            "bmw": 0.0018048841566777613
        },
        "CONF7": {
            "gsolv": {
                "gsolv": 0.0036850183079764065,
                "energy_gas": -315.581467733676,
                "energy_solv": -315.577782715368
            },
            "gtot": -315.577782715368,
            "bmw": 0.0008607908709061893
        }
    },
    "settings": {
        "threshold": 3.5,
        "func": "r2scan-3c",
        "basis": "def2-tzvp",
        "prog": "orca",
        "sm": "smd",
        "gfnv": "gfn2",
        "run": true,
        "implicit": false,
        "template": false
    },
    "nconf_in": 6,
    "nconf_out": 6
}