{
    "partname": "refinement",
    "runtime": 520.154080866836,
    "results": {
        "CONF1": {
            "gsolv": {
                "gsolv": 0.004170859653015668,
                "energy_gas": -315.714235358158,
                "energy_solv": -315.710064498505
            },
            "gtot": -315.710064498505,
            "bmw": 0.34805449493152424
        },
        "CONF2": {
            "gsolv": {
                "gsolv": 0.004176562209977419,
                "energy_gas": -315.71423378031,
                "energy_solv": -315.7100572181
            },
            "gtot": -315.7100572181,
            "bmw": 0.34538103953323285
        },
        "CONF4": {
            "gsolv": {
                "gsolv": 0.003974740631008444,
                "energy_gas": -315.713255350199,
                "energy_solv": -315.709280609568
            },
            "gtot": -315.709280609568,
            "bmw": 0.1517341353911778
        },
        "CONF3": {
            "gsolv": {
                "gsolv": 0.0039766195540096305,
                "energy_gas": -315.713276301628,
                "energy_solv": -315.709299682074
            },
            "gtot": -315.709299682074,
            "bmw": 0.15483033014406514
        }
    },
    "settings": {
        "threshold": 0.95,
        "func": "wb97x-v",
        "basis": "def2-tzvp",
        "prog": "orca",
        "sm": "smd",
        "gfnv": "gfn2",
        "run": true,
        "implicit": false,
        "template": false
    },
    "nconf_in": 4,
    "nconf_out": 4
}