{
   "temperature":     298.150000000000,
   "unit": "hartree",
   "energy":     -35.713640451345,
   "free energy":     -35.468355050237,
   "G(T)":       0.245285401109,
   "ZPVE":       0.282755873742,
   "number of imags":0,
   "point group": "c1",
   "gradient norm":       0.000038300855
}
