Charm++: standalone mode (not using charmrun)
Charm++> Running in Multicore mode: 12 threads (PEs)
Charm++> Using recursive bisection (scheme 3) for topology aware partitions
Converse/Charm++ Commit ID: 
CharmLB> Load balancer assumes all CPUs are same.
Charm++> Running on 1 hosts (2 sockets x 6 cores x 1 PUs = 12-way SMP)
Charm++> cpu topology info is gathered in 0.001 seconds.
Info: Built with CUDA version 11080
Pe 6 physical rank 6 will use CUDA device of pe 8
Did not find +devices i,j,k,... argument, using all
Pe 9 physical rank 9 will use CUDA device of pe 8
Pe 11 physical rank 11 will use CUDA device of pe 8
Pe 10 physical rank 10 will use CUDA device of pe 8
Pe 2 physical rank 2 will use CUDA device of pe 8
Pe 0 physical rank 0 will use CUDA device of pe 8
Pe 5 physical rank 5 will use CUDA device of pe 8
Pe 3 physical rank 3 will use CUDA device of pe 8
Pe 8 physical rank 8 binding to CUDA device 0 on k202: 'NVIDIA H200'  Mem: 143426MB  Rev: 9.0  PCI: 0:1d:0
Pe 4 physical rank 4 will use CUDA device of pe 8
Pe 1 physical rank 1 will use CUDA device of pe 8
Pe 7 physical rank 7 will use CUDA device of pe 8
CharmLB> Load balancing instrumentation for communication is off.
Info: NAMD 3.0.1 for Linux-x86_64-multicore-CUDA
Info: 
Info: Please visit http://www.ks.uiuc.edu/Research/namd/
Info: for updates, documentation, and support information.
Info: 
Info: Please cite Phillips et al., J. Chem. Phys. 153:044130 (2020) doi:10.1063/5.0014475
Info: in all publications reporting results obtained with NAMD.
Info: 
Info: Based on Charm++/Converse 80000 for multicore-linux-x86_64-gcc
Info: Built Mon Oct 14 10:33:44 CDT 2024 by dhardy on athine.ks.uiuc.edu
Info: 1 NAMD  3.0.1  Linux-x86_64-multicore-CUDA  12    k202  z5382435
Info: Running on 12 processors, 1 nodes, 1 physical nodes.
Info: CPU topology information available.
Info: Charm++/Converse parallel runtime startup completed at 0.297145 s
CkLoopLib is used in SMP with simple dynamic scheduling (converse-level notification)
Info: 0 MB of memory in use based on /proc/self/stat
Info: Configuration file is prod.namd
Info: Working in the current directory /srv/scratch/z5382435/.automated/4938
TCL: Running FEP window   1: Lambda1 1.00   Lambda2 0.95   [dLambda -0.050000000000000044]
TCL: Suspending until startup complete.
Warning: The following variables were set in the
Warning: configuration file but will be ignored:
Warning:    switchdist (switching)
Warning: Option "1-4scaling" has been deprecated. Instead use "oneFourScaling".
Info: EXTENDED SYSTEM FILE   mobley_6456034_equil.xsc
Info: Tuning parameters to improve GPU-resident performance
Warning: Keeping margin at user-specified value 2
Warning: Performance might be improved by increasing margin size to >= 4
Warning: Disabling lonepair support due to incompatability with GPU-resident.
Info: Running with GPU-resident mode
Warning: Always using force tables for GPU nonbonded kernel due to unsupported config parameters.
Info: SIMULATION PARAMETERS:
Info: TIMESTEP               2
Info: NUMBER OF STEPS        0
Info: STEPS PER CYCLE        10
Info: PERIODIC CELL BASIS 1  31.7197 0 0
Info: PERIODIC CELL BASIS 2  0 29.349 0
Info: PERIODIC CELL BASIS 3  0 0 32.7681
Info: PERIODIC CELL CENTER   0 0 0
Info: WRAPPING WATERS AROUND PERIODIC BOUNDARIES ON OUTPUT.
Info: WRAPPING ALL CLUSTERS AROUND PERIODIC BOUNDARIES ON OUTPUT.
Info: LOAD BALANCER  Centralized
Info: LOAD BALANCING STRATEGY  New Load Balancers -- DEFAULT
Info: LDB PERIOD             2000 steps
Info: FIRST LDB TIMESTEP     50
Info: LAST LDB TIMESTEP     -1
Info: LDB BACKGROUND SCALING 1
Info: HOM BACKGROUND SCALING 1
Info: PME BACKGROUND SCALING 1
Info: MIN ATOMS PER PATCH    40
Info: EMPTY PATCH LOAD       40 ATOMS
Info: VELOCITY FILE          mobley_6456034_equil.vel
Info: CENTER OF MASS MOVING INITIALLY? NO
Info: DIELECTRIC             1
Info: EXCLUDE                SCALED ONE-FOUR
Info: 1-4 ELECTROSTATICS SCALED BY 0.833333
Info: MODIFIED 1-4 VDW PARAMETERS WILL BE USED
Info: DCD FILENAME           mobley_6456034_prod.dcd
Info: DCD FREQUENCY          100000
Info: DCD FIRST STEP         100000
Info: DCD FILE WILL CONTAIN UNIT CELL DATA
Info: XST FILENAME           mobley_6456034_prod.xst
Info: XST FREQUENCY          100000
Info: NO VELOCITY DCD OUTPUT
Info: NO FORCE DCD OUTPUT
Info: OUTPUT FILENAME        mobley_6456034_prod
Info: BINARY OUTPUT FILES WILL BE USED
Info: RESTART FILENAME       mobley_6456034_prod.restart
Info: RESTART FREQUENCY      100000
Info: BINARY RESTART FILES WILL BE USED
Info: CUTOFF                 9
Info: PAIRLIST DISTANCE      11
Info: PAIRLIST SHRINK RATE   0.01
Info: PAIRLIST GROW RATE     0.01
Info: PAIRLIST TRIGGER       0.3
Info: PAIRLISTS PER CYCLE    2
Info: PAIRLISTS ENABLED
Info: MARGIN                 2
Info: HYDROGEN GROUP CUTOFF  2.5
Info: PATCH DIMENSION        15.5
Info: ENERGY OUTPUT STEPS    100000
Warning: The period of outputting energies relating to alchemical transformations (alchOutFreq = 50) is not a multiple of the period of computing energies (computeEnergies = 100000). If alchOutFreq is smaller than outputEnergies and computeEnergies is not defined, a better solution is to set computeEnergies explicitly and keep it the same as alchOutFreq. The simulation will use the greatest common divisor of computeEnergies and alchOutFreq as the period of energy evaluation.
Info: ENERGY EVALUATION STEPS    100000
Info: OUTPUT ENERGY PRECISION 4
Info: CROSSTERM ENERGY INCLUDED IN DIHEDRAL
Info: TIMING OUTPUT STEPS    1000000
Info: PRESSURE OUTPUT STEPS  100000
Info: ALCHEMICAL FEP ON
Info: FEP CURRENT LAMBDA VALUE     1
Info: FEP COMPARISON LAMBDA VALUE  0.95
Info: FEP INTRA-ALCHEMICAL NON-BONDED INTERACTIONS WILL BE RETAINED
Info: FEP INTRA-ALCHEMICAL BONDED INTERACTIONS WILL BE RETAINED
Info: FEP VDW SHIFTING COEFFICIENT 5
Info: FEP ELEC. ACTIVE FOR ANNIHILATED PARTICLES BETWEEN LAMBDA = 0 AND LAMBDA = 0.5
Info: FEP ELEC. ACTIVE FOR EXNIHILATED PARTICLES BETWEEN LAMBDA = 0.5 AND LAMBDA = 1
Info: FEP VDW ACTIVE FOR ANNIHILATED PARTICLES BETWEEN LAMBDA = 0 AND LAMBDA = 1
Info: FEP VDW ACTIVE FOR EXNIHILATED PARTICLES BETWEEN LAMBDA = 0 AND LAMBDA = 1
Info: FEP BOND ACTIVE FOR ANNIHILATED PARTICLES BETWEEN LAMBDA = 1 AND LAMBDA = 1
Info: FEP BOND ACTIVE FOR EXNIHILATED PARTICLES BETWEEN LAMBDA = 0 AND LAMBDA = 0
Info: LANGEVIN DYNAMICS ACTIVE
Info: LANGEVIN TEMPERATURE   300
Info: LANGEVIN USING BBK INTEGRATOR
Info: LANGEVIN DAMPING COEFFICIENT IS 1 INVERSE PS
Info: LANGEVIN DYNAMICS APPLIED TO HYDROGENS
Info: LANGEVIN PISTON PRESSURE CONTROL ACTIVE
Info:        TARGET PRESSURE IS 1.01325 BAR
Info:     OSCILLATION PERIOD IS 50 FS
Info:             DECAY TIME IS 25 FS
Info:     PISTON TEMPERATURE IS 300 K
Info:       PRESSURE CONTROL IS GROUP-BASED
Info:    INITIAL STRAIN RATE IS 0.000275821 0.000275821 0.000275821
Info:       CELL FLUCTUATION IS ISOTROPIC
Info: PARTICLE MESH EWALD (PME) ACTIVE
Info: PME TOLERANCE               1e-06
Info: PME EWALD COEFFICIENT       0.348832
Info: PME INTERPOLATION ORDER     4
Info: PME GRID DIMENSIONS         32 32 36
Info: PME MAXIMUM GRID SPACING    1
Info: PME CALCULATION WILL BE PERFORMED ON GPU
Info: FULL ELECTROSTATIC EVALUATION FREQUENCY      2
Info: USING VERLET I (r-RESPA) MTS SCHEME.
Info: C1 SPLITTING OF LONG RANGE ELECTROSTATICS
Info: PLACING ATOMS IN PATCHES BY HYDROGEN GROUPS
Info: RIGID BONDS TO HYDROGEN : ALL
Info:         ERROR TOLERANCE : 1e-08
Info:          MAX ITERATIONS : 100
Info: RIGID WATER USING SETTLE ALGORITHM
Info: RANDOM NUMBER SEED     1743948420
Info: USE HYDROGEN BONDS?    NO
Info: Using AMBER format force field!
Info: AMBER PARM FILE        mobley_6456034.prmtop
Info: COORDINATE PDB         mobley_6456034.pdb
Info: Exclusions will be read from PARM file!
Info: SCNB (VDW SCALING)     2
Info: USING ARITHMETIC MEAN TO COMBINE L-J SIGMA PARAMETERS
Info: BINARY COORDINATES     mobley_6456034_equil.coor
Info: === Start reading AMBER parm7 format file mobley_6456034.prmtop ===
Info: Complete reading ATOM_NAME with 2942 fields.
Info: Complete reading CHARGE with 2942 fields.
Info: Complete reading ATOMIC_NUMBER with 2942 fields.
Info: Complete reading MASS with 2942 fields.
Info: Complete reading ATOM_TYPE_INDEX with 2942 fields.
Info: Complete reading NUMBER_EXCLUDED_ATOMS with 2942 fields.
Info: Complete reading NONBONDED_PARM_INDEX with 64 fields.
Info: Complete reading RESIDUE_LABEL with 973 fields.
Info: Complete reading RESIDUE_POINTER with 973 fields.
Info: Complete reading BOND_FORCE_CONSTANT with 9 fields.
Info: Complete reading BOND_EQUIL_VALUE with 9 fields.
Info: Complete reading ANGLE_FORCE_CONSTANT with 13 fields.
Info: Complete reading ANGLE_EQUIL_VALUE with 13 fields.
Info: Complete reading DIHEDRAL_FORCE_CONSTANT with 17 fields.
Info: Complete reading DIHEDRAL_PERIODICITY with 17 fields.
Info: Complete reading DIHEDRAL_PHASE with 17 fields.
Info: Complete reading SCEE_SCALE_FACTOR with 17 fields.
Info: Complete reading SCNB_SCALE_FACTOR with 17 fields.
Info: Complete reading LENNARD_JONES_ACOEF with 36 fields.
Info: Complete reading LENNARD_JONES_BCOEF with 36 fields.
Info: Complete reading BONDS_INC_HYDROGEN with 8796 fields.
Info: Complete reading BONDS_WITHOUT_HYDROGEN with 27 fields.
Info: Complete reading ANGLES_INC_HYDROGEN with 140 fields.
Info: Complete reading ANGLES_WITHOUT_HYDROGEN with 44 fields.
Info: Complete reading DIHEDRALS_INC_HYDROGEN with 250 fields.
Info: Complete reading DIHEDRALS_WITHOUT_HYDROGEN with 70 fields.
Info: Complete reading EXCLUDED_ATOMS_LIST with 4019 fields.
Info: Complete reading HBOND_ACOEF with 0 fields.
Info: Complete reading HBOND_BCOEF with 0 fields.
Info: Complete reading AMBER_ATOM_TYPE with 2942 fields.
Info: Complete reading TREE_CHAIN_CLASSIFICATION with 2942 fields.
Info: Complete reading ATOMS_PER_MOLECULE with 973 fields.
Info: Complete reading BOX_DIMENSIONS with 4 fields.
Info: Complete reading RADIUS_SET with 1 fields.
Info: Complete reading RADII with 2942 fields.
Info: Complete reading SCREEN with 2942 fields.
Info: === Finish reading AMBER parm7 format file. ===
Warning: Found 972 H-H bonds.
Info: SUMMARY OF PARAMETERS:
Info: 9 BONDS
Info: 13 ANGLES
Info:   13 HARMONIC
Info:   0 COSINE-BASED
Info: 17 DIHEDRAL
Info: 0 IMPROPER
Info: 0 CROSSTERM
Info: 0 VDW
Info: 36 VDW_PAIRS
Info: 0 NBTHOLE_PAIRS
Info: Reading pdb file mobley_6456034.pdb
Info: TIME FOR READING PDB FILE: 0.0141748
Info: 
Info: To read alchdata from file: mobley_6456034.pdb
Info: To read alchflag data from column: 5
Info: ****************************
Info: STRUCTURE SUMMARY:
Info: 2942 ATOMS
Info: 2941 BONDS
Info: 46 ANGLES
Info: 64 DIHEDRALS
Info: 0 IMPROPERS
Info: 0 CROSSTERMS
Info: 3043 EXCLUSIONS
Info: 2932 RIGID BONDS
Info: ALCH: 0 ATOMS TO DISAPPEAR IN FINAL STATE
Info: ALCH: 26 ATOMS TO APPEAR IN FINAL STATE
Info: 5894 DEGREES OF FREEDOM
Info: 982 HYDROGEN GROUPS
Info: 4 ATOMS IN LARGEST HYDROGEN GROUP
Info: 982 MIGRATION GROUPS
Info: 4 ATOMS IN LARGEST MIGRATION GROUP
Info: TOTAL MASS = 17655.8 amu
Info: TOTAL CHARGE = 0.000199974 e
Info: MASS DENSITY = 0.961109 g/cm^3
Info: ATOM DENSITY = 0.0964428 atoms/A^3
Info: *****************************
Info: Reading from binary file mobley_6456034_equil.coor
Info: 
Info: Entering startup at 0.42961 s, 0 MB of memory in use
Info: Startup phase 0 took 8.5243e-05 s, 0 MB of memory in use
Info: ADDED 0 IMPLICIT EXCLUSIONS
Info: Startup phase 1 took 0.000937662 s, 0 MB of memory in use
Info: NONBONDED TABLE R-SQUARED SPACING: 0.0625
Info: NONBONDED TABLE SIZE: 705 POINTS
Info: INCONSISTENCY IN FAST TABLE ENERGY VS FORCE: 0.000290481 AT 0.251946
Info: INCONSISTENCY IN SCOR TABLE ENERGY VS FORCE: 0.000238233 AT 8.9687
Info: ABSOLUTE IMPRECISION IN VDWA TABLE ENERGY: 1.21169e-27 AT 8.99653
Info: ABSOLUTE IMPRECISION IN VDWA TABLE FORCE: 2.57484e-27 AT 8.99653
Info: INCONSISTENCY IN VDWA TABLE ENERGY VS FORCE: 0.0040507 AT 0.251946
Info: INCONSISTENCY IN VDWB TABLE ENERGY VS FORCE: 0.00150189 AT 0.251946
Info: Startup phase 2 took 0.000178508 s, 0 MB of memory in use
Info: Startup phase 3 took 5.1833e-05 s, 0 MB of memory in use
Info: Startup phase 4 took 8.6159e-05 s, 0 MB of memory in use
Info: Startup phase 5 took 5.0948e-05 s, 0 MB of memory in use
Info: PATCH GRID IS 4 (PERIODIC) BY 3 (PERIODIC) BY 2 (PERIODIC)
Info: PATCH GRID IS 2-AWAY BY 2-AWAY BY 1-AWAY
Info: Reading from binary file mobley_6456034_equil.vel
Info: REMOVING COM VELOCITY -0.177062 0.0323987 0.134456
Info: LARGEST PATCH (18) HAS 138 ATOMS
Info: TORUS A SIZE 1 USING 0
Info: TORUS B SIZE 1 USING 0
Info: TORUS C SIZE 1 USING 0
Info: TORUS MINIMAL MESH SIZE IS 1 BY 1 BY 1
Info: Placed 100% of base nodes on same physical node as patch
Info: Startup phase 6 took 0.0122104 s, 0 MB of memory in use
Info: Use 3D box decompostion in PME FFT.
Info: PME using 1 x 1 x 1 pencil grid for FFT and reciprocal sum.
Info: Startup phase 7 took 0.000193827 s, 0 MB of memory in use
Info: Updated CUDA force table with 4096 elements.
Info: Updated CUDA LJ table with 8 x 8 elements.
Info: Startup phase 8 took 0.000523878 s, 0 MB of memory in use
Info: Startup phase 9 took 7.2851e-05 s, 0 MB of memory in use
Info: Startup phase 10 took 5.5322e-05 s, 0 MB of memory in use
Info: Startup phase 11 took 0.00176421 s, 0 MB of memory in use
LDB: Central LB being created...
Info: Startup phase 12 took 0.0943865 s, 0 MB of memory in use
Info: CREATING 1176 COMPUTE OBJECTS
Info: Found 26 unique exclusion lists needing 88 bytes
Info: useSync: 0 useProxySync: 0
Info: Startup phase 13 took 0.0137069 s, 0 MB of memory in use
Info: Startup phase 14 took 7.5879e-05 s, 0 MB of memory in use
Info: Startup phase 15 took 0.00017025 s, 0 MB of memory in use
Info: Finished startup at 0.55416 s, 0 MB of memory in use

TCL: Running for 1500000 steps
FEP: RESETTING FOR NEW FEP WINDOW LAMBDA SET TO 1 LAMBDA2 0.95
FEP: WINDOW TO HAVE 100000 STEPS OF EQUILIBRATION PRIOR TO FEP DATA COLLECTION.
FEP: USING CONSTANT TEMPERATURE OF 300 K FOR FEP CALCULATION
PRESSURE: 0 -232.783 77.7081 324.322 77.7091 -359.544 72.6142 324.319 72.6148 -1210.46
GPRESSURE: 0 -353.365 5.00885 299.892 59.9767 -139.774 63.4068 64.5664 233.085 -1042.67
ETITLE:      TS           BOND          ANGLE          DIHED          IMPRP               ELECT            VDW       BOUNDARY           MISC        KINETIC               TOTAL           TEMP      POTENTIAL       TOTALAVG        TEMPAVG            PRESSURE      GPRESSURE         VOLUME       PRESSAVG      GPRESSAVG
FEPTITLE:    TS          BOND2         ELECT2           VDW2

ENERGY:       0         5.7250        17.1182         3.2622         0.0000         -10611.2011      1384.8514         0.0000         0.0000      1738.2325          -7462.0119       296.8165     -9200.2443     -7462.0119       296.8165           -600.9283      -511.9359     30505.1250      -600.9283      -511.9359
FEP:          0        26.1053    -10609.6375      1384.4242

OPENING FEP ENERGY OUTPUT FILE
OPENING EXTENDED SYSTEM TRAJECTORY FILE
Info: Initial time: 12 CPUs 0.000666084 s/step 259.427 ns/day 0 MB memory
Info: Initial time: 12 CPUs 0.000304608 s/step 567.286 ns/day 0 MB memory
Info: Initial time: 12 CPUs 0.000305465 s/step 565.695 ns/day 0 MB memory
Info: Benchmark time: 12 CPUs 0.00030325 s/step 569.826 ns/day 0 MB memory
Info: Benchmark time: 12 CPUs 0.000305205 s/step 566.178 ns/day 0 MB memory
Info: Benchmark time: 12 CPUs 0.000307119 s/step 562.648 ns/day 0 MB memory
Info: Benchmark time: 12 CPUs 0.00030555 s/step 565.537 ns/day 0 MB memory
Info: Benchmark time: 12 CPUs 0.0003159 s/step 547.009 ns/day 0 MB memory
Info: Benchmark time: 12 CPUs 0.000345465 s/step 500.195 ns/day 0 MB memory
PRESSURE: 100000 -584.476 671.558 -23.9772 671.559 -211.169 -273.436 -23.9756 -273.436 -108.303
GPRESSURE: 100000 -339.554 1014.73 -132.915 308.923 -359.057 -104.16 -109.636 -544.413 -268.989
PRESSAVG: 100000 -408.63 374.634 150.172 374.634 -285.357 -100.411 150.172 -100.411 -659.38
GPRESSAVG: 100000 -346.459 509.871 83.4888 184.45 -249.416 -20.3766 -22.535 -155.664 -655.829
ENERGY:  100000         1.4027        10.8592         2.3040         0.0000         -10660.2886      1449.1508         0.0000         0.0000      1799.5725          -7396.9994       307.2908     -9196.5719     -7429.5057       302.0537           -301.3160      -322.5335     31180.5096      -451.1221      -417.2347
FEP:     100000        14.5659    -10658.9963      1449.8178

WRITING EXTENDED SYSTEM TO RESTART FILE AT STEP 100000
OPENING COORDINATE DCD FILE
WRITING COORDINATES TO DCD FILE mobley_6456034_prod.dcd AT STEP 100000
WRITING COORDINATES TO RESTART FILE AT STEP 100000
FINISHED WRITING RESTART COORDINATES
The last position output (seq=100000) takes 0.019 seconds, 0.000 MB of memory in use
WRITING VELOCITIES TO RESTART FILE AT STEP 100000
FINISHED WRITING RESTART VELOCITIES
The last velocity output (seq=100000) takes 0.011 seconds, 0.000 MB of memory in use
PRESSURE: 200000 837.559 352.284 -343.236 352.285 -286.494 41.2184 -343.237 41.2201 -30.1518
GPRESSURE: 200000 850.51 317.492 -187.747 391.221 -261.442 213.47 -417.313 -69.0089 217.79
PRESSAVG: 200000 6.76635 367.184 -14.2978 367.184 -285.736 -53.2005 -14.2978 -53.2005 -449.637
GPRESSAVG: 200000 52.5306 445.745 -6.92316 253.374 -253.425 57.5723 -154.128 -126.779 -364.623
ENERGY:  200000         5.4010        11.2837         4.8746         0.0000         -10681.3874      1466.8365         0.0000         0.0000      1731.1921          -7461.7995       295.6144     -9192.9916     -7440.2703       299.9072            173.6377       268.9528     30262.7511      -242.8688      -188.5055
FEP:     200000        21.5593    -10679.8272      1467.0160

WRITING EXTENDED SYSTEM TO RESTART FILE AT STEP 200000
WRITING COORDINATES TO DCD FILE mobley_6456034_prod.dcd AT STEP 200000
WRITING COORDINATES TO RESTART FILE AT STEP 200000
FINISHED WRITING RESTART COORDINATES
The last position output (seq=200000) takes 0.019 seconds, 0.000 MB of memory in use
WRITING VELOCITIES TO RESTART FILE AT STEP 200000
FINISHED WRITING RESTART VELOCITIES
The last velocity output (seq=200000) takes 0.017 seconds, 0.000 MB of memory in use
PRESSURE: 300000 -540.139 228.626 -18.1975 228.625 740.178 -51.7598 -18.1976 -51.7583 -190.159
GPRESSURE: 300000 -495.733 359.266 -93.9262 370.905 676.798 12.6587 -199.086 -216.447 -246.424
PRESSAVG: 300000 -129.96 332.545 -15.2727 332.545 -29.2574 -52.84 -15.2727 -52.84 -384.768
GPRESSAVG: 300000 -84.5352 424.125 -28.6739 282.757 -20.869 46.3439 -165.367 -149.196 -335.073
ENERGY:  300000         4.0028        11.6426         2.2365         0.0000         -10496.8885      1376.8965         0.0000         0.0000      1710.1140          -7391.9961       292.0151     -9102.1101     -7428.2017       297.9342              3.2933       -21.7863     30009.2026      -181.3283      -146.8257
FEP:     300000        17.8819    -10495.3683      1376.1297

WRITING EXTENDED SYSTEM TO RESTART FILE AT STEP 300000
WRITING COORDINATES TO DCD FILE mobley_6456034_prod.dcd AT STEP 300000
WRITING COORDINATES TO RESTART FILE AT STEP 300000
FINISHED WRITING RESTART COORDINATES
The last position output (seq=300000) takes 0.022 seconds, 0.000 MB of memory in use
WRITING VELOCITIES TO RESTART FILE AT STEP 300000
FINISHED WRITING RESTART VELOCITIES
The last velocity output (seq=300000) takes 0.021 seconds, 0.000 MB of memory in use
PRESSURE: 400000 -119.977 -433.016 -379.5 -433.016 -536.819 -12.9949 -379.503 -12.997 -288.277
GPRESSURE: 400000 -174.878 -327.251 -282.923 -724.863 -415.534 191.672 -212.844 -152.798 -264.908
PRESSAVG: 400000 -127.963 179.432 -88.1188 179.432 -130.77 -44.8714 -88.1188 -44.8714 -365.469
GPRESSAVG: 400000 -102.604 273.85 -79.5237 81.2325 -99.8019 75.4095 -174.863 -149.916 -321.04
ENERGY:  400000         1.8375        11.1434         5.6232         0.0000         -10645.4688      1395.9789         0.0000         0.0000      1778.6106          -7452.2751       303.7114     -9230.8858     -7433.0164       299.0897           -315.0242      -285.1068     30315.7065      -208.0675      -174.4820
FEP:     400000        18.6041    -10644.2849      1395.8810

WRITING EXTENDED SYSTEM TO RESTART FILE AT STEP 400000
WRITING COORDINATES TO DCD FILE mobley_6456034_prod.dcd AT STEP 400000
WRITING COORDINATES TO RESTART FILE AT STEP 400000
FINISHED WRITING RESTART COORDINATES
The last position output (seq=400000) takes 0.020 seconds, 0.000 MB of memory in use
WRITING VELOCITIES TO RESTART FILE AT STEP 400000
FINISHED WRITING RESTART VELOCITIES
The last velocity output (seq=400000) takes 0.019 seconds, 0.000 MB of memory in use
PRESSURE: 500000 846.998 -615.606 193.004 -615.606 -632.93 29.8388 193.003 29.8352 -217.421
GPRESSURE: 500000 782.399 -396.255 -126.49 -725.479 -796.526 -176.399 104.237 56.117 56.5229
PRESSAVG: 500000 34.5302 46.9261 -41.2652 46.9261 -214.463 -32.4203 -41.2652 -32.4203 -340.795
GPRESSAVG: 500000 44.8967 162.166 -87.3514 -53.2194 -215.923 33.4414 -128.346 -115.578 -258.113
ENERGY:  500000         2.1281        12.3555         6.6438         0.0000         -10731.9502      1434.5164         0.0000         0.0000      1802.1625          -7474.1439       307.7331     -9276.3064     -7439.8710       300.5302             -1.1175        14.1319     29943.3198      -173.5758      -143.0463
FEP:     500000        21.1275    -10730.8614      1434.8849

WRITING EXTENDED SYSTEM TO RESTART FILE AT STEP 500000
WRITING COORDINATES TO DCD FILE mobley_6456034_prod.dcd AT STEP 500000
WRITING COORDINATES TO RESTART FILE AT STEP 500000
FINISHED WRITING RESTART COORDINATES
The last position output (seq=500000) takes 0.025 seconds, 0.000 MB of memory in use
WRITING VELOCITIES TO RESTART FILE AT STEP 500000
FINISHED WRITING RESTART VELOCITIES
The last velocity output (seq=500000) takes 0.025 seconds, 0.000 MB of memory in use
PRESSURE: 600000 -982.885 -77.9867 9.35206 -77.9851 258.28 617.344 9.35363 617.345 216.224
GPRESSURE: 600000 -759.765 -275.828 58.2073 56.3593 356.489 450.705 73.2503 483.614 86.7799
PRESSAVG: 600000 -110.815 29.0816 -34.0339 29.0816 -146.928 60.4033 -34.0339 60.4033 -261.221
GPRESSAVG: 600000 -70.0549 99.5954 -66.5573 -37.5653 -134.15 93.0505 -99.5466 -29.9787 -208.843
ENERGY:  600000         3.0316        13.2185         4.6948         0.0000         -10586.2922      1413.2821         0.0000         0.0000      1729.5361          -7422.5290       295.3316     -9152.0651     -7437.3936       299.7876           -169.4602      -105.4985     30641.4191      -172.9879      -137.6823
FEP:     600000        20.9449    -10584.7950      1412.4978

WRITING EXTENDED SYSTEM TO RESTART FILE AT STEP 600000
WRITING COORDINATES TO DCD FILE mobley_6456034_prod.dcd AT STEP 600000
WRITING COORDINATES TO RESTART FILE AT STEP 600000
FINISHED WRITING RESTART COORDINATES
The last position output (seq=600000) takes 0.021 seconds, 0.000 MB of memory in use
WRITING VELOCITIES TO RESTART FILE AT STEP 600000
FINISHED WRITING RESTART VELOCITIES
PRESSURE: 700000 770.864 355.216 -248.862 355.216 819.346 134.558 -248.861 134.558 36.972
GPRESSURE: 700000 1035 158.243 271.502 422.906 800.745 389.089 -263.987 -143.718 84.7052
PRESSAVG: 700000 -0.604917 69.8483 -60.8873 69.8483 -26.144 69.6726 -60.8873 69.6726 -223.946
GPRESSAVG: 700000 68.0764 106.926 -24.2998 19.9936 -17.2877 130.055 -120.102 -44.1961 -172.149
ENERGY:  700000         2.9222        12.4501         2.5839         0.0000         -10751.9293      1515.5010         0.0000         0.0000      1793.6828          -7424.7894       306.2851     -9218.4722     -7435.8180       300.5998            542.3941       640.1486     30290.3576       -83.5651       -40.4535
FEP:     700000        17.9562    -10750.1991      1514.7597

WRITING EXTENDED SYSTEM TO RESTART FILE AT STEP 700000
WRITING COORDINATES TO DCD FILE mobley_6456034_prod.dcd AT STEP 700000
WRITING COORDINATES TO RESTART FILE AT STEP 700000
FINISHED WRITING RESTART COORDINATES
The last position output (seq=700000) takes 0.020 seconds, 0.000 MB of memory in use
WRITING VELOCITIES TO RESTART FILE AT STEP 700000
FINISHED WRITING RESTART VELOCITIES
PRESSURE: 800000 645.447 -612.868 -31.6718 -612.868 1276.45 -130.405 -31.6709 -130.407 1244.82
GPRESSURE: 800000 703.171 -732.94 -163.76 -588.352 1199.78 -155.796 -103.415 -414.054 1397.64
PRESSAVG: 800000 71.1786 -6.00899 -57.6411 -6.00899 118.589 47.4416 -57.6411 47.4416 -60.7496
GPRESSAVG: 800000 138.642 13.6079 -39.7954 -47.6003 117.942 98.2941 -118.248 -85.2915 2.27207
ENERGY:  800000         0.8727        11.3888         3.2389         0.0000         -10836.3399      1556.1110         0.0000         0.0000      1735.5948          -7529.1337       296.3661     -9264.7285     -7446.1865       300.1294           1055.5749      1100.1977     30063.9643        43.0060        86.2855
FEP:     800000        15.5004    -10835.3659      1556.0313

WRITING EXTENDED SYSTEM TO RESTART FILE AT STEP 800000
WRITING COORDINATES TO DCD FILE mobley_6456034_prod.dcd AT STEP 800000
WRITING COORDINATES TO RESTART FILE AT STEP 800000
FINISHED WRITING RESTART COORDINATES
The last position output (seq=800000) takes 0.026 seconds, 0.000 MB of memory in use
WRITING VELOCITIES TO RESTART FILE AT STEP 800000
FINISHED WRITING RESTART VELOCITIES
PRESSURE: 900000 226.106 -50.161 127.484 -50.1626 505.498 -28.915 127.486 -28.914 49.874
GPRESSURE: 900000 246.737 -138.233 132.224 -331.922 639.098 -220.106 -75.7728 278.489 193.333
PRESSAVG: 900000 86.6714 -10.4244 -39.1284 -10.4244 157.28 39.806 -39.1284 39.806 -49.6873
GPRESSAVG: 900000 149.452 -1.57618 -22.5934 -76.0325 170.058 66.454 -114 -48.9134 21.3781
ENERGY:  900000         2.6592        10.0715         4.4841         0.0000         -10654.6406      1458.8840         0.0000         0.0000      1757.4056          -7421.1362       300.0905     -9178.5418     -7443.6814       300.1255            260.4928       359.7224     30259.9919        64.7547       113.6292
FEP:     900000        17.2148    -10653.1427      1458.7763

WRITING EXTENDED SYSTEM TO RESTART FILE AT STEP 900000
WRITING COORDINATES TO DCD FILE mobley_6456034_prod.dcd AT STEP 900000
WRITING COORDINATES TO RESTART FILE AT STEP 900000
FINISHED WRITING RESTART COORDINATES
The last position output (seq=900000) takes 0.022 seconds, 0.000 MB of memory in use
WRITING VELOCITIES TO RESTART FILE AT STEP 900000
FINISHED WRITING RESTART VELOCITIES
PRESSURE: 1000000 1372.61 331.421 -656.015 331.42 885.932 -162.545 -656.011 -162.547 -241.789
GPRESSURE: 1000000 1382.84 373.517 -880.058 30.9 1128.63 -212.916 -379.86 -187.78 -211.153
PRESSAVG: 1000000 203.575 20.6524 -95.2086 20.6524 223.521 21.4103 -95.2086 21.4103 -67.1511
GPRESSAVG: 1000000 261.578 32.5232 -100.545 -66.3113 257.2 41.0568 -138.169 -61.5376 0.238969
TIMING: 1000000  CPU: 311.324, 0.000310951/step  Wall: 312.011, 0.000311986/step, 553.871 ns/days, 0.0433314 hours remaining, 0.000000 MB of memory in use.
PERFORMANCE: 1000000  averaging 553.871 ns/day, 0.000311986 sec/step with standard deviation 0
ETITLE:      TS           BOND          ANGLE          DIHED          IMPRP               ELECT            VDW       BOUNDARY           MISC        KINETIC               TOTAL           TEMP      POTENTIAL       TOTALAVG        TEMPAVG            PRESSURE      GPRESSURE         VOLUME       PRESSAVG      GPRESSAVG
FEPTITLE:    TS          BOND2         ELECT2           VDW2

ENERGY: 1000000         4.1396         9.5909         4.8996         0.0000         -10716.8521      1516.3630         0.0000         0.0000      1739.2034          -7442.6557       296.9823     -9181.8591     -7443.5882       299.8397            672.2516       766.7731     30224.3018       119.9817       173.0059
FEP:    1000000        18.6301    -10715.4637      1516.2046

WRITING EXTENDED SYSTEM TO RESTART FILE AT STEP 1000000
WRITING COORDINATES TO DCD FILE mobley_6456034_prod.dcd AT STEP 1000000
WRITING COORDINATES TO RESTART FILE AT STEP 1000000
FINISHED WRITING RESTART COORDINATES
The last position output (seq=1000000) takes 0.022 seconds, 0.000 MB of memory in use
WRITING VELOCITIES TO RESTART FILE AT STEP 1000000
FINISHED WRITING RESTART VELOCITIES
PRESSURE: 1100000 398.486 439.446 159.866 439.446 -179.402 500.598 159.866 500.598 -203.838
GPRESSURE: 1100000 573.504 705.163 -293.916 41.1253 -510.123 331.461 388.417 423.03 -31.1655
PRESSAVG: 1100000 219.818 55.5519 -73.9524 55.5519 189.944 61.3426 -73.9524 61.3426 -78.5417
GPRESSAVG: 1100000 287.572 88.5765 -116.659 -57.3583 193.257 65.2571 -94.287 -21.157 -2.37807
ENERGY: 1100000         4.3249         7.0138         4.0679         0.0000         -10571.0946      1411.1213         0.0000         0.0000      1831.7665          -7312.8002       312.7882     -9144.5667     -7432.6892       300.9188              5.0818        10.7385     30519.4079       110.4067       159.4837
FEP:    1100000        15.4066    -10570.0144      1411.4265

WRITING EXTENDED SYSTEM TO RESTART FILE AT STEP 1100000
WRITING COORDINATES TO DCD FILE mobley_6456034_prod.dcd AT STEP 1100000
WRITING COORDINATES TO RESTART FILE AT STEP 1100000
FINISHED WRITING RESTART COORDINATES
WRITING VELOCITIES TO RESTART FILE AT STEP 1100000
FINISHED WRITING RESTART VELOCITIES
PRESSURE: 1200000 -157.735 151.715 21.7369 151.717 283.969 -498.239 21.7354 -498.241 -1001.28
GPRESSURE: 1200000 -179.901 -197.467 304.503 -64.7413 462.455 -619.11 134.311 -182.386 -964.318
PRESSAVG: 1200000 190.775 62.9492 -66.5918 62.9492 197.177 18.2977 -66.5918 18.2977 -149.522
GPRESSAVG: 1200000 251.613 66.5732 -84.2619 -57.9262 213.964 12.6135 -76.7026 -33.5592 -76.3734
ENERGY: 1200000         0.8781        11.3459         5.4047         0.0000         -10539.8688      1370.6400         0.0000         0.0000      1779.4276          -7372.1724       303.8509     -9151.6001     -7428.0340       301.1443           -291.6815      -227.2548     30443.7485        79.4768       129.7345
FEP:    1200000        17.6288    -10538.9471      1370.7775

WRITING EXTENDED SYSTEM TO RESTART FILE AT STEP 1200000
WRITING COORDINATES TO DCD FILE mobley_6456034_prod.dcd AT STEP 1200000
WRITING COORDINATES TO RESTART FILE AT STEP 1200000
FINISHED WRITING RESTART COORDINATES
WRITING VELOCITIES TO RESTART FILE AT STEP 1200000
FINISHED WRITING RESTART VELOCITIES
PRESSURE: 1300000 -966.002 -72.1052 -392.95 -72.1058 -780.9 71.2979 -392.948 71.2969 -679.552
GPRESSURE: 1300000 -829.853 -197.741 -226.928 98.9585 -721.668 -458.925 -646.222 106.643 -595.286
PRESSAVG: 1300000 108.148 53.3024 -89.903 53.3024 127.314 22.0833 -89.903 22.0833 -187.381
GPRESSAVG: 1300000 174.365 47.6936 -94.4524 -46.7201 147.134 -21.0678 -117.383 -23.5447 -113.439
ENERGY: 1300000         2.5020         7.8680         2.8013         0.0000         -10534.0458      1304.7303         0.0000         0.0000      1774.7827          -7441.3616       303.0578     -9216.1443     -7428.9860       301.2810           -808.8180      -715.6023     29881.1824        16.0272        69.3533
FEP:    1300000        13.1713    -10532.3124      1304.0249

WRITING EXTENDED SYSTEM TO RESTART FILE AT STEP 1300000
WRITING COORDINATES TO DCD FILE mobley_6456034_prod.dcd AT STEP 1300000
WRITING COORDINATES TO RESTART FILE AT STEP 1300000
FINISHED WRITING RESTART COORDINATES
WRITING VELOCITIES TO RESTART FILE AT STEP 1300000
FINISHED WRITING RESTART VELOCITIES
PRESSURE: 1400000 -903.151 312.604 92.6738 312.603 -950.063 210.404 92.6739 210.406 299.146
GPRESSURE: 1400000 -690.505 425.604 118.822 182.827 -1082.78 129.197 207.604 327.316 315.848
PRESSAVG: 1400000 40.7283 70.5891 -77.7312 70.5891 55.489 34.6382 -77.7312 34.6382 -154.946
GPRESSAVG: 1400000 116.707 72.8876 -80.234 -31.417 65.1395 -11.0502 -95.7168 -0.154001 -84.8195
ENERGY: 1400000         1.0809        12.1029         6.1403         0.0000         -10607.7996      1369.7140         0.0000         0.0000      1741.4296          -7477.3319       297.3625     -9218.7614     -7432.2091       301.0198           -518.0223      -485.8114     30258.1483       -19.5761        32.3424
FEP:    1400000        19.3242    -10606.6522      1369.3787

WRITING EXTENDED SYSTEM TO RESTART FILE AT STEP 1400000
WRITING COORDINATES TO DCD FILE mobley_6456034_prod.dcd AT STEP 1400000
WRITING COORDINATES TO RESTART FILE AT STEP 1400000
FINISHED WRITING RESTART COORDINATES
WRITING VELOCITIES TO RESTART FILE AT STEP 1400000
FINISHED WRITING RESTART VELOCITIES
PRESSURE: 1500000 -823.479 -117.427 -111.516 -117.427 111.411 175.564 -111.515 175.562 441.579
GPRESSURE: 1500000 -737.967 -184.556 -241.24 132.96 291.76 -180.789 9.39843 289.127 524.994
PRESSAVG: 1500000 -13.2846 58.8381 -79.8426 58.8381 58.9841 43.4459 -79.8426 43.4459 -117.663
GPRESSAVG: 1500000 63.29 56.7974 -90.2969 -21.1434 79.3032 -21.6589 -89.1471 17.9261 -46.7062
ENERGY: 1500000         3.6739        13.8877         2.4653         0.0000         -10655.6880      1414.0702         0.0000         0.0000      1760.3322          -7461.2588       300.5902     -9221.5909     -7434.0247       300.9929            -90.1628        26.2622     29733.1565       -23.9878        31.9623
FEP:    1500000        20.0269    -10653.5215      1413.1178

WRITING EXTENDED SYSTEM TO RESTART FILE AT STEP 1500000
WRITING COORDINATES TO DCD FILE mobley_6456034_prod.dcd AT STEP 1500000
WRITING COORDINATES TO RESTART FILE AT STEP 1500000
FINISHED WRITING RESTART COORDINATES
WRITING VELOCITIES TO RESTART FILE AT STEP 1500000
FINISHED WRITING RESTART VELOCITIES
TCL: Running FEP window   2: Lambda1 0.95   Lambda2 0.8999999999999999 [dLambda -0.050000000000000044]
TCL: Setting parameter firsttimestep to 0
TCL: Setting parameter alchLambda to 0.95
Info: NONBONDED TABLE R-SQUARED SPACING: 0.0625
Info: NONBONDED TABLE SIZE: 705 POINTS
Info: INCONSISTENCY IN FAST TABLE ENERGY VS FORCE: 0.000290481 AT 0.251946
Info: INCONSISTENCY IN SCOR TABLE ENERGY VS FORCE: 0.000238233 AT 8.9687
Info: ABSOLUTE IMPRECISION IN VDWA TABLE ENERGY: 1.21169e-27 AT 8.99653
Info: ABSOLUTE IMPRECISION IN VDWA TABLE FORCE: 2.57484e-27 AT 8.99653
Info: INCONSISTENCY IN VDWA TABLE ENERGY VS FORCE: 0.0040507 AT 0.251946
Info: INCONSISTENCY IN VDWB TABLE ENERGY VS FORCE: 0.00150189 AT 0.251946
TCL: Setting parameter alchLambda2 to 0.8999999999999999
Info: NONBONDED TABLE R-SQUARED SPACING: 0.0625
Info: NONBONDED TABLE SIZE: 705 POINTS
Info: INCONSISTENCY IN FAST TABLE ENERGY VS FORCE: 0.000290481 AT 0.251946
Info: INCONSISTENCY IN SCOR TABLE ENERGY VS FORCE: 0.000238233 AT 8.9687
Info: ABSOLUTE IMPRECISION IN VDWA TABLE ENERGY: 1.21169e-27 AT 8.99653
Info: ABSOLUTE IMPRECISION IN VDWA TABLE FORCE: 2.57484e-27 AT 8.99653
Info: INCONSISTENCY IN VDWA TABLE ENERGY VS FORCE: 0.0040507 AT 0.251946
Info: INCONSISTENCY IN VDWB TABLE ENERGY VS FORCE: 0.00150189 AT 0.251946
TCL: Running for 1500000 steps
FEP: RESETTING FOR NEW FEP WINDOW LAMBDA SET TO 0.95 LAMBDA2 0.9
FEP: WINDOW TO HAVE 100000 STEPS OF EQUILIBRATION PRIOR TO FEP DATA COLLECTION.
FEP: USING CONSTANT TEMPERATURE OF 300 K FOR FEP CALCULATION
PRESSURE: 0 -789.747 -144.795 -58.3864 -144.794 109.402 144.399 -58.388 144.396 411.815
GPRESSURE: 0 -761.281 -189.951 -222.347 125.692 267.161 -171.536 28.234 296.514 492.93
ETITLE:      TS           BOND          ANGLE          DIHED          IMPRP               ELECT            VDW       BOUNDARY           MISC        KINETIC               TOTAL           TEMP      POTENTIAL       TOTALAVG        TEMPAVG            PRESSURE      GPRESSURE         VOLUME       PRESSAVG      GPRESSAVG
FEPTITLE:    TS          BOND2         ELECT2           VDW2

ENERGY:       0         3.6739        13.8877         2.4653         0.0000         -10653.5209      1413.1177         0.0000         0.0000      1759.4468          -7460.9296       300.4391     -9220.3763     -7460.9296       300.4391            -89.5099        -0.3968     29733.1565       -89.5099        -0.3968
FEP:          0        20.0269    -10651.3544      1412.7902

PRESSURE: 100000 26.0389 368.318 -443.13 368.319 30.0839 -56.8205 -443.128 -56.8209 401.755
GPRESSURE: 100000 106.331 462.652 -507.993 255.416 -273.185 146.664 -616.59 62.0528 499.945
PRESSAVG: 100000 -54.2368 64.7186 -98.8333 64.7186 60.1795 43.4839 -98.8333 43.4839 -59.3909
GPRESSAVG: 100000 19.8716 65.6367 -120.838 2.3785 70.1571 -20.6341 -111.928 35.8547 13.6431
ENERGY:  100000         4.4569        10.0363         2.2488         0.0000         -10583.8198      1428.6942         0.0000         0.0000      1774.9668          -7363.4167       303.0892     -9138.3836     -7412.1731       301.7641            152.6258       111.0303     30327.9026        31.5579        55.3168
FEP:     100000        16.7421    -10582.5135      1428.9724

WRITING EXTENDED SYSTEM TO RESTART FILE AT STEP 100000
WRITING COORDINATES TO DCD FILE mobley_6456034_prod.dcd AT STEP 100000
WRITING COORDINATES TO RESTART FILE AT STEP 100000
FINISHED WRITING RESTART COORDINATES
WRITING VELOCITIES TO RESTART FILE AT STEP 100000
FINISHED WRITING RESTART VELOCITIES
PRESSURE: 200000 1012.81 -451.708 0.445776 -451.711 760.396 634.443 0.44634 634.443 1122.21
GPRESSURE: 200000 1099.12 -550.033 -15.5168 -375.942 773.029 709.232 111.149 327.24 1107.1
PRESSAVG: 200000 1.92346 37.5381 -93.608 37.5381 97.033 74.587 -93.608 74.587 2.79889
GPRESSAVG: 200000 76.6744 33.233 -115.295 -17.5331 107.15 17.7799 -100.187 51.1907 71.1936
ENERGY:  200000         2.2501        10.6024         3.4917         0.0000         -10798.7526      1561.8368         0.0000         0.0000      1756.3214          -7464.2502       299.9054     -9220.5717     -7429.5322       301.1445            965.1395       993.0856     30148.1298       342.7518       367.9064
FEP:     200000        16.3442    -10797.4870      1562.4820

WRITING EXTENDED SYSTEM TO RESTART FILE AT STEP 200000
WRITING COORDINATES TO DCD FILE mobley_6456034_prod.dcd AT STEP 200000
WRITING COORDINATES TO RESTART FILE AT STEP 200000
FINISHED WRITING RESTART COORDINATES
WRITING VELOCITIES TO RESTART FILE AT STEP 200000
FINISHED WRITING RESTART VELOCITIES
PRESSURE: 300000 88.1676 155.837 -74.9328 155.837 -692.366 -71.9188 -74.9334 -71.918 -703.39
GPRESSURE: 300000 56.1006 118.501 -93.5846 -32.6375 -417.44 -263.946 -250.34 -112.294 -976.279
PRESSAVG: 300000 6.23567 43.453 -92.6743 43.453 57.5631 67.2617 -92.6743 67.2617 -32.5105
GPRESSAVG: 300000 75.6457 37.4964 -114.21 -18.2883 80.9209 3.69363 -107.695 43.0165 18.82
ENERGY:  300000         2.6745        11.5800         3.7982         0.0000         -10318.0755      1284.6967         0.0000         0.0000      1733.2529          -7282.0731       295.9662     -9015.3259     -7392.6674       299.8500           -435.8629      -445.8728     30415.2633       148.0981       164.4616
FEP:     300000        18.0528    -10316.6730      1284.4173

WRITING EXTENDED SYSTEM TO RESTART FILE AT STEP 300000
WRITING COORDINATES TO DCD FILE mobley_6456034_prod.dcd AT STEP 300000
WRITING COORDINATES TO RESTART FILE AT STEP 300000
FINISHED WRITING RESTART COORDINATES
WRITING VELOCITIES TO RESTART FILE AT STEP 300000
FINISHED WRITING RESTART VELOCITIES
PRESSURE: 400000 -10.7185 -177.276 251.587 -177.276 -1164.71 -349.745 251.586 -349.748 -970.2
GPRESSURE: 400000 -235.547 -230.387 24.9714 -279.754 -996.98 -429.627 164.314 -398.984 -626.952
PRESSAVG: 400000 17.3389 30.7038 -96.311 30.7038 17.3046 46.1436 -96.311 46.1436 -20.4977
GPRESSAVG: 400000 81.5366 25.7266 -127.956 -35.2749 38.0606 -20.958 -102.708 11.4131 39.6058
ENERGY:  400000         2.0267         6.4232         5.0993         0.0000         -10536.4722      1367.1459         0.0000         0.0000      1781.2054          -7374.5717       304.1545     -9155.7771     -7389.0483       300.7109           -715.2103      -619.8265     30727.8136       -24.5636         7.6040
FEP:     400000        13.5492    -10534.7199      1367.1142

WRITING EXTENDED SYSTEM TO RESTART FILE AT STEP 400000
WRITING COORDINATES TO DCD FILE mobley_6456034_prod.dcd AT STEP 400000
WRITING COORDINATES TO RESTART FILE AT STEP 400000
FINISHED WRITING RESTART COORDINATES
WRITING VELOCITIES TO RESTART FILE AT STEP 400000
FINISHED WRITING RESTART VELOCITIES
PRESSURE: 500000 -292.897 -25.8308 -155.526 -25.8289 -484.237 157.704 -155.525 157.706 393.492
GPRESSURE: 500000 -272.197 44.468 358.269 -128.611 -567.062 2.58184 -517.712 205.067 547.862
PRESSAVG: 500000 31.9179 -4.1656 -102.888 -4.1656 3.65124 67.7007 -102.888 67.7007 4.59203
GPRESSAVG: 500000 84.9045 -22.7867 -103.396 -57.1515 27.6603 -15.6209 -123.111 48.8871 80.4484
ENERGY:  500000         3.9111         8.4959         3.5429         0.0000         -10517.8424      1376.1939         0.0000         0.0000      1722.7750          -7402.9237       294.1771     -9125.6987     -7391.3608       299.6219           -127.8806       -97.1323     30553.9469       -41.7831        -9.8521
FEP:     500000        15.9499    -10516.3124      1375.4239

WRITING EXTENDED SYSTEM TO RESTART FILE AT STEP 500000
WRITING COORDINATES TO DCD FILE mobley_6456034_prod.dcd AT STEP 500000
WRITING COORDINATES TO RESTART FILE AT STEP 500000
FINISHED WRITING RESTART COORDINATES
WRITING VELOCITIES TO RESTART FILE AT STEP 500000
FINISHED WRITING RESTART VELOCITIES
PRESSURE: 600000 743.231 -479.276 -58.6472 -479.277 810.065 -580.617 -58.6426 -580.615 238.902
GPRESSURE: 600000 741.879 -480.279 -142.74 -556.361 823.996 -655.211 -167.948 -226.287 360.881
PRESSAVG: 600000 27.2015 -45.7437 -88.6587 -45.7437 58.4792 36.609 -88.6587 36.609 18.0447
GPRESSAVG: 600000 79.4729 -62.6753 -101.146 -104.531 81.9322 -59.055 -110.643 41.0232 87.6029
ENERGY:  600000         3.1096        11.3626         7.5176         0.0000         -10751.2605      1506.4080         0.0000         0.0000      1774.0894          -7448.7734       302.9394     -9222.8627     -7399.5626       300.0958            597.3995       642.2522     30161.2663        49.5287        83.3057
FEP:     600000        21.9898    -10749.9814      1505.9571

WRITING EXTENDED SYSTEM TO RESTART FILE AT STEP 600000
WRITING COORDINATES TO DCD FILE mobley_6456034_prod.dcd AT STEP 600000
WRITING COORDINATES TO RESTART FILE AT STEP 600000
FINISHED WRITING RESTART COORDINATES
WRITING VELOCITIES TO RESTART FILE AT STEP 600000
FINISHED WRITING RESTART VELOCITIES
PRESSURE: 700000 691.413 -326.283 268.087 -326.282 -234.231 -58.2599 268.086 -58.2606 -303.788
GPRESSURE: 700000 457.756 -463.394 250.074 -208.152 -181.951 284.044 524.831 -588.868 -106.115
PRESSAVG: 700000 88.7791 -73.4891 -74.3445 -73.4891 9.75876 36.2838 -74.3445 36.2838 12.3632
GPRESSAVG: 700000 127.147 -103.808 -83.9461 -133.484 38.9948 -45.4857 -74.4473 22.4021 94.6184
ENERGY:  700000         2.8629        15.6678         6.4157         0.0000         -10685.0123      1452.5239         0.0000         0.0000      1754.7049          -7452.8372       299.6293     -9207.5421     -7406.2219       300.0375             51.1311        56.5636     30438.8577        49.7290        79.9629
FEP:     700000        24.9464    -10683.9361      1452.6799

WRITING EXTENDED SYSTEM TO RESTART FILE AT STEP 700000
WRITING COORDINATES TO DCD FILE mobley_6456034_prod.dcd AT STEP 700000
WRITING COORDINATES TO RESTART FILE AT STEP 700000
FINISHED WRITING RESTART COORDINATES
WRITING VELOCITIES TO RESTART FILE AT STEP 700000
FINISHED WRITING RESTART VELOCITIES
PRESSURE: 800000 -655.647 -135.378 -477.204 -135.375 543.304 -96.5565 -477.205 -96.5581 -224.321
GPRESSURE: 800000 -544.136 -278.427 -520.998 -167.666 514.169 -326.005 -247.493 -119.212 -284.62
PRESSAVG: 800000 61.9956 -58.607 -79.2296 -58.607 63.7649 32.1058 -79.2296 32.1058 15.561
GPRESSAVG: 800000 108.685 -101.367 -95.8498 -105.624 85.4799 -71.3696 -76.1798 24.0814 93.6328
ENERGY:  800000         1.6341        10.3163         3.1534         0.0000         -10683.3921      1421.1283         0.0000         0.0000      1776.3405          -7470.8196       303.3238     -9247.1601     -7413.3995       300.4027           -112.2216      -104.8623     30082.4371        31.7345        59.4268
FEP:     800000        15.1038    -10682.1968      1421.2349

WRITING EXTENDED SYSTEM TO RESTART FILE AT STEP 800000
WRITING COORDINATES TO DCD FILE mobley_6456034_prod.dcd AT STEP 800000
WRITING COORDINATES TO RESTART FILE AT STEP 800000
FINISHED WRITING RESTART COORDINATES
WRITING VELOCITIES TO RESTART FILE AT STEP 800000
FINISHED WRITING RESTART VELOCITIES
PRESSURE: 900000 180.677 -64.8546 31.1923 -64.8554 258.166 192.624 31.19 192.622 617.397
GPRESSURE: 900000 302.27 -210.5 162.801 -29.0488 267.541 -125.991 -89.2965 67.4001 616.871
PRESSAVG: 900000 28.6795 -31.0695 -87.3203 -31.0695 108.32 40.2451 -87.3203 40.2451 57.3019
GPRESSAVG: 900000 84.678 -92.0793 -81.3853 -70.8021 138.683 -68.8492 -85.8565 24.6456 121.65
ENERGY:  900000         3.0145        10.8128         4.0810         0.0000         -10608.5644      1441.8114         0.0000         0.0000      1799.7845          -7349.0601       307.3270     -9148.8447     -7406.9655       301.0951            352.0798       395.5608     30350.3240        63.7690        93.0402
FEP:     900000        17.9083    -10607.3799      1442.1393

WRITING EXTENDED SYSTEM TO RESTART FILE AT STEP 900000
WRITING COORDINATES TO DCD FILE mobley_6456034_prod.dcd AT STEP 900000
WRITING COORDINATES TO RESTART FILE AT STEP 900000
FINISHED WRITING RESTART COORDINATES
WRITING VELOCITIES TO RESTART FILE AT STEP 900000
FINISHED WRITING RESTART VELOCITIES
PRESSURE: 1000000 173.099 449.668 533.638 449.669 829.924 238.571 533.639 238.571 996.123
GPRESSURE: 1000000 244.303 615.087 239.023 338.331 715.69 156.093 637.296 523.009 1238.32
PRESSAVG: 1000000 86.4787 -4.68678 -61.106 -4.68678 136.902 21.3064 -61.106 21.3064 96.2969
GPRESSAVG: 1000000 134.881 -47.5336 -72.3445 -56.7036 156.643 -83.5797 -57.6542 26.6153 179.227
TIMING: 1000000  CPU: 778.06, 0.000311128/step  Wall: 780.396, 0.000312224/step, 553.45 ns/days, 0.0433644 hours remaining, 0.000000 MB of memory in use.
PERFORMANCE: 1000000  averaging 553.66 ns/day, 0.000312105 sec/step with standard deviation 1.67928e-07
ETITLE:      TS           BOND          ANGLE          DIHED          IMPRP               ELECT            VDW       BOUNDARY           MISC        KINETIC               TOTAL           TEMP      POTENTIAL       TOTALAVG        TEMPAVG            PRESSURE      GPRESSURE         VOLUME       PRESSAVG      GPRESSAVG
FEPTITLE:    TS          BOND2         ELECT2           VDW2

ENERGY: 1000000         2.3919        10.7715         5.0647         0.0000         -10747.9412      1521.6625         0.0000         0.0000      1759.7263          -7448.3243       300.4868     -9208.0506     -7410.7254       301.0398            666.3818       732.7715     29858.8665       118.5520       151.1976
FEP:    1000000        18.2280    -10747.0194      1521.5701

WRITING EXTENDED SYSTEM TO RESTART FILE AT STEP 1000000
WRITING COORDINATES TO DCD FILE mobley_6456034_prod.dcd AT STEP 1000000
WRITING COORDINATES TO RESTART FILE AT STEP 1000000
FINISHED WRITING RESTART COORDINATES
WRITING VELOCITIES TO RESTART FILE AT STEP 1000000
FINISHED WRITING RESTART VELOCITIES
PRESSURE: 1100000 472.569 -299.721 298.344 -299.719 -112.273 410.115 298.342 410.114 529.038
GPRESSURE: 1100000 662.476 -8.07782 216.558 117.157 65.1901 187.514 497 403.208 569.54
PRESSAVG: 1100000 71.5639 -37.4335 -33.7459 -37.4335 90.3209 35.0842 -33.7459 35.0842 120.9
GPRESSAVG: 1100000 116.255 -55.8496 -75.0917 -71.991 119.866 -93.6585 -19.6048 53.9616 203.469
ENERGY: 1100000         4.8784        10.5638         4.1258         0.0000         -10560.2536      1425.9571         0.0000         0.0000      1728.9643          -7385.7642       295.2339     -9114.7285     -7408.6453       300.5560            296.4443       432.4020     30036.2595       133.3764       174.6313
FEP:    1100000        19.5681    -10558.8394      1425.6528

WRITING EXTENDED SYSTEM TO RESTART FILE AT STEP 1100000
WRITING COORDINATES TO DCD FILE mobley_6456034_prod.dcd AT STEP 1100000
WRITING COORDINATES TO RESTART FILE AT STEP 1100000
FINISHED WRITING RESTART COORDINATES
WRITING VELOCITIES TO RESTART FILE AT STEP 1100000
FINISHED WRITING RESTART VELOCITIES
PRESSURE: 1200000 533.754 320.804 522.648 320.802 305.716 -15.7454 522.649 -15.7447 270.497
GPRESSURE: 1200000 457.161 162.703 816.146 582.845 426.541 221.345 134.409 -280.514 338.844
PRESSAVG: 1200000 65.9792 9.24999 -6.02989 9.24999 41.784 40.8173 -6.02989 40.8173 72.1838
GPRESSAVG: 1200000 103.955 -11.0675 -26.0964 -13.4312 81.2036 -74.8014 -7.71354 60.6386 150.529
ENERGY: 1200000         7.0830        14.1606         4.3501         0.0000         -10668.0332      1475.9237         0.0000         0.0000      1729.4933          -7437.0225       295.3243     -9166.5157     -7410.8282       300.1535            369.9889       407.5152     30254.8458       151.5773       192.5454
FEP:    1200000        25.5937    -10667.1192      1475.8111

WRITING EXTENDED SYSTEM TO RESTART FILE AT STEP 1200000
WRITING COORDINATES TO DCD FILE mobley_6456034_prod.dcd AT STEP 1200000
WRITING COORDINATES TO RESTART FILE AT STEP 1200000
FINISHED WRITING RESTART COORDINATES
WRITING VELOCITIES TO RESTART FILE AT STEP 1200000
FINISHED WRITING RESTART VELOCITIES
PRESSURE: 1300000 -197.811 97.6044 -225.238 97.604 -476.502 98.564 -225.239 98.5639 1030.92
GPRESSURE: 1300000 -281.865 -344.822 31.9106 412.388 -364.09 117.882 -302.868 -61.248 1204.56
PRESSAVG: 1300000 44.7834 16.6383 -23.6661 16.6383 -7.31597 47.1912 -23.6661 47.1912 121.236
GPRESSAVG: 1300000 77.5248 -21.3969 -31.1121 23.7843 31.0442 -57.902 -19.0683 43.6518 201.091
ENERGY: 1300000         3.7106        12.3719         5.9108         0.0000         -10604.5824      1414.8647         0.0000         0.0000      1787.7511          -7379.9734       305.2722     -9167.7244     -7408.6243       300.5192            118.8682       186.2027     30258.0031       149.2410       192.0924
FEP:    1300000        21.9933    -10603.1629      1413.1983

WRITING EXTENDED SYSTEM TO RESTART FILE AT STEP 1300000
WRITING COORDINATES TO DCD FILE mobley_6456034_prod.dcd AT STEP 1300000
WRITING COORDINATES TO RESTART FILE AT STEP 1300000
FINISHED WRITING RESTART COORDINATES
WRITING VELOCITIES TO RESTART FILE AT STEP 1300000
FINISHED WRITING RESTART VELOCITIES
PRESSURE: 1400000 294.507 354.621 460.534 354.622 39.9105 -169.238 460.536 -169.24 1109.17
GPRESSURE: 1400000 512.916 492.136 568.064 598.558 51.4311 -285.618 432.664 111.176 1072.99
PRESSAVG: 1400000 -9.1219 17.7984 32.1612 17.7984 -49.617 46.8566 32.1612 46.8566 188.784
GPRESSAVG: 1400000 34.0285 -15.466 41.294 52.1672 -22.8156 -61.5371 21.5579 58.5996 265.298
ENERGY: 1400000         2.6509        13.9419         5.7742         0.0000         -10708.8680      1505.0498         0.0000         0.0000      1754.8599          -7426.5913       299.6558     -9181.4512     -7409.8221       300.4616            481.1957       545.7774     30676.0903       171.3713       215.6714
FEP:    1400000        22.3671    -10707.7610      1505.1567

WRITING EXTENDED SYSTEM TO RESTART FILE AT STEP 1400000
WRITING COORDINATES TO DCD FILE mobley_6456034_prod.dcd AT STEP 1400000
WRITING COORDINATES TO RESTART FILE AT STEP 1400000
FINISHED WRITING RESTART COORDINATES
WRITING VELOCITIES TO RESTART FILE AT STEP 1400000
FINISHED WRITING RESTART VELOCITIES
PRESSURE: 1500000 134.677 -26.3251 -43.6385 -26.3233 170.445 147.127 -43.6405 147.128 -146.806
GPRESSURE: 1500000 141.427 478.065 -200.7 -411.355 186.522 232.285 -204.342 -60.9885 -144.82
PRESSAVG: 1500000 -22.3124 -5.49005 21.9859 -5.49005 -32.1247 29.1831 21.9859 29.1831 191.636
GPRESSAVG: 1500000 12.4246 -26.8209 45.9548 29.5432 12.0166 -66.4959 -8.08007 34.3987 259.615
ENERGY: 1500000         2.0092         8.3811         3.6990         0.0000         -10661.1620      1433.4718         0.0000         0.0000      1749.8507          -7463.7502       298.8005     -9213.6009     -7413.1926       300.3578             52.7720        61.0426     30097.4927       163.9588       206.0071
FEP:    1500000        14.0893    -10659.8281      1433.6289

WRITING EXTENDED SYSTEM TO RESTART FILE AT STEP 1500000
WRITING COORDINATES TO DCD FILE mobley_6456034_prod.dcd AT STEP 1500000
WRITING COORDINATES TO RESTART FILE AT STEP 1500000
FINISHED WRITING RESTART COORDINATES
WRITING VELOCITIES TO RESTART FILE AT STEP 1500000
FINISHED WRITING RESTART VELOCITIES
TCL: Running FEP window   3: Lambda1 0.8999999999999999 Lambda2 0.8499999999999999 [dLambda -0.050000000000000044]
TCL: Setting parameter firsttimestep to 0
TCL: Setting parameter alchLambda to 0.8999999999999999
Info: NONBONDED TABLE R-SQUARED SPACING: 0.0625
Info: NONBONDED TABLE SIZE: 705 POINTS
Info: INCONSISTENCY IN FAST TABLE ENERGY VS FORCE: 0.000290481 AT 0.251946
Info: INCONSISTENCY IN SCOR TABLE ENERGY VS FORCE: 0.000238233 AT 8.9687
Info: ABSOLUTE IMPRECISION IN VDWA TABLE ENERGY: 1.21169e-27 AT 8.99653
Info: ABSOLUTE IMPRECISION IN VDWA TABLE FORCE: 2.57484e-27 AT 8.99653
Info: INCONSISTENCY IN VDWA TABLE ENERGY VS FORCE: 0.0040507 AT 0.251946
Info: INCONSISTENCY IN VDWB TABLE ENERGY VS FORCE: 0.00150189 AT 0.251946
TCL: Setting parameter alchLambda2 to 0.8499999999999999
Info: NONBONDED TABLE R-SQUARED SPACING: 0.0625
Info: NONBONDED TABLE SIZE: 705 POINTS
Info: INCONSISTENCY IN FAST TABLE ENERGY VS FORCE: 0.000290481 AT 0.251946
Info: INCONSISTENCY IN SCOR TABLE ENERGY VS FORCE: 0.000238233 AT 8.9687
Info: ABSOLUTE IMPRECISION IN VDWA TABLE ENERGY: 1.21169e-27 AT 8.99653
Info: ABSOLUTE IMPRECISION IN VDWA TABLE FORCE: 2.57484e-27 AT 8.99653
Info: INCONSISTENCY IN VDWA TABLE ENERGY VS FORCE: 0.0040507 AT 0.251946
Info: INCONSISTENCY IN VDWB TABLE ENERGY VS FORCE: 0.00150189 AT 0.251946
TCL: Running for 1500000 steps
FEP: RESETTING FOR NEW FEP WINDOW LAMBDA SET TO 0.9 LAMBDA2 0.85
FEP: WINDOW TO HAVE 100000 STEPS OF EQUILIBRATION PRIOR TO FEP DATA COLLECTION.
FEP: USING CONSTANT TEMPERATURE OF 300 K FOR FEP CALCULATION
PRESSURE: 0 46.6333 -32.9336 -67.7869 -32.9335 105.045 191.017 -67.7887 191.018 -256.075
GPRESSURE: 0 125.352 490.988 -207.139 -398.956 178.6 231.239 -210.456 -62.9239 -149.846
ETITLE:      TS           BOND          ANGLE          DIHED          IMPRP               ELECT            VDW       BOUNDARY           MISC        KINETIC               TOTAL           TEMP      POTENTIAL       TOTALAVG        TEMPAVG            PRESSURE      GPRESSURE         VOLUME       PRESSAVG      GPRESSAVG
FEPTITLE:    TS          BOND2         ELECT2           VDW2

ENERGY:       0         2.0092         8.3811         3.6990         0.0000         -10659.8286      1433.6284         0.0000         0.0000      1748.9554          -7463.1554       298.6476     -9212.1109     -7463.1554       298.6476            -34.7992        51.3687     30097.4927       -34.7992        51.3687
FEP:          0        14.0893    -10658.4948      1434.0625

PRESSURE: 100000 -519.875 198.226 -32.6204 198.227 -742.234 33.7731 -32.62 33.7716 98.6735
GPRESSURE: 100000 -453.714 -125.977 339.676 17.9948 -864.583 -100.312 -207.736 -109.854 175.522
PRESSAVG: 100000 10.2124 -1.20596 35.5261 -1.20596 -39.1376 61.7698 35.5261 61.7698 267.807
GPRESSAVG: 100000 46.4942 11.1901 48.7029 8.78427 -9.32194 -6.04785 -3.3941 29.5469 338.879
ENERGY:  100000         2.9508        11.4161         4.2451         0.0000         -10465.7020      1361.7796         0.0000         0.0000      1763.5150          -7321.7953       301.1337     -9085.3103     -7392.4754       299.8907           -387.8119      -380.9250     30521.7179      -211.3055      -164.7781
FEP:     100000        18.6120    -10464.5947      1361.8111

WRITING EXTENDED SYSTEM TO RESTART FILE AT STEP 100000
WRITING COORDINATES TO DCD FILE mobley_6456034_prod.dcd AT STEP 100000
WRITING COORDINATES TO RESTART FILE AT STEP 100000
FINISHED WRITING RESTART COORDINATES
WRITING VELOCITIES TO RESTART FILE AT STEP 100000
FINISHED WRITING RESTART VELOCITIES
PRESSURE: 200000 -297.86 -243.43 -173.055 -243.431 -96.6782 -274.964 -173.057 -274.963 -197.723
GPRESSURE: 200000 6.42589 -91.861 -21.3415 -409.524 -123.179 -268.828 -395.578 69.1353 -171.462
PRESSAVG: 200000 40.4769 -29.0077 22.2396 -29.0077 3.53158 37.5013 22.2396 37.5013 242.964
GPRESSAVG: 200000 81.3408 -14.6832 41.6947 -20.8333 38.658 -25.9491 -33.5532 16.6378 314.513
ENERGY:  200000         1.6498         8.1289         4.5922         0.0000         -10540.2094      1396.7974         0.0000         0.0000      1780.4440          -7348.5970       304.0245     -9129.0410     -7377.8493       301.2686           -197.4206       -96.0719     30686.7123      -206.6772      -141.8761
FEP:     200000        14.3709    -10538.4934      1396.0621

WRITING EXTENDED SYSTEM TO RESTART FILE AT STEP 200000
WRITING COORDINATES TO DCD FILE mobley_6456034_prod.dcd AT STEP 200000
WRITING COORDINATES TO RESTART FILE AT STEP 200000
FINISHED WRITING RESTART COORDINATES
WRITING VELOCITIES TO RESTART FILE AT STEP 200000
FINISHED WRITING RESTART VELOCITIES
PRESSURE: 300000 -1387.8 111.125 -473.543 111.126 -666.933 294.543 -473.541 294.54 -71.5893
GPRESSURE: 300000 -1481.77 -57.366 -55.0103 -182.398 -332.533 428.6 -813.344 145.36 -69.5517
PRESSAVG: 300000 12.261 -17.58 4.13824 -17.58 -35.3856 43.4503 4.13824 43.4503 217.305
GPRESSAVG: 300000 44.1508 -8.32371 51.0062 -36.6012 7.44331 4.52033 -74.6904 9.44947 284.786
ENERGY:  300000         2.7917        12.3235         6.5786         0.0000         -10570.3213      1359.6781         0.0000         0.0000      1735.6559          -7453.2935       296.3766     -9188.9494     -7396.7103       300.0456           -708.7734      -627.9508     30481.1871      -332.2013      -263.3947
FEP:     300000        21.6938    -10569.0658      1358.8381

WRITING EXTENDED SYSTEM TO RESTART FILE AT STEP 300000
WRITING COORDINATES TO DCD FILE mobley_6456034_prod.dcd AT STEP 300000
WRITING COORDINATES TO RESTART FILE AT STEP 300000
FINISHED WRITING RESTART COORDINATES
WRITING VELOCITIES TO RESTART FILE AT STEP 300000
FINISHED WRITING RESTART VELOCITIES
PRESSURE: 400000 -748.426 -34.307 0.358125 -34.3081 -3.85959 -342.246 0.356804 -342.245 -646.896
GPRESSURE: 400000 -612.4 97.3292 -300.509 -313.399 -43.2625 -451.007 62.0812 -19.2344 -449.04
PRESSAVG: 400000 14.327 -12.0557 7.07548 -12.0557 -41.0487 19.1182 7.07548 19.1182 164.37
GPRESSAVG: 400000 51.5948 6.04031 47.0981 -58.5557 -8.07786 -9.45323 -72.998 -6.33793 237.688
ENERGY:  400000         1.5782        19.8987         5.7656         0.0000         -10533.2286      1387.1877         0.0000         0.0000      1765.1144          -7353.6839       301.4069     -9118.7983     -7388.1050       300.3178           -466.3939      -368.2342     30867.7732      -359.0398      -284.3626
FEP:     400000        27.2426    -10531.8441      1386.7915

WRITING EXTENDED SYSTEM TO RESTART FILE AT STEP 400000
WRITING COORDINATES TO DCD FILE mobley_6456034_prod.dcd AT STEP 400000
WRITING COORDINATES TO RESTART FILE AT STEP 400000
FINISHED WRITING RESTART COORDINATES
WRITING VELOCITIES TO RESTART FILE AT STEP 400000
FINISHED WRITING RESTART VELOCITIES
PRESSURE: 500000 -177.957 -707.723 -337.374 -707.724 317.483 -557.392 -337.374 -557.392 69.0094
GPRESSURE: 500000 -37.0203 -568.969 -556.113 -568.873 224.647 -279.448 45.5241 -1023.09 201.229
PRESSAVG: 500000 4.12721 -65.8579 12.3632 -65.8579 -26.6787 -5.91034 12.3632 -5.91034 147.732
GPRESSAVG: 500000 44.4272 -45.5408 44.6921 -99.7702 16.8137 -30.7588 -39.8923 -60.5952 222.752
ENERGY:  500000         3.8857        11.0508         3.9407         0.0000         -10655.4239      1451.3460         0.0000         0.0000      1737.2837          -7447.9172       296.6545     -9185.2008     -7398.0737       299.7073             69.5116       129.6185     30227.5309      -287.6145      -215.3658
FEP:     500000        18.8771    -10654.9118      1451.2753

WRITING EXTENDED SYSTEM TO RESTART FILE AT STEP 500000
WRITING COORDINATES TO DCD FILE mobley_6456034_prod.dcd AT STEP 500000
WRITING COORDINATES TO RESTART FILE AT STEP 500000
FINISHED WRITING RESTART COORDINATES
WRITING VELOCITIES TO RESTART FILE AT STEP 500000
FINISHED WRITING RESTART VELOCITIES
PRESSURE: 600000 617.227 184.317 -6.19354 184.319 483.514 -23.533 -6.19425 -23.5343 327.844
GPRESSURE: 600000 737.056 236.853 -144.091 159.561 650.448 7.29491 313.824 -259.659 232.176
PRESSAVG: 600000 -15.6518 -34.0564 12.0312 -34.0564 -40.5228 -38.8092 12.0312 -38.8092 108.014
GPRESSAVG: 600000 26.3238 -6.19644 38.2634 -72.995 10.6847 -65.8557 -29.7585 -89.9401 179.005
ENERGY:  600000         2.9517        10.5818         5.4464         0.0000         -10758.5035      1528.4815         0.0000         0.0000      1741.9190          -7469.1231       297.4461     -9211.0422     -7408.2236       299.3843            476.1950       539.8934     30535.3200      -178.4989      -107.4716
FEP:     600000        18.9799    -10757.0965      1528.3614

WRITING EXTENDED SYSTEM TO RESTART FILE AT STEP 600000
WRITING COORDINATES TO DCD FILE mobley_6456034_prod.dcd AT STEP 600000
WRITING COORDINATES TO RESTART FILE AT STEP 600000
FINISHED WRITING RESTART COORDINATES
WRITING VELOCITIES TO RESTART FILE AT STEP 600000
FINISHED WRITING RESTART VELOCITIES
PRESSURE: 700000 247.839 49.6184 292.305 49.6168 -582.845 -8.23744 292.305 -8.24162 -908.355
GPRESSURE: 700000 241.047 -82.6304 201.567 210.109 -321.919 37.1257 668.315 31.0923 -835.646
PRESSAVG: 700000 -7.66824 -39.3674 30.3931 -39.3674 -35.0468 -35.6254 30.3931 -35.6254 97.7654
GPRESSAVG: 700000 35.5712 -16.253 53.021 -60.8577 15.4607 -50.8021 16.1742 -82.7708 186.037
ENERGY:  700000         3.4257        10.0513         5.0189         0.0000         -10615.5938      1410.0839         0.0000         0.0000      1750.3365          -7436.6774       298.8834     -9187.0140     -7411.7804       299.3217           -414.4535      -305.5060     30557.2613      -207.9932      -132.2259
FEP:     700000        18.4959    -10613.9691      1410.6392

WRITING EXTENDED SYSTEM TO RESTART FILE AT STEP 700000
WRITING COORDINATES TO DCD FILE mobley_6456034_prod.dcd AT STEP 700000
WRITING COORDINATES TO RESTART FILE AT STEP 700000
FINISHED WRITING RESTART COORDINATES
WRITING VELOCITIES TO RESTART FILE AT STEP 700000
FINISHED WRITING RESTART VELOCITIES
PRESSURE: 800000 -133.748 -52.1313 304.628 -52.1305 61.0274 75.6501 304.629 75.6517 -841.235
GPRESSURE: 800000 -50.4629 291.804 405.956 -195.179 13.4878 -125.046 274.993 128.642 -758.91
PRESSAVG: 800000 -13.8197 -33.1102 33.0453 -33.1102 26.2402 -14.3554 33.0453 -14.3554 104.214
GPRESSAVG: 800000 44.8253 9.85653 72.0702 -56.6289 65.9841 -35.5731 21.7082 -56.3896 179.439
ENERGY:  800000         2.7395        15.4172         4.7576         0.0000         -10578.5032      1420.3702         0.0000         0.0000      1786.2678          -7348.9510       305.0189     -9135.2188     -7404.7993       299.9547           -304.6518      -265.2952     30867.5880      -218.7331      -147.0114
FEP:     800000        22.9142    -10576.9357      1420.9574

WRITING EXTENDED SYSTEM TO RESTART FILE AT STEP 800000
WRITING COORDINATES TO DCD FILE mobley_6456034_prod.dcd AT STEP 800000
WRITING COORDINATES TO RESTART FILE AT STEP 800000
FINISHED WRITING RESTART COORDINATES
WRITING VELOCITIES TO RESTART FILE AT STEP 800000
FINISHED WRITING RESTART VELOCITIES
PRESSURE: 900000 566.788 495.241 406.771 495.241 -649.711 255.748 406.767 255.749 340.108
GPRESSURE: 900000 388.365 467.658 271.5 398.32 -350.952 238.56 508.625 153.579 433.236
PRESSAVG: 900000 29.1645 -7.05667 61.1598 -7.05667 17.9666 -9.45323 61.1598 -9.45323 101.544
GPRESSAVG: 900000 77.8534 31.016 67.7318 -30.2824 76.7896 -23.7741 73.0251 -58.9639 173.708
ENERGY:  900000         5.3211        12.4973         5.6381         0.0000         -10595.3605      1458.2296         0.0000         0.0000      1782.6447          -7331.0297       304.4003     -9113.6744     -7397.4224       300.3992             85.7284       156.8829     30867.8055      -188.2869      -116.6219
FEP:     900000        23.4565    -10594.1538      1458.5005

WRITING EXTENDED SYSTEM TO RESTART FILE AT STEP 900000
WRITING COORDINATES TO DCD FILE mobley_6456034_prod.dcd AT STEP 900000
WRITING COORDINATES TO RESTART FILE AT STEP 900000
FINISHED WRITING RESTART COORDINATES
WRITING VELOCITIES TO RESTART FILE AT STEP 900000
FINISHED WRITING RESTART VELOCITIES
PRESSURE: 1000000 801.76 171.929 235.211 171.927 535.557 100.876 235.212 100.876 766.585
GPRESSURE: 1000000 973.107 52.4975 156.023 369.334 496.868 5.64864 270.712 119.895 773.591
PRESSAVG: 1000000 32.091 25.5035 75.8526 25.5035 4.24111 24.6213 75.8526 24.6213 127.929
GPRESSAVG: 1000000 89.4149 57.6548 82.6699 16.0023 60.4332 9.26883 94.9581 -41.6548 194.343
TIMING: 1000000  CPU: 1242.03, 0.000308427/step  Wall: 1248.88, 0.000312394/step, 553.148 ns/days, 0.043388 hours remaining, 0.000000 MB of memory in use.
PERFORMANCE: 1000000  averaging 553.489 ns/day, 0.000312201 sec/step with standard deviation 2.04728e-07
ETITLE:      TS           BOND          ANGLE          DIHED          IMPRP               ELECT            VDW       BOUNDARY           MISC        KINETIC               TOTAL           TEMP      POTENTIAL       TOTALAVG        TEMPAVG            PRESSURE      GPRESSURE         VOLUME       PRESSAVG      GPRESSAVG
FEPTITLE:    TS          BOND2         ELECT2           VDW2

ENERGY: 1000000         2.6112        13.0135         2.8302         0.0000         -10662.7418      1483.1956         0.0000         0.0000      1778.3516          -7382.7398       303.6672     -9161.0914     -7396.0876       300.6963            701.3007       747.8556     29855.4652      -107.4153       -38.0331
FEP:    1000000        18.4548    -10661.6666      1483.4269

WRITING EXTENDED SYSTEM TO RESTART FILE AT STEP 1000000
WRITING COORDINATES TO DCD FILE mobley_6456034_prod.dcd AT STEP 1000000
WRITING COORDINATES TO RESTART FILE AT STEP 1000000
FINISHED WRITING RESTART COORDINATES
WRITING VELOCITIES TO RESTART FILE AT STEP 1000000
FINISHED WRITING RESTART VELOCITIES
PRESSURE: 1100000 1611.84 159.278 -193.954 159.282 1924.87 -164.398 -193.953 -164.398 1386.91
GPRESSURE: 1100000 1587.71 462.111 -261.523 86.2985 2016.66 -170.542 -244.651 -211.881 1511.88
PRESSAVG: 1100000 78.1121 49.7817 52.7506 49.7817 112.196 19.3145 52.7506 19.3145 212.464
GPRESSAVG: 1100000 145.913 103.93 57.09 30.7249 170.364 -13.4604 56.484 -22.8055 275.243
ENERGY: 1100000         0.8328        14.0021         3.9981         0.0000         -10806.1340      1600.2390         0.0000         0.0000      1709.2334          -7477.8285       291.8647     -9187.0620     -7402.8993       299.9604           1641.2051      1705.4184     29932.5359        38.3030       107.2545
FEP:    1100000        18.8330    -10804.6379      1598.9490

WRITING EXTENDED SYSTEM TO RESTART FILE AT STEP 1100000
WRITING COORDINATES TO DCD FILE mobley_6456034_prod.dcd AT STEP 1100000
WRITING COORDINATES TO RESTART FILE AT STEP 1100000
FINISHED WRITING RESTART COORDINATES
WRITING VELOCITIES TO RESTART FILE AT STEP 1100000
FINISHED WRITING RESTART VELOCITIES
PRESSURE: 1200000 142.139 -270.1 122.235 -270.099 -51.5067 112.886 122.236 112.887 638.487
GPRESSURE: 1200000 122.804 -319.102 124.376 -268.502 20.8349 235.804 109.06 -50.0909 691.056
PRESSAVG: 1200000 118.001 43.0455 82.7227 43.0455 82.4555 29.7867 82.7227 29.7867 255.604
GPRESSAVG: 1200000 179.26 101.896 89.3587 25.6831 145.697 14.63 74.3116 -19.3494 324.027
ENERGY: 1200000         2.7316        15.8394         3.5680         0.0000         -10614.6021      1453.7830         0.0000         0.0000      1793.9092          -7344.7709       306.3238     -9138.6802     -7398.4279       300.4499            243.0398       278.2315     30507.7881        54.0520       120.4066
FEP:    1200000        22.1390    -10613.7652      1453.9747

WRITING EXTENDED SYSTEM TO RESTART FILE AT STEP 1200000
WRITING COORDINATES TO DCD FILE mobley_6456034_prod.dcd AT STEP 1200000
WRITING COORDINATES TO RESTART FILE AT STEP 1200000
FINISHED WRITING RESTART COORDINATES
WRITING VELOCITIES TO RESTART FILE AT STEP 1200000
FINISHED WRITING RESTART VELOCITIES
PRESSURE: 1300000 -492.975 510.851 -82.7639 510.851 -950.854 676.424 -82.7644 676.426 -998.769
GPRESSURE: 1300000 -649.954 420.365 -271.493 395.803 -531.489 812.378 -20.9424 664.765 -920.771
PRESSAVG: 1300000 84.3188 71.8308 77.0249 71.8308 22.0045 53.9769 77.0249 53.9769 174.796
GPRESSAVG: 1300000 131.648 133.44 67.644 46.9257 105.746 61.5484 77.7293 10.5188 247.145
ENERGY: 1300000         2.2442        13.3820         2.6879         0.0000         -10528.0432      1327.9908         0.0000         0.0000      1744.6064          -7437.1318       297.9050     -9181.7383     -7401.1925       300.2681           -814.1994      -700.7380     30297.8147        -7.9659        61.7534
FEP:    1300000        18.3141    -10525.9736      1325.8509

WRITING EXTENDED SYSTEM TO RESTART FILE AT STEP 1300000
WRITING COORDINATES TO DCD FILE mobley_6456034_prod.dcd AT STEP 1300000
WRITING COORDINATES TO RESTART FILE AT STEP 1300000
FINISHED WRITING RESTART COORDINATES
WRITING VELOCITIES TO RESTART FILE AT STEP 1300000
FINISHED WRITING RESTART VELOCITIES
PRESSURE: 1400000 559.562 -79.9919 172.898 -79.9936 457.037 119.628 172.899 119.628 147.188
GPRESSURE: 1400000 416.369 146.548 -209.879 -250.228 616.146 347.901 132.797 -116.842 234.052
PRESSAVG: 1400000 103.642 45.3477 58.9879 45.3477 3.36018 48.0298 58.9879 48.0298 132.349
GPRESSAVG: 1400000 140.252 110.013 45.1989 17.4977 100.768 71.1388 52.5044 -21.4738 196.931
ENERGY: 1400000         4.5893        10.9265         3.3935         0.0000         -10673.6586      1491.7316         0.0000         0.0000      1751.8345          -7411.1832       299.1392     -9163.0177     -7401.8585       300.1928            387.9292       422.1888     30181.2907        18.4271        85.7825
FEP:    1400000        18.9093    -10672.1961      1491.8000

WRITING EXTENDED SYSTEM TO RESTART FILE AT STEP 1400000
WRITING COORDINATES TO DCD FILE mobley_6456034_prod.dcd AT STEP 1400000
WRITING COORDINATES TO RESTART FILE AT STEP 1400000
FINISHED WRITING RESTART COORDINATES
WRITING VELOCITIES TO RESTART FILE AT STEP 1400000
FINISHED WRITING RESTART VELOCITIES
PRESSURE: 1500000 -6.91049 -124.565 150.225 -124.568 362.176 -59.9609 150.226 -59.9557 -885.677
GPRESSURE: 1500000 -188.602 -303.814 462.06 -206.294 487.767 -5.48939 68.464 -158.717 -708.097
PRESSAVG: 1500000 79.6681 54.1052 51.5821 54.1052 27.0827 24.5263 51.5821 24.5263 61.6134
GPRESSAVG: 1500000 97.6978 95.2258 57.474 1.32512 121.897 61.4886 31.0775 -49.57 133.049
ENERGY: 1500000         2.0378        14.1401         4.2827         0.0000         -10630.3265      1415.9751         0.0000         0.0000      1745.6716          -7448.2192       298.0868     -9193.8908     -7404.7561       300.0612           -176.8037      -136.3107     30679.8782         6.2251        71.9016
FEP:    1500000        20.4606    -10629.2289      1416.4521

WRITING EXTENDED SYSTEM TO RESTART FILE AT STEP 1500000
WRITING COORDINATES TO DCD FILE mobley_6456034_prod.dcd AT STEP 1500000
WRITING COORDINATES TO RESTART FILE AT STEP 1500000
FINISHED WRITING RESTART COORDINATES
WRITING VELOCITIES TO RESTART FILE AT STEP 1500000
FINISHED WRITING RESTART VELOCITIES
TCL: Running FEP window   4: Lambda1 0.8499999999999999 Lambda2 0.7999999999999998 [dLambda -0.050000000000000044]
TCL: Setting parameter firsttimestep to 0
TCL: Setting parameter alchLambda to 0.8499999999999999
Info: NONBONDED TABLE R-SQUARED SPACING: 0.0625
Info: NONBONDED TABLE SIZE: 705 POINTS
Info: INCONSISTENCY IN FAST TABLE ENERGY VS FORCE: 0.000290481 AT 0.251946
Info: INCONSISTENCY IN SCOR TABLE ENERGY VS FORCE: 0.000238233 AT 8.9687
Info: ABSOLUTE IMPRECISION IN VDWA TABLE ENERGY: 1.21169e-27 AT 8.99653
Info: ABSOLUTE IMPRECISION IN VDWA TABLE FORCE: 2.57484e-27 AT 8.99653
Info: INCONSISTENCY IN VDWA TABLE ENERGY VS FORCE: 0.0040507 AT 0.251946
Info: INCONSISTENCY IN VDWB TABLE ENERGY VS FORCE: 0.00150189 AT 0.251946
TCL: Setting parameter alchLambda2 to 0.7999999999999998
Info: NONBONDED TABLE R-SQUARED SPACING: 0.0625
Info: NONBONDED TABLE SIZE: 705 POINTS
Info: INCONSISTENCY IN FAST TABLE ENERGY VS FORCE: 0.000290481 AT 0.251946
Info: INCONSISTENCY IN SCOR TABLE ENERGY VS FORCE: 0.000238233 AT 8.9687
Info: ABSOLUTE IMPRECISION IN VDWA TABLE ENERGY: 1.21169e-27 AT 8.99653
Info: ABSOLUTE IMPRECISION IN VDWA TABLE FORCE: 2.57484e-27 AT 8.99653
Info: INCONSISTENCY IN VDWA TABLE ENERGY VS FORCE: 0.0040507 AT 0.251946
Info: INCONSISTENCY IN VDWB TABLE ENERGY VS FORCE: 0.00150189 AT 0.251946
TCL: Running for 1500000 steps
FEP: RESETTING FOR NEW FEP WINDOW LAMBDA SET TO 0.85 LAMBDA2 0.8
FEP: WINDOW TO HAVE 100000 STEPS OF EQUILIBRATION PRIOR TO FEP DATA COLLECTION.
FEP: USING CONSTANT TEMPERATURE OF 300 K FOR FEP CALCULATION
PRESSURE: 0 -65.4157 -129.796 168.586 -129.796 305.983 -80.9293 168.587 -80.9263 -914.478
GPRESSURE: 0 -191.728 -304.149 466.814 -205.021 478.071 -7.52653 70.4922 -158.259 -708.841
ETITLE:      TS           BOND          ANGLE          DIHED          IMPRP               ELECT            VDW       BOUNDARY           MISC        KINETIC               TOTAL           TEMP      POTENTIAL       TOTALAVG        TEMPAVG            PRESSURE      GPRESSURE         VOLUME       PRESSAVG      GPRESSAVG
FEPTITLE:    TS          BOND2         ELECT2           VDW2

ENERGY:       0         2.0378        14.1401         4.2827         0.0000         -10629.2270      1416.4524         0.0000         0.0000      1744.8201          -7447.4939       297.9414     -9192.3140     -7447.4939       297.9414           -224.6369      -140.8326     30679.8782      -224.6369      -140.8326
FEP:          0        20.4606    -10628.1293      1417.0963

PRESSURE: 100000 -141.084 -26.4597 -198.355 -26.4622 101.221 -1.99299 -198.355 -1.99389 -343.823
GPRESSURE: 100000 -175.787 -285.461 -168.076 -205.031 228.365 -420.531 -261.923 308.56 -324.05
PRESSAVG: 100000 52.546 25.372 35.2233 25.372 55.9822 16.2393 35.2233 16.2393 -66.3725
GPRESSAVG: 100000 70.5573 74.8512 30.0081 -68.9391 154.097 23.1244 29.9289 -24.9669 4.23457
ENERGY:  100000         2.5964        17.4970         3.9215         0.0000         -10633.8352      1424.3938         0.0000         0.0000      1735.6037          -7449.8228       296.3677     -9185.4265     -7448.6583       297.1546           -127.8954       -90.4909     30479.8165      -176.2661      -115.6618
FEP:     100000        24.0148    -10633.2947      1424.4798

WRITING EXTENDED SYSTEM TO RESTART FILE AT STEP 100000
WRITING COORDINATES TO DCD FILE mobley_6456034_prod.dcd AT STEP 100000
WRITING COORDINATES TO RESTART FILE AT STEP 100000
FINISHED WRITING RESTART COORDINATES
WRITING VELOCITIES TO RESTART FILE AT STEP 100000
FINISHED WRITING RESTART VELOCITIES
PRESSURE: 200000 -737.409 43.6188 -258.414 43.6208 157.69 413.935 -258.415 413.936 -607.168
GPRESSURE: 200000 -672.832 -108.028 -277.366 66.8347 525.967 503.641 -293.754 104.185 -807.127
PRESSAVG: 200000 0.950178 9.82199 -0.724302 9.82199 61.8712 45.3981 -0.724302 45.3981 -152.189
GPRESSAVG: 200000 11.2699 44.843 -12.2634 -95.5253 177.823 62.5873 -6.39197 -25.3164 -89.771
ENERGY:  200000         2.7337        17.3302         4.1765         0.0000         -10605.6045      1397.3743         0.0000         0.0000      1729.5470          -7454.4428       295.3334     -9183.9898     -7450.5865       296.5475           -395.6289      -317.9972     30547.7554      -249.3871      -183.1069
FEP:     200000        24.2404    -10604.5157      1397.4878

WRITING EXTENDED SYSTEM TO RESTART FILE AT STEP 200000
WRITING COORDINATES TO DCD FILE mobley_6456034_prod.dcd AT STEP 200000
WRITING COORDINATES TO RESTART FILE AT STEP 200000
FINISHED WRITING RESTART COORDINATES
WRITING VELOCITIES TO RESTART FILE AT STEP 200000
FINISHED WRITING RESTART VELOCITIES
PRESSURE: 300000 665.381 543.281 262.123 543.277 749.285 311.626 262.122 311.628 598.877
GPRESSURE: 300000 798.59 365.048 107.867 765.086 747.36 325.02 486.056 182.297 433.786
PRESSAVG: 300000 27.4854 38.302 14.5638 38.302 90.8132 53.6231 14.5638 53.6231 -114.905
GPRESSAVG: 300000 44.128 39.1921 3.16495 -36.7033 205.865 67.2241 28.1279 -13.1522 -60.8407
ENERGY:  300000         1.7906        14.7959         4.2391         0.0000         -10667.0737      1493.7879         0.0000         0.0000      1784.5869          -7367.8734       304.7319     -9152.4602     -7429.9082       298.5936            671.1810       659.9120     30460.2315       -19.2450        27.6478
FEP:     300000        20.8256    -10665.2471      1493.6081

WRITING EXTENDED SYSTEM TO RESTART FILE AT STEP 300000
WRITING COORDINATES TO DCD FILE mobley_6456034_prod.dcd AT STEP 300000
WRITING COORDINATES TO RESTART FILE AT STEP 300000
FINISHED WRITING RESTART COORDINATES
WRITING VELOCITIES TO RESTART FILE AT STEP 300000
FINISHED WRITING RESTART VELOCITIES
PRESSURE: 400000 -933.256 308.654 -10.0732 308.656 -204.08 -266.179 -10.0704 -266.179 261.826
GPRESSURE: 400000 -1021.6 178.056 -86.0536 187.236 33.2515 -504.181 -342.637 -81.461 168.909
PRESSAVG: 400000 -21.5091 55.3815 17.4497 55.3815 75.3569 30.7632 17.4497 30.7632 -89.0101
GPRESSAVG: 400000 -13.2197 23.5455 9.21921 -7.39368 198.598 30.4531 21.5188 -14.079 -44.9029
ENERGY:  400000         2.2864         9.1229         2.5046         0.0000         -10595.6603      1382.4144         0.0000         0.0000      1727.0375          -7472.2945       294.9049     -9199.3320     -7438.3855       297.8559           -291.8369      -273.1471     30328.2258       -73.7634       -32.5112
FEP:     400000        13.9139    -10594.7468      1382.3031

WRITING EXTENDED SYSTEM TO RESTART FILE AT STEP 400000
WRITING COORDINATES TO DCD FILE mobley_6456034_prod.dcd AT STEP 400000
WRITING COORDINATES TO RESTART FILE AT STEP 400000
FINISHED WRITING RESTART COORDINATES
WRITING VELOCITIES TO RESTART FILE AT STEP 400000
FINISHED WRITING RESTART VELOCITIES
PRESSURE: 500000 625.597 17.5192 -43.8607 17.5192 632.375 -97.4046 -43.8623 -97.4012 -448.519
GPRESSURE: 500000 551.578 -160.786 -212.81 31.9935 1030.63 -120.552 47.6896 -136.767 -381.822
PRESSAVG: 500000 35.7645 46.3461 16.8876 46.3461 144.087 24.2046 16.8876 24.2046 -116.37
GPRESSAVG: 500000 37.0449 21.8051 -18.4051 -6.69374 293.359 29.4411 34.2901 -15.4247 -72.7701
ENERGY:  500000         1.5039        10.7965         4.6985         0.0000         -10591.8076      1438.6013         0.0000         0.0000      1846.3926          -7289.8149       315.2857     -9136.2075     -7413.6237       300.7609            269.8175       400.1286     30236.2300       -16.4999        39.5954
FEP:     500000        16.9989    -10590.8036      1438.7518

WRITING EXTENDED SYSTEM TO RESTART FILE AT STEP 500000
WRITING COORDINATES TO DCD FILE mobley_6456034_prod.dcd AT STEP 500000
WRITING COORDINATES TO RESTART FILE AT STEP 500000
FINISHED WRITING RESTART COORDINATES
WRITING VELOCITIES TO RESTART FILE AT STEP 500000
FINISHED WRITING RESTART VELOCITIES
PRESSURE: 600000 129.68 -289.577 271.862 -289.579 746.984 -522.868 271.861 -522.866 -314.867
GPRESSURE: 600000 104.085 -36.4158 179.891 -417.093 816.243 -389.166 -37.4525 -764.355 -239.175
PRESSAVG: 600000 57.1415 44.0387 39.1335 44.0387 186.27 11.8094 39.1335 11.8094 -122.227
GPRESSAVG: 600000 41.9278 24.5773 -8.3435 -7.07221 340.33 23.4242 52.1964 -57.0992 -76.1557
ENERGY:  600000         2.4328        12.7859         3.8278         0.0000         -10514.1628      1410.2119         0.0000         0.0000      1797.7355          -7287.1689       306.9771     -9084.9044     -7395.5587       301.6489            187.2658       227.0510     30481.3250        12.6095        66.3748
FEP:     600000        19.0465    -10513.1134      1409.8852

WRITING EXTENDED SYSTEM TO RESTART FILE AT STEP 600000
WRITING COORDINATES TO DCD FILE mobley_6456034_prod.dcd AT STEP 600000
WRITING COORDINATES TO RESTART FILE AT STEP 600000
FINISHED WRITING RESTART COORDINATES
WRITING VELOCITIES TO RESTART FILE AT STEP 600000
FINISHED WRITING RESTART VELOCITIES
PRESSURE: 700000 39.7126 -159.178 -160.512 -159.177 -714.985 -27.5128 -160.509 -27.5132 -543.478
GPRESSURE: 700000 -14.6321 -160.721 43.3141 -209.014 -601.399 157.698 -468.98 -462.849 -424.421
PRESSAVG: 700000 128.517 30.5236 54.7851 30.5236 183.868 -4.29326 54.7851 -4.29326 -145.821
GPRESSAVG: 700000 115.285 19.4096 -3.42727 -8.40301 326.886 9.87913 69.4146 -87.5097 -93.8992
ENERGY:  700000         3.3389        11.9566         3.5617         0.0000         -10528.4849      1371.9394         0.0000         0.0000      1693.4516          -7444.2366       289.1699     -9137.6883     -7401.6435       300.0890           -406.2502      -346.8172     30500.7815       -39.7480        14.7258
FEP:     700000        18.8573    -10527.4554      1372.4023

WRITING EXTENDED SYSTEM TO RESTART FILE AT STEP 700000
WRITING COORDINATES TO DCD FILE mobley_6456034_prod.dcd AT STEP 700000
WRITING COORDINATES TO RESTART FILE AT STEP 700000
FINISHED WRITING RESTART COORDINATES
WRITING VELOCITIES TO RESTART FILE AT STEP 700000
FINISHED WRITING RESTART VELOCITIES
PRESSURE: 800000 -417.886 -233.935 -545.504 -233.934 115.192 -510.524 -545.505 -510.526 -936.517
GPRESSURE: 800000 -409.691 37.3134 -716.894 -483.487 137.742 -416.077 -22.3222 -775.864 -853.972
PRESSAVG: 800000 145.044 20.5423 27.4921 20.5423 189.82 -12.7073 27.4921 -12.7073 -160.302
GPRESSAVG: 800000 125.42 16.4088 -24.2465 -16.9074 335.937 11.6257 65.1944 -125.341 -114.146
ENERGY:  800000         4.9696        11.4125         4.9267         0.0000         -10619.5537      1389.7994         0.0000         0.0000      1786.5088          -7421.9367       305.0601     -9208.4455     -7403.8983       300.6414           -413.0702      -375.3070     30298.6080       -81.2282       -28.6112
FEP:     800000        21.3088    -10618.2771      1389.4104

WRITING EXTENDED SYSTEM TO RESTART FILE AT STEP 800000
WRITING COORDINATES TO DCD FILE mobley_6456034_prod.dcd AT STEP 800000
WRITING COORDINATES TO RESTART FILE AT STEP 800000
FINISHED WRITING RESTART COORDINATES
WRITING VELOCITIES TO RESTART FILE AT STEP 800000
FINISHED WRITING RESTART VELOCITIES
PRESSURE: 900000 -668.364 804.069 205.245 804.068 418.078 699.688 205.243 699.688 1095.02
GPRESSURE: 900000 -631.282 718.602 162.219 869.248 590.934 940.11 349.115 793.075 970.457
PRESSAVG: 900000 120.524 96.1319 54.6229 96.1319 194.85 50.1467 54.6229 50.1467 -109.002
GPRESSAVG: 900000 95.707 80.7874 11.6701 54.9986 354.251 72.6035 80.374 -34.5328 -75.6844
ENERGY:  900000         0.6975        11.5019         2.7452         0.0000         -10634.4883      1459.7699         0.0000         0.0000      1710.2749          -7449.4990       292.0426     -9159.7739     -7408.4583       299.7815            281.5799       310.0364     30432.6503       -44.9474         5.2536
FEP:     900000        14.9446    -10634.0519      1459.5930

WRITING EXTENDED SYSTEM TO RESTART FILE AT STEP 900000
WRITING COORDINATES TO DCD FILE mobley_6456034_prod.dcd AT STEP 900000
WRITING COORDINATES TO RESTART FILE AT STEP 900000
FINISHED WRITING RESTART COORDINATES
WRITING VELOCITIES TO RESTART FILE AT STEP 900000
FINISHED WRITING RESTART VELOCITIES
PRESSURE: 1000000 -614.497 -51.0892 -104.729 -51.0878 60.935 -438.552 -104.725 -438.556 -395.305
GPRESSURE: 1000000 -327.55 -110.569 -383.816 -205.666 -157.509 -399.785 -14.5916 -337.363 -227.36
PRESSAVG: 1000000 58.9375 84.3615 49.6964 84.3615 173.721 29.3956 49.6964 29.3956 -145.159
GPRESSAVG: 1000000 42.4767 63.4163 -0.316196 36.7373 313.853 52.2495 63.9532 -38.418 -98.6612
TIMING: 1000000  CPU: 1704.82, 0.000308501/step  Wall: 1718.01, 0.000312619/step, 552.749 ns/days, 0.0434193 hours remaining, 0.000000 MB of memory in use.
PERFORMANCE: 1000000  averaging 553.304 ns/day, 0.000312306 sec/step with standard deviation 2.67605e-07
ETITLE:      TS           BOND          ANGLE          DIHED          IMPRP               ELECT            VDW       BOUNDARY           MISC        KINETIC               TOTAL           TEMP      POTENTIAL       TOTALAVG        TEMPAVG            PRESSURE      GPRESSURE         VOLUME       PRESSAVG      GPRESSAVG
FEPTITLE:    TS          BOND2         ELECT2           VDW2

ENERGY: 1000000         2.5253        10.8364         4.5869         0.0000         -10603.3881      1385.2284         0.0000         0.0000      1774.7303          -7425.4809       303.0488     -9200.2111     -7410.0058       300.0785           -316.2889      -237.4730     29917.9959       -69.6148       -16.8125
FEP:    1000000        17.9486    -10601.9775      1385.5084

WRITING EXTENDED SYSTEM TO RESTART FILE AT STEP 1000000
WRITING COORDINATES TO DCD FILE mobley_6456034_prod.dcd AT STEP 1000000
WRITING COORDINATES TO RESTART FILE AT STEP 1000000
FINISHED WRITING RESTART COORDINATES
WRITING VELOCITIES TO RESTART FILE AT STEP 1000000
FINISHED WRITING RESTART VELOCITIES
PRESSURE: 1100000 336.442 -382.08 211.288 -382.079 -126.105 -105.864 211.288 -105.864 -1377.62
GPRESSURE: 1100000 223.832 -373.037 128.001 -235.66 -48.8371 34.072 24.653 -31.4395 -1205.46
PRESSAVG: 1100000 63.3677 62.7767 45.6456 62.7767 196.558 24.5145 45.6456 24.5145 -168.622
GPRESSAVG: 1100000 41.6159 48.896 -3.99451 14.4488 327.507 52.0969 31.7701 -41.5446 -117.152
ENERGY: 1100000         4.8635        12.6732         3.0712         0.0000         -10590.7966      1388.4054         0.0000         0.0000      1688.5473          -7493.2360       288.3324     -9181.7833     -7416.9417       299.0997           -389.0944      -343.4875     30403.9166       -96.2381       -44.0354
FEP:    1100000        20.6079    -10589.0259      1387.7498

WRITING EXTENDED SYSTEM TO RESTART FILE AT STEP 1100000
WRITING COORDINATES TO DCD FILE mobley_6456034_prod.dcd AT STEP 1100000
WRITING COORDINATES TO RESTART FILE AT STEP 1100000
FINISHED WRITING RESTART COORDINATES
WRITING VELOCITIES TO RESTART FILE AT STEP 1100000
FINISHED WRITING RESTART VELOCITIES
PRESSURE: 1200000 347.794 131.746 577.82 131.745 228.674 -27.4164 577.815 -27.4161 -116.435
GPRESSURE: 1200000 448.229 156.198 508.522 21.6822 39.2335 13.3757 549.663 131.075 80.6684
PRESSAVG: 1200000 87.4447 71.9705 59.3049 71.9705 204.941 19.3611 59.3049 19.3611 -132.382
GPRESSAVG: 1200000 66.5504 42.1157 1.13379 25.2919 328.794 59.018 45.5036 -41.423 -75.1728
ENERGY: 1200000         1.1630        11.9421         2.8719         0.0000         -10665.2097      1458.8028         0.0000         0.0000      1751.4688          -7438.9611       299.0767     -9190.4299     -7418.6355       299.0979            153.3444       189.3768     30600.0787       -77.0395       -26.0806
FEP:    1200000        15.9770    -10664.0788      1458.8507

WRITING EXTENDED SYSTEM TO RESTART FILE AT STEP 1200000
WRITING COORDINATES TO DCD FILE mobley_6456034_prod.dcd AT STEP 1200000
WRITING COORDINATES TO RESTART FILE AT STEP 1200000
FINISHED WRITING RESTART COORDINATES
WRITING VELOCITIES TO RESTART FILE AT STEP 1200000
FINISHED WRITING RESTART VELOCITIES
PRESSURE: 1300000 452.38 -52.7006 64.7513 -52.6999 1242.02 306.589 64.7547 306.588 442.908
GPRESSURE: 1300000 377.735 54.4825 385.457 -626.82 1083.81 427.229 -497.917 260.015 824.184
PRESSAVG: 1300000 81.7243 44.5735 42.2043 44.5735 299.527 21.903 42.2043 21.903 -127.242
GPRESSAVG: 1300000 66.019 21.4569 6.83164 -25.9651 400.532 68.4514 -4.82348 -36.1012 -55.6254
ENERGY: 1300000         0.8809        13.3707         6.3418         0.0000         -10723.1041      1493.1021         0.0000         0.0000      1785.1285          -7424.2802       304.8244     -9209.4086     -7419.0387       299.5069            712.4358       761.9093     29863.2641       -20.6484        30.2044
FEP:    1300000        20.5934    -10721.9220      1493.4956

WRITING EXTENDED SYSTEM TO RESTART FILE AT STEP 1300000
WRITING COORDINATES TO DCD FILE mobley_6456034_prod.dcd AT STEP 1300000
WRITING COORDINATES TO RESTART FILE AT STEP 1300000
FINISHED WRITING RESTART COORDINATES
WRITING VELOCITIES TO RESTART FILE AT STEP 1300000
FINISHED WRITING RESTART VELOCITIES
PRESSURE: 1400000 -862.605 9.73252 293.451 9.73249 -939.409 -939.243 293.452 -939.243 -180.278
GPRESSURE: 1400000 -648.588 80.1691 542.077 -117.511 -895.758 -1121.2 95.9406 -616.8 -191.396
PRESSAVG: 1400000 -1.49393 36.4638 45.1163 36.4638 225.779 -30.103 45.1163 -30.103 -174.585
GPRESSAVG: 1400000 -15.0658 22.8405 26.1343 -50.3074 330.901 12.109 -13.562 -72.9359 -103.875
ENERGY: 1400000         2.3334        10.5307         6.4107         0.0000         -10527.4044      1353.3649         0.0000         0.0000      1747.9063          -7406.8585       298.4684     -9154.7648     -7418.2267       299.4377           -660.7639      -578.5809     30273.2892       -63.3228       -10.3813
FEP:    1400000        19.2748    -10526.3330      1353.3148

WRITING EXTENDED SYSTEM TO RESTART FILE AT STEP 1400000
WRITING COORDINATES TO DCD FILE mobley_6456034_prod.dcd AT STEP 1400000
WRITING COORDINATES TO RESTART FILE AT STEP 1400000
FINISHED WRITING RESTART COORDINATES
WRITING VELOCITIES TO RESTART FILE AT STEP 1400000
FINISHED WRITING RESTART VELOCITIES
PRESSURE: 1500000 68.9862 -462.057 -54.0777 -462.058 -454.295 132.966 -54.0788 132.967 -48.7182
GPRESSURE: 1500000 134.431 -557.673 20.2444 -440.618 -192.436 -151.338 -302.65 142.487 23.1115
PRESSAVG: 1500000 -78.6364 5.39678 52.11 5.39678 106.821 -15.2347 52.11 -15.2347 -246.367
GPRESSAVG: 1500000 -87.7299 -28.1487 40.2227 -76.6532 220.446 13.0692 -16.4619 -55.2176 -178.313
ENERGY: 1500000         4.2035        13.6713         4.2729         0.0000         -10661.7775      1409.2428         0.0000         0.0000      1772.6147          -7457.7724       302.6876     -9230.3871     -7420.6983       299.6408           -144.6757       -11.6313     29809.8621       -68.4073       -10.4594
FEP:    1500000        22.1477    -10660.9434      1408.9891

WRITING EXTENDED SYSTEM TO RESTART FILE AT STEP 1500000
WRITING COORDINATES TO DCD FILE mobley_6456034_prod.dcd AT STEP 1500000
WRITING COORDINATES TO RESTART FILE AT STEP 1500000
FINISHED WRITING RESTART COORDINATES
WRITING VELOCITIES TO RESTART FILE AT STEP 1500000
FINISHED WRITING RESTART VELOCITIES
TCL: Running FEP window   5: Lambda1 0.7999999999999998 Lambda2 0.7499999999999998 [dLambda -0.050000000000000044]
TCL: Setting parameter firsttimestep to 0
TCL: Setting parameter alchLambda to 0.7999999999999998
Info: NONBONDED TABLE R-SQUARED SPACING: 0.0625
Info: NONBONDED TABLE SIZE: 705 POINTS
Info: INCONSISTENCY IN FAST TABLE ENERGY VS FORCE: 0.000290481 AT 0.251946
Info: INCONSISTENCY IN SCOR TABLE ENERGY VS FORCE: 0.000238233 AT 8.9687
Info: ABSOLUTE IMPRECISION IN VDWA TABLE ENERGY: 1.21169e-27 AT 8.99653
Info: ABSOLUTE IMPRECISION IN VDWA TABLE FORCE: 2.57484e-27 AT 8.99653
Info: INCONSISTENCY IN VDWA TABLE ENERGY VS FORCE: 0.0040507 AT 0.251946
Info: INCONSISTENCY IN VDWB TABLE ENERGY VS FORCE: 0.00150189 AT 0.251946
TCL: Setting parameter alchLambda2 to 0.7499999999999998
Info: NONBONDED TABLE R-SQUARED SPACING: 0.0625
Info: NONBONDED TABLE SIZE: 705 POINTS
Info: INCONSISTENCY IN FAST TABLE ENERGY VS FORCE: 0.000290481 AT 0.251946
Info: INCONSISTENCY IN SCOR TABLE ENERGY VS FORCE: 0.000238233 AT 8.9687
Info: ABSOLUTE IMPRECISION IN VDWA TABLE ENERGY: 1.21169e-27 AT 8.99653
Info: ABSOLUTE IMPRECISION IN VDWA TABLE FORCE: 2.57484e-27 AT 8.99653
Info: INCONSISTENCY IN VDWA TABLE ENERGY VS FORCE: 0.0040507 AT 0.251946
Info: INCONSISTENCY IN VDWB TABLE ENERGY VS FORCE: 0.00150189 AT 0.251946
TCL: Running for 1500000 steps
FEP: RESETTING FOR NEW FEP WINDOW LAMBDA SET TO 0.8 LAMBDA2 0.75
FEP: WINDOW TO HAVE 100000 STEPS OF EQUILIBRATION PRIOR TO FEP DATA COLLECTION.
FEP: USING CONSTANT TEMPERATURE OF 300 K FOR FEP CALCULATION
PRESSURE: 0 71.7015 -516.991 -137.439 -516.989 -361.32 61.5831 -137.439 61.5861 -46.2065
GPRESSURE: 0 126.589 -553.935 4.87221 -434.908 -190.871 -151.309 -317.488 142.952 0.0057645
ETITLE:      TS           BOND          ANGLE          DIHED          IMPRP               ELECT            VDW       BOUNDARY           MISC        KINETIC               TOTAL           TEMP      POTENTIAL       TOTALAVG        TEMPAVG            PRESSURE      GPRESSURE         VOLUME       PRESSAVG      GPRESSAVG
FEPTITLE:    TS          BOND2         ELECT2           VDW2

ENERGY:       0         4.2035        13.6713         4.2729         0.0000         -10660.9442      1408.9895         0.0000         0.0000      1771.7303          -7458.0767       302.5366     -9229.8070     -7458.0767       302.5366           -111.9417       -21.4256     29809.8621      -111.9417       -21.4256
FEP:          0        22.1477    -10660.1102      1409.1021

PRESSURE: 100000 -338.308 259.211 159.513 259.213 -524.946 359.292 159.514 359.292 32.8125
GPRESSURE: 100000 -228.968 353.676 191.62 -205.682 -518.902 470.107 414.912 361.016 -115.654
PRESSAVG: 100000 -74.4249 -19.5296 51.2401 -19.5296 112.625 -33.6565 51.2401 -33.6565 -229.023
GPRESSAVG: 100000 -66.4913 -43.2248 57.4032 -115.048 210.49 -23.4 -15.9966 -60.7529 -172.61
ENERGY:  100000         1.4573         8.9717         4.6278         0.0000         -10650.1982      1394.1574         0.0000         0.0000      1775.9139          -7465.0702       303.2509     -9240.9841     -7461.5735       302.8938           -276.8136      -287.8416     29957.0569      -194.3776      -154.6336
FEP:     100000        15.0567    -10649.2001      1393.9464

WRITING EXTENDED SYSTEM TO RESTART FILE AT STEP 100000
WRITING COORDINATES TO DCD FILE mobley_6456034_prod.dcd AT STEP 100000
WRITING COORDINATES TO RESTART FILE AT STEP 100000
FINISHED WRITING RESTART COORDINATES
WRITING VELOCITIES TO RESTART FILE AT STEP 100000
FINISHED WRITING RESTART VELOCITIES
PRESSURE: 200000 -1128.87 -424.278 419.878 -424.276 -726.033 -329.808 419.877 -329.806 -1779.08
GPRESSURE: 200000 -967.951 -243.985 291.358 -643.923 -691.553 -41.5951 709.952 -172.563 -1591.53
PRESSAVG: 200000 -158.847 -36.7437 63.5891 -36.7437 53.472 -56.1282 63.5891 -56.1282 -325.336
GPRESSAVG: 200000 -135.707 -62.7514 82.4651 -134.732 145.105 -42.8748 12.8611 -63.5389 -263.889
ENERGY:  200000         9.1053        10.8192         3.4616         0.0000         -10491.2955      1314.1667         0.0000         0.0000      1782.2459          -7371.4968       304.3322     -9153.7428     -7431.5479       303.3732          -1211.3280     -1083.6780     30521.9563      -533.3611      -464.3151
FEP:     200000        23.3861    -10490.6008      1314.3717

WRITING EXTENDED SYSTEM TO RESTART FILE AT STEP 200000
WRITING COORDINATES TO DCD FILE mobley_6456034_prod.dcd AT STEP 200000
WRITING COORDINATES TO RESTART FILE AT STEP 200000
FINISHED WRITING RESTART COORDINATES
WRITING VELOCITIES TO RESTART FILE AT STEP 200000
FINISHED WRITING RESTART VELOCITIES
PRESSURE: 300000 1.78292 426.065 -148.793 426.065 -170.995 262.081 -148.792 262.081 -249.577
GPRESSURE: 300000 -41.7766 251.12 -445.945 542.808 114.929 280.488 341.863 120.175 -249.434
PRESSAVG: 300000 -158.412 -9.2121 48.6382 -9.2121 26.8134 -40.0263 48.6382 -40.0263 -293.531
GPRESSAVG: 300000 -128.366 -35.0047 37.0648 -97.2773 126.463 -28.576 26.5311 -49.5943 -240.956
ENERGY:  300000         3.6530        15.0570         4.9215         0.0000         -10570.6704      1417.2553         0.0000         0.0000      1790.0316          -7339.7520       305.6616     -9129.7835     -7408.5989       303.9453           -139.5962       -58.7604     30507.1480      -434.9199      -362.9264
FEP:     300000        23.6315    -10570.1976      1417.9513

WRITING EXTENDED SYSTEM TO RESTART FILE AT STEP 300000
WRITING COORDINATES TO DCD FILE mobley_6456034_prod.dcd AT STEP 300000
WRITING COORDINATES TO RESTART FILE AT STEP 300000
FINISHED WRITING RESTART COORDINATES
WRITING VELOCITIES TO RESTART FILE AT STEP 300000
FINISHED WRITING RESTART VELOCITIES
PRESSURE: 400000 462.323 112.794 -99.6996 112.795 -120.47 331.119 -99.7005 331.122 -246.559
GPRESSURE: 400000 380.599 230.134 304.433 11.6257 -166.67 195.504 -88.8662 457.166 -25.2677
PRESSAVG: 400000 -132.025 2.91746 35.2238 2.91746 5.49075 -19.4239 35.2238 -19.4239 -260.135
GPRESSAVG: 400000 -99.7497 -8.29055 28.9457 -86.445 94.2263 -18.4244 18.5632 -18.823 -206.777
ENERGY:  400000         2.0770        15.8808         4.6906         0.0000         -10742.7474      1466.6132         0.0000         0.0000      1734.5713          -7518.9146       296.1914     -9253.4859     -7430.6621       302.3945             31.7646        62.8870     30224.1049      -341.5830      -277.7637
FEP:     400000        22.6484    -10741.4189      1465.2724

WRITING EXTENDED SYSTEM TO RESTART FILE AT STEP 400000
WRITING COORDINATES TO DCD FILE mobley_6456034_prod.dcd AT STEP 400000
WRITING COORDINATES TO RESTART FILE AT STEP 400000
FINISHED WRITING RESTART COORDINATES
WRITING VELOCITIES TO RESTART FILE AT STEP 400000
FINISHED WRITING RESTART VELOCITIES
PRESSURE: 500000 103.953 433.737 518.035 433.736 594.983 -192.661 518.032 -192.663 443.298
GPRESSURE: 500000 163.421 528.003 160.462 73.923 487.559 -181.61 621.296 -242.924 623.162
PRESSAVG: 500000 -119.773 25.9274 71.0431 25.9274 30.1788 -28.9574 71.0431 -28.9574 -220.779
GPRESSAVG: 500000 -82.7893 32.3826 45.3726 -72.4973 107.186 -6.47837 62.7241 -46.3972 -159.416
ENERGY:  500000         4.9768        10.7383         5.6806         0.0000         -10692.3917      1475.8765         0.0000         0.0000      1805.9146          -7389.2048       308.3738     -9195.1194     -7423.7525       303.3911            380.7446       424.7142     30157.1969      -221.1950      -160.6841
FEP:     500000        21.3958    -10691.7550      1476.4642

WRITING EXTENDED SYSTEM TO RESTART FILE AT STEP 500000
WRITING COORDINATES TO DCD FILE mobley_6456034_prod.dcd AT STEP 500000
WRITING COORDINATES TO RESTART FILE AT STEP 500000
FINISHED WRITING RESTART COORDINATES
WRITING VELOCITIES TO RESTART FILE AT STEP 500000
FINISHED WRITING RESTART VELOCITIES
PRESSURE: 600000 -448.375 -12.2309 -248.409 -12.2333 -144.163 241.11 -248.406 241.108 -123.181
GPRESSURE: 600000 -613.541 121.183 -77.9799 -80.1173 122.671 146.077 -301.941 342.879 -64.7303
PRESSAVG: 600000 -105.321 23.1347 71.5436 23.1347 15.0862 -37.5988 71.5436 -37.5988 -196.58
GPRESSAVG: 600000 -79.8248 43.8432 55.3419 -79.8449 87.0212 -24.3566 62.3148 -34.4625 -122.297
ENERGY:  600000         2.5067        10.9567         2.1465         0.0000         -10636.6519      1398.3395         0.0000         0.0000      1755.7926          -7466.9099       299.8151     -9222.7025     -7429.9179       302.8802           -238.5728      -185.2003     30147.2326      -223.6776      -164.1864
FEP:     600000        15.6099    -10635.3078      1398.3239

WRITING EXTENDED SYSTEM TO RESTART FILE AT STEP 600000
WRITING COORDINATES TO DCD FILE mobley_6456034_prod.dcd AT STEP 600000
WRITING COORDINATES TO RESTART FILE AT STEP 600000
FINISHED WRITING RESTART COORDINATES
WRITING VELOCITIES TO RESTART FILE AT STEP 600000
FINISHED WRITING RESTART VELOCITIES
PRESSURE: 700000 36.2883 -127.285 -717.068 -127.285 541.512 -70.9557 -717.071 -70.9589 555.699
GPRESSURE: 700000 -57.0681 -300.61 -560.85 -319.458 593.319 104.744 -1022.17 -447.048 676.202
PRESSAVG: 700000 -136.776 -10.3934 22.5839 -10.3934 4.69756 -56.7281 22.5839 -56.7281 -198.739
GPRESSAVG: 700000 -122.608 10.5603 21.9061 -134.072 79.3192 -35.3704 -13.0963 -65.9298 -110.176
ENERGY:  700000         4.7680        13.2517         3.3666         0.0000         -10711.4980      1479.4769         0.0000         0.0000      1742.9144          -7467.7206       297.6160     -9210.6350     -7434.6432       302.2222            377.8331       404.1510     29959.4482      -148.4887       -93.1442
FEP:     700000        21.3862    -10710.9509      1479.1585

WRITING EXTENDED SYSTEM TO RESTART FILE AT STEP 700000
WRITING COORDINATES TO DCD FILE mobley_6456034_prod.dcd AT STEP 700000
WRITING COORDINATES TO RESTART FILE AT STEP 700000
FINISHED WRITING RESTART COORDINATES
WRITING VELOCITIES TO RESTART FILE AT STEP 700000
FINISHED WRITING RESTART VELOCITIES
PRESSURE: 800000 -254.588 -190.303 195.61 -190.303 614.148 -63.6012 195.609 -63.5999 -552.567
GPRESSURE: 800000 -74.4089 -140.493 160.436 -140.506 546.564 -375.258 189.301 -50.2561 -609.19
PRESSAVG: 800000 -102.843 -35.3414 32.8679 -35.3414 45.609 -46.5991 32.8679 -46.5991 -239.458
GPRESSAVG: 800000 -75.248 -5.36713 34.2305 -150.459 104.985 -28.9242 13.5006 -64.3695 -149.081
ENERGY:  800000         1.2505        11.0071         4.4685         0.0000         -10636.3305      1407.4866         0.0000         0.0000      1722.3090          -7489.8088       294.0975     -9212.1178     -7440.7727       301.3195            -64.3356       -45.6784     30456.1926      -139.1384       -87.8702
FEP:     800000        16.7261    -10634.8255      1407.0876

WRITING EXTENDED SYSTEM TO RESTART FILE AT STEP 800000
WRITING COORDINATES TO DCD FILE mobley_6456034_prod.dcd AT STEP 800000
WRITING COORDINATES TO RESTART FILE AT STEP 800000
FINISHED WRITING RESTART COORDINATES
WRITING VELOCITIES TO RESTART FILE AT STEP 800000
FINISHED WRITING RESTART VELOCITIES
PRESSURE: 900000 893.24 315.355 670.551 315.35 478.606 403.079 670.551 403.082 108.836
GPRESSURE: 900000 1030.54 329.765 859.417 146.109 527.961 393.453 507.389 582.508 229.062
PRESSAVG: 900000 -89.4604 -20.4498 68.5886 -20.4498 37.9205 -21.575 68.5886 -21.575 -211.59
GPRESSAVG: 900000 -51.2998 19.1604 87.8419 -144.753 79.8514 -3.22394 36.4856 -28.4058 -118.537
ENERGY:  900000         6.2451        10.8998         4.6553         0.0000         -10776.6286      1512.5136         0.0000         0.0000      1778.3235          -7463.9913       303.6624     -9242.3148     -7443.0946       301.5537            493.5607       595.8548     30158.9763       -75.8685       -19.4977
FEP:     900000        21.8002    -10776.5146      1512.9094

WRITING EXTENDED SYSTEM TO RESTART FILE AT STEP 900000
WRITING COORDINATES TO DCD FILE mobley_6456034_prod.dcd AT STEP 900000
WRITING COORDINATES TO RESTART FILE AT STEP 900000
FINISHED WRITING RESTART COORDINATES
WRITING VELOCITIES TO RESTART FILE AT STEP 900000
FINISHED WRITING RESTART VELOCITIES
PRESSURE: 1000000 342.497 319.451 331.01 319.452 1041.74 -13.8816 331.009 -13.8821 -212.53
GPRESSURE: 1000000 329.612 62.6918 487.715 304.487 1106.75 -96.5884 542.448 -187.36 -215.147
PRESSAVG: 1000000 -78.8196 10.0017 71.5459 10.0017 52.6582 3.87423 71.5459 3.87423 -206.474
GPRESSAVG: 1000000 -40.0235 24.1158 103.233 -108.674 94.3766 11.4049 65.4806 0.444017 -117.335
TIMING: 1000000  CPU: 2167.77, 0.000308703/step  Wall: 2187.15, 0.000312811/step, 552.411 ns/days, 0.0434459 hours remaining, 0.000000 MB of memory in use.
PERFORMANCE: 1000000  averaging 553.125 ns/day, 0.000312407 sec/step with standard deviation 3.23635e-07
ETITLE:      TS           BOND          ANGLE          DIHED          IMPRP               ELECT            VDW       BOUNDARY           MISC        KINETIC               TOTAL           TEMP      POTENTIAL       TOTALAVG        TEMPAVG            PRESSURE      GPRESSURE         VOLUME       PRESSAVG      GPRESSAVG
FEPTITLE:    TS          BOND2         ELECT2           VDW2

ENERGY: 1000000         3.3901        13.1143         2.9218         0.0000         -10679.9794      1462.3329         0.0000         0.0000      1780.7764          -7417.4439       304.0812     -9198.2203     -7440.7627       301.7835            390.5681       407.0707     29988.8013       -33.4652        19.2812
FEP:    1000000        19.4263    -10678.6509      1461.4875

WRITING EXTENDED SYSTEM TO RESTART FILE AT STEP 1000000
WRITING COORDINATES TO DCD FILE mobley_6456034_prod.dcd AT STEP 1000000
WRITING COORDINATES TO RESTART FILE AT STEP 1000000
FINISHED WRITING RESTART COORDINATES
WRITING VELOCITIES TO RESTART FILE AT STEP 1000000
FINISHED WRITING RESTART VELOCITIES
PRESSURE: 1100000 601.967 -1.40338 481.533 -1.40273 318.621 371.452 481.531 371.454 -45.6671
GPRESSURE: 1100000 755.698 -138.868 465.836 216.583 351.571 -19.5516 590.611 621.024 -161.766
PRESSAVG: 1100000 -50.7069 17.8904 103.648 17.8904 104.339 23.8226 103.648 23.8226 -181.583
GPRESSAVG: 1100000 -1.50699 25.2084 124.359 -87.3945 142.025 2.54243 118.46 54.6377 -104.203
ENERGY: 1100000         1.8140        14.5304         3.6432         0.0000         -10721.2484      1475.9448         0.0000         0.0000      1767.4457          -7457.8702       301.8049     -9225.3159     -7442.1883       301.7853            291.6402       315.1674     30271.7282        -6.3730        43.9384
FEP:    1100000        19.9877    -10720.3517      1475.5142

WRITING EXTENDED SYSTEM TO RESTART FILE AT STEP 1100000
WRITING COORDINATES TO DCD FILE mobley_6456034_prod.dcd AT STEP 1100000
WRITING COORDINATES TO RESTART FILE AT STEP 1100000
FINISHED WRITING RESTART COORDINATES
WRITING VELOCITIES TO RESTART FILE AT STEP 1100000
FINISHED WRITING RESTART VELOCITIES
PRESSURE: 1200000 276.547 266.64 166.57 266.641 747.702 -245.822 166.569 -245.823 -248.665
GPRESSURE: 1200000 323.634 102.427 -114.181 297.322 762.573 114.135 159.558 -355.791 -293.503
PRESSAVG: 1200000 -15.9853 42.9192 139.252 42.9192 135.964 37.0578 139.252 37.0578 -147.19
GPRESSAVG: 1200000 35.1593 28.4641 154.495 -48.354 173.267 29.053 127.554 75.6414 -76.1791
ENERGY: 1200000         1.8717         8.8978         5.6073         0.0000         -10684.9011      1473.3469         0.0000         0.0000      1788.5205          -7406.6570       305.4036     -9195.1774     -7439.4551       302.0636            258.5277       264.2346     30918.8919        14.0039        60.8843
FEP:    1200000        16.3768    -10683.2948      1473.3654

WRITING EXTENDED SYSTEM TO RESTART FILE AT STEP 1200000
WRITING COORDINATES TO DCD FILE mobley_6456034_prod.dcd AT STEP 1200000
WRITING COORDINATES TO RESTART FILE AT STEP 1200000
FINISHED WRITING RESTART COORDINATES
WRITING VELOCITIES TO RESTART FILE AT STEP 1200000
FINISHED WRITING RESTART VELOCITIES
PRESSURE: 1300000 707.279 -92.4843 537.362 -92.4859 74.207 -196.107 537.362 -196.11 101.012
GPRESSURE: 1300000 639.79 -118.127 406.457 -39.3702 204.092 198.96 927.049 -171.246 202.157
PRESSAVG: 1300000 52.7969 -1.90853 155.858 -1.90853 118.77 -7.73213 155.858 -7.73213 -196.891
GPRESSAVG: 1300000 98.7128 -13.3724 166.707 -93.7849 153.924 -8.00447 156.451 27.4253 -114.594
ENERGY: 1300000         1.2557        15.5058         4.1153         0.0000         -10615.6987      1448.8887         0.0000         0.0000      1806.6059          -7339.3274       308.4918     -9145.9333     -7432.3032       302.5228            294.1661       348.6798     30133.2429        34.0155        81.4411
FEP:    1300000        20.8767    -10614.9226      1448.7111

WRITING EXTENDED SYSTEM TO RESTART FILE AT STEP 1300000
WRITING COORDINATES TO DCD FILE mobley_6456034_prod.dcd AT STEP 1300000
WRITING COORDINATES TO RESTART FILE AT STEP 1300000
FINISHED WRITING RESTART COORDINATES
WRITING VELOCITIES TO RESTART FILE AT STEP 1300000
FINISHED WRITING RESTART VELOCITIES
PRESSURE: 1400000 531.055 -167.336 347.577 -167.336 1899.34 243.489 347.575 243.488 -46.3787
GPRESSURE: 1400000 482.626 -387.785 252.078 -52.4697 1981.61 301.607 569.574 208.995 65.0771
PRESSAVG: 1400000 110.074 -7.72095 178.473 -7.72095 210.691 26.3701 178.473 26.3701 -179.445
GPRESSAVG: 1400000 139.222 -27.2332 198.501 -86.1251 260.88 27.0651 185.659 54.7432 -99.9722
ENERGY: 1400000         1.3506        10.4153         4.2736         0.0000         -10658.0166      1504.5239         0.0000         0.0000      1725.0161          -7412.4371       294.5598     -9137.4532     -7430.9788       301.9919            794.6717       843.1040     30106.8919        84.7259       132.2186
FEP:    1400000        16.0395    -10656.5344      1503.5594

WRITING EXTENDED SYSTEM TO RESTART FILE AT STEP 1400000
WRITING COORDINATES TO DCD FILE mobley_6456034_prod.dcd AT STEP 1400000
WRITING COORDINATES TO RESTART FILE AT STEP 1400000
FINISHED WRITING RESTART COORDINATES
WRITING VELOCITIES TO RESTART FILE AT STEP 1400000
FINISHED WRITING RESTART VELOCITIES
PRESSURE: 1500000 458.723 536.795 -228.29 536.794 869.478 -380.04 -228.291 -380.039 487.367
GPRESSURE: 1500000 416.944 724.254 -63.2802 370.326 939.11 -0.798292 -397.897 -716.217 561.363
PRESSAVG: 1500000 116.189 38.2227 156.494 38.2227 260.47 12.6613 156.494 12.6613 -86.1955
GPRESSAVG: 1500000 148.877 27.6313 188.937 -55.8258 310.278 25.3216 164.532 20.5044 -11.6312
ENERGY: 1500000         5.3158        13.3358         2.0977         0.0000         -10707.7394      1497.1039         0.0000         0.0000      1770.2750          -7419.6111       302.2881     -9189.8861     -7430.2683       302.0104            605.1893       639.1392     30072.3199       117.2549       163.9011
FEP:    1500000        20.7493    -10706.6189      1496.3569

WRITING EXTENDED SYSTEM TO RESTART FILE AT STEP 1500000
WRITING COORDINATES TO DCD FILE mobley_6456034_prod.dcd AT STEP 1500000
WRITING COORDINATES TO RESTART FILE AT STEP 1500000
FINISHED WRITING RESTART COORDINATES
WRITING VELOCITIES TO RESTART FILE AT STEP 1500000
FINISHED WRITING RESTART VELOCITIES
TCL: Running FEP window   6: Lambda1 0.7499999999999998 Lambda2 0.6999999999999997 [dLambda -0.050000000000000044]
TCL: Setting parameter firsttimestep to 0
TCL: Setting parameter alchLambda to 0.7499999999999998
Info: NONBONDED TABLE R-SQUARED SPACING: 0.0625
Info: NONBONDED TABLE SIZE: 705 POINTS
Info: INCONSISTENCY IN FAST TABLE ENERGY VS FORCE: 0.000290481 AT 0.251946
Info: INCONSISTENCY IN SCOR TABLE ENERGY VS FORCE: 0.000238233 AT 8.9687
Info: ABSOLUTE IMPRECISION IN VDWA TABLE ENERGY: 1.21169e-27 AT 8.99653
Info: ABSOLUTE IMPRECISION IN VDWA TABLE FORCE: 2.57484e-27 AT 8.99653
Info: INCONSISTENCY IN VDWA TABLE ENERGY VS FORCE: 0.0040507 AT 0.251946
Info: INCONSISTENCY IN VDWB TABLE ENERGY VS FORCE: 0.00150189 AT 0.251946
TCL: Setting parameter alchLambda2 to 0.6999999999999997
Info: NONBONDED TABLE R-SQUARED SPACING: 0.0625
Info: NONBONDED TABLE SIZE: 705 POINTS
Info: INCONSISTENCY IN FAST TABLE ENERGY VS FORCE: 0.000290481 AT 0.251946
Info: INCONSISTENCY IN SCOR TABLE ENERGY VS FORCE: 0.000238233 AT 8.9687
Info: ABSOLUTE IMPRECISION IN VDWA TABLE ENERGY: 1.21169e-27 AT 8.99653
Info: ABSOLUTE IMPRECISION IN VDWA TABLE FORCE: 2.57484e-27 AT 8.99653
Info: INCONSISTENCY IN VDWA TABLE ENERGY VS FORCE: 0.0040507 AT 0.251946
Info: INCONSISTENCY IN VDWB TABLE ENERGY VS FORCE: 0.00150189 AT 0.251946
TCL: Running for 1500000 steps
FEP: RESETTING FOR NEW FEP WINDOW LAMBDA SET TO 0.75 LAMBDA2 0.7
FEP: WINDOW TO HAVE 100000 STEPS OF EQUILIBRATION PRIOR TO FEP DATA COLLECTION.
FEP: USING CONSTANT TEMPERATURE OF 300 K FOR FEP CALCULATION
PRESSURE: 0 391.236 577.789 -232.146 577.793 790.283 -443.743 -232.145 -443.744 394.811
GPRESSURE: 0 387.883 735.421 -64.636 384.554 922.048 -5.60269 -407.187 -723.056 527.506
ETITLE:      TS           BOND          ANGLE          DIHED          IMPRP               ELECT            VDW       BOUNDARY           MISC        KINETIC               TOTAL           TEMP      POTENTIAL       TOTALAVG        TEMPAVG            PRESSURE      GPRESSURE         VOLUME       PRESSAVG      GPRESSAVG
FEPTITLE:    TS          BOND2         ELECT2           VDW2

ENERGY:       0         5.3158        13.3358         2.0977         0.0000         -10706.6180      1496.3570         0.0000         0.0000      1769.3887          -7420.1230       302.1367     -9189.5117     -7420.1230       302.1367            525.4434       612.4788     30072.3199       525.4434       612.4788
FEP:          0        20.7493    -10705.4976      1496.2231

PRESSURE: 100000 989.62 -650.973 -29.0858 -650.973 1107.04 -495.306 -29.0878 -495.304 525.669
GPRESSURE: 100000 917.245 -428.502 -176.143 -565.321 1225.21 -587.035 -335.734 -319.067 525.232
PRESSAVG: 100000 145.223 30.6114 111.304 30.6114 281.802 -48.2497 111.304 -48.2497 -56.4951
GPRESSAVG: 100000 172.836 32.4433 132.2 -34.6072 361.489 -26.3405 124.798 -51.1563 -4.23699
ENERGY:  100000         5.3400        13.7612         4.8457         0.0000         -10799.7378      1529.4760         0.0000         0.0000      1740.1061          -7506.2088       297.1365     -9246.3149     -7463.1659       299.6366            874.1113       889.2298     29759.6178       699.7774       750.8543
FEP:     100000        23.9469    -10798.8138      1529.7845

WRITING EXTENDED SYSTEM TO RESTART FILE AT STEP 100000
WRITING COORDINATES TO DCD FILE mobley_6456034_prod.dcd AT STEP 100000
WRITING COORDINATES TO RESTART FILE AT STEP 100000
FINISHED WRITING RESTART COORDINATES
WRITING VELOCITIES TO RESTART FILE AT STEP 100000
FINISHED WRITING RESTART VELOCITIES
PRESSURE: 200000 759.415 260.955 221.704 260.956 782.438 -319.802 221.701 -319.803 1192.74
GPRESSURE: 200000 843.099 402.661 369.316 255.831 753.024 -229.313 431.83 -84.9362 1258.75
PRESSAVG: 200000 226.324 43.1726 107.716 43.1726 367.894 -17.2777 107.716 -17.2777 12.1557
GPRESSAVG: 200000 247.42 48.5678 123.561 -15.9401 443.928 18.2538 141.593 -24.5631 68.2704
ENERGY:  200000         4.3313        12.1930         5.4074         0.0000         -10758.1615      1515.8477         0.0000         0.0000      1777.4801          -7442.9021       303.5184     -9220.3822     -7456.4113       300.9305            911.5308       951.6250     29723.7401       770.3619       817.7779
FEP:     200000        21.9316    -10757.5628      1516.2963

WRITING EXTENDED SYSTEM TO RESTART FILE AT STEP 200000
WRITING COORDINATES TO DCD FILE mobley_6456034_prod.dcd AT STEP 200000
WRITING COORDINATES TO RESTART FILE AT STEP 200000
FINISHED WRITING RESTART COORDINATES
WRITING VELOCITIES TO RESTART FILE AT STEP 200000
FINISHED WRITING RESTART VELOCITIES
PRESSURE: 300000 -455.91 -59.1735 -752.783 -59.175 341.817 390.302 -752.784 390.301 -51.2352
GPRESSURE: 300000 -470.452 -303.427 -1148.87 114.237 463.319 381.585 -294.918 289.712 216.748
PRESSAVG: 300000 200.079 63.3168 72.7807 63.3168 407.699 -4.41094 72.7807 -4.41094 12.0299
GPRESSAVG: 300000 217.176 61.2801 65.1056 11.8026 476.716 44.8999 141.979 -17.2018 77.9522
ENERGY:  300000         5.6795        15.9821         2.8532         0.0000         -10559.3607      1413.8128         0.0000         0.0000      1762.4534          -7358.5798       300.9525     -9121.0332     -7431.9534       300.9360            -55.1095        69.8718     30355.1085       563.9940       630.8014
FEP:     300000        24.5147    -10558.6802      1414.1231

WRITING EXTENDED SYSTEM TO RESTART FILE AT STEP 300000
WRITING COORDINATES TO DCD FILE mobley_6456034_prod.dcd AT STEP 300000
WRITING COORDINATES TO RESTART FILE AT STEP 300000
FINISHED WRITING RESTART COORDINATES
WRITING VELOCITIES TO RESTART FILE AT STEP 300000
FINISHED WRITING RESTART VELOCITIES
PRESSURE: 400000 50.7076 -101.763 -41.1801 -101.761 458.823 -154.09 -41.1817 -154.092 194.485
GPRESSURE: 400000 5.82088 -288.269 344.855 -347.823 520.325 166.753 -581.565 56.5108 301.607
PRESSAVG: 400000 199.029 84.0782 77.5936 84.0782 448.707 -15.1948 77.5936 -15.1948 24.0644
GPRESSAVG: 400000 211.137 74.5634 82.1047 16.1568 512.275 60.803 128.775 -21.5239 93.0323
ENERGY:  400000         2.7805        12.1369         3.5248         0.0000         -10551.7383      1424.2676         0.0000         0.0000      1744.0725          -7364.9561       297.8138     -9109.0286     -7418.5540       300.3116            234.6717       275.9176     30153.7936       498.1295       559.8246
FEP:     400000        18.4421    -10551.1229      1424.1255

WRITING EXTENDED SYSTEM TO RESTART FILE AT STEP 400000
WRITING COORDINATES TO DCD FILE mobley_6456034_prod.dcd AT STEP 400000
WRITING COORDINATES TO RESTART FILE AT STEP 400000
FINISHED WRITING RESTART COORDINATES
WRITING VELOCITIES TO RESTART FILE AT STEP 400000
FINISHED WRITING RESTART VELOCITIES
PRESSURE: 500000 1607.37 -250.631 -370.258 -250.63 450.517 302.596 -370.258 302.591 1816.1
GPRESSURE: 500000 1651.85 -302.257 -325.413 -103.917 635.186 149.797 -402.751 92.996 1937.38
PRESSAVG: 500000 296.313 58.586 51.105 58.586 497.48 -18.0299 51.105 -18.0299 113.229
GPRESSAVG: 500000 305.178 41.7667 56.253 21.2451 569.98 44.7876 87.8923 -34.9249 195.684
ENERGY:  500000         4.5148        14.3565         5.0404         0.0000         -10711.5078      1571.4697         0.0000         0.0000      1765.6857          -7350.4406       301.5044     -9116.1264     -7407.2017       300.5104           1291.3281      1408.1397     30178.4371       630.3293       701.2105
FEP:     500000        23.9117    -10710.9889      1571.7027

WRITING EXTENDED SYSTEM TO RESTART FILE AT STEP 500000
WRITING COORDINATES TO DCD FILE mobley_6456034_prod.dcd AT STEP 500000
WRITING COORDINATES TO RESTART FILE AT STEP 500000
FINISHED WRITING RESTART COORDINATES
WRITING VELOCITIES TO RESTART FILE AT STEP 500000
FINISHED WRITING RESTART VELOCITIES
PRESSURE: 600000 602.919 196.516 217.029 196.517 320.786 83.028 217.03 83.0297 932.178
GPRESSURE: 600000 731.9 341.913 144.252 -16.1431 646.493 352.974 205.806 -274.026 717.379
PRESSAVG: 600000 382.902 89.6257 40.9627 89.6257 549.821 2.61193 40.9627 2.61193 248.792
GPRESSAVG: 600000 390.171 71.0616 48.8977 52.6341 636.882 64.516 62.6849 -39.998 311.13
ENERGY:  600000         5.0355        14.6242         5.5010         0.0000         -10662.2154      1481.3768         0.0000         0.0000      1737.5199          -7418.1579       296.6949     -9155.6778     -7408.7669       299.9653            618.6280       698.5904     29831.1433       628.6577       700.8362
FEP:     600000        25.1607    -10661.8956      1482.2379

WRITING EXTENDED SYSTEM TO RESTART FILE AT STEP 600000
WRITING COORDINATES TO DCD FILE mobley_6456034_prod.dcd AT STEP 600000
WRITING COORDINATES TO RESTART FILE AT STEP 600000
FINISHED WRITING RESTART COORDINATES
WRITING VELOCITIES TO RESTART FILE AT STEP 600000
FINISHED WRITING RESTART VELOCITIES
PRESSURE: 700000 336.802 -366.75 -135.142 -366.752 1443.49 110.258 -135.141 110.256 545.191
GPRESSURE: 700000 441.742 -261.009 417.482 -327.332 1428.72 25.1854 -699.489 27.4965 635.239
PRESSAVG: 700000 399.653 49.9849 41.6452 49.9849 630.545 -4.97933 41.6452 -4.97933 288.53
GPRESSAVG: 700000 414.347 45.4552 92.069 9.12706 702.572 51.7509 10.6174 -44.632 355.363
ENERGY:  700000         2.2739        10.1020         3.5624         0.0000         -10775.9891      1523.1594         0.0000         0.0000      1793.7016          -7443.1898       306.2883     -9236.8914     -7413.0698       300.7557            775.1616       835.2330     29814.5533       646.9707       717.6358
FEP:     700000        15.9383    -10774.6301      1522.3608

WRITING EXTENDED SYSTEM TO RESTART FILE AT STEP 700000
WRITING COORDINATES TO DCD FILE mobley_6456034_prod.dcd AT STEP 700000
WRITING COORDINATES TO RESTART FILE AT STEP 700000
FINISHED WRITING RESTART COORDINATES
WRITING VELOCITIES TO RESTART FILE AT STEP 700000
FINISHED WRITING RESTART VELOCITIES
PRESSURE: 800000 -683.02 -78.5879 -332.435 -78.5878 -716.287 -29.4901 -332.432 -29.4889 -205.613
GPRESSURE: 800000 -795.324 -365.323 -68.5768 181.438 -409.992 35.867 -201.179 -186.788 -341.004
PRESSAVG: 800000 342.386 40.4157 30.0086 40.4157 600.754 -23.0099 30.0086 -23.0099 290.577
GPRESSAVG: 800000 355.551 15.6823 73.4186 17.6177 690.405 43.769 5.00173 -76.8297 339.576
ENERGY:  800000         3.4719         9.7182         2.3677         0.0000         -10602.5628      1398.4987         0.0000         0.0000      1741.5757          -7446.9305       297.3874     -9188.5062     -7416.8321       300.3814           -534.9733      -515.4402     30820.4016       515.6436       580.6273
FEP:     800000        15.5579    -10601.3213      1397.6192

WRITING EXTENDED SYSTEM TO RESTART FILE AT STEP 800000
WRITING COORDINATES TO DCD FILE mobley_6456034_prod.dcd AT STEP 800000
WRITING COORDINATES TO RESTART FILE AT STEP 800000
FINISHED WRITING RESTART COORDINATES
WRITING VELOCITIES TO RESTART FILE AT STEP 800000
FINISHED WRITING RESTART VELOCITIES
PRESSURE: 900000 1420.09 64.5424 -167.302 64.5398 -133.36 425.569 -167.298 425.572 -43.1654
GPRESSURE: 900000 1670.98 243.755 60.9231 -104.536 87.517 622.269 -470.835 222.723 -182.845
PRESSAVG: 900000 408.193 21.9559 -4.25787 21.9559 564.337 7.90188 -4.25787 7.90188 266.254
GPRESSAVG: 900000 430.929 1.46996 68.4416 8.69471 670.403 83.963 -49.6048 -53.5474 299.276
ENERGY:  900000         1.6694        13.9707         2.7976         0.0000         -10657.7744      1476.6095         0.0000         0.0000      1755.8590          -7406.8682       299.8264     -9162.7272     -7415.8357       300.3259            414.5215       525.2170     30146.7569       505.5314       575.0863
FEP:     900000        18.4378    -10656.7921      1476.9700

WRITING EXTENDED SYSTEM TO RESTART FILE AT STEP 900000
WRITING COORDINATES TO DCD FILE mobley_6456034_prod.dcd AT STEP 900000
WRITING COORDINATES TO RESTART FILE AT STEP 900000
FINISHED WRITING RESTART COORDINATES
WRITING VELOCITIES TO RESTART FILE AT STEP 900000
FINISHED WRITING RESTART VELOCITIES
PRESSURE: 1000000 967.727 283.181 137.765 283.183 32.282 34.9663 137.763 34.967 553.922
GPRESSURE: 1000000 908.428 316.243 -7.37004 488.686 142.82 229.12 141.278 -320.404 571.305
PRESSAVG: 1000000 478.998 36.7267 15.0506 36.7267 573.159 -2.40515 15.0506 -2.40515 300.109
GPRESSAVG: 1000000 507.027 11.223 71.9721 37.1349 671.411 88.1151 -27.4439 -86.7115 331.078
TIMING: 1000000  CPU: 2630.88, 0.000308589/step  Wall: 2656.26, 0.000312538/step, 552.893 ns/days, 0.0434081 hours remaining, 0.000000 MB of memory in use.
PERFORMANCE: 1000000  averaging 553.086 ns/day, 0.000312429 sec/step with standard deviation 2.94405e-07
ETITLE:      TS           BOND          ANGLE          DIHED          IMPRP               ELECT            VDW       BOUNDARY           MISC        KINETIC               TOTAL           TEMP      POTENTIAL       TOTALAVG        TEMPAVG            PRESSURE      GPRESSURE         VOLUME       PRESSAVG      GPRESSAVG
FEPTITLE:    TS          BOND2         ELECT2           VDW2

ENERGY: 1000000         1.6049        12.3784         4.7863         0.0000         -10627.0056      1459.1037         0.0000         0.0000      1766.2140          -7382.9183       301.5946     -9149.1323     -7412.8432       300.4413            517.9770       540.8510     30076.4733       506.6628       571.9740
FEP:    1000000        18.7696    -10625.7913      1458.3440

WRITING EXTENDED SYSTEM TO RESTART FILE AT STEP 1000000
WRITING COORDINATES TO DCD FILE mobley_6456034_prod.dcd AT STEP 1000000
WRITING COORDINATES TO RESTART FILE AT STEP 1000000
FINISHED WRITING RESTART COORDINATES
WRITING VELOCITIES TO RESTART FILE AT STEP 1000000
FINISHED WRITING RESTART VELOCITIES
PRESSURE: 1100000 737.553 -644.17 156.1 -644.169 -331.137 302.105 156.1 302.099 284.271
GPRESSURE: 1100000 577.797 -425.543 28.1101 -674.909 -245.672 616.593 63.8345 -66.2284 376.816
PRESSAVG: 1100000 514.061 10.8825 58.7092 10.8825 529.527 16.2477 58.7092 16.2477 286.538
GPRESSAVG: 1100000 538.77 4.97635 101.42 19.3623 629.461 113.708 26.8562 -67.6705 316.108
ENERGY: 1100000         5.1102        12.4597         4.8618         0.0000         -10582.7340      1439.1336         0.0000         0.0000      1781.6969          -7339.4719       304.2384     -9121.1688     -7406.7289       300.7577            230.2290       236.3137     30521.8399       483.6266       544.0023
FEP:    1100000        22.4316    -10581.8816      1439.7551

WRITING EXTENDED SYSTEM TO RESTART FILE AT STEP 1100000
WRITING COORDINATES TO DCD FILE mobley_6456034_prod.dcd AT STEP 1100000
WRITING COORDINATES TO RESTART FILE AT STEP 1100000
FINISHED WRITING RESTART COORDINATES
WRITING VELOCITIES TO RESTART FILE AT STEP 1100000
FINISHED WRITING RESTART VELOCITIES
PRESSURE: 1200000 -813.403 692.028 -90.4502 692.027 343.345 306.692 -90.4511 306.695 -409.461
GPRESSURE: 1200000 -798.639 271.313 -5.61587 643.042 322.082 472.001 -345.735 154.082 -407.466
PRESSAVG: 1200000 486.121 54.999 44.4061 54.999 515.987 34.7625 44.4061 34.7625 293.693
GPRESSAVG: 1200000 502.559 25.5666 93.1176 58.5398 618.237 156.071 0.104378 -57.4536 326.195
ENERGY: 1200000         2.8474        11.8886         5.3391         0.0000         -10478.0716      1345.0263         0.0000         0.0000      1784.2759          -7328.6943       304.6788     -9112.9702     -7400.7263       301.0593           -293.1733      -294.6743     30046.2649       423.8728       479.4887
FEP:    1200000        20.0751    -10477.2012      1344.8249

WRITING EXTENDED SYSTEM TO RESTART FILE AT STEP 1200000
WRITING COORDINATES TO DCD FILE mobley_6456034_prod.dcd AT STEP 1200000
WRITING COORDINATES TO RESTART FILE AT STEP 1200000
FINISHED WRITING RESTART COORDINATES
WRITING VELOCITIES TO RESTART FILE AT STEP 1200000
FINISHED WRITING RESTART VELOCITIES
PRESSURE: 1300000 -153.127 5.41322 1.49099 5.41432 198.976 -233.087 1.492 -233.086 141.253
GPRESSURE: 1300000 -55.9364 -164.177 257.362 -64.3066 91.3137 -324.822 -167.631 -258.024 245.439
PRESSAVG: 1300000 433.802 39.5022 10.9532 39.5022 502.005 2.95405 10.9532 2.95405 295.314
GPRESSAVG: 1300000 448.235 0.869534 63.0148 48.019 596.405 120.157 -33.6466 -99.4802 327.013
ENERGY: 1300000         0.6617        13.2503         3.9221         0.0000         -10605.9206      1424.9947         0.0000         0.0000      1768.4456          -7394.6461       301.9757     -9163.0917     -7400.2920       301.1248             62.3671        93.6055     30775.4245       398.0510       451.9256
FEP:    1300000        17.8341    -10605.6027      1425.4213

WRITING EXTENDED SYSTEM TO RESTART FILE AT STEP 1300000
WRITING COORDINATES TO DCD FILE mobley_6456034_prod.dcd AT STEP 1300000
WRITING COORDINATES TO RESTART FILE AT STEP 1300000
FINISHED WRITING RESTART COORDINATES
WRITING VELOCITIES TO RESTART FILE AT STEP 1300000
FINISHED WRITING RESTART VELOCITIES
PRESSURE: 1400000 172.062 196.948 169.632 196.946 26.4784 -211.909 169.637 -211.906 123.781
GPRESSURE: 1400000 356.751 -15.285 418.441 4.48976 268.221 -272.551 65.7485 -257.719 -0.432325
PRESSAVG: 1400000 425.281 33.3769 2.8846 33.3769 451.242 -6.94712 2.8846 -6.94712 312.13
GPRESSAVG: 1400000 449.592 -3.0293 59.5511 33.0191 554.479 111.359 -57.4816 -102.998 337.749
ENERGY: 1400000         1.6118         7.5139         6.6976         0.0000         -10545.3479      1407.6925         0.0000         0.0000      1767.0872          -7354.7448       301.7437     -9121.8320     -7397.2555       301.1660            107.4406       208.1797     30004.7535       378.6769       435.6759
FEP:    1400000        15.8233    -10544.9260      1408.1536

WRITING EXTENDED SYSTEM TO RESTART FILE AT STEP 1400000
WRITING COORDINATES TO DCD FILE mobley_6456034_prod.dcd AT STEP 1400000
WRITING COORDINATES TO RESTART FILE AT STEP 1400000
FINISHED WRITING RESTART COORDINATES
WRITING VELOCITIES TO RESTART FILE AT STEP 1400000
FINISHED WRITING RESTART VELOCITIES
PRESSURE: 1500000 -884.269 -68.6651 -229.66 -68.6644 157.295 161.691 -229.655 161.692 -862.548
GPRESSURE: 1500000 -1215.69 40.3927 -565.927 -9.08306 360.895 218.105 24.9776 65.7087 -787.431
PRESSAVG: 1500000 350.969 30.0139 -32.6747 30.0139 443.176 -17.4353 -32.6747 -17.4353 271.286
GPRESSAVG: 1500000 351.022 5.93375 7.96297 21.7358 554.945 123.241 -85.7633 -130.764 306.466
ENERGY: 1500000         5.6681        14.4208         3.8416         0.0000         -10609.2498      1372.5270         0.0000         0.0000      1729.9519          -7482.8403       295.4026     -9212.7923     -7402.6045       300.8058           -529.8409      -547.4083     30171.0996       321.8946       374.2331
FEP:    1500000        23.9306    -10608.6667      1372.8592

WRITING EXTENDED SYSTEM TO RESTART FILE AT STEP 1500000
WRITING COORDINATES TO DCD FILE mobley_6456034_prod.dcd AT STEP 1500000
WRITING COORDINATES TO RESTART FILE AT STEP 1500000
FINISHED WRITING RESTART COORDINATES
WRITING VELOCITIES TO RESTART FILE AT STEP 1500000
FINISHED WRITING RESTART VELOCITIES
TCL: Running FEP window   7: Lambda1 0.6999999999999997 Lambda2 0.6499999999999997 [dLambda -0.050000000000000044]
TCL: Setting parameter firsttimestep to 0
TCL: Setting parameter alchLambda to 0.6999999999999997
Info: NONBONDED TABLE R-SQUARED SPACING: 0.0625
Info: NONBONDED TABLE SIZE: 705 POINTS
Info: INCONSISTENCY IN FAST TABLE ENERGY VS FORCE: 0.000290481 AT 0.251946
Info: INCONSISTENCY IN SCOR TABLE ENERGY VS FORCE: 0.000238233 AT 8.9687
Info: ABSOLUTE IMPRECISION IN VDWA TABLE ENERGY: 1.21169e-27 AT 8.99653
Info: ABSOLUTE IMPRECISION IN VDWA TABLE FORCE: 2.57484e-27 AT 8.99653
Info: INCONSISTENCY IN VDWA TABLE ENERGY VS FORCE: 0.0040507 AT 0.251946
Info: INCONSISTENCY IN VDWB TABLE ENERGY VS FORCE: 0.00150189 AT 0.251946
TCL: Setting parameter alchLambda2 to 0.6499999999999997
Info: NONBONDED TABLE R-SQUARED SPACING: 0.0625
Info: NONBONDED TABLE SIZE: 705 POINTS
Info: INCONSISTENCY IN FAST TABLE ENERGY VS FORCE: 0.000290481 AT 0.251946
Info: INCONSISTENCY IN SCOR TABLE ENERGY VS FORCE: 0.000238233 AT 8.9687
Info: ABSOLUTE IMPRECISION IN VDWA TABLE ENERGY: 1.21169e-27 AT 8.99653
Info: ABSOLUTE IMPRECISION IN VDWA TABLE FORCE: 2.57484e-27 AT 8.99653
Info: INCONSISTENCY IN VDWA TABLE ENERGY VS FORCE: 0.0040507 AT 0.251946
Info: INCONSISTENCY IN VDWB TABLE ENERGY VS FORCE: 0.00150189 AT 0.251946
TCL: Running for 1500000 steps
FEP: RESETTING FOR NEW FEP WINDOW LAMBDA SET TO 0.7 LAMBDA2 0.65
FEP: WINDOW TO HAVE 100000 STEPS OF EQUILIBRATION PRIOR TO FEP DATA COLLECTION.
FEP: USING CONSTANT TEMPERATURE OF 300 K FOR FEP CALCULATION
PRESSURE: 0 -932.647 -16.2834 -229.63 -16.2829 75.2678 167.258 -229.631 167.256 -1061.74
GPRESSURE: 0 -1223.7 42.9604 -567.531 -9.66511 355.025 225.605 23.9887 70.9251 -803.403
ETITLE:      TS           BOND          ANGLE          DIHED          IMPRP               ELECT            VDW       BOUNDARY           MISC        KINETIC               TOTAL           TEMP      POTENTIAL       TOTALAVG        TEMPAVG            PRESSURE      GPRESSURE         VOLUME       PRESSAVG      GPRESSAVG
FEPTITLE:    TS          BOND2         ELECT2           VDW2

ENERGY:       0         5.6681        14.4208         3.8416         0.0000         -10608.6669      1372.8592         0.0000         0.0000      1729.0771          -7482.8000       295.2532     -9211.8771     -7482.8000       295.2532           -639.7076      -557.3604     30171.0996      -639.7076      -557.3604
FEP:          0        23.9305    -10608.0836      1373.4092

PRESSURE: 100000 577.146 49.0632 -391.589 49.0648 28.4847 -10.5293 -391.588 -10.5307 699.559
GPRESSURE: 100000 644.082 -130.94 -11.9027 138.328 89.2776 262.299 -533.34 196.125 835.697
PRESSAVG: 100000 284.002 22.9452 -98.9323 22.9452 407.268 12.4977 -98.9323 12.4977 260.559
GPRESSAVG: 100000 273.87 2.31977 -35.6225 15.2713 528.827 131.982 -165.561 -91.0597 312.648
ENERGY:  100000         5.4275        17.3416         5.3356         0.0000         -10780.1637      1522.3395         0.0000         0.0000      1778.5109          -7451.2087       303.6944     -9229.7195     -7467.0043       299.4738            435.0633       523.0190     30064.4537      -102.3222       -17.1707
FEP:     100000        28.1047    -10779.1898      1522.7058

WRITING EXTENDED SYSTEM TO RESTART FILE AT STEP 100000
WRITING COORDINATES TO DCD FILE mobley_6456034_prod.dcd AT STEP 100000
WRITING COORDINATES TO RESTART FILE AT STEP 100000
FINISHED WRITING RESTART COORDINATES
WRITING VELOCITIES TO RESTART FILE AT STEP 100000
FINISHED WRITING RESTART VELOCITIES
PRESSURE: 200000 -973.579 152.075 252.405 152.074 -548.204 -253.492 252.405 -253.496 -838.427
GPRESSURE: 200000 -951.851 232.058 312.364 -223.147 -479.888 -160.512 539.378 -338.856 -737.714
PRESSAVG: 200000 208.771 38.9157 -103.691 38.9157 284.891 -12.3515 -103.691 -12.3515 220.957
GPRESSAVG: 200000 202.146 33.3119 -32.6082 6.73744 405.752 108.876 -167.071 -118.452 272.508
ENERGY:  200000         3.3978        12.1699         4.2034         0.0000         -10496.1592      1317.1991         0.0000         0.0000      1779.3102          -7379.8788       303.8309     -9159.1890     -7437.9625       300.9262           -786.7365      -723.1511     30086.3155      -330.4603      -252.4975
FEP:     200000        19.7711    -10495.9794      1316.9246

WRITING EXTENDED SYSTEM TO RESTART FILE AT STEP 200000
WRITING COORDINATES TO DCD FILE mobley_6456034_prod.dcd AT STEP 200000
WRITING COORDINATES TO RESTART FILE AT STEP 200000
FINISHED WRITING RESTART COORDINATES
WRITING VELOCITIES TO RESTART FILE AT STEP 200000
FINISHED WRITING RESTART VELOCITIES
PRESSURE: 300000 -246.953 311.948 298.19 311.947 157.398 324.182 298.19 324.179 466.964
GPRESSURE: 300000 51.7916 765.693 133.36 86.5609 120.747 183.649 182.221 136.175 310.38
PRESSAVG: 300000 173.487 27.6734 -77.3667 27.6734 249.287 22.8594 -77.3667 22.8594 219.936
GPRESSAVG: 300000 183.889 35.3839 -22.7762 -7.45082 364.834 118.098 -138.065 -75.8326 259.959
ENERGY:  300000         1.2952         9.0766         5.0095         0.0000         -10548.8088      1401.2066         0.0000         0.0000      1772.7933          -7359.4276       302.7181     -9132.2209     -7418.3288       301.3741            125.8027       160.9729     30063.5639      -216.3945      -149.1299
FEP:     300000        15.3813    -10548.0807      1401.8085

WRITING EXTENDED SYSTEM TO RESTART FILE AT STEP 300000
WRITING COORDINATES TO DCD FILE mobley_6456034_prod.dcd AT STEP 300000
WRITING COORDINATES TO RESTART FILE AT STEP 300000
FINISHED WRITING RESTART COORDINATES
WRITING VELOCITIES TO RESTART FILE AT STEP 300000
FINISHED WRITING RESTART VELOCITIES
PRESSURE: 400000 946.2 278.343 -45.6652 278.343 131.755 121.207 -45.6637 121.204 904.671
GPRESSURE: 400000 1135.39 347.536 168.58 90.8067 168.983 -370.199 -163.813 -78.7122 715.738
PRESSAVG: 400000 201.235 12.7008 -68.0426 12.7008 216.361 51.1068 -68.0426 51.1068 245.429
GPRESSAVG: 400000 221.264 15.9896 -11.1154 -22.1382 327.18 99.8685 -125.896 -43.6154 269.371
ENERGY:  400000         3.3506        12.3859         6.1469         0.0000         -10590.6267      1461.2022         0.0000         0.0000      1770.2634          -7337.2778       302.2861     -9107.5412     -7402.1186       301.5565            660.8757       673.3690     30176.4561       -40.9405        15.3699
FEP:     400000        21.8833    -10589.8818      1461.8999

WRITING EXTENDED SYSTEM TO RESTART FILE AT STEP 400000
WRITING COORDINATES TO DCD FILE mobley_6456034_prod.dcd AT STEP 400000
WRITING COORDINATES TO RESTART FILE AT STEP 400000
FINISHED WRITING RESTART COORDINATES
WRITING VELOCITIES TO RESTART FILE AT STEP 400000
FINISHED WRITING RESTART VELOCITIES
PRESSURE: 500000 -16.5734 -865.912 -53.9666 -865.914 123.022 -19.3826 -53.9678 -19.3849 -102.654
GPRESSURE: 500000 -12.0246 -596.723 -46.6395 -1078.03 346.321 329.257 -34.4824 -227.775 -115.878
PRESSAVG: 500000 150.925 1.95383 -69.2866 1.95383 167.159 74.9028 -69.2866 74.9028 214.013
GPRESSAVG: 500000 174.8 7.57856 -4.64023 -47.7734 283.236 145.683 -110.834 -39.0508 237.315
ENERGY:  500000         6.2995         8.5773         5.1058         0.0000         -10754.7675      1473.7025         0.0000         0.0000      1739.3531          -7521.7294       297.0079     -9261.0825     -7422.0537       300.7984              1.2649        72.8060     30428.4126       -33.9063        24.9426
FEP:     500000        19.9826    -10753.8762      1473.5959

WRITING EXTENDED SYSTEM TO RESTART FILE AT STEP 500000
WRITING COORDINATES TO DCD FILE mobley_6456034_prod.dcd AT STEP 500000
WRITING COORDINATES TO RESTART FILE AT STEP 500000
FINISHED WRITING RESTART COORDINATES
WRITING VELOCITIES TO RESTART FILE AT STEP 500000
FINISHED WRITING RESTART VELOCITIES
PRESSURE: 600000 -284.233 -246.651 -325.862 -246.65 -426.315 -214.497 -325.863 -214.498 -664.879
GPRESSURE: 600000 -110.271 261.883 -479.08 -514.472 -488.746 -219.271 -241.807 -204.684 -498.285
PRESSAVG: 600000 98.743 -23.4265 -96.6649 -23.4265 106.722 80.168 -96.6649 80.168 121.132
GPRESSAVG: 600000 127.132 0.53969 -47.06 -86.2886 221.147 146.185 -144.516 -45.0382 149.464
ENERGY:  600000         1.6449        18.1885         5.9354         0.0000         -10546.0416      1379.2587         0.0000         0.0000      1726.4901          -7414.5239       294.8115     -9141.0140     -7420.9780       299.9431           -458.4759      -365.7673     30501.4018       -94.5591       -30.8731
FEP:     600000        25.7689    -10546.0379      1379.6940

WRITING EXTENDED SYSTEM TO RESTART FILE AT STEP 600000
WRITING COORDINATES TO DCD FILE mobley_6456034_prod.dcd AT STEP 600000
WRITING COORDINATES TO RESTART FILE AT STEP 600000
FINISHED WRITING RESTART COORDINATES
WRITING VELOCITIES TO RESTART FILE AT STEP 600000
FINISHED WRITING RESTART VELOCITIES
PRESSURE: 700000 -167.019 -252.531 273.05 -252.53 -81.8006 -164.925 273.049 -164.925 -665.885
GPRESSURE: 700000 -35.1578 -72.1696 70.1128 -264.082 -123.889 -182.562 380.307 -373.371 -459.303
PRESSAVG: 700000 113.188 -33.0942 -45.3732 -33.0942 85.5409 52.4067 -45.3732 52.4067 90.3998
GPRESSAVG: 700000 148.896 12.1025 13.8893 -105.205 191.787 117.978 -110.754 -78.1923 115.661
ENERGY:  700000         3.8945        11.4853         4.3801         0.0000         -10664.2385      1419.6754         0.0000         0.0000      1756.5735          -7468.2299       299.9484     -9224.8033     -7426.8845       299.9438           -304.9016      -206.1167     30177.3979      -120.8519       -52.7786
FEP:     700000        19.7598    -10662.5827      1419.6381

WRITING EXTENDED SYSTEM TO RESTART FILE AT STEP 700000
WRITING COORDINATES TO DCD FILE mobley_6456034_prod.dcd AT STEP 700000
WRITING COORDINATES TO RESTART FILE AT STEP 700000
FINISHED WRITING RESTART COORDINATES
WRITING VELOCITIES TO RESTART FILE AT STEP 700000
FINISHED WRITING RESTART VELOCITIES
PRESSURE: 800000 522.675 -682.573 64.0188 -682.577 882.849 -555.299 64.0176 -555.298 540.026
GPRESSURE: 800000 673.284 -807.779 -169.957 -568.269 812.841 -592.751 255.372 -563.123 829.754
PRESSAVG: 800000 136.786 -62.135 -40.1132 -62.135 106.742 32.3464 -40.1132 32.3464 107.677
GPRESSAVG: 800000 182.27 -13.8729 -11.8513 -116.227 206.413 80.0026 -68.9074 -109.174 142.068
ENERGY:  800000         1.7467        10.0410         2.6055         0.0000         -10680.5117      1500.4517         0.0000         0.0000      1714.9701          -7450.6967       292.8443     -9165.6669     -7429.5303       299.1550            648.5167       771.9595     29754.4788       -35.3665        38.8590
FEP:     800000        14.3931    -10679.8735      1500.0856

WRITING EXTENDED SYSTEM TO RESTART FILE AT STEP 800000
WRITING COORDINATES TO DCD FILE mobley_6456034_prod.dcd AT STEP 800000
WRITING COORDINATES TO RESTART FILE AT STEP 800000
FINISHED WRITING RESTART COORDINATES
WRITING VELOCITIES TO RESTART FILE AT STEP 800000
FINISHED WRITING RESTART VELOCITIES
PRESSURE: 900000 520.545 -349.277 -261.883 -349.277 643.103 248.275 -261.881 248.274 193.893
GPRESSURE: 900000 532.122 -56.2554 -395.178 -534.862 512.608 800.12 -207.036 80.897 489.442
PRESSAVG: 900000 82.4449 -67.0673 -34.6944 -67.0673 116.371 29.6305 -34.6944 29.6305 26.5666
GPRESSAVG: 900000 126.283 -1.57284 -15.3395 -137.774 200.284 112.519 -59.1217 -109.779 69.6713
ENERGY:  900000         2.3903        15.4155         3.0328         0.0000         -10676.3549      1486.6830         0.0000         0.0000      1762.8916          -7405.9417       301.0273     -9168.8332     -7427.1714       299.3422            452.5137       511.3903     30353.1694        13.4215        86.1121
FEP:     900000        20.8387    -10675.1143      1486.0623

WRITING EXTENDED SYSTEM TO RESTART FILE AT STEP 900000
WRITING COORDINATES TO DCD FILE mobley_6456034_prod.dcd AT STEP 900000
WRITING COORDINATES TO RESTART FILE AT STEP 900000
FINISHED WRITING RESTART COORDINATES
WRITING VELOCITIES TO RESTART FILE AT STEP 900000
FINISHED WRITING RESTART VELOCITIES
PRESSURE: 1000000 -1650.71 -467.309 -501.504 -467.311 -924.428 -273.106 -501.504 -273.103 -164.034
GPRESSURE: 1000000 -1392.16 -889.636 -486.607 -38.3348 -924.672 -262.932 -711.238 -56.4061 -330.227
PRESSAVG: 1000000 -30.2368 -100.259 -70.6211 -100.259 54.1107 11.8239 -70.6211 11.8239 -28.2441
GPRESSAVG: 1000000 20.08 -63.1503 -46.8825 -138.884 121.726 81.7234 -104.974 -98.898 17.291
TIMING: 1000000  CPU: 3094.46, 0.000309244/step  Wall: 3125.89, 0.000313243/step, 551.648 ns/days, 0.043506 hours remaining, 0.000000 MB of memory in use.
PERFORMANCE: 1000000  averaging 552.88 ns/day, 0.000312545 sec/step with standard deviation 4.08745e-07
ETITLE:      TS           BOND          ANGLE          DIHED          IMPRP               ELECT            VDW       BOUNDARY           MISC        KINETIC               TOTAL           TEMP      POTENTIAL       TOTALAVG        TEMPAVG            PRESSURE      GPRESSURE         VOLUME       PRESSAVG      GPRESSAVG
FEPTITLE:    TS          BOND2         ELECT2           VDW2

ENERGY: 1000000         1.5456        10.1658         2.6418         0.0000         -10427.0088      1339.9241         0.0000         0.0000      1745.6005          -7327.1310       298.0747     -9072.7314     -7418.0769       299.2270           -913.0587      -882.3545     31276.5777       -70.8040        -1.9303
FEP:    1000000        14.3533    -10426.9441      1340.3171

WRITING EXTENDED SYSTEM TO RESTART FILE AT STEP 1000000
WRITING COORDINATES TO DCD FILE mobley_6456034_prod.dcd AT STEP 1000000
WRITING COORDINATES TO RESTART FILE AT STEP 1000000
FINISHED WRITING RESTART COORDINATES
WRITING VELOCITIES TO RESTART FILE AT STEP 1000000
FINISHED WRITING RESTART VELOCITIES
PRESSURE: 1100000 -424.593 -41.4281 -279.495 -41.4281 -46.5099 -382.862 -279.494 -382.86 -891.426
GPRESSURE: 1100000 -228.221 208.907 -426.491 -72.7757 -123.931 -664.242 26.2441 -131.373 -756.124
PRESSAVG: 1100000 -68.3066 -83.9926 -77.8387 -83.9926 -20.3893 -12.8319 -77.8387 -12.8319 -100.075
GPRESSAVG: 1100000 -13.4181 -39.6545 -89.0811 -126.156 44.0931 47.2521 -68.6873 -106.841 -52.2771
ENERGY: 1100000         2.3871        10.7998         2.6792         0.0000         -10644.5837      1370.0654         0.0000         0.0000      1762.9361          -7495.7161       301.0349     -9258.6522     -7424.5468       299.3776           -454.1764      -369.4254     30073.7607      -102.7517       -32.5549
FEP:    1100000        15.8661    -10644.1725      1370.7362

WRITING EXTENDED SYSTEM TO RESTART FILE AT STEP 1100000
WRITING COORDINATES TO DCD FILE mobley_6456034_prod.dcd AT STEP 1100000
WRITING COORDINATES TO RESTART FILE AT STEP 1100000
FINISHED WRITING RESTART COORDINATES
WRITING VELOCITIES TO RESTART FILE AT STEP 1100000
FINISHED WRITING RESTART VELOCITIES
PRESSURE: 1200000 -45.6207 -226.432 272.846 -226.434 -601.146 518.536 272.846 518.532 475.566
GPRESSURE: 1200000 -153.984 -186.037 350.271 -293.494 -585.958 570.126 633.724 610.911 630.26
PRESSAVG: 1200000 -36.4366 -91.3849 -47.5749 -91.3849 -14.6323 14.5692 -47.5749 14.5692 -66.016
GPRESSAVG: 1200000 18.6488 -30.6902 -68.1387 -149.902 35.2948 73.965 -26.9421 -66.9564 -3.71389
ENERGY: 1200000         2.5564        12.1776         4.7158         0.0000         -10464.1264      1409.7753         0.0000         0.0000      1758.3162          -7276.5851       300.2460     -9034.9013     -7413.1651       299.4444            -57.0669       -36.5609     31061.8284       -99.2374       -32.8630
FEP:    1200000        19.4497    -10462.7552      1408.2212

WRITING EXTENDED SYSTEM TO RESTART FILE AT STEP 1200000
WRITING COORDINATES TO DCD FILE mobley_6456034_prod.dcd AT STEP 1200000
WRITING COORDINATES TO RESTART FILE AT STEP 1200000
FINISHED WRITING RESTART COORDINATES
WRITING VELOCITIES TO RESTART FILE AT STEP 1200000
FINISHED WRITING RESTART VELOCITIES
PRESSURE: 1300000 -1483.13 -392.992 402.898 -392.993 -593.051 502.528 402.9 502.526 311.913
GPRESSURE: 1300000 -1337.37 -506.844 366.115 -169.912 -589.914 314.765 484.448 566.896 276.953
PRESSAVG: 1300000 -181.597 -114.262 -19.065 -114.262 -37.6168 18.4169 -19.065 18.4169 -48.2621
GPRESSAVG: 1300000 -131.769 -68.2202 -52.8791 -153.171 1.42319 58.5898 20.822 -49.7478 19.276
ENERGY: 1300000         4.8177         7.7261         4.6640         0.0000         -10604.9685      1382.3564         0.0000         0.0000      1751.0743          -7454.3300       299.0094     -9205.4043     -7416.1055       299.4134           -588.0880      -550.1111     30662.3921      -134.1553       -69.8093
FEP:    1300000        17.2078    -10604.8048      1382.6370

WRITING EXTENDED SYSTEM TO RESTART FILE AT STEP 1300000
WRITING COORDINATES TO DCD FILE mobley_6456034_prod.dcd AT STEP 1300000
WRITING COORDINATES TO RESTART FILE AT STEP 1300000
FINISHED WRITING RESTART COORDINATES
WRITING VELOCITIES TO RESTART FILE AT STEP 1300000
FINISHED WRITING RESTART VELOCITIES
PRESSURE: 1400000 -1321.2 -796.172 -426.853 -796.174 -468.937 -207.197 -426.854 -207.197 -925.973
GPRESSURE: 1400000 -1486.54 -543.93 -397.091 -559.432 -381.479 100.047 -503.716 -311.381 -746.164
PRESSAVG: 1400000 -296.044 -168.229 -47.2959 -168.229 -62.6778 6.30864 -47.2959 6.30864 -122.257
GPRESSAVG: 1400000 -251.517 -111.229 -72.3651 -205.577 -24.7918 52.1362 -11.4277 -49.2966 -46.5974
ENERGY: 1400000         2.3967        13.6396         3.6372         0.0000         -10459.9747      1311.6897         0.0000         0.0000      1736.5640          -7392.0475       296.5316     -9128.6115     -7414.5016       299.2212           -905.3715      -871.3951     30502.4827      -185.5698      -123.2484
FEP:    1400000        19.6735    -10459.0171      1312.1570

WRITING EXTENDED SYSTEM TO RESTART FILE AT STEP 1400000
WRITING COORDINATES TO DCD FILE mobley_6456034_prod.dcd AT STEP 1400000
WRITING COORDINATES TO RESTART FILE AT STEP 1400000
FINISHED WRITING RESTART COORDINATES
WRITING VELOCITIES TO RESTART FILE AT STEP 1400000
FINISHED WRITING RESTART VELOCITIES
PRESSURE: 1500000 -309.682 -163.324 -498.938 -163.321 -1387.69 64.7147 -498.94 64.7164 -959.083
GPRESSURE: 1500000 -444.168 45.0752 -649.417 -23.6383 -1169.05 252.633 -31.6636 -307.878 -926.787
PRESSAVG: 1500000 -348.406 -144.187 -80.0478 -144.187 -115.505 -5.56049 -80.0478 -5.56049 -184.425
GPRESSAVG: 1500000 -302.615 -87.6979 -106.241 -173.014 -70.9608 33.9382 -16.2026 -61.3791 -111.778
ENERGY: 1500000         2.4622        14.1300         4.8553         0.0000         -10513.1503      1335.4187         0.0000         0.0000      1730.1043          -7426.1798       295.4286     -9156.2841     -7415.2315       298.9842           -885.4840      -846.6688     30729.7982      -229.3144      -168.4622
FEP:    1500000        21.4475    -10512.4165      1335.5163

WRITING EXTENDED SYSTEM TO RESTART FILE AT STEP 1500000
WRITING COORDINATES TO DCD FILE mobley_6456034_prod.dcd AT STEP 1500000
WRITING COORDINATES TO RESTART FILE AT STEP 1500000
FINISHED WRITING RESTART COORDINATES
WRITING VELOCITIES TO RESTART FILE AT STEP 1500000
FINISHED WRITING RESTART VELOCITIES
TCL: Running FEP window   8: Lambda1 0.6499999999999997 Lambda2 0.5999999999999996 [dLambda -0.050000000000000044]
TCL: Setting parameter firsttimestep to 0
TCL: Setting parameter alchLambda to 0.6499999999999997
Info: NONBONDED TABLE R-SQUARED SPACING: 0.0625
Info: NONBONDED TABLE SIZE: 705 POINTS
Info: INCONSISTENCY IN FAST TABLE ENERGY VS FORCE: 0.000290481 AT 0.251946
Info: INCONSISTENCY IN SCOR TABLE ENERGY VS FORCE: 0.000238233 AT 8.9687
Info: ABSOLUTE IMPRECISION IN VDWA TABLE ENERGY: 1.21169e-27 AT 8.99653
Info: ABSOLUTE IMPRECISION IN VDWA TABLE FORCE: 2.57484e-27 AT 8.99653
Info: INCONSISTENCY IN VDWA TABLE ENERGY VS FORCE: 0.0040507 AT 0.251946
Info: INCONSISTENCY IN VDWB TABLE ENERGY VS FORCE: 0.00150189 AT 0.251946
TCL: Setting parameter alchLambda2 to 0.5999999999999996
Info: NONBONDED TABLE R-SQUARED SPACING: 0.0625
Info: NONBONDED TABLE SIZE: 705 POINTS
Info: INCONSISTENCY IN FAST TABLE ENERGY VS FORCE: 0.000290481 AT 0.251946
Info: INCONSISTENCY IN SCOR TABLE ENERGY VS FORCE: 0.000238233 AT 8.9687
Info: ABSOLUTE IMPRECISION IN VDWA TABLE ENERGY: 1.21169e-27 AT 8.99653
Info: ABSOLUTE IMPRECISION IN VDWA TABLE FORCE: 2.57484e-27 AT 8.99653
Info: INCONSISTENCY IN VDWA TABLE ENERGY VS FORCE: 0.0040507 AT 0.251946
Info: INCONSISTENCY IN VDWB TABLE ENERGY VS FORCE: 0.00150189 AT 0.251946
TCL: Running for 1500000 steps
FEP: RESETTING FOR NEW FEP WINDOW LAMBDA SET TO 0.65 LAMBDA2 0.6
FEP: WINDOW TO HAVE 100000 STEPS OF EQUILIBRATION PRIOR TO FEP DATA COLLECTION.
FEP: USING CONSTANT TEMPERATURE OF 300 K FOR FEP CALCULATION
PRESSURE: 0 -297.451 -180.08 -448.349 -180.08 -1491.77 -6.81357 -448.348 -6.81562 -1013.46
GPRESSURE: 0 -449.377 43.6763 -652.877 -26.3267 -1172.33 248.942 -39.0442 -312.803 -938.641
ETITLE:      TS           BOND          ANGLE          DIHED          IMPRP               ELECT            VDW       BOUNDARY           MISC        KINETIC               TOTAL           TEMP      POTENTIAL       TOTALAVG        TEMPAVG            PRESSURE      GPRESSURE         VOLUME       PRESSAVG      GPRESSAVG
FEPTITLE:    TS          BOND2         ELECT2           VDW2

ENERGY:       0         2.4622        14.1300         4.8553         0.0000         -10512.4166      1335.5165         0.0000         0.0000      1729.2680          -7426.1846       295.2858     -9155.4526     -7426.1846       295.2858           -934.2273      -853.4485     30729.7982      -934.2273      -853.4485
FEP:          0        21.4475    -10511.6828      1335.8738

PRESSURE: 100000 412.732 383.734 -152.79 383.732 314.849 -493.7 -152.791 -493.697 2265.58
GPRESSURE: 100000 376.043 465.196 -32.7997 442.382 343.36 -642.273 50.7183 -349.913 2418.54
PRESSAVG: 100000 -294.315 -168.876 -105.657 -168.876 -201.467 -34.2665 -105.657 -34.2665 -108.408
GPRESSAVG: 100000 -263.553 -67.6111 -153.113 -181.148 -133.079 6.9127 10.0494 -89.3178 -29.6811
ENERGY:  100000         5.8555        16.0343         3.1915         0.0000         -10764.2546      1520.7621         0.0000         0.0000      1765.9918          -7452.4193       301.5567     -9218.4111     -7439.3019       298.4212            997.7196      1045.9819     29554.9145        31.7462        96.2667
FEP:     100000        25.0814    -10763.6986      1520.6716

WRITING EXTENDED SYSTEM TO RESTART FILE AT STEP 100000
WRITING COORDINATES TO DCD FILE mobley_6456034_prod.dcd AT STEP 100000
WRITING COORDINATES TO RESTART FILE AT STEP 100000
FINISHED WRITING RESTART COORDINATES
WRITING VELOCITIES TO RESTART FILE AT STEP 100000
FINISHED WRITING RESTART VELOCITIES
PRESSURE: 200000 -251.67 -373.725 43.3672 -373.724 -599.484 156.76 43.3637 156.76 739.863
GPRESSURE: 200000 -392.886 -235.446 -177.779 -318.025 -472.543 -104.212 389.047 183.333 859.541
PRESSAVG: 200000 -315.502 -197.41 -111.97 -197.41 -232.765 -15.8332 -111.97 -15.8332 -77.6043
GPRESSAVG: 200000 -301.035 -78.6191 -182.924 -197.273 -170.117 15.3297 26.2144 -67.2652 13.3175
ENERGY:  200000         8.9828         8.9589         3.4442         0.0000         -10588.2661      1416.6376         0.0000         0.0000      1718.0806          -7432.1620       293.3755     -9150.2426     -7436.9219       296.7393            -37.0967        -1.9628     30405.3265         8.7985        63.5235
FEP:     200000        21.3859    -10587.1050      1416.8787

WRITING EXTENDED SYSTEM TO RESTART FILE AT STEP 200000
WRITING COORDINATES TO DCD FILE mobley_6456034_prod.dcd AT STEP 200000
WRITING COORDINATES TO RESTART FILE AT STEP 200000
FINISHED WRITING RESTART COORDINATES
WRITING VELOCITIES TO RESTART FILE AT STEP 200000
FINISHED WRITING RESTART VELOCITIES
PRESSURE: 300000 238.17 -210.517 89.1175 -210.516 1044.62 57.739 89.1131 57.7404 922.062
GPRESSURE: 300000 472.718 -137.427 161.117 -394.958 912.837 30.6373 110.541 326.679 1011.01
PRESSAVG: 300000 -259.38 -204.503 -96.032 -204.503 -188.399 -21.0308 -96.032 -21.0308 11.6262
GPRESSAVG: 300000 -216.615 -87.5101 -146.571 -216.567 -142.52 5.95629 30.4925 -54.2167 103.24
ENERGY:  300000         3.5985        10.0892         5.1067         0.0000         -10688.1292      1514.6457         0.0000         0.0000      1847.8152          -7306.8741       315.5286     -9154.6893     -7404.4100       301.4366            734.9510       798.8550     30216.1691       190.3366       247.3564
FEP:     300000        18.7943    -10687.3036      1514.1552

WRITING EXTENDED SYSTEM TO RESTART FILE AT STEP 300000
WRITING COORDINATES TO DCD FILE mobley_6456034_prod.dcd AT STEP 300000
WRITING COORDINATES TO RESTART FILE AT STEP 300000
FINISHED WRITING RESTART COORDINATES
WRITING VELOCITIES TO RESTART FILE AT STEP 300000
FINISHED WRITING RESTART VELOCITIES
PRESSURE: 400000 122.475 -478.62 332.57 -478.621 -387.336 94.697 332.569 94.696 -339.986
GPRESSURE: 400000 30.1789 -167.473 483.847 -327.85 -207.854 292.955 120.901 -146.498 -153.025
PRESSAVG: 400000 -206.624 -227.619 -67.922 -227.619 -211.529 -24.6588 -67.922 -24.6588 47.7141
GPRESSAVG: 400000 -153.921 -98.0318 -94.0025 -232.476 -170.664 9.32383 35.3381 -65.0878 135.758
ENERGY:  400000         1.9470        14.1146         4.2225         0.0000         -10587.8681      1384.0932         0.0000         0.0000      1758.2153          -7425.2755       300.2288     -9183.4908     -7408.5831       301.1951           -201.6158      -110.2333     29988.4443       111.9462       175.8385
FEP:     400000        20.2841    -10586.7172      1384.1549

WRITING EXTENDED SYSTEM TO RESTART FILE AT STEP 400000
WRITING COORDINATES TO DCD FILE mobley_6456034_prod.dcd AT STEP 400000
WRITING COORDINATES TO RESTART FILE AT STEP 400000
FINISHED WRITING RESTART COORDINATES
WRITING VELOCITIES TO RESTART FILE AT STEP 400000
FINISHED WRITING RESTART VELOCITIES
PRESSURE: 500000 -486.883 292.794 -117.252 292.792 404.459 -430.203 -117.254 -430.201 153.238
GPRESSURE: 500000 -574.563 486.25 -250.202 229.233 379.51 -417.963 58.8851 -219.238 466.616
PRESSAVG: 500000 -259.825 -215.433 -54.2054 -215.433 -192.731 -45.6423 -54.2054 -45.6423 20.3981
GPRESSAVG: 500000 -214.853 -67.1723 -105.917 -227.931 -156.152 -24.6893 64.9494 -85.8559 117.304
ENERGY:  500000         3.5195        12.1712         3.9217         0.0000         -10661.0958      1452.5839         0.0000         0.0000      1747.1778          -7441.7216       298.3440     -9188.8995     -7414.1062       300.7199             23.6047        90.5207     30431.4423        97.2226       161.6188
FEP:     500000        19.6124    -10661.3109      1452.9376

WRITING EXTENDED SYSTEM TO RESTART FILE AT STEP 500000
WRITING COORDINATES TO DCD FILE mobley_6456034_prod.dcd AT STEP 500000
WRITING COORDINATES TO RESTART FILE AT STEP 500000
FINISHED WRITING RESTART COORDINATES
WRITING VELOCITIES TO RESTART FILE AT STEP 500000
FINISHED WRITING RESTART VELOCITIES
PRESSURE: 600000 -977.309 321.449 576.884 321.449 -884.349 206.521 576.884 206.518 -819.728
GPRESSURE: 600000 -913.341 210.61 498.296 196.544 -954.909 364.13 355.133 178.102 -758.545
PRESSAVG: 600000 -260.012 -206.964 -37.9814 -206.964 -209.538 -22.6416 -37.9814 -22.6416 21.333
GPRESSAVG: 600000 -212.927 -68.2447 -96.6209 -206.947 -179.903 1.54282 55.7371 -60.008 116.263
ENERGY:  600000         1.5652        12.9278         7.4493         0.0000         -10474.2586      1298.3356         0.0000         0.0000      1728.4186          -7425.5621       295.1408     -9153.9807     -7415.7427       299.9229           -893.7953      -875.5983     30342.9546       -44.3514        13.4450
FEP:     600000        21.9423    -10473.3505      1298.5652

WRITING EXTENDED SYSTEM TO RESTART FILE AT STEP 600000
WRITING COORDINATES TO DCD FILE mobley_6456034_prod.dcd AT STEP 600000
WRITING COORDINATES TO RESTART FILE AT STEP 600000
FINISHED WRITING RESTART COORDINATES
WRITING VELOCITIES TO RESTART FILE AT STEP 600000
FINISHED WRITING RESTART VELOCITIES
PRESSURE: 700000 253.163 245.186 210.405 245.187 87.2144 348.204 210.402 348.205 -153.746
GPRESSURE: 700000 210.918 356.433 295.415 -135.478 243.878 363.145 -60.2888 351.852 42.6714
PRESSAVG: 700000 -235.006 -210.302 -42.3708 -210.302 -213.047 -21.4403 -42.3708 -21.4403 -9.70249
GPRESSAVG: 700000 -204.971 -88.7077 -88.5182 -218.049 -173.747 10.5176 43.6116 -49.2242 102.877
ENERGY:  700000         2.7561        15.4267         2.0703         0.0000         -10747.7599      1461.5606         0.0000         0.0000      1779.7562          -7486.1899       303.9070     -9265.9461     -7424.5486       300.4209             62.2105       165.8225     29959.5939       -31.0312        32.4922
FEP:     700000        20.2532    -10747.1167      1462.1600

WRITING EXTENDED SYSTEM TO RESTART FILE AT STEP 700000
WRITING COORDINATES TO DCD FILE mobley_6456034_prod.dcd AT STEP 700000
WRITING COORDINATES TO RESTART FILE AT STEP 700000
FINISHED WRITING RESTART COORDINATES
WRITING VELOCITIES TO RESTART FILE AT STEP 700000
FINISHED WRITING RESTART VELOCITIES
PRESSURE: 800000 -63.0384 -648.92 36.5474 -648.922 -1062.32 31.2943 36.5481 31.2958 -771.649
GPRESSURE: 800000 15.6948 -363.118 108.247 -777.62 -1147.76 78.6236 -8.80601 406.216 -703.255
PRESSAVG: 800000 -285.468 -256.666 -38.2602 -256.666 -272.75 -25.9358 -38.2602 -25.9358 -93.5185
GPRESSAVG: 800000 -260.956 -124.24 -91.5348 -261.47 -239.584 32.9588 51.3619 -24.9777 31.9278
ENERGY:  800000         1.6968        14.7033         5.1154         0.0000         -10514.1590      1340.9118         0.0000         0.0000      1714.0683          -7437.6634       292.6903     -9151.7317     -7426.0058       299.5619           -632.3345      -611.7744     30434.2346       -97.8427       -39.0930
FEP:     800000        21.5155    -10514.3034      1341.3510

WRITING EXTENDED SYSTEM TO RESTART FILE AT STEP 800000
WRITING COORDINATES TO DCD FILE mobley_6456034_prod.dcd AT STEP 800000
WRITING COORDINATES TO RESTART FILE AT STEP 800000
FINISHED WRITING RESTART COORDINATES
WRITING VELOCITIES TO RESTART FILE AT STEP 800000
FINISHED WRITING RESTART VELOCITIES
PRESSURE: 900000 -458.148 -167.122 -18.3666 -167.123 228.519 550.301 -18.3641 550.303 -461.428
GPRESSURE: 900000 -436.784 186.122 182.009 -183.912 162.777 472.952 -276.465 329.615 -179.156
PRESSAVG: 900000 -307.546 -221.726 -36.48 -221.726 -267.476 2.5486 -36.48 2.5486 -111.457
GPRESSAVG: 900000 -282.194 -85.0981 -80.1023 -216.764 -248.761 40.1435 39.2628 2.89176 28.7639
ENERGY:  900000         1.7348        13.0995         5.2901         0.0000         -10652.1207      1447.4566         0.0000         0.0000      1762.4435          -7422.0961       300.9508     -9184.5396     -7425.6148       299.7008           -230.3523      -151.0542     30880.6272      -111.0936       -50.2891
FEP:     900000        20.1245    -10651.4406      1447.6203

WRITING EXTENDED SYSTEM TO RESTART FILE AT STEP 900000
WRITING COORDINATES TO DCD FILE mobley_6456034_prod.dcd AT STEP 900000
WRITING COORDINATES TO RESTART FILE AT STEP 900000
FINISHED WRITING RESTART COORDINATES
WRITING VELOCITIES TO RESTART FILE AT STEP 900000
FINISHED WRITING RESTART VELOCITIES
PRESSURE: 1000000 -1062.9 430.58 215.201 430.58 -642.172 66.4726 215.2 66.4728 -569.674
GPRESSURE: 1000000 -1068.3 605.703 37.2093 348.813 -573.221 25.0119 49.4076 -96.774 -649.517
PRESSAVG: 1000000 -346.48 -187.865 -9.42687 -187.865 -278.269 16.5972 -9.42687 16.5972 -106.697
GPRESSAVG: 1000000 -330.095 -67.9071 -54.2879 -173.6 -252.985 52.3577 53.8235 8.28727 21.2023
TIMING: 1000000  CPU: 3558.34, 0.000309238/step  Wall: 3595.72, 0.000313164/step, 551.787 ns/days, 0.043495 hours remaining, 0.000000 MB of memory in use.
PERFORMANCE: 1000000  averaging 552.744 ns/day, 0.000312622 sec/step with standard deviation 4.37202e-07
ETITLE:      TS           BOND          ANGLE          DIHED          IMPRP               ELECT            VDW       BOUNDARY           MISC        KINETIC               TOTAL           TEMP      POTENTIAL       TOTALAVG        TEMPAVG            PRESSURE      GPRESSURE         VOLUME       PRESSAVG      GPRESSAVG
FEPTITLE:    TS          BOND2         ELECT2           VDW2

ENERGY: 1000000         4.8338        17.3975         4.5119         0.0000         -10696.9410      1394.2462         0.0000         0.0000      1730.4683          -7545.4834       295.4908     -9275.9517     -7436.5120       299.3181           -758.2476      -763.6783     30541.0841      -169.9258      -115.1427
FEP:    1000000        26.7431    -10696.5830      1394.8273

WRITING EXTENDED SYSTEM TO RESTART FILE AT STEP 1000000
WRITING COORDINATES TO DCD FILE mobley_6456034_prod.dcd AT STEP 1000000
WRITING COORDINATES TO RESTART FILE AT STEP 1000000
FINISHED WRITING RESTART COORDINATES
WRITING VELOCITIES TO RESTART FILE AT STEP 1000000
FINISHED WRITING RESTART VELOCITIES
PRESSURE: 1100000 -175.777 -18.6371 23.0633 -18.6385 -26.9173 -346.234 23.0613 -346.235 530.507
GPRESSURE: 1100000 274.87 47.7529 -23.2297 -5.09525 -233.472 -97.3309 46.3202 -466.666 474.194
PRESSAVG: 1100000 -346.918 -176.17 -21.9263 -176.17 -275.524 7.53164 -21.9263 7.53164 -46.8773
GPRESSAVG: 1100000 -314.594 -61.911 -58.955 -160.651 -258.464 56.6193 37.1242 3.62252 67.8771
ENERGY: 1100000         3.6341         9.7247         4.4513         0.0000         -10703.0499      1491.9426         0.0000         0.0000      1700.1465          -7493.1506       290.3131     -9193.2971     -7441.2319       298.5677            109.2709       171.8641     30714.8204      -146.6594       -91.2255
FEP:    1100000        17.8101    -10702.8689      1492.4944

WRITING EXTENDED SYSTEM TO RESTART FILE AT STEP 1100000
WRITING COORDINATES TO DCD FILE mobley_6456034_prod.dcd AT STEP 1100000
WRITING COORDINATES TO RESTART FILE AT STEP 1100000
FINISHED WRITING RESTART COORDINATES
WRITING VELOCITIES TO RESTART FILE AT STEP 1100000
FINISHED WRITING RESTART VELOCITIES
PRESSURE: 1200000 -607.137 -418.664 -5.58537 -418.663 -980.928 81.9958 -5.58144 81.9992 -938.005
GPRESSURE: 1200000 -523.562 -4.85988 73.4045 -455.822 -984.949 145.691 -65.8197 62.3225 -894.068
PRESSAVG: 1200000 -403.408 -162.974 -25.4062 -162.974 -368.713 39.3965 -25.4062 39.3965 -120.779
GPRESSAVG: 1200000 -374.436 -21.765 -46.7869 -155.028 -348.354 93.5414 21.0646 34.8948 -18.314
ENERGY: 1200000         2.4011        12.9279         4.5296         0.0000         -10616.0651      1342.8958         0.0000         0.0000      1776.9866          -7476.3240       303.4341     -9253.3107     -7443.9313       298.9420           -842.0234      -800.8597     30124.5591      -200.1489      -145.8127
FEP:    1200000        19.8586    -10615.1427      1342.8165

WRITING EXTENDED SYSTEM TO RESTART FILE AT STEP 1200000
WRITING COORDINATES TO DCD FILE mobley_6456034_prod.dcd AT STEP 1200000
WRITING COORDINATES TO RESTART FILE AT STEP 1200000
FINISHED WRITING RESTART COORDINATES
WRITING VELOCITIES TO RESTART FILE AT STEP 1200000
FINISHED WRITING RESTART VELOCITIES
PRESSURE: 1300000 791.059 20.9001 -693.039 20.9005 7.71544 570.4 -693.043 570.401 422.623
GPRESSURE: 1300000 819.94 -491.849 -702.26 184.061 226.026 616.706 -892.295 334.193 142.581
PRESSAVG: 1300000 -389.882 -144.465 -46.9643 -144.465 -400.483 55.5028 -46.9643 55.5028 -109.342
GPRESSAVG: 1300000 -360.045 -43.5447 -62.141 -119.082 -362.683 84.3707 -13.1984 47.5596 -35.657
ENERGY: 1300000         3.8756         8.6013         4.8349         0.0000         -10725.9790      1475.3862         0.0000         0.0000      1754.7650          -7478.5160       299.6396     -9233.2810     -7446.4016       298.9918            407.1327       396.1826     29978.6100      -156.7717      -107.0988
FEP:    1300000        17.3118    -10725.9668      1475.2600

WRITING EXTENDED SYSTEM TO RESTART FILE AT STEP 1300000
WRITING COORDINATES TO DCD FILE mobley_6456034_prod.dcd AT STEP 1300000
WRITING COORDINATES TO RESTART FILE AT STEP 1300000
FINISHED WRITING RESTART COORDINATES
WRITING VELOCITIES TO RESTART FILE AT STEP 1300000
FINISHED WRITING RESTART VELOCITIES
PRESSURE: 1400000 602.68 -278.129 -451.779 -278.127 314.159 -349.298 -451.773 -349.299 1795.86
GPRESSURE: 1400000 843.032 -142.665 -522.037 -65.549 470.167 -625.257 -308.953 -332.925 1673.25
PRESSAVG: 1400000 -277.213 -135.006 -44.4778 -135.006 -338.553 51.693 -44.4778 51.693 -11.3478
GPRESSAVG: 1400000 -248.285 -6.19618 -63.9125 -120.443 -292.941 66.2544 6.91594 33.7336 64.5167
ENERGY: 1400000         3.6874        15.2411         4.1406         0.0000         -10766.2115      1511.4021         0.0000         0.0000      1729.3004          -7502.4399       295.2913     -9231.7403     -7450.1375       298.7451            904.2318       995.4823     29462.5465       -86.0381       -33.5934
FEP:    1400000        23.0690    -10765.4487      1512.1336

WRITING EXTENDED SYSTEM TO RESTART FILE AT STEP 1400000
WRITING COORDINATES TO DCD FILE mobley_6456034_prod.dcd AT STEP 1400000
WRITING COORDINATES TO RESTART FILE AT STEP 1400000
FINISHED WRITING RESTART COORDINATES
WRITING VELOCITIES TO RESTART FILE AT STEP 1400000
FINISHED WRITING RESTART VELOCITIES
PRESSURE: 1500000 -987.591 -197.893 326.044 -197.898 513.272 -293.958 326.043 -293.958 187.335
GPRESSURE: 1500000 -1022.14 -398.958 -25.1968 -297.346 570.998 -269.254 169.668 -422.537 173.028
PRESSAVG: 1500000 -305.363 -142.83 -14.2009 -142.83 -310.564 56.1381 -14.2009 56.1381 42.5902
GPRESSAVG: 1500000 -287.981 -36.5894 -43.8478 -131.671 -258.194 86.0038 14.0871 19.1754 110.974
ENERGY: 1500000         3.4788         9.2445         3.7551         0.0000         -10552.8485      1387.7469         0.0000         0.0000      1758.0808          -7390.5424       300.2058     -9148.6232     -7446.4128       298.8364            -95.6610       -92.7037     30045.6335       -86.6396       -37.2878
FEP:    1500000        16.4784    -10551.3134      1387.8274

WRITING EXTENDED SYSTEM TO RESTART FILE AT STEP 1500000
WRITING COORDINATES TO DCD FILE mobley_6456034_prod.dcd AT STEP 1500000
WRITING COORDINATES TO RESTART FILE AT STEP 1500000
FINISHED WRITING RESTART COORDINATES
WRITING VELOCITIES TO RESTART FILE AT STEP 1500000
FINISHED WRITING RESTART VELOCITIES
TCL: Running FEP window   9: Lambda1 0.5999999999999996 Lambda2 0.5499999999999996 [dLambda -0.050000000000000044]
TCL: Setting parameter firsttimestep to 0
TCL: Setting parameter alchLambda to 0.5999999999999996
Info: NONBONDED TABLE R-SQUARED SPACING: 0.0625
Info: NONBONDED TABLE SIZE: 705 POINTS
Info: INCONSISTENCY IN FAST TABLE ENERGY VS FORCE: 0.000290481 AT 0.251946
Info: INCONSISTENCY IN SCOR TABLE ENERGY VS FORCE: 0.000238233 AT 8.9687
Info: ABSOLUTE IMPRECISION IN VDWA TABLE ENERGY: 1.21169e-27 AT 8.99653
Info: ABSOLUTE IMPRECISION IN VDWA TABLE FORCE: 2.57484e-27 AT 8.99653
Info: INCONSISTENCY IN VDWA TABLE ENERGY VS FORCE: 0.0040507 AT 0.251946
Info: INCONSISTENCY IN VDWB TABLE ENERGY VS FORCE: 0.00150189 AT 0.251946
TCL: Setting parameter alchLambda2 to 0.5499999999999996
Info: NONBONDED TABLE R-SQUARED SPACING: 0.0625
Info: NONBONDED TABLE SIZE: 705 POINTS
Info: INCONSISTENCY IN FAST TABLE ENERGY VS FORCE: 0.000290481 AT 0.251946
Info: INCONSISTENCY IN SCOR TABLE ENERGY VS FORCE: 0.000238233 AT 8.9687
Info: ABSOLUTE IMPRECISION IN VDWA TABLE ENERGY: 1.21169e-27 AT 8.99653
Info: ABSOLUTE IMPRECISION IN VDWA TABLE FORCE: 2.57484e-27 AT 8.99653
Info: INCONSISTENCY IN VDWA TABLE ENERGY VS FORCE: 0.0040507 AT 0.251946
Info: INCONSISTENCY IN VDWB TABLE ENERGY VS FORCE: 0.00150189 AT 0.251946
TCL: Running for 1500000 steps
FEP: RESETTING FOR NEW FEP WINDOW LAMBDA SET TO 0.6 LAMBDA2 0.55
FEP: WINDOW TO HAVE 100000 STEPS OF EQUILIBRATION PRIOR TO FEP DATA COLLECTION.
FEP: USING CONSTANT TEMPERATURE OF 300 K FOR FEP CALCULATION
PRESSURE: 0 -1086.71 -284.431 267.68 -284.436 472.2 -291.014 267.681 -291.018 71.8557
GPRESSURE: 0 -1024.74 -398.31 -26.8169 -296.968 566.173 -266.773 170.523 -416.322 158.307
ETITLE:      TS           BOND          ANGLE          DIHED          IMPRP               ELECT            VDW       BOUNDARY           MISC        KINETIC               TOTAL           TEMP      POTENTIAL       TOTALAVG        TEMPAVG            PRESSURE      GPRESSURE         VOLUME       PRESSAVG      GPRESSAVG
FEPTITLE:    TS          BOND2         ELECT2           VDW2

ENERGY:       0         3.4788         9.2445         3.7551         0.0000         -10551.3130      1387.8275         0.0000         0.0000      1757.2166          -7389.7905       300.0582     -9147.0070     -7389.7905       300.0582           -180.8854      -100.0874     30045.6335      -180.8854      -100.0874
FEP:          0        16.4784    -10549.7779      1388.2074

PRESSURE: 100000 -1044.82 136.616 563.847 136.617 -267.887 177.323 563.847 177.319 -706.274
GPRESSURE: 100000 -910.454 264.238 701.845 0.425132 -211.631 189.699 240.679 397.579 -748.601
PRESSAVG: 100000 -335.502 -119.249 -6.41176 -119.249 -240.639 -0.599721 -6.41176 -0.599721 -28.5046
GPRESSAVG: 100000 -310.173 -8.64897 -45.9158 -123.328 -181.674 37.9056 -21.2614 -40.6521 36.099
ENERGY:  100000         3.5141        10.9650         5.1126         0.0000         -10564.6407      1366.2770         0.0000         0.0000      1796.0146          -7382.7575       306.6833     -9178.7720     -7386.2740       303.3708           -672.9923      -623.5618     30382.7180      -426.9389      -361.8246
FEP:     100000        19.5917    -10563.8547      1366.6852

WRITING EXTENDED SYSTEM TO RESTART FILE AT STEP 100000
WRITING COORDINATES TO DCD FILE mobley_6456034_prod.dcd AT STEP 100000
WRITING COORDINATES TO RESTART FILE AT STEP 100000
FINISHED WRITING RESTART COORDINATES
WRITING VELOCITIES TO RESTART FILE AT STEP 100000
FINISHED WRITING RESTART VELOCITIES
PRESSURE: 200000 449.39 -150.979 -32.4931 -150.976 15.1275 170.043 -32.4901 170.043 123.462
GPRESSURE: 200000 550.078 -13.5495 -158.21 -116.537 61.1023 187.208 -126.377 223.587 208.544
PRESSAVG: 200000 -246.972 -86.9893 13.3064 -86.9893 -216.435 18.2623 13.3064 18.2623 23.9672
GPRESSAVG: 200000 -208.342 17.8701 -33.9717 -101.183 -159.545 42.2636 -2.39443 -13.9037 83.8344
ENERGY:  200000         3.1853         9.0572         4.0955         0.0000         -10583.0346      1438.5701         0.0000         0.0000      1765.2000          -7362.9264       301.4215     -9128.1265     -7378.4915       302.7210            195.9933       273.2414     30397.1913      -219.2948      -150.1359
FEP:     200000        16.3380    -10582.6478      1438.5954

WRITING EXTENDED SYSTEM TO RESTART FILE AT STEP 200000
WRITING COORDINATES TO DCD FILE mobley_6456034_prod.dcd AT STEP 200000
WRITING COORDINATES TO RESTART FILE AT STEP 200000
FINISHED WRITING RESTART COORDINATES
WRITING VELOCITIES TO RESTART FILE AT STEP 200000
FINISHED WRITING RESTART VELOCITIES
PRESSURE: 300000 575.285 -449.301 700.049 -449.301 -414.454 323.705 700.05 323.705 -331.713
GPRESSURE: 300000 761.864 -490.81 493.546 -213.609 -437.393 499.31 1035.01 -53.957 -338.416
PRESSAVG: 300000 -202.724 -101.288 73.2559 -101.288 -167.774 31.2117 73.2559 31.2117 55.3357
GPRESSAVG: 300000 -148.04 -8.9242 23.1765 -110.682 -122.962 54.5975 50.9393 -1.20771 113.253
ENERGY:  300000         3.1453         9.3150         2.9065         0.0000         -10578.4777      1386.3925         0.0000         0.0000      1744.7866          -7431.9319       297.9357     -9176.7184     -7391.8516       301.5247            -56.9607        -4.6486     30064.5354      -178.7113      -113.7641
FEP:     300000        15.3667    -10578.2170      1386.2505

WRITING EXTENDED SYSTEM TO RESTART FILE AT STEP 300000
WRITING COORDINATES TO DCD FILE mobley_6456034_prod.dcd AT STEP 300000
WRITING COORDINATES TO RESTART FILE AT STEP 300000
FINISHED WRITING RESTART COORDINATES
WRITING VELOCITIES TO RESTART FILE AT STEP 300000
FINISHED WRITING RESTART VELOCITIES
PRESSURE: 400000 -721.486 531.271 1.57105 531.272 -463.909 -124.542 1.57132 -124.544 -600.565
GPRESSURE: 400000 -724.547 657.253 361.275 313.531 -528.99 -216.623 -125.393 -363.856 -464.335
PRESSAVG: 400000 -223.925 -65.7207 95.7519 -65.7207 -116.381 25.3253 95.7519 25.3253 75.9807
GPRESSAVG: 400000 -161.799 21.7546 73.884 -93.6891 -90.7948 31.3192 46.6218 -3.76037 136.968
ENERGY:  400000         4.4318        12.1141         3.6667         0.0000         -10629.8878      1403.7119         0.0000         0.0000      1762.4683          -7443.4950       300.9550     -9205.9633     -7402.1803       301.4107           -595.3198      -572.6243     30478.3411      -262.0330      -205.5361
FEP:     400000        20.2126    -10628.8739      1403.9185

WRITING EXTENDED SYSTEM TO RESTART FILE AT STEP 400000
WRITING COORDINATES TO DCD FILE mobley_6456034_prod.dcd AT STEP 400000
WRITING COORDINATES TO RESTART FILE AT STEP 400000
FINISHED WRITING RESTART COORDINATES
WRITING VELOCITIES TO RESTART FILE AT STEP 400000
FINISHED WRITING RESTART VELOCITIES
PRESSURE: 500000 338.074 26.1454 -345.819 26.1471 -32.0181 309.73 -345.82 309.731 104.149
GPRESSURE: 500000 499.26 -212.843 -501.834 500.439 -76.9408 386.372 -401.88 222.141 198.549
PRESSAVG: 500000 -227.658 -83.6 86.1004 -83.6 -133.724 65.4967 86.1004 65.4967 -32.0908
GPRESSAVG: 500000 -155.638 -12.1473 50.4323 -90.7862 -111.81 82.7515 23.9919 24.8423 25.9685
ENERGY:  500000         4.9269        13.0993         3.5341         0.0000         -10711.5247      1489.0788         0.0000         0.0000      1732.2431          -7468.6425       295.7938     -9200.8856     -7413.2573       300.4746            136.7348       206.9560     30229.3256      -195.5717      -136.7874
FEP:     500000        21.5603    -10710.8881      1488.3688

WRITING EXTENDED SYSTEM TO RESTART FILE AT STEP 500000
WRITING COORDINATES TO DCD FILE mobley_6456034_prod.dcd AT STEP 500000
WRITING COORDINATES TO RESTART FILE AT STEP 500000
FINISHED WRITING RESTART COORDINATES
WRITING VELOCITIES TO RESTART FILE AT STEP 500000
FINISHED WRITING RESTART VELOCITIES
PRESSURE: 600000 1489.95 -390.426 -199.358 -390.425 503.311 -80.2815 -199.357 -80.2835 1355.96
GPRESSURE: 600000 1499.47 -67.6276 -257.181 -493.198 581.363 176.776 -484.426 -180.697 1452.8
PRESSAVG: 600000 -140.577 -84.435 73.9644 -84.435 -78.5846 53.6445 73.9644 53.6445 -1.28593
GPRESSAVG: 600000 -61.02 -3.7564 46.4622 -99.5449 -59.1146 96.8009 -19.6817 6.64085 55.6314
ENERGY:  600000         2.1370        11.6552         2.2360         0.0000         -10756.1613      1570.2696         0.0000         0.0000      1782.4666          -7387.3969       304.3699     -9169.8635     -7409.5630       301.0311           1116.4080      1177.8783     30069.2291        -8.1460        51.0219
FEP:     600000        16.0282    -10756.1767      1570.7022

WRITING EXTENDED SYSTEM TO RESTART FILE AT STEP 600000
WRITING COORDINATES TO DCD FILE mobley_6456034_prod.dcd AT STEP 600000
WRITING COORDINATES TO RESTART FILE AT STEP 600000
FINISHED WRITING RESTART COORDINATES
WRITING VELOCITIES TO RESTART FILE AT STEP 600000
FINISHED WRITING RESTART VELOCITIES
PRESSURE: 700000 811.209 -290.486 -303.017 -290.487 736.137 258.219 -303.017 258.217 -123.092
GPRESSURE: 700000 838.972 -35.4221 -578.136 -302.208 713.066 277.783 -265.102 231.383 192.701
PRESSAVG: 700000 -111.925 -88.4336 54.3578 -88.4336 -94.0088 63.6684 54.3578 63.6684 -53.5436
GPRESSAVG: 700000 -42.7074 1.34382 9.49954 -94.9073 -69.1031 109.158 -38.4639 1.87605 14.716
ENERGY:  700000         2.2775        10.8814         4.6663         0.0000         -10637.7562      1465.6801         0.0000         0.0000      1802.6338          -7351.6171       307.8136     -9154.2509     -7402.3197       301.8789            474.7513       581.5794     30233.0832        52.2161       117.3416
FEP:     700000        17.8252    -10637.0894      1465.2413

WRITING EXTENDED SYSTEM TO RESTART FILE AT STEP 700000
WRITING COORDINATES TO DCD FILE mobley_6456034_prod.dcd AT STEP 700000
WRITING COORDINATES TO RESTART FILE AT STEP 700000
FINISHED WRITING RESTART COORDINATES
WRITING VELOCITIES TO RESTART FILE AT STEP 700000
FINISHED WRITING RESTART VELOCITIES
PRESSURE: 800000 73.7951 211.752 -142.119 211.751 -247.002 433.47 -142.115 433.471 11.4985
GPRESSURE: 800000 235.767 291.274 -381.406 68.1525 -246.5 250.349 -144.267 465.011 5.94167
PRESSAVG: 800000 -114.359 -53.915 30.6236 -53.915 -86.9921 80.6071 30.6236 80.6071 -35.9694
GPRESSAVG: 800000 -32.428 24.2812 -33.7631 -75.1072 -71.0354 107.028 -51.7223 32.4515 22.6643
ENERGY:  800000         2.5605         9.9287         5.3647         0.0000         -10647.2394      1433.7317         0.0000         0.0000      1801.1752          -7394.4785       307.5645     -9195.6537     -7401.4485       302.5106            -53.9030        -1.5971     30248.7033        40.4251       104.1262
FEP:     800000        17.8540    -10646.5879      1433.3992

WRITING EXTENDED SYSTEM TO RESTART FILE AT STEP 800000
WRITING COORDINATES TO DCD FILE mobley_6456034_prod.dcd AT STEP 800000
WRITING COORDINATES TO RESTART FILE AT STEP 800000
FINISHED WRITING RESTART COORDINATES
WRITING VELOCITIES TO RESTART FILE AT STEP 800000
FINISHED WRITING RESTART VELOCITIES
PRESSURE: 900000 726.42 -46.9254 142.195 -46.9252 558.398 561.08 142.196 561.081 1453.4
GPRESSURE: 900000 819.089 56.0501 26.3411 -259.788 510.74 396.271 -1.21988 623.806 1517.13
PRESSAVG: 900000 -53.694 -70.9009 43.5961 -70.9009 -79.2951 130.171 43.5961 130.171 29.039
GPRESSAVG: 900000 37.2546 2.77118 -19.936 -99.5583 -64.4739 147.739 -54.7275 74.6037 75.1899
ENERGY:  900000         0.6710        10.9125         4.6977         0.0000         -10785.7065      1558.4751         0.0000         0.0000      1780.5552          -7430.3951       304.0435     -9210.9502     -7404.3431       302.6639            912.7411       948.9857     30317.8915       127.6567       188.6122
FEP:     900000        16.2811    -10785.2655      1558.8670

WRITING EXTENDED SYSTEM TO RESTART FILE AT STEP 900000
WRITING COORDINATES TO DCD FILE mobley_6456034_prod.dcd AT STEP 900000
WRITING COORDINATES TO RESTART FILE AT STEP 900000
FINISHED WRITING RESTART COORDINATES
WRITING VELOCITIES TO RESTART FILE AT STEP 900000
FINISHED WRITING RESTART VELOCITIES
PRESSURE: 1000000 -659.771 476.677 -328.963 476.678 -1992.06 -115.166 -328.96 -115.162 -1151.84
GPRESSURE: 1000000 -830.031 515.123 -491.693 521.575 -1916.18 -423.815 -419.905 -182.189 -1084.57
PRESSAVG: 1000000 -37.8172 -63.1395 -1.69607 -63.1395 -134.681 114.087 -1.69607 114.087 12.4332
GPRESSAVG: 1000000 41.4201 17.9968 -69.4354 -83.3067 -112.538 108.342 -93.4794 56.5891 58.8886
TIMING: 1000000  CPU: 4021.9, 0.000308957/step  Wall: 4065.32, 0.00031299/step, 552.095 ns/days, 0.0434708 hours remaining, 0.000000 MB of memory in use.
PERFORMANCE: 1000000  averaging 552.671 ns/day, 0.000312663 sec/step with standard deviation 4.26884e-07
ETITLE:      TS           BOND          ANGLE          DIHED          IMPRP               ELECT            VDW       BOUNDARY           MISC        KINETIC               TOTAL           TEMP      POTENTIAL       TOTALAVG        TEMPAVG            PRESSURE      GPRESSURE         VOLUME       PRESSAVG      GPRESSAVG
FEPTITLE:    TS          BOND2         ELECT2           VDW2

ENERGY: 1000000         3.7350        11.3287         7.5575         0.0000         -10434.8832      1297.3987         0.0000         0.0000      1706.7837          -7408.0796       291.4464     -9114.8633     -7404.6828       301.6441          -1267.8924     -1276.9283     30759.3268         0.7886        55.3812
FEP:    1000000        22.6212    -10434.6641      1297.8210

WRITING EXTENDED SYSTEM TO RESTART FILE AT STEP 1000000
WRITING COORDINATES TO DCD FILE mobley_6456034_prod.dcd AT STEP 1000000
WRITING COORDINATES TO RESTART FILE AT STEP 1000000
FINISHED WRITING RESTART COORDINATES
WRITING VELOCITIES TO RESTART FILE AT STEP 1000000
FINISHED WRITING RESTART VELOCITIES
PRESSURE: 1100000 20.9062 -101.396 134.018 -101.399 -371.342 -523.405 134.021 -523.404 144.137
GPRESSURE: 1100000 41.5069 -23.5475 229.096 -70.8165 -177.253 -156.937 -94.919 -692.977 223.082
PRESSAVG: 1100000 -49.43 -80.4688 -5.51514 -80.4688 -157.609 70.5068 -5.51514 70.5068 27.3273
GPRESSAVG: 1100000 32.9496 -1.0022 -72.7513 -80.0736 -133.594 82.3382 -95.2109 4.34766 67.9091
ENERGY: 1100000         2.7709        10.5845         5.2365         0.0000         -10662.2468      1424.7076         0.0000         0.0000      1791.1184          -7427.8289       305.8472     -9218.9473     -7406.6117       301.9944            -68.7664        29.1120     30115.2947        -5.0076        53.1921
FEP:    1100000        18.5919    -10661.7504      1424.4058

WRITING EXTENDED SYSTEM TO RESTART FILE AT STEP 1100000
WRITING COORDINATES TO DCD FILE mobley_6456034_prod.dcd AT STEP 1100000
WRITING COORDINATES TO RESTART FILE AT STEP 1100000
FINISHED WRITING RESTART COORDINATES
WRITING VELOCITIES TO RESTART FILE AT STEP 1100000
FINISHED WRITING RESTART VELOCITIES
PRESSURE: 1200000 365.847 -401.294 326.85 -401.294 -54.6433 38.8271 326.849 38.8286 -1625.64
GPRESSURE: 1200000 422.458 -652.867 267.278 -349.305 37.1623 -297.691 415.694 196.439 -1266.87
PRESSAVG: 1200000 -27.9857 -68.0874 8.99989 -68.0874 -107.225 70.8834 8.99989 70.8834 -15.3722
GPRESSAVG: 1200000 53.2877 -15.4896 -64.7998 -58.6579 -74.3478 63.5225 -73.9859 -6.14122 39.7282
ENERGY: 1200000         1.6592         9.0124         6.3794         0.0000         -10716.2846      1425.8127         0.0000         0.0000      1830.6962          -7442.7246       312.6054     -9273.4208     -7409.3896       302.8106           -438.1451      -269.0843     30295.1166       -38.3259        28.4016
FEP:    1200000        17.0510    -10716.1758      1425.1332

WRITING EXTENDED SYSTEM TO RESTART FILE AT STEP 1200000
WRITING COORDINATES TO DCD FILE mobley_6456034_prod.dcd AT STEP 1200000
WRITING COORDINATES TO RESTART FILE AT STEP 1200000
FINISHED WRITING RESTART COORDINATES
WRITING VELOCITIES TO RESTART FILE AT STEP 1200000
FINISHED WRITING RESTART VELOCITIES
PRESSURE: 1300000 -486.838 -91.178 716.264 -91.18 651.005 -288.238 716.264 -288.238 -0.253313
GPRESSURE: 1300000 -192.68 67.8832 533.515 146.235 711.743 -99.588 815.657 -391.569 -211.397
PRESSAVG: 1300000 -29.4202 -64.2902 45.7313 -64.2902 -86.1006 28.9564 45.7313 28.9564 7.68654
GPRESSAVG: 1300000 65.4929 -21.4016 -47.2245 -42.1505 -46.8996 34.8955 -19.3798 -42.2004 38.1162
ENERGY: 1300000         4.6879        12.1400         5.5614         0.0000         -10642.5740      1434.5377         0.0000         0.0000      1745.0881          -7440.5588       297.9872     -9185.6469     -7411.6160       302.4661             54.6379       102.5555     30170.2427       -31.6856        33.6983
FEP:    1300000        22.3893    -10642.5814      1434.0437

WRITING EXTENDED SYSTEM TO RESTART FILE AT STEP 1300000
WRITING COORDINATES TO DCD FILE mobley_6456034_prod.dcd AT STEP 1300000
WRITING COORDINATES TO RESTART FILE AT STEP 1300000
FINISHED WRITING RESTART COORDINATES
WRITING VELOCITIES TO RESTART FILE AT STEP 1300000
FINISHED WRITING RESTART VELOCITIES
PRESSURE: 1400000 -783.068 -502.098 51.7843 -502.096 887.475 -185.123 51.7842 -185.126 282.777
GPRESSURE: 1400000 -577.856 -404.917 -54.9498 -339.297 888.342 185.773 -40.6585 -321.722 345.048
PRESSAVG: 1400000 -15.4288 -110.924 37.5605 -110.924 -9.61828 16.3765 37.5605 16.3765 50.3091
GPRESSAVG: 1400000 90.015 -71.9326 -51.8324 -76.556 26.1786 42.9335 -23.8831 -53.4478 87.8444
ENERGY: 1400000         1.6235        11.7036         3.0516         0.0000         -10641.8154      1456.2978         0.0000         0.0000      1735.8687          -7433.2702       296.4129     -9169.1389     -7413.0596       302.0625            129.0611       218.5114     30638.4120       -20.9692        46.0192
FEP:    1400000        16.3787    -10641.7008      1455.3302

WRITING EXTENDED SYSTEM TO RESTART FILE AT STEP 1400000
WRITING COORDINATES TO DCD FILE mobley_6456034_prod.dcd AT STEP 1400000
WRITING COORDINATES TO RESTART FILE AT STEP 1400000
FINISHED WRITING RESTART COORDINATES
WRITING VELOCITIES TO RESTART FILE AT STEP 1400000
FINISHED WRITING RESTART VELOCITIES
PRESSURE: 1500000 151.613 87.3985 -574.612 87.3999 555.62 -146.001 -574.613 -145.999 -192.621
GPRESSURE: 1500000 11.9785 25.2512 -412.458 424.795 734.85 -507.839 -692.042 -189.06 104.669
PRESSAVG: 1500000 0.940672 -105.622 7.67679 -105.622 19.5086 26.3883 7.67679 26.3883 14.1527
GPRESSAVG: 1500000 76.8704 -73.0577 -71.2939 -55.0615 74.5947 22.4081 -60.8012 -39.5675 69.3682
ENERGY: 1500000         2.6924         9.4372         4.1262         0.0000         -10676.1365      1471.0194         0.0000         0.0000      1768.1056          -7420.7556       301.9176     -9188.8612     -7413.5406       302.0535            171.5375       283.8323     30401.0189        -8.9375        60.8825
FEP:    1500000        16.2558    -10675.3674      1471.6405

WRITING EXTENDED SYSTEM TO RESTART FILE AT STEP 1500000
WRITING COORDINATES TO DCD FILE mobley_6456034_prod.dcd AT STEP 1500000
WRITING COORDINATES TO RESTART FILE AT STEP 1500000
FINISHED WRITING RESTART COORDINATES
WRITING VELOCITIES TO RESTART FILE AT STEP 1500000
FINISHED WRITING RESTART VELOCITIES
TCL: Running FEP window  10: Lambda1 0.5499999999999996 Lambda2 0.4999999999999996 [dLambda -0.04999999999999999]
TCL: Setting parameter firsttimestep to 0
TCL: Setting parameter alchLambda to 0.5499999999999996
Info: NONBONDED TABLE R-SQUARED SPACING: 0.0625
Info: NONBONDED TABLE SIZE: 705 POINTS
Info: INCONSISTENCY IN FAST TABLE ENERGY VS FORCE: 0.000290481 AT 0.251946
Info: INCONSISTENCY IN SCOR TABLE ENERGY VS FORCE: 0.000238233 AT 8.9687
Info: ABSOLUTE IMPRECISION IN VDWA TABLE ENERGY: 1.21169e-27 AT 8.99653
Info: ABSOLUTE IMPRECISION IN VDWA TABLE FORCE: 2.57484e-27 AT 8.99653
Info: INCONSISTENCY IN VDWA TABLE ENERGY VS FORCE: 0.0040507 AT 0.251946
Info: INCONSISTENCY IN VDWB TABLE ENERGY VS FORCE: 0.00150189 AT 0.251946
TCL: Setting parameter alchLambda2 to 0.4999999999999996
Info: NONBONDED TABLE R-SQUARED SPACING: 0.0625
Info: NONBONDED TABLE SIZE: 705 POINTS
Info: INCONSISTENCY IN FAST TABLE ENERGY VS FORCE: 0.000290481 AT 0.251946
Info: INCONSISTENCY IN SCOR TABLE ENERGY VS FORCE: 0.000238233 AT 8.9687
Info: ABSOLUTE IMPRECISION IN VDWA TABLE ENERGY: 1.21169e-27 AT 8.99653
Info: ABSOLUTE IMPRECISION IN VDWA TABLE FORCE: 2.57484e-27 AT 8.99653
Info: INCONSISTENCY IN VDWA TABLE ENERGY VS FORCE: 0.0040507 AT 0.251946
Info: INCONSISTENCY IN VDWB TABLE ENERGY VS FORCE: 0.00150189 AT 0.251946
TCL: Running for 1500000 steps
FEP: RESETTING FOR NEW FEP WINDOW LAMBDA SET TO 0.55 LAMBDA2 0.5
FEP: WINDOW TO HAVE 100000 STEPS OF EQUILIBRATION PRIOR TO FEP DATA COLLECTION.
FEP: USING CONSTANT TEMPERATURE OF 300 K FOR FEP CALCULATION
PRESSURE: 0 176.108 82.887 -622.075 82.8877 477.5 -160.191 -622.075 -160.189 -99.7554
GPRESSURE: 0 12.4392 24.6214 -408.159 423.307 732.625 -500.574 -690.407 -183.17 100.82
ETITLE:      TS           BOND          ANGLE          DIHED          IMPRP               ELECT            VDW       BOUNDARY           MISC        KINETIC               TOTAL           TEMP      POTENTIAL       TOTALAVG        TEMPAVG            PRESSURE      GPRESSURE         VOLUME       PRESSAVG      GPRESSAVG
FEPTITLE:    TS          BOND2         ELECT2           VDW2

ENERGY:       0         2.6924         9.4372         4.1262         0.0000         -10675.3645      1471.6410         0.0000         0.0000      1767.2282          -7420.2395       301.7678     -9187.4678     -7420.2395       301.7678            184.6176       281.9617     30401.0189       184.6176       281.9617
FEP:          0        16.2558    -10674.5955      1472.3624

PRESSURE: 100000 -1011.19 85.775 -233.837 85.7737 125.277 -458.01 -233.84 -458.012 93.2505
GPRESSURE: 100000 -785.489 36.8285 -118.904 -198.883 234.938 -550.023 -362.006 -440.449 16.8699
PRESSAVG: 100000 -50.0094 -77.3009 -0.187715 -77.3009 98.3081 -37.1417 -0.187715 -37.1417 39.5965
GPRESSAVG: 100000 23.399 -45.1498 -66.2043 -30.2522 160.919 -68.2416 -65.5161 -90.5742 112.827
ENERGY:  100000         4.7503        12.3649         3.9696         0.0000         -10766.5404      1461.3268         0.0000         0.0000      1715.4824          -7568.6463       292.9318     -9284.1287     -7494.4429       297.3498           -264.2203      -177.8938     30325.7512       -39.8014        52.0340
FEP:     100000        21.0848    -10766.7716      1461.8277

WRITING EXTENDED SYSTEM TO RESTART FILE AT STEP 100000
WRITING COORDINATES TO DCD FILE mobley_6456034_prod.dcd AT STEP 100000
WRITING COORDINATES TO RESTART FILE AT STEP 100000
FINISHED WRITING RESTART COORDINATES
WRITING VELOCITIES TO RESTART FILE AT STEP 100000
FINISHED WRITING RESTART VELOCITIES
PRESSURE: 200000 -438.207 -299.219 -422.529 -299.219 -434.81 506.12 -422.534 506.121 218.843
GPRESSURE: 200000 -395.809 -385.507 -558.08 -323.134 -582.868 377.163 122 613.548 442.085
PRESSAVG: 200000 -102.054 -78.3555 1.27426 -78.3555 60.8596 5.62925 1.27426 5.62925 -39.2541
GPRESSAVG: 200000 -38.5431 -57.2919 -68.0064 -43.1315 108.267 -18.1206 -43.9685 -43.2506 51.2689
ENERGY:  200000         4.1303        11.6664         3.8764         0.0000         -10602.4355      1380.0510         0.0000         0.0000      1785.1005          -7417.6107       304.8196     -9202.7113     -7468.8322       299.8397           -218.0582      -178.8639     29638.6190       -99.2203       -24.9320
FEP:     200000        19.6731    -10602.8250      1380.0199

WRITING EXTENDED SYSTEM TO RESTART FILE AT STEP 200000
WRITING COORDINATES TO DCD FILE mobley_6456034_prod.dcd AT STEP 200000
WRITING COORDINATES TO RESTART FILE AT STEP 200000
FINISHED WRITING RESTART COORDINATES
WRITING VELOCITIES TO RESTART FILE AT STEP 200000
FINISHED WRITING RESTART VELOCITIES
PRESSURE: 300000 222.989 -44.1794 -699.267 -44.1788 373.062 20.0932 -699.27 20.0945 -190.486
GPRESSURE: 300000 147.977 -405.823 -885.241 -1.78405 345.654 67.6714 -629.291 52.4166 93.6786
PRESSAVG: 300000 -41.5248 -70.6696 -49.9914 -70.6696 53.8491 21.3319 -49.9914 21.3319 -58.1452
GPRESSAVG: 300000 19.9626 -57.6351 -111.009 -28.3534 97 -1.27433 -83.9164 -19.5029 47.3015
ENERGY:  300000         2.7506        13.1301         3.5661         0.0000         -10482.7635      1432.8384         0.0000         0.0000      1719.4171          -7311.0612       293.6037     -9030.4783     -7429.3894       298.2807            135.1881       195.7699     30779.7715       -40.6182        30.2435
FEP:     300000        19.4469    -10482.6813      1433.2039

WRITING EXTENDED SYSTEM TO RESTART FILE AT STEP 300000
WRITING COORDINATES TO DCD FILE mobley_6456034_prod.dcd AT STEP 300000
WRITING COORDINATES TO RESTART FILE AT STEP 300000
FINISHED WRITING RESTART COORDINATES
WRITING VELOCITIES TO RESTART FILE AT STEP 300000
FINISHED WRITING RESTART VELOCITIES
PRESSURE: 400000 1220.54 95.4568 152.837 95.4549 984.708 312.849 152.835 312.848 631.254
GPRESSURE: 400000 1440.61 286.018 -12.5659 84.8497 1017.96 447.477 304.585 337.825 476.599
PRESSAVG: 400000 73.8377 -51.675 -55.7337 -51.675 79.4745 51.5252 -55.7337 51.5252 -30.1753
GPRESSAVG: 400000 143.23 -23.4187 -110.296 -9.26249 119.59 34.4382 -77.2133 18.2045 63.2161
ENERGY:  400000         2.9491        12.3636         3.1889         0.0000         -10890.5411      1570.6036         0.0000         0.0000      1801.3680          -7500.0679       307.5974     -9301.4359     -7443.5251       300.1441            945.5005       978.3926     29913.6121       156.6055       219.8733
FEP:     400000        18.5016    -10890.9227      1570.5949

WRITING EXTENDED SYSTEM TO RESTART FILE AT STEP 400000
WRITING COORDINATES TO DCD FILE mobley_6456034_prod.dcd AT STEP 400000
WRITING COORDINATES TO RESTART FILE AT STEP 400000
FINISHED WRITING RESTART COORDINATES
WRITING VELOCITIES TO RESTART FILE AT STEP 400000
FINISHED WRITING RESTART VELOCITIES
PRESSURE: 500000 -241.236 -278.736 -160.774 -278.736 1171.9 -60.7821 -160.775 -60.7812 149.91
GPRESSURE: 500000 -94.9626 -174.828 211.022 -351.198 1196.19 -40.7228 -423.787 193.083 130.235
PRESSAVG: 500000 114.017 -72.4427 -91.9648 -72.4427 151.464 39.6201 -91.9648 39.6201 12.6339
GPRESSAVG: 500000 184.005 -45.372 -134.837 -26.8436 189.981 22.917 -110.437 7.97969 107.158
ENERGY:  500000         5.3074        10.7939         4.9216         0.0000         -10646.5565      1479.1157         0.0000         0.0000      1733.7930          -7412.6249       296.0585     -9146.4179     -7438.3751       299.4631            360.1898       410.4874     30179.2878       190.5362       251.6423
FEP:     500000        21.0230    -10646.4121      1479.4265

WRITING EXTENDED SYSTEM TO RESTART FILE AT STEP 500000
WRITING COORDINATES TO DCD FILE mobley_6456034_prod.dcd AT STEP 500000
WRITING COORDINATES TO RESTART FILE AT STEP 500000
FINISHED WRITING RESTART COORDINATES
WRITING VELOCITIES TO RESTART FILE AT STEP 500000
FINISHED WRITING RESTART VELOCITIES
PRESSURE: 600000 -1482.62 -260.275 -315.86 -260.276 -697.857 -116.644 -315.862 -116.642 -667.79
GPRESSURE: 600000 -1202.88 -389.878 -311.286 -203.484 -732.163 -479.81 -424.538 -119.314 -748.931
PRESSAVG: 600000 17.4164 -77.9077 -106.133 -77.9077 115.814 25.2859 -106.133 25.2859 -26.9287
GPRESSAVG: 600000 96.3573 -64.1884 -142.491 -31.191 150.317 -10.4338 -125.345 -9.16535 59.2841
ENERGY:  600000         3.2121        11.4820         5.8915         0.0000         -10446.9148      1318.6325         0.0000         0.0000      1750.6484          -7357.0482       298.9367     -9107.6966     -7426.7570       299.3879           -949.4211      -894.6568     30801.7382        27.6852        87.8853
FEP:     600000        20.5856    -10445.7785      1318.6281

WRITING EXTENDED SYSTEM TO RESTART FILE AT STEP 600000
WRITING COORDINATES TO DCD FILE mobley_6456034_prod.dcd AT STEP 600000
WRITING COORDINATES TO RESTART FILE AT STEP 600000
FINISHED WRITING RESTART COORDINATES
WRITING VELOCITIES TO RESTART FILE AT STEP 600000
FINISHED WRITING RESTART VELOCITIES
PRESSURE: 700000 779.444 -238.978 -67.8889 -238.98 1413.85 -66.8865 -67.8876 -66.8832 300.903
GPRESSURE: 700000 850.72 -234.518 -65.6257 181.677 1525.99 10.9587 -157.457 -175.177 427.556
PRESSAVG: 700000 27.6244 -67.3916 -144.53 -67.3916 207.23 5.75649 -144.53 5.75649 4.70203
GPRESSAVG: 700000 100.8 -51.3738 -170.45 -11.4267 248.486 -34.8514 -184.968 -15.2263 97.5827
ENERGY:  700000         1.9225        10.0028         3.6054         0.0000         -10757.3864      1542.4492         0.0000         0.0000      1711.2916          -7488.1150       292.2162     -9199.4065     -7434.4267       298.4915            831.3992       934.7550     30022.7857       128.1494       193.7440
FEP:     700000        15.5306    -10757.4622      1542.7213

WRITING EXTENDED SYSTEM TO RESTART FILE AT STEP 700000
WRITING COORDINATES TO DCD FILE mobley_6456034_prod.dcd AT STEP 700000
WRITING COORDINATES TO RESTART FILE AT STEP 700000
FINISHED WRITING RESTART COORDINATES
WRITING VELOCITIES TO RESTART FILE AT STEP 700000
FINISHED WRITING RESTART VELOCITIES
PRESSURE: 800000 -375.343 1033.33 699.339 1033.33 -278.163 399.176 699.339 399.181 -405.992
GPRESSURE: 800000 -456.613 841.309 595.169 996.561 -200.909 347.264 804.183 25.3704 -197.55
PRESSAVG: 800000 44.9315 -42.2888 -109.642 -42.2888 216.517 31.9427 -109.642 31.9427 14.4307
GPRESSAVG: 800000 114.197 -42.171 -158.755 22.7247 264.891 -6.65705 -138.489 4.23498 110.922
ENERGY:  800000         1.6664        12.5365         4.0060         0.0000         -10540.4661      1362.3041         0.0000         0.0000      1839.0825          -7320.8706       314.0375     -9159.9531     -7421.8094       300.2188           -353.1659      -285.0244     30227.0348        74.6700       140.5475
FEP:     800000        18.2090    -10540.0724      1362.6847

WRITING EXTENDED SYSTEM TO RESTART FILE AT STEP 800000
WRITING COORDINATES TO DCD FILE mobley_6456034_prod.dcd AT STEP 800000
WRITING COORDINATES TO RESTART FILE AT STEP 800000
FINISHED WRITING RESTART COORDINATES
WRITING VELOCITIES TO RESTART FILE AT STEP 800000
FINISHED WRITING RESTART VELOCITIES
PRESSURE: 900000 435.973 -334.754 155.967 -334.754 382.615 -538.465 155.967 -538.466 1018.69
GPRESSURE: 900000 693.182 -421.242 -166.476 -432.039 515.409 -292.096 70.7748 -129.854 1003.72
PRESSAVG: 900000 49.8265 -60.3338 -84.5525 -60.3338 237.249 -10.4671 -84.5525 -10.4671 60.1577
GPRESSAVG: 900000 123.893 -52.591 -141.987 -23.8992 294.508 -40.5805 -114.857 -13.3647 151.18
ENERGY:  900000         3.6299        15.6831         4.4851         0.0000         -10675.0503      1501.4342         0.0000         0.0000      1782.6963          -7367.1217       304.4091     -9149.8180     -7416.3406       300.6378            612.4262       737.4369     30068.1394       128.4456       200.2365
FEP:     900000        23.7981    -10675.4597      1501.2795

WRITING EXTENDED SYSTEM TO RESTART FILE AT STEP 900000
WRITING COORDINATES TO DCD FILE mobley_6456034_prod.dcd AT STEP 900000
WRITING COORDINATES TO RESTART FILE AT STEP 900000
FINISHED WRITING RESTART COORDINATES
WRITING VELOCITIES TO RESTART FILE AT STEP 900000
FINISHED WRITING RESTART VELOCITIES
PRESSURE: 1000000 -566.024 564.196 65.0228 564.194 570.142 -318.254 65.0197 -318.253 -144.065
GPRESSURE: 1000000 -491.405 526.854 -81.8955 659.288 693.174 -57.0754 239.593 -196.475 -77.3957
PRESSAVG: 1000000 -52.9724 -12.6029 -71.3336 -12.6029 240.59 -22.3656 -71.3336 -22.3656 -14.8435
GPRESSAVG: 1000000 24.3491 -22.8669 -133.223 33.7252 300.099 -52.273 -78.6556 -14.1536 74.6707
TIMING: 1000000  CPU: 4485.87, 0.000309416/step  Wall: 4535.25, 0.000313376/step, 551.414 ns/days, 0.0435245 hours remaining, 0.000000 MB of memory in use.
PERFORMANCE: 1000000  averaging 552.545 ns/day, 0.000312734 sec/step with standard deviation 4.61325e-07
ETITLE:      TS           BOND          ANGLE          DIHED          IMPRP               ELECT            VDW       BOUNDARY           MISC        KINETIC               TOTAL           TEMP      POTENTIAL       TOTALAVG        TEMPAVG            PRESSURE      GPRESSURE         VOLUME       PRESSAVG      GPRESSAVG
FEPTITLE:    TS          BOND2         ELECT2           VDW2

ENERGY: 1000000         2.7980        10.7294         5.8311         0.0000         -10674.4022      1457.3600         0.0000         0.0000      1742.0246          -7455.6590       297.4641     -9197.6836     -7419.9150       300.3493            -46.6489        41.4579     30470.5257       112.5279       185.8020
FEP:    1000000        19.3586    -10674.1845      1457.7709

WRITING EXTENDED SYSTEM TO RESTART FILE AT STEP 1000000
WRITING COORDINATES TO DCD FILE mobley_6456034_prod.dcd AT STEP 1000000
WRITING COORDINATES TO RESTART FILE AT STEP 1000000
FINISHED WRITING RESTART COORDINATES
WRITING VELOCITIES TO RESTART FILE AT STEP 1000000
FINISHED WRITING RESTART VELOCITIES
PRESSURE: 1100000 311.499 -303.142 55.5428 -303.139 905.091 -113.839 55.5416 -113.84 290.534
GPRESSURE: 1100000 299.828 -87.0358 -108.353 -572.532 954.105 133.495 10.2886 -148.737 330.266
PRESSAVG: 1100000 -77.9579 -13.2355 -53.4057 -13.2355 249.038 -40.9684 -53.4057 -40.9684 5.83777
GPRESSAVG: 1100000 -2.60806 -25.4476 -109.734 20.209 312.151 -59.4874 -64.8861 -33.1596 81.5489
ENERGY: 1100000         1.7786        10.6236         4.4833         0.0000         -10681.1759      1471.7181         0.0000         0.0000      1803.0368          -7389.5356       307.8824     -9192.5724     -7417.3834       300.9771            502.3744       528.0664     30142.2414       145.0151       214.3241
FEP:    1100000        16.8855    -10680.5009      1471.4645

WRITING EXTENDED SYSTEM TO RESTART FILE AT STEP 1100000
WRITING COORDINATES TO DCD FILE mobley_6456034_prod.dcd AT STEP 1100000
WRITING COORDINATES TO RESTART FILE AT STEP 1100000
FINISHED WRITING RESTART COORDINATES
WRITING VELOCITIES TO RESTART FILE AT STEP 1100000
FINISHED WRITING RESTART VELOCITIES
PRESSURE: 1200000 -686.172 -896.358 -271.909 -896.358 -650.017 -201.037 -271.912 -201.037 -699.796
GPRESSURE: 1200000 -598.445 -533.807 -195.761 -831.066 -537.53 -49.226 -223.257 -501.044 -785.736
PRESSAVG: 1200000 -115.956 -68.641 -59.8955 -68.641 228.887 -72.6938 -59.8955 -72.6938 -29.727
GPRESSAVG: 1200000 -44.3186 -66.7016 -100.451 -24.7519 297.599 -74.4662 -68.8356 -81.4624 41.965
ENERGY: 1200000         3.5418        12.6680         2.6602         0.0000         -10531.7807      1372.6674         0.0000         0.0000      1746.8769          -7393.3664       298.2927     -9140.2433     -7415.5359       300.7706           -678.6615      -640.5700     30760.7189        81.6554       148.5630
FEP:    1200000        18.8700    -10531.7285      1373.3930

WRITING EXTENDED SYSTEM TO RESTART FILE AT STEP 1200000
WRITING COORDINATES TO DCD FILE mobley_6456034_prod.dcd AT STEP 1200000
WRITING COORDINATES TO RESTART FILE AT STEP 1200000
FINISHED WRITING RESTART COORDINATES
WRITING VELOCITIES TO RESTART FILE AT STEP 1200000
FINISHED WRITING RESTART VELOCITIES
PRESSURE: 1300000 -35.8569 304.734 244.973 304.735 672.05 1083.79 244.973 1083.79 -360.878
GPRESSURE: 1300000 165.606 565.812 -98.3133 62.4742 649.951 1061.4 386.256 1130.93 -336.528
PRESSAVG: 1300000 -154.07 -51.0579 -54.7567 -51.0579 234.57 -46.5585 -54.7567 -46.5585 -120.441
GPRESSAVG: 1300000 -76.9928 -41.2136 -106.684 -8.63882 304.56 -41.2099 -49.4618 -56.1063 -50.7177
ENERGY: 1300000         2.5262        14.4203         2.2180         0.0000         -10664.4961      1449.8528         0.0000         0.0000      1728.4209          -7467.0580       295.1412     -9195.4789     -7419.2161       300.3685             91.7716       159.6765     30229.6492        82.3780       149.3568
FEP:    1300000        19.1645    -10664.5531      1450.1769

WRITING EXTENDED SYSTEM TO RESTART FILE AT STEP 1300000
WRITING COORDINATES TO DCD FILE mobley_6456034_prod.dcd AT STEP 1300000
WRITING COORDINATES TO RESTART FILE AT STEP 1300000
FINISHED WRITING RESTART COORDINATES
WRITING VELOCITIES TO RESTART FILE AT STEP 1300000
FINISHED WRITING RESTART VELOCITIES
PRESSURE: 1400000 -296.706 721.107 800.639 721.108 304.818 -73.7797 800.639 -73.7834 -1030.06
GPRESSURE: 1400000 -192.888 902.476 657.274 545.194 295.239 316.1 1015.55 -440.188 -1043.45
PRESSAVG: 1400000 -135.917 -38.8365 1.72329 -38.8365 349.414 -44.4895 1.72329 -44.4895 -114.352
GPRESSAVG: 1400000 -45.1357 -21.8459 -49.2357 -7.45788 415.131 -4.21417 22.3111 -69.0063 -48.6619
ENERGY: 1400000         2.9127        11.1693         3.7859         0.0000         -10561.9000      1393.0908         0.0000         0.0000      1831.1977          -7319.7437       312.6911     -9150.9414     -7412.5846       301.1900           -340.6492      -313.7011     30580.5227        54.1761       118.4863
FEP:    1400000        17.8678    -10562.0731      1393.6831

WRITING EXTENDED SYSTEM TO RESTART FILE AT STEP 1400000
WRITING COORDINATES TO DCD FILE mobley_6456034_prod.dcd AT STEP 1400000
WRITING COORDINATES TO RESTART FILE AT STEP 1400000
FINISHED WRITING RESTART COORDINATES
WRITING VELOCITIES TO RESTART FILE AT STEP 1400000
FINISHED WRITING RESTART VELOCITIES
PRESSURE: 1500000 796.225 283.915 93.586 283.915 366.447 -492.987 93.588 -492.989 897.138
GPRESSURE: 1500000 991.221 68.82 -28.4862 550.67 596.86 -533.149 380.246 -298.991 789.071
PRESSAVG: 1500000 -97.1509 -19.5708 -0.298336 -19.5708 386.303 -42.9688 -0.298336 -42.9688 -76.7018
GPRESSAVG: 1500000 2.35005 -17.2275 -62.1148 23.6165 453.836 -23.0248 46.0693 -49.307 -20.3624
ENERGY: 1500000         1.0578        11.5879         7.1693         0.0000         -10652.7931      1510.0905         0.0000         0.0000      1735.7925          -7387.0951       296.3999     -9122.8877     -7410.9915       300.8906            686.6032       792.3840     30307.1585        93.7028       160.6049
FEP:    1500000        19.8150    -10652.5779      1510.3916

WRITING EXTENDED SYSTEM TO RESTART FILE AT STEP 1500000
WRITING COORDINATES TO DCD FILE mobley_6456034_prod.dcd AT STEP 1500000
WRITING COORDINATES TO RESTART FILE AT STEP 1500000
FINISHED WRITING RESTART COORDINATES
WRITING VELOCITIES TO RESTART FILE AT STEP 1500000
FINISHED WRITING RESTART VELOCITIES
TCL: Running FEP window  11: Lambda1 0.4999999999999996 Lambda2 0.4499999999999996 [dLambda -0.04999999999999999]
TCL: Setting parameter firsttimestep to 0
TCL: Setting parameter alchLambda to 0.4999999999999996
Info: NONBONDED TABLE R-SQUARED SPACING: 0.0625
Info: NONBONDED TABLE SIZE: 705 POINTS
Info: INCONSISTENCY IN FAST TABLE ENERGY VS FORCE: 0.000290481 AT 0.251946
Info: INCONSISTENCY IN SCOR TABLE ENERGY VS FORCE: 0.000238233 AT 8.9687
Info: ABSOLUTE IMPRECISION IN VDWA TABLE ENERGY: 1.21169e-27 AT 8.99653
Info: ABSOLUTE IMPRECISION IN VDWA TABLE FORCE: 2.57484e-27 AT 8.99653
Info: INCONSISTENCY IN VDWA TABLE ENERGY VS FORCE: 0.0040507 AT 0.251946
Info: INCONSISTENCY IN VDWB TABLE ENERGY VS FORCE: 0.00150189 AT 0.251946
TCL: Setting parameter alchLambda2 to 0.4499999999999996
Info: NONBONDED TABLE R-SQUARED SPACING: 0.0625
Info: NONBONDED TABLE SIZE: 705 POINTS
Info: INCONSISTENCY IN FAST TABLE ENERGY VS FORCE: 0.000290481 AT 0.251946
Info: INCONSISTENCY IN SCOR TABLE ENERGY VS FORCE: 0.000238233 AT 8.9687
Info: ABSOLUTE IMPRECISION IN VDWA TABLE ENERGY: 1.21169e-27 AT 8.99653
Info: ABSOLUTE IMPRECISION IN VDWA TABLE FORCE: 2.57484e-27 AT 8.99653
Info: INCONSISTENCY IN VDWA TABLE ENERGY VS FORCE: 0.0040507 AT 0.251946
Info: INCONSISTENCY IN VDWB TABLE ENERGY VS FORCE: 0.00150189 AT 0.251946
TCL: Running for 1500000 steps
FEP: RESETTING FOR NEW FEP WINDOW LAMBDA SET TO 0.5 LAMBDA2 0.45
FEP: WINDOW TO HAVE 100000 STEPS OF EQUILIBRATION PRIOR TO FEP DATA COLLECTION.
FEP: USING CONSTANT TEMPERATURE OF 300 K FOR FEP CALCULATION
PRESSURE: 0 897.047 336.221 89.6372 336.22 368.71 -495.123 89.6374 -495.124 868.783
GPRESSURE: 0 989.783 70.1456 -26.424 551.694 590.479 -532.723 381.918 -299.284 781.059
ETITLE:      TS           BOND          ANGLE          DIHED          IMPRP               ELECT            VDW       BOUNDARY           MISC        KINETIC               TOTAL           TEMP      POTENTIAL       TOTALAVG        TEMPAVG            PRESSURE      GPRESSURE         VOLUME       PRESSAVG      GPRESSAVG
FEPTITLE:    TS          BOND2         ELECT2           VDW2

ENERGY:       0         1.0578        11.5879         7.1693         0.0000         -10652.5774      1510.3914         0.0000         0.0000      1734.9344          -7387.4366       296.2534     -9122.3710     -7387.4366       296.2534            711.5136       787.1071     30307.1585       711.5136       787.1071
FEP:          0        19.8150    -10652.5774      1510.9070

PRESSURE: 100000 -212.231 -218.935 -486.069 -218.932 -980.316 195.798 -486.067 195.799 535.839
GPRESSURE: 100000 -228.073 -371.877 -302.569 -128.968 -537.982 376.332 -492.982 50.7114 421.187
PRESSAVG: 100000 -56.8606 10.9173 -72.2755 10.9173 325.905 -45.4646 -72.2755 -45.4646 74.8239
GPRESSAVG: 100000 28.9467 -3.06488 -118.604 54.9062 419.016 -10.9804 -21.0514 -51.9791 113.663
ENERGY:  100000         7.4559        14.8755         3.5077         0.0000         -10500.8517      1393.9156         0.0000         0.0000      1765.7709          -7315.3261       301.5190     -9081.0970     -7351.3813       298.8862           -218.9028      -114.9559     30354.3604       246.3054       336.0756
FEP:     100000        25.8391    -10500.8517      1394.4522

WRITING EXTENDED SYSTEM TO RESTART FILE AT STEP 100000
WRITING COORDINATES TO DCD FILE mobley_6456034_prod.dcd AT STEP 100000
WRITING COORDINATES TO RESTART FILE AT STEP 100000
FINISHED WRITING RESTART COORDINATES
WRITING VELOCITIES TO RESTART FILE AT STEP 100000
FINISHED WRITING RESTART VELOCITIES
PRESSURE: 200000 -80.6143 338.702 -387.62 338.704 -788.681 -313.004 -387.619 -313.005 442.74
GPRESSURE: 200000 -75.1363 461.393 -519.06 288.886 -676.369 -308.402 -298.153 -318.99 307.676
PRESSAVG: 200000 -21.7379 52.9573 -94.2456 52.9573 242.097 -51.8585 -94.2456 -51.8585 82.822
GPRESSAVG: 200000 54.0827 40.2506 -141.81 86.3154 340.78 -35.6891 -33.9262 -51.8425 111.795
ENERGY:  200000         2.1441         8.5791         5.9039         0.0000         -10505.7720      1402.8026         0.0000         0.0000      1743.8386          -7342.5038       297.7738     -9086.3424     -7348.4221       298.5154           -142.1852      -147.9431     30696.3027       116.8085       174.7360
FEP:     200000        16.6270    -10505.7720      1403.2704

WRITING EXTENDED SYSTEM TO RESTART FILE AT STEP 200000
WRITING COORDINATES TO DCD FILE mobley_6456034_prod.dcd AT STEP 200000
WRITING COORDINATES TO RESTART FILE AT STEP 200000
FINISHED WRITING RESTART COORDINATES
WRITING VELOCITIES TO RESTART FILE AT STEP 200000
FINISHED WRITING RESTART VELOCITIES
PRESSURE: 300000 73.0779 -177.476 -131.618 -177.477 -798.552 472.333 -131.617 472.331 865.753
GPRESSURE: 300000 105.291 -584.145 -249.329 116.335 -762.18 502.166 -175.623 100.923 899.799
PRESSAVG: 300000 -25.6646 39.7135 -72.0958 39.7135 174.389 -20.9421 -72.0958 -20.9421 135.741
GPRESSAVG: 300000 58.7483 9.78079 -133.653 70.8924 265.929 14.8111 -8.10521 -37.3434 151.551
ENERGY:  300000         2.1710        12.5478         5.0258         0.0000         -10540.3302      1403.6646         0.0000         0.0000      1756.0851          -7360.8358       299.8650     -9116.9209     -7351.5256       298.8528             46.7595        80.9697     30178.1610        99.2963       151.2944
FEP:     300000        19.7446    -10540.3302      1403.9144

WRITING EXTENDED SYSTEM TO RESTART FILE AT STEP 300000
WRITING COORDINATES TO DCD FILE mobley_6456034_prod.dcd AT STEP 300000
WRITING COORDINATES TO RESTART FILE AT STEP 300000
FINISHED WRITING RESTART COORDINATES
WRITING VELOCITIES TO RESTART FILE AT STEP 300000
FINISHED WRITING RESTART VELOCITIES
PRESSURE: 400000 775.724 47.1594 -508.77 47.1598 -291.366 -14.4331 -508.772 -14.4345 -526.471
GPRESSURE: 400000 905.586 10.6224 -369.61 -194.89 -522.472 70.3392 -446.393 -178.746 -273.611
PRESSAVG: 400000 4.31615 37.9271 -66.4307 37.9271 135.945 -13.6543 -66.4307 -13.6543 114.405
GPRESSAVG: 400000 103.406 9.08084 -131.726 39.9825 203.174 43.3568 4.09547 -37.1221 132.83
ENERGY:  400000         2.8701         9.8531         4.0405         0.0000         -10415.7158      1362.5306         0.0000         0.0000      1739.5434          -7296.8781       297.0404     -9036.4215     -7340.5961       298.4903            -14.0374        36.5010     30376.5211        76.6296       128.3357
FEP:     400000        16.7636    -10415.7158      1362.8393

WRITING EXTENDED SYSTEM TO RESTART FILE AT STEP 400000
WRITING COORDINATES TO DCD FILE mobley_6456034_prod.dcd AT STEP 400000
WRITING COORDINATES TO RESTART FILE AT STEP 400000
FINISHED WRITING RESTART COORDINATES
WRITING VELOCITIES TO RESTART FILE AT STEP 400000
FINISHED WRITING RESTART VELOCITIES
PRESSURE: 500000 -288.914 379.792 -22.7172 379.79 -307.731 78.7095 -22.7158 78.7084 -169.205
GPRESSURE: 500000 -282.146 371.798 355.418 140.261 -182.836 209.948 -194.349 -187.048 45.1173
PRESSAVG: 500000 40.4299 52.6279 -55.8745 52.6279 114.295 13.1817 -55.8745 13.1817 101.282
GPRESSAVG: 500000 128.573 25.8293 -108.01 56.9397 182.285 81.3553 12.4783 -24.4521 134.242
ENERGY:  500000         3.9495         9.5172         4.7382         0.0000         -10681.8647      1443.7973         0.0000         0.0000      1776.5604          -7443.3022       303.3613     -9219.8625     -7357.7138       299.3022           -255.2833      -139.9550     30242.5327        21.3107        83.6206
FEP:     500000        18.2049    -10681.8647      1443.7807

WRITING EXTENDED SYSTEM TO RESTART FILE AT STEP 500000
WRITING COORDINATES TO DCD FILE mobley_6456034_prod.dcd AT STEP 500000
WRITING COORDINATES TO RESTART FILE AT STEP 500000
FINISHED WRITING RESTART COORDINATES
WRITING VELOCITIES TO RESTART FILE AT STEP 500000
FINISHED WRITING RESTART VELOCITIES
PRESSURE: 600000 -209.038 357.228 481.37 357.227 -361.544 -74.9127 481.371 -74.9121 -91.1345
GPRESSURE: 600000 -180.7 -108.056 505.036 415.184 -346.32 -201.345 303.943 306.381 -25.7684
PRESSAVG: 600000 51.8883 85.4502 -10.6792 85.4502 117.958 -15.87 -10.6792 -15.87 85.7833
GPRESSAVG: 600000 139.328 39.7019 -54.8538 93.8556 194.113 52.4299 21.5755 -39.8105 110.849
ENERGY:  600000         5.6346        15.7738         3.6867         0.0000         -10574.6867      1397.6892         0.0000         0.0000      1754.2327          -7397.6698       299.5487     -9151.9025     -7363.4218       299.3374           -220.5722      -184.2627     30142.5419       -13.2440        45.3516
FEP:     600000        25.0951    -10574.6867      1398.0422

WRITING EXTENDED SYSTEM TO RESTART FILE AT STEP 600000
WRITING COORDINATES TO DCD FILE mobley_6456034_prod.dcd AT STEP 600000
WRITING COORDINATES TO RESTART FILE AT STEP 600000
FINISHED WRITING RESTART COORDINATES
WRITING VELOCITIES TO RESTART FILE AT STEP 600000
FINISHED WRITING RESTART VELOCITIES
PRESSURE: 700000 -205.908 -313.853 -135.306 -313.852 -95.1407 258.337 -135.306 258.333 -565.063
GPRESSURE: 700000 -272.204 -330.902 -287.319 -489.112 38.1906 179.184 -522.517 203.562 -715.08
PRESSAVG: 700000 30.4435 71.9665 17.519 71.9665 94.548 -3.95803 17.519 -3.95803 67.0544
GPRESSAVG: 700000 118.319 43.4479 -24.9577 69.4892 178.74 58.0055 26.9142 -32.2532 70.4114
ENERGY:  700000         6.8562        10.8496         4.4263         0.0000         -10646.9638      1407.2826         0.0000         0.0000      1771.9123          -7445.6367       302.5676     -9217.5490     -7373.6986       299.7412           -288.7040      -316.3644     30091.8879       -47.6765         0.1371
FEP:     700000        22.1321    -10646.9638      1407.4931

WRITING EXTENDED SYSTEM TO RESTART FILE AT STEP 700000
WRITING COORDINATES TO DCD FILE mobley_6456034_prod.dcd AT STEP 700000
WRITING COORDINATES TO RESTART FILE AT STEP 700000
FINISHED WRITING RESTART COORDINATES
WRITING VELOCITIES TO RESTART FILE AT STEP 700000
FINISHED WRITING RESTART VELOCITIES
PRESSURE: 800000 -1155.32 -277.435 236.678 -277.433 -877.648 239.354 236.675 239.355 -1063.71
GPRESSURE: 800000 -1140.11 -292.023 222.489 -512.987 -751.015 357.644 -44.7413 264.308 -988.594
PRESSAVG: 800000 -88.3497 53.3221 21.711 53.3221 1.43024 -7.63268 21.711 -7.63268 -17.6936
GPRESSAVG: 800000 -10.7172 14.5459 -13.205 39.5974 90.2906 53.5139 9.44785 -35.9291 -2.84822
ENERGY:  800000         3.2324        15.4295         3.9396         0.0000         -10506.0032      1319.9020         0.0000         0.0000      1758.9611          -7404.5385       300.3561     -9163.4996     -7377.1253       299.8095          -1032.2259      -959.9074     30744.8430      -157.0708      -106.5345
FEP:     800000        22.6015    -10506.0032      1320.6565

WRITING EXTENDED SYSTEM TO RESTART FILE AT STEP 800000
WRITING COORDINATES TO DCD FILE mobley_6456034_prod.dcd AT STEP 800000
WRITING COORDINATES TO RESTART FILE AT STEP 800000
FINISHED WRITING RESTART COORDINATES
WRITING VELOCITIES TO RESTART FILE AT STEP 800000
FINISHED WRITING RESTART VELOCITIES
PRESSURE: 900000 -1249.75 799.675 412.143 799.675 -660.75 235.83 412.144 235.832 -1137.77
GPRESSURE: 900000 -1291.44 587.699 320.994 772.208 -578.009 9.92365 522.394 38.1005 -892.525
PRESSAVG: 900000 -138.776 107.243 50.3569 107.243 -90.2021 7.19797 50.3569 7.19797 -82.0776
GPRESSAVG: 900000 -70.5413 52.6722 -7.70636 95.7677 1.58059 56.0462 56.7569 -43.6782 -53.9862
ENERGY:  900000         4.3727        14.7739         5.5800         0.0000         -10414.0616      1301.5451         0.0000         0.0000      1714.3084          -7373.4816       292.7313     -9087.7899     -7376.7609       299.1017          -1016.0918      -920.6594     30384.6810      -242.9729      -187.9470
FEP:     900000        24.7266    -10414.0616      1301.1416

WRITING EXTENDED SYSTEM TO RESTART FILE AT STEP 900000
WRITING COORDINATES TO DCD FILE mobley_6456034_prod.dcd AT STEP 900000
WRITING COORDINATES TO RESTART FILE AT STEP 900000
FINISHED WRITING RESTART COORDINATES
WRITING VELOCITIES TO RESTART FILE AT STEP 900000
FINISHED WRITING RESTART VELOCITIES
PRESSURE: 1000000 -517.684 721.162 -606.512 721.16 419.954 -823.644 -606.51 -823.65 908.296
GPRESSURE: 1000000 -562.286 642.637 -437.964 725.951 617.204 -349.864 -479.928 -1016.7 937.699
PRESSAVG: 1000000 -90.529 156.314 35.8245 156.314 -34.3115 -28.1524 35.8245 -28.1524 -3.27326
GPRESSAVG: 1000000 -38.5118 104.298 -14.0402 142.239 69.0489 62.5435 53.9874 -88.5475 30.3453
TIMING: 1000000  CPU: 4949.52, 0.000308866/step  Wall: 5005.17, 0.000312971/step, 552.129 ns/days, 0.0434681 hours remaining, 0.000000 MB of memory in use.
PERFORMANCE: 1000000  averaging 552.508 ns/day, 0.000312756 sec/step with standard deviation 4.43403e-07
ETITLE:      TS           BOND          ANGLE          DIHED          IMPRP               ELECT            VDW       BOUNDARY           MISC        KINETIC               TOTAL           TEMP      POTENTIAL       TOTALAVG        TEMPAVG            PRESSURE      GPRESSURE         VOLUME       PRESSAVG      GPRESSAVG
FEPTITLE:    TS          BOND2         ELECT2           VDW2

ENERGY: 1000000         3.6758        10.4629         4.1711         0.0000         -10642.3428      1419.1188         0.0000         0.0000      1767.1461          -7437.7681       301.7538     -9204.9142     -7382.3070       299.3428            270.1886       330.8723     29593.6472      -196.3219      -140.7816
FEP:    1000000        18.3099    -10642.3428      1417.9725

WRITING EXTENDED SYSTEM TO RESTART FILE AT STEP 1000000
WRITING COORDINATES TO DCD FILE mobley_6456034_prod.dcd AT STEP 1000000
WRITING COORDINATES TO RESTART FILE AT STEP 1000000
FINISHED WRITING RESTART COORDINATES
WRITING VELOCITIES TO RESTART FILE AT STEP 1000000
FINISHED WRITING RESTART VELOCITIES
PRESSURE: 1100000 -16.8393 186.198 35.1785 186.199 -1179.34 -115.39 35.1766 -115.394 -353.542
GPRESSURE: 1100000 -71.6849 66.8462 144.904 -228.178 -993.106 -63.3672 -363.963 30.219 -342.696
PRESSAVG: 1100000 -130.343 177.573 40.9777 177.573 -163.971 -30.578 40.9777 -30.578 -35.9955
GPRESSAVG: 1100000 -84.632 119.366 -3.51374 121.747 -56.9058 58.8272 43.6621 -78.2777 -8.16729
ENERGY: 1100000         2.9466        10.9921         4.5402         0.0000         -10526.2022      1358.0229         0.0000         0.0000      1788.2308          -7361.4695       305.3541     -9149.7004     -7380.5706       299.8437           -516.5737      -469.1624     30360.6547      -223.0095      -168.1467
FEP:    1100000        18.4789    -10526.2022      1356.7234

WRITING EXTENDED SYSTEM TO RESTART FILE AT STEP 1100000
WRITING COORDINATES TO DCD FILE mobley_6456034_prod.dcd AT STEP 1100000
WRITING COORDINATES TO RESTART FILE AT STEP 1100000
FINISHED WRITING RESTART COORDINATES
WRITING VELOCITIES TO RESTART FILE AT STEP 1100000
FINISHED WRITING RESTART VELOCITIES
PRESSURE: 1200000 -39.8769 394.244 416.112 394.24 -1342.5 -395.159 416.111 -395.159 -1151.4
GPRESSURE: 1200000 -74.9234 469.039 357.225 255.835 -1079.46 -328.126 731.669 -710.399 -1141.18
PRESSAVG: 1200000 -113.57 145.619 26.8163 145.619 -217.188 -70.295 26.8163 -70.295 -73.2659
GPRESSAVG: 1200000 -65.5475 100.753 -15.411 84.7104 -100.833 25.0577 40.0365 -115.066 -55.3489
ENERGY: 1200000         1.7958        12.3296         4.8831         0.0000         -10633.8668      1350.3825         0.0000         0.0000      1791.2523          -7473.2235       305.8701     -9264.4758     -7387.6977       300.3073           -844.5936      -765.1880     29929.0513      -270.8237      -214.0729
FEP:    1200000        19.0085    -10633.8668      1350.8645

WRITING EXTENDED SYSTEM TO RESTART FILE AT STEP 1200000
WRITING COORDINATES TO DCD FILE mobley_6456034_prod.dcd AT STEP 1200000
WRITING COORDINATES TO RESTART FILE AT STEP 1200000
FINISHED WRITING RESTART COORDINATES
WRITING VELOCITIES TO RESTART FILE AT STEP 1200000
FINISHED WRITING RESTART VELOCITIES
PRESSURE: 1300000 -394.222 347.003 -132.178 347.003 -952.383 -172.436 -132.181 -172.434 77.1493
GPRESSURE: 1300000 -290.589 582.317 -50.1761 258.754 -825.451 -139.593 -341.571 -305.461 127.126
PRESSAVG: 1300000 -155.08 179.707 12.4089 179.707 -283.938 -51.9934 12.4089 -51.9934 -120.343
GPRESSAVG: 1300000 -114.736 150.931 -9.59596 119.25 -167.876 32.6829 19.4192 -123.847 -99.1786
ENERGY: 1300000         1.6846        11.7754         2.5638         0.0000         -10598.1115      1397.7857         0.0000         0.0000      1707.4698          -7476.8322       291.5636     -9184.3020     -7394.0645       299.6827           -423.1521      -329.6381     30477.4024      -281.7043      -222.3276
FEP:    1300000        16.0238    -10598.1115      1397.9014

WRITING EXTENDED SYSTEM TO RESTART FILE AT STEP 1300000
WRITING COORDINATES TO DCD FILE mobley_6456034_prod.dcd AT STEP 1300000
WRITING COORDINATES TO RESTART FILE AT STEP 1300000
FINISHED WRITING RESTART COORDINATES
WRITING VELOCITIES TO RESTART FILE AT STEP 1300000
FINISHED WRITING RESTART VELOCITIES
PRESSURE: 1400000 -1896.31 121.804 426.53 121.805 -372.426 -575.751 426.53 -575.747 -292.551
GPRESSURE: 1400000 -1772.75 -7.22396 432.667 15.512 -255.191 -460.699 631.058 -778.774 -209.403
PRESSAVG: 1400000 -221.594 157.587 30.4844 157.587 -331.066 -64.8681 30.4844 -64.8681 -127.767
GPRESSAVG: 1400000 -178.803 124.227 16.1321 87.0613 -215.294 12.5017 38.9924 -152.962 -105.779
ENERGY: 1400000         4.7281        14.0352         3.5629         0.0000         -10491.1388      1331.7796         0.0000         0.0000      1738.0202          -7399.0129       296.7803     -9137.0330     -7394.3944       299.4892           -853.7618      -745.7811     30473.4956      -319.8415      -257.2245
FEP:    1400000        22.3261    -10491.1388      1332.3944

WRITING EXTENDED SYSTEM TO RESTART FILE AT STEP 1400000
WRITING COORDINATES TO DCD FILE mobley_6456034_prod.dcd AT STEP 1400000
WRITING COORDINATES TO RESTART FILE AT STEP 1400000
FINISHED WRITING RESTART COORDINATES
WRITING VELOCITIES TO RESTART FILE AT STEP 1400000
FINISHED WRITING RESTART VELOCITIES
PRESSURE: 1500000 571.827 -72.9732 36.1093 -72.9738 194.835 207.42 36.1102 207.42 42.2789
GPRESSURE: 1500000 609.291 115.345 -349.321 -126.263 411.343 266.49 73.0169 369.079 12.9628
PRESSAVG: 1500000 -208.577 169.096 29.5128 169.096 -366.579 -48.8051 29.5128 -48.8051 -140.18
GPRESSAVG: 1500000 -163.33 134.346 4.08374 109.375 -242.433 19.1515 42.1288 -127.071 -121.644
ENERGY: 1500000         3.2327        12.1121         3.5617         0.0000         -10641.6143      1484.5989         0.0000         0.0000      1765.1726          -7372.9364       301.4168     -9138.1090     -7393.0532       299.6097            269.6469       344.5323     30684.3366      -282.9984      -219.6147
FEP:    1500000        18.9064    -10641.6143      1484.6066

WRITING EXTENDED SYSTEM TO RESTART FILE AT STEP 1500000
WRITING COORDINATES TO DCD FILE mobley_6456034_prod.dcd AT STEP 1500000
WRITING COORDINATES TO RESTART FILE AT STEP 1500000
FINISHED WRITING RESTART COORDINATES
WRITING VELOCITIES TO RESTART FILE AT STEP 1500000
FINISHED WRITING RESTART VELOCITIES
TCL: Running FEP window  12: Lambda1 0.4499999999999996 Lambda2 0.39999999999999963 [dLambda -0.04999999999999999]
TCL: Setting parameter firsttimestep to 0
TCL: Setting parameter alchLambda to 0.4499999999999996
Info: NONBONDED TABLE R-SQUARED SPACING: 0.0625
Info: NONBONDED TABLE SIZE: 705 POINTS
Info: INCONSISTENCY IN FAST TABLE ENERGY VS FORCE: 0.000290481 AT 0.251946
Info: INCONSISTENCY IN SCOR TABLE ENERGY VS FORCE: 0.000238233 AT 8.9687
Info: ABSOLUTE IMPRECISION IN VDWA TABLE ENERGY: 1.21169e-27 AT 8.99653
Info: ABSOLUTE IMPRECISION IN VDWA TABLE FORCE: 2.57484e-27 AT 8.99653
Info: INCONSISTENCY IN VDWA TABLE ENERGY VS FORCE: 0.0040507 AT 0.251946
Info: INCONSISTENCY IN VDWB TABLE ENERGY VS FORCE: 0.00150189 AT 0.251946
TCL: Setting parameter alchLambda2 to 0.39999999999999963
Info: NONBONDED TABLE R-SQUARED SPACING: 0.0625
Info: NONBONDED TABLE SIZE: 705 POINTS
Info: INCONSISTENCY IN FAST TABLE ENERGY VS FORCE: 0.000290481 AT 0.251946
Info: INCONSISTENCY IN SCOR TABLE ENERGY VS FORCE: 0.000238233 AT 8.9687
Info: ABSOLUTE IMPRECISION IN VDWA TABLE ENERGY: 1.21169e-27 AT 8.99653
Info: ABSOLUTE IMPRECISION IN VDWA TABLE FORCE: 2.57484e-27 AT 8.99653
Info: INCONSISTENCY IN VDWA TABLE ENERGY VS FORCE: 0.0040507 AT 0.251946
Info: INCONSISTENCY IN VDWB TABLE ENERGY VS FORCE: 0.00150189 AT 0.251946
TCL: Running for 1500000 steps
FEP: RESETTING FOR NEW FEP WINDOW LAMBDA SET TO 0.45 LAMBDA2 0.4
FEP: WINDOW TO HAVE 100000 STEPS OF EQUILIBRATION PRIOR TO FEP DATA COLLECTION.
FEP: USING CONSTANT TEMPERATURE OF 300 K FOR FEP CALCULATION
PRESSURE: 0 606.713 -48.908 -33.1631 -48.9064 194.099 254.817 -33.1653 254.817 -80.3479
GPRESSURE: 0 605.629 115.116 -352.148 -127.704 393.104 272.344 71.2354 373.526 4.50805
ETITLE:      TS           BOND          ANGLE          DIHED          IMPRP               ELECT            VDW       BOUNDARY           MISC        KINETIC               TOTAL           TEMP      POTENTIAL       TOTALAVG        TEMPAVG            PRESSURE      GPRESSURE         VOLUME       PRESSAVG      GPRESSAVG
FEPTITLE:    TS          BOND2         ELECT2           VDW2

ENERGY:       0         3.2327        12.1121         3.5617         0.0000         -10641.6137      1484.6069         0.0000         0.0000      1764.3248          -7373.7756       301.2720     -9138.1004     -7373.7756       301.2720            240.1545       334.4137     30684.3366       240.1545       334.4137
FEP:          0        18.9064    -10641.6137      1484.9395

PRESSURE: 100000 -703.09 16.6338 -369.347 16.6335 -1069.61 -83.8827 -369.35 -83.8809 -1544.62
GPRESSURE: 100000 -586.868 163.751 111.591 170.83 -929.69 -65.7586 -622.465 -284.884 -1503.01
PRESSAVG: 100000 -177.295 197.063 10.734 197.063 -411.457 -84.3959 10.734 -84.3959 -168.395
GPRESSAVG: 100000 -140.75 146.689 6.75955 149.961 -274.883 -21.1277 6.41733 -154.133 -140.456
ENERGY:  100000         2.0304        10.4455         3.7731         0.0000         -10437.2474      1307.2429         0.0000         0.0000      1759.7762          -7353.9793       300.4953     -9113.7555     -7363.8774       300.8837          -1105.7757     -1006.5231     30889.7045      -432.8106      -336.0547
FEP:     100000        16.2490    -10437.2474      1306.8820

WRITING EXTENDED SYSTEM TO RESTART FILE AT STEP 100000
WRITING COORDINATES TO DCD FILE mobley_6456034_prod.dcd AT STEP 100000
WRITING COORDINATES TO RESTART FILE AT STEP 100000
FINISHED WRITING RESTART COORDINATES
WRITING VELOCITIES TO RESTART FILE AT STEP 100000
FINISHED WRITING RESTART VELOCITIES
PRESSURE: 200000 271.3 130.105 -411.841 130.106 338.345 124.535 -411.841 124.534 205.169
GPRESSURE: 200000 266.15 20.8808 -678.842 225.657 260.416 7.58919 -224.599 339.578 288.672
PRESSAVG: 200000 -148.895 167.513 -49.89 167.513 -409.78 -74.48 -49.89 -74.48 -106.633
GPRESSAVG: 200000 -117.798 102.609 -60.0463 133.984 -276.624 -36.5533 -55.5902 -115.144 -73.8498
ENERGY:  200000         5.0656        17.4230         3.9180         0.0000         -10723.8982      1480.2712         0.0000         0.0000      1786.9252          -7430.2953       305.1312     -9217.2204     -7386.0167       302.2995            271.6048       271.7459     30093.3623      -198.0054      -133.4545
FEP:     200000        26.4066    -10723.8982      1480.4098

WRITING EXTENDED SYSTEM TO RESTART FILE AT STEP 200000
WRITING COORDINATES TO DCD FILE mobley_6456034_prod.dcd AT STEP 200000
WRITING COORDINATES TO RESTART FILE AT STEP 200000
FINISHED WRITING RESTART COORDINATES
WRITING VELOCITIES TO RESTART FILE AT STEP 200000
FINISHED WRITING RESTART VELOCITIES
PRESSURE: 300000 266.673 -25.473 25.918 -25.4718 433.081 225.7 25.9208 225.703 673.18
GPRESSURE: 300000 442.731 113.549 70.2219 -167.042 854.506 36.9667 -220.006 452.238 407.685
PRESSAVG: 300000 -175.372 152.044 -53.2734 152.044 -406.449 -38.5454 -53.2734 -38.5454 -117.831
GPRESSAVG: 300000 -145.223 104.846 -55.1108 98.0981 -263.742 -8.04748 -85.6029 -77.583 -92.9191
ENERGY:  300000         2.4568        13.2164         6.5231         0.0000         -10781.4026      1515.4110         0.0000         0.0000      1816.3997          -7427.3956       310.1642     -9243.7953     -7396.3614       304.2657            457.6445       568.3073     30356.7375       -34.0929        41.9859
FEP:     300000        22.1963    -10781.4026      1515.6752

WRITING EXTENDED SYSTEM TO RESTART FILE AT STEP 300000
WRITING COORDINATES TO DCD FILE mobley_6456034_prod.dcd AT STEP 300000
WRITING COORDINATES TO RESTART FILE AT STEP 300000
FINISHED WRITING RESTART COORDINATES
WRITING VELOCITIES TO RESTART FILE AT STEP 300000
FINISHED WRITING RESTART VELOCITIES
PRESSURE: 400000 -348.29 -34.3318 449.859 -34.3331 -561.661 -38.8771 449.861 -38.8772 95.3997
GPRESSURE: 400000 -207.216 -137.556 428.727 -95.7878 -658.044 -600.057 686.276 236.697 233.067
PRESSAVG: 400000 -237.639 133.516 -35.2622 133.516 -452.967 -15.7331 -35.2622 -15.7331 -156.5
GPRESSAVG: 400000 -205.073 94.4605 -32.3533 65.7241 -326.168 -11.4142 -70.385 -50.7839 -120.319
ENERGY:  400000         4.4886         9.5766         6.7789         0.0000         -10579.8783      1399.0094         0.0000         0.0000      1722.3675          -7437.6574       294.1075     -9160.0249     -7404.6206       302.2340           -271.5170      -210.7310     30338.8868       -81.5778        -8.5575
FEP:     400000        20.8440    -10579.8783      1399.7988

WRITING EXTENDED SYSTEM TO RESTART FILE AT STEP 400000
WRITING COORDINATES TO DCD FILE mobley_6456034_prod.dcd AT STEP 400000
WRITING COORDINATES TO RESTART FILE AT STEP 400000
FINISHED WRITING RESTART COORDINATES
WRITING VELOCITIES TO RESTART FILE AT STEP 400000
FINISHED WRITING RESTART VELOCITIES
PRESSURE: 500000 -210.49 -2.94686 61.0176 -2.94525 -1338.38 -100.698 61.0213 -100.696 -444.088
GPRESSURE: 500000 -95.2275 182.589 227.443 -228.605 -1427.58 -214.867 -251.348 36.6746 -342.169
PRESSAVG: 500000 -237.552 144.316 -7.90778 144.316 -470.87 -30.5578 -7.90778 -30.5578 -205.497
GPRESSAVG: 500000 -198.43 122.184 -5.8527 60.7422 -370.648 -40.9741 -58.3032 -51.4857 -158.487
ENERGY:  500000         4.8802        12.6218         3.7008         0.0000         -10501.9541      1349.8066         0.0000         0.0000      1758.9321          -7372.0127       300.3512     -9130.9448     -7399.1860       301.9202           -664.3188      -621.6586     30339.7666      -178.7013      -110.7410
FEP:     500000        21.2028    -10501.9541      1350.3057

WRITING EXTENDED SYSTEM TO RESTART FILE AT STEP 500000
WRITING COORDINATES TO DCD FILE mobley_6456034_prod.dcd AT STEP 500000
WRITING COORDINATES TO RESTART FILE AT STEP 500000
FINISHED WRITING RESTART COORDINATES
WRITING VELOCITIES TO RESTART FILE AT STEP 500000
FINISHED WRITING RESTART VELOCITIES
PRESSURE: 600000 329.723 -126 352.908 -126.001 -712.883 -314.032 352.911 -314.036 790.4
GPRESSURE: 600000 681.924 -332.699 318.445 27.2299 -816.035 -691.11 427.352 -296.699 877.692
PRESSAVG: 600000 -217.035 121.08 29.1187 121.08 -467.08 -30.6093 29.1187 -30.6093 -188.114
GPRESSAVG: 600000 -160.577 82.4792 36.0225 47.6594 -377.631 -60.1095 -22.028 -50.3712 -129.986
ENERGY:  600000         3.6731        10.8182         2.9779         0.0000         -10684.4379      1457.4122         0.0000         0.0000      1848.6563          -7360.9002       315.6723     -9209.5565     -7393.7166       303.8848            135.7466       247.8604     30025.0348      -133.7801       -59.5122
FEP:     600000        17.4692    -10684.4379      1457.7229

WRITING EXTENDED SYSTEM TO RESTART FILE AT STEP 600000
WRITING COORDINATES TO DCD FILE mobley_6456034_prod.dcd AT STEP 600000
WRITING COORDINATES TO RESTART FILE AT STEP 600000
FINISHED WRITING RESTART COORDINATES
WRITING VELOCITIES TO RESTART FILE AT STEP 600000
FINISHED WRITING RESTART VELOCITIES
PRESSURE: 700000 -350.278 232.135 -20.9084 232.137 -233.614 74.0845 -20.9122 74.085 -355.98
GPRESSURE: 700000 -237.469 348.092 -134.933 -62.2833 -201.754 210.896 -155.276 -211.141 -303.669
PRESSAVG: 700000 -238.203 141.561 34.654 141.561 -438.833 -50.5216 34.654 -50.5216 -249.2
GPRESSAVG: 700000 -177.715 129.091 41.7424 38.7285 -349.61 -74.6731 -21.0106 -65.9744 -190.159
ENERGY:  700000         6.8793         9.8413         3.7991         0.0000         -10693.8852      1439.5643         0.0000         0.0000      1739.0536          -7494.7476       296.9568     -9233.8012     -7406.3455       303.0188           -313.2906      -247.6307     30298.9467      -156.2190       -83.0270
FEP:     700000        20.5196    -10693.8852      1439.4326

WRITING EXTENDED SYSTEM TO RESTART FILE AT STEP 700000
WRITING COORDINATES TO DCD FILE mobley_6456034_prod.dcd AT STEP 700000
WRITING COORDINATES TO RESTART FILE AT STEP 700000
FINISHED WRITING RESTART COORDINATES
WRITING VELOCITIES TO RESTART FILE AT STEP 700000
FINISHED WRITING RESTART VELOCITIES
PRESSURE: 800000 -862.52 -396.727 80.0401 -396.726 250.877 355.257 80.0358 355.254 622.478
GPRESSURE: 800000 -791.343 -462.007 374.709 -194.229 380.952 404.57 -53.4297 -25.403 515.51
PRESSAVG: 800000 -320.115 119.367 64.0944 119.367 -411.721 -32.0372 64.0944 -32.0372 -191.753
GPRESSAVG: 800000 -262.562 105.46 78.9583 38.7616 -304.439 -57.9615 -1.36247 -58.3072 -150.703
ENERGY:  800000         4.5140        10.0753         5.1720         0.0000         -10641.0813      1434.7654         0.0000         0.0000      1754.9124          -7431.6421       299.6648     -9186.5545     -7409.1562       302.6461              3.6119        35.0394     29966.0971      -138.4600       -69.9085
FEP:     800000        19.7614    -10641.0813      1434.7840

WRITING EXTENDED SYSTEM TO RESTART FILE AT STEP 800000
WRITING COORDINATES TO DCD FILE mobley_6456034_prod.dcd AT STEP 800000
WRITING COORDINATES TO RESTART FILE AT STEP 800000
FINISHED WRITING RESTART COORDINATES
WRITING VELOCITIES TO RESTART FILE AT STEP 800000
FINISHED WRITING RESTART VELOCITIES
PRESSURE: 900000 122.888 768.627 -43.8345 768.629 1685.26 -25.7704 -43.8329 -25.7699 -163.457
GPRESSURE: 900000 103.668 1027.24 17.3423 865.003 1633.41 -244.474 93.1072 132.543 -1.62271
PRESSAVG: 900000 -299.525 138.809 63.0385 138.809 -312.072 -37.2611 63.0385 -37.2611 -191.466
GPRESSAVG: 900000 -243.271 138.231 62.0545 74.9987 -213.626 -80.6827 13.0104 -42.3277 -153.04
ENERGY:  900000         3.8310         9.3634         4.6112         0.0000         -10538.3068      1444.0419         0.0000         0.0000      1797.9771          -7278.4822       307.0184     -9076.4593     -7396.0888       303.0834            548.2304       578.4849     30107.0186       -69.7909        -5.0692
FEP:     900000        17.8056    -10538.3068      1444.3354

WRITING EXTENDED SYSTEM TO RESTART FILE AT STEP 900000
WRITING COORDINATES TO DCD FILE mobley_6456034_prod.dcd AT STEP 900000
WRITING COORDINATES TO RESTART FILE AT STEP 900000
FINISHED WRITING RESTART COORDINATES
WRITING VELOCITIES TO RESTART FILE AT STEP 900000
FINISHED WRITING RESTART VELOCITIES
PRESSURE: 1000000 -139.295 -697.395 -426.464 -697.396 -253.9 505.816 -426.459 505.812 -853.531
GPRESSURE: 1000000 -171.463 -820.498 -576.845 -769.864 -145.913 624.241 -238.608 12.6722 -774.61
PRESSAVG: 1000000 -296.038 86.0775 17.647 86.0775 -306.69 -8.22492 17.647 -8.22492 -229.585
GPRESSAVG: 1000000 -242.809 102.609 7.96045 15.7463 -203.606 -39.4033 -14.1172 -57.0131 -190.482
TIMING: 1000000  CPU: 5414.04, 0.000310065/step  Wall: 5474.63, 0.000312908/step, 552.24 ns/days, 0.0434594 hours remaining, 0.000000 MB of memory in use.
PERFORMANCE: 1000000  averaging 552.485 ns/day, 0.000312769 sec/step with standard deviation 4.25032e-07
ETITLE:      TS           BOND          ANGLE          DIHED          IMPRP               ELECT            VDW       BOUNDARY           MISC        KINETIC               TOTAL           TEMP      POTENTIAL       TOTALAVG        TEMPAVG            PRESSURE      GPRESSURE         VOLUME       PRESSAVG      GPRESSAVG
FEPTITLE:    TS          BOND2         ELECT2           VDW2

ENERGY: 1000000         2.6053        14.0258         2.9978         0.0000         -10577.1772      1381.7588         0.0000         0.0000      1791.4599          -7384.3295       305.9055     -9175.7894     -7395.0198       303.3399           -415.5755      -363.9954     30201.5650      -101.2259       -37.6988
FEP:    1000000        19.6290    -10577.1772      1381.4406

WRITING EXTENDED SYSTEM TO RESTART FILE AT STEP 1000000
WRITING COORDINATES TO DCD FILE mobley_6456034_prod.dcd AT STEP 1000000
WRITING COORDINATES TO RESTART FILE AT STEP 1000000
FINISHED WRITING RESTART COORDINATES
WRITING VELOCITIES TO RESTART FILE AT STEP 1000000
FINISHED WRITING RESTART VELOCITIES
PRESSURE: 1100000 -573.666 158.709 281.226 158.708 114.579 133.385 281.227 133.382 -612.21
GPRESSURE: 1100000 -347.529 284.896 541.434 162.046 110.259 150.231 -118.643 334.431 -482.619
PRESSAVG: 1100000 -314.426 109.706 38.4736 109.706 -296.204 -14.4725 38.4736 -14.4725 -231.943
GPRESSAVG: 1100000 -246.576 133.399 49.3981 48.3042 -200.003 -40.851 6.07649 -50.4697 -178.859
ENERGY: 1100000         5.1644         9.5328         2.7840         0.0000         -10586.7633      1398.0384         0.0000         0.0000      1783.6881          -7387.5555       304.5785     -9171.2437     -7394.3978       303.4431           -357.0990      -239.9630     30077.8662      -122.5487       -54.5542
FEP:    1100000        17.4812    -10586.7633      1398.1224

WRITING EXTENDED SYSTEM TO RESTART FILE AT STEP 1100000
WRITING COORDINATES TO DCD FILE mobley_6456034_prod.dcd AT STEP 1100000
WRITING COORDINATES TO RESTART FILE AT STEP 1100000
FINISHED WRITING RESTART COORDINATES
WRITING VELOCITIES TO RESTART FILE AT STEP 1100000
FINISHED WRITING RESTART VELOCITIES
PRESSURE: 1200000 275.928 -200.032 298.204 -200.03 312.58 317.21 298.203 317.211 -397.69
GPRESSURE: 1200000 374.447 166.92 490.746 -187.182 248.617 748.331 -62.6411 88.2135 -138.769
PRESSAVG: 1200000 -242.863 113.576 41.55 113.576 -236.692 -10.5797 41.55 -10.5797 -198.642
GPRESSAVG: 1200000 -170.848 156.346 62.811 64.5945 -150.021 -21.3166 5.1815 -59.2744 -136.368
ENERGY: 1200000         3.4204        14.6300         3.9396         0.0000         -10591.2752      1420.4336         0.0000         0.0000      1738.2316          -7410.6201       296.8164     -9148.8517     -7395.6456       302.9334             63.6061       161.4319     29973.0700      -108.2291       -37.9399
FEP:    1200000        21.9899    -10591.2752      1420.4933

WRITING EXTENDED SYSTEM TO RESTART FILE AT STEP 1200000
WRITING COORDINATES TO DCD FILE mobley_6456034_prod.dcd AT STEP 1200000
WRITING COORDINATES TO RESTART FILE AT STEP 1200000
FINISHED WRITING RESTART COORDINATES
WRITING VELOCITIES TO RESTART FILE AT STEP 1200000
FINISHED WRITING RESTART VELOCITIES
PRESSURE: 1300000 -149.601 -251.866 -705.055 -251.866 959.584 234.688 -705.053 234.687 -246.837
GPRESSURE: 1300000 -174.019 -76.8768 -524.226 -347.992 956.739 300.45 -861.981 225.562 -165.149
PRESSAVG: 1300000 -187.855 60.9986 -14.3099 60.9986 -155.675 -10.6369 -14.3099 -10.6369 -154.095
GPRESSAVG: 1300000 -114.976 123.118 20.5499 8.58445 -73.2835 -6.79027 -64.0373 -49.9013 -99.999
ENERGY: 1300000         3.3624         9.1091         4.1735         0.0000         -10759.5039      1468.3793         0.0000         0.0000      1721.9492          -7552.5304       294.0360     -9274.4796     -7406.8517       302.2979            187.7152       205.8571     29971.9120       -87.0902       -20.5258
FEP:    1300000        16.6451    -10759.5039      1469.0391

WRITING EXTENDED SYSTEM TO RESTART FILE AT STEP 1300000
WRITING COORDINATES TO DCD FILE mobley_6456034_prod.dcd AT STEP 1300000
WRITING COORDINATES TO RESTART FILE AT STEP 1300000
FINISHED WRITING RESTART COORDINATES
WRITING VELOCITIES TO RESTART FILE AT STEP 1300000
FINISHED WRITING RESTART VELOCITIES
PRESSURE: 1400000 1067.28 182.135 584.965 182.132 20.6483 -312.982 584.963 -312.979 -289.915
GPRESSURE: 1400000 1190.04 71.0018 329.83 190.102 4.68705 29.0945 818.891 -521.525 -209.999
PRESSAVG: 1400000 -108.607 34.0472 45.2637 34.0472 -175.641 14.8966 45.2637 14.8966 -214.006
GPRESSAVG: 1400000 -27.3604 94.5359 58.9396 -18.208 -103.909 12.1576 0.90371 -25.1425 -157.384
ENERGY: 1400000         3.1737        12.8807         4.7475         0.0000         -10625.6620      1467.2618         0.0000         0.0000      1693.0790          -7444.5194       289.1063     -9137.5984     -7409.3629       301.4184            266.0030       328.2411     30020.4158       -63.5506         2.7253
FEP:    1400000        20.8018    -10625.6620      1467.5682

WRITING EXTENDED SYSTEM TO RESTART FILE AT STEP 1400000
WRITING COORDINATES TO DCD FILE mobley_6456034_prod.dcd AT STEP 1400000
WRITING COORDINATES TO RESTART FILE AT STEP 1400000
FINISHED WRITING RESTART COORDINATES
WRITING VELOCITIES TO RESTART FILE AT STEP 1400000
FINISHED WRITING RESTART VELOCITIES
PRESSURE: 1500000 141.528 -360.116 -416.196 -360.115 509.987 275.931 -416.195 275.93 -531.675
GPRESSURE: 1500000 244.739 -486.455 -237.119 -540.989 325.883 30.6765 -419.655 354.565 -275.983
PRESSAVG: 1500000 -100.689 6.73147 22.6951 6.73147 -91.1744 34.4628 22.6951 34.4628 -222.913
GPRESSAVG: 1500000 -11.5391 66.8709 39.8384 -33.8486 -37.9599 16.8598 -1.8809 -8.92522 -154.048
ENERGY: 1500000         4.0517         9.1888         2.8678         0.0000         -10585.3964      1448.5674         0.0000         0.0000      1803.9525          -7316.7684       308.0387     -9120.7208     -7403.5757       301.8322             39.9470        98.2132     30683.8380       -57.0820         8.6933
FEP:    1500000        16.1082    -10585.3964      1448.3718

WRITING EXTENDED SYSTEM TO RESTART FILE AT STEP 1500000
WRITING COORDINATES TO DCD FILE mobley_6456034_prod.dcd AT STEP 1500000
WRITING COORDINATES TO RESTART FILE AT STEP 1500000
FINISHED WRITING RESTART COORDINATES
WRITING VELOCITIES TO RESTART FILE AT STEP 1500000
FINISHED WRITING RESTART VELOCITIES
TCL: Running FEP window  13: Lambda1 0.39999999999999963 Lambda2 0.34999999999999964 [dLambda -0.04999999999999999]
TCL: Setting parameter firsttimestep to 0
TCL: Setting parameter alchLambda to 0.39999999999999963
Info: NONBONDED TABLE R-SQUARED SPACING: 0.0625
Info: NONBONDED TABLE SIZE: 705 POINTS
Info: INCONSISTENCY IN FAST TABLE ENERGY VS FORCE: 0.000290481 AT 0.251946
Info: INCONSISTENCY IN SCOR TABLE ENERGY VS FORCE: 0.000238233 AT 8.9687
Info: ABSOLUTE IMPRECISION IN VDWA TABLE ENERGY: 1.21169e-27 AT 8.99653
Info: ABSOLUTE IMPRECISION IN VDWA TABLE FORCE: 2.57484e-27 AT 8.99653
Info: INCONSISTENCY IN VDWA TABLE ENERGY VS FORCE: 0.0040507 AT 0.251946
Info: INCONSISTENCY IN VDWB TABLE ENERGY VS FORCE: 0.00150189 AT 0.251946
TCL: Setting parameter alchLambda2 to 0.34999999999999964
Info: NONBONDED TABLE R-SQUARED SPACING: 0.0625
Info: NONBONDED TABLE SIZE: 705 POINTS
Info: INCONSISTENCY IN FAST TABLE ENERGY VS FORCE: 0.000290481 AT 0.251946
Info: INCONSISTENCY IN SCOR TABLE ENERGY VS FORCE: 0.000238233 AT 8.9687
Info: ABSOLUTE IMPRECISION IN VDWA TABLE ENERGY: 1.21169e-27 AT 8.99653
Info: ABSOLUTE IMPRECISION IN VDWA TABLE FORCE: 2.57484e-27 AT 8.99653
Info: INCONSISTENCY IN VDWA TABLE ENERGY VS FORCE: 0.0040507 AT 0.251946
Info: INCONSISTENCY IN VDWB TABLE ENERGY VS FORCE: 0.00150189 AT 0.251946
TCL: Running for 1500000 steps
FEP: RESETTING FOR NEW FEP WINDOW LAMBDA SET TO 0.4 LAMBDA2 0.35
FEP: WINDOW TO HAVE 100000 STEPS OF EQUILIBRATION PRIOR TO FEP DATA COLLECTION.
FEP: USING CONSTANT TEMPERATURE OF 300 K FOR FEP CALCULATION
PRESSURE: 0 116.109 -346.281 -389.955 -346.28 440.704 275.624 -389.951 275.624 -530.672
GPRESSURE: 0 241.539 -485.984 -235.666 -540.162 313.753 25.0352 -417.423 346.45 -287.535
ETITLE:      TS           BOND          ANGLE          DIHED          IMPRP               ELECT            VDW       BOUNDARY           MISC        KINETIC               TOTAL           TEMP      POTENTIAL       TOTALAVG        TEMPAVG            PRESSURE      GPRESSURE         VOLUME       PRESSAVG      GPRESSAVG
FEPTITLE:    TS          BOND2         ELECT2           VDW2

ENERGY:       0         4.0516         9.1888         2.8678         0.0000         -10585.3978      1448.3715         0.0000         0.0000      1803.0789          -7317.8391       307.8896     -9120.9180     -7317.8391       307.8896              8.7138        89.2521     30683.8380         8.7138        89.2521
FEP:          0        16.1082    -10585.3978      1448.5262

PRESSURE: 100000 -458.193 170.926 -139.345 170.925 -212.942 -109.224 -139.345 -109.224 269.074
GPRESSURE: 100000 -284.02 149.229 -266.809 33.9831 -271.028 -318.091 -203.567 246.656 294.158
PRESSAVG: 100000 -96.0883 -39.0984 -17.9662 -39.0984 34.958 71.1625 -17.9662 71.1625 -182.28
GPRESSAVG: 100000 4.61243 -2.53467 -0.637713 -84.887 59.4218 25.593 -52.4353 71.5231 -103.014
ENERGY:  100000         3.7084        13.9376         4.4422         0.0000         -10573.9787      1416.3626         0.0000         0.0000      1835.2329          -7300.2950       313.3801     -9135.5279     -7309.0670       310.6349           -134.0205       -86.9634     30241.2812       -62.6534         1.1443
FEP:     100000        22.0882    -10573.9787      1416.9105

WRITING EXTENDED SYSTEM TO RESTART FILE AT STEP 100000
WRITING COORDINATES TO DCD FILE mobley_6456034_prod.dcd AT STEP 100000
WRITING COORDINATES TO RESTART FILE AT STEP 100000
FINISHED WRITING RESTART COORDINATES
WRITING VELOCITIES TO RESTART FILE AT STEP 100000
FINISHED WRITING RESTART VELOCITIES
PRESSURE: 200000 27.9214 -358.94 97.69 -358.94 455.027 199.446 97.687 199.441 -175.865
GPRESSURE: 200000 327.866 -118.684 -117.874 -270.629 792.717 -153.965 -158.08 541.472 -383.075
PRESSAVG: 200000 0.123203 -63.1357 -34.4083 -63.1357 76.3307 109.922 -34.4083 109.922 -176.446
GPRESSAVG: 200000 109.643 -8.10767 -28.1647 -99.1941 111.817 40.9297 -91.8922 137.535 -111.698
ENERGY:  200000         5.7555         6.4296         3.1416         0.0000         -10749.4941      1499.5574         0.0000         0.0000      1743.5046          -7491.1054       297.7168     -9234.6100     -7369.7465       306.3288            102.3611       245.8359     30117.8514        -7.6485        82.7082
FEP:     200000        15.3267    -10749.4941      1499.3150

WRITING EXTENDED SYSTEM TO RESTART FILE AT STEP 200000
WRITING COORDINATES TO DCD FILE mobley_6456034_prod.dcd AT STEP 200000
WRITING COORDINATES TO RESTART FILE AT STEP 200000
FINISHED WRITING RESTART COORDINATES
WRITING VELOCITIES TO RESTART FILE AT STEP 200000
FINISHED WRITING RESTART VELOCITIES
PRESSURE: 300000 -221.025 -199.399 -199.575 -199.399 327.481 37.7296 -199.576 37.7244 123.36
GPRESSURE: 300000 -136.879 -107.389 -283.785 -31.1143 364.797 316.624 -244.999 99.2424 138.097
PRESSAVG: 300000 -39.5194 -69.4569 -46.1926 -69.4569 82.963 101.437 -46.1926 101.437 -172.392
GPRESSAVG: 300000 72.3347 -19.2444 -24.8879 -94.4366 109.49 43.4364 -107.793 124.044 -105.441
ENERGY:  300000         2.7258        13.1989         4.5027         0.0000         -10755.7576      1475.2079         0.0000         0.0000      1767.2458          -7492.8766       301.7708     -9260.1223     -7400.5290       305.1893             76.6053       122.0055     30175.5548        13.4149        92.5325
FEP:     300000        20.4274    -10755.7576      1475.9115

WRITING EXTENDED SYSTEM TO RESTART FILE AT STEP 300000
WRITING COORDINATES TO DCD FILE mobley_6456034_prod.dcd AT STEP 300000
WRITING COORDINATES TO RESTART FILE AT STEP 300000
FINISHED WRITING RESTART COORDINATES
WRITING VELOCITIES TO RESTART FILE AT STEP 300000
FINISHED WRITING RESTART VELOCITIES
PRESSURE: 400000 34.3754 -73.9471 -430.122 -73.9482 -368.525 -55.7134 -430.122 -55.7137 -427.235
GPRESSURE: 400000 9.54715 -63.1757 -635.809 247.002 -368.822 -52.9183 -503.096 175.058 -333.668
PRESSAVG: 400000 -68.1362 -70.709 -66.0404 -70.709 54.8318 85.9105 -66.0404 85.9105 -189.736
GPRESSAVG: 400000 42.5306 -28.159 -39.071 -75.7013 71.3935 27.1733 -136.51 114.12 -122.35
ENERGY:  400000         1.7062        13.1637         6.5843         0.0000         -10564.0562      1385.8214         0.0000         0.0000      1748.6500          -7408.1307       298.5954     -9156.7806     -7402.0493       303.8705           -253.7949      -230.9809     30022.1689       -40.0270        27.8298
FEP:     400000        21.4541    -10564.0562      1385.9021

WRITING EXTENDED SYSTEM TO RESTART FILE AT STEP 400000
WRITING COORDINATES TO DCD FILE mobley_6456034_prod.dcd AT STEP 400000
WRITING COORDINATES TO RESTART FILE AT STEP 400000
FINISHED WRITING RESTART COORDINATES
WRITING VELOCITIES TO RESTART FILE AT STEP 400000
FINISHED WRITING RESTART VELOCITIES
PRESSURE: 500000 -291.22 -122.216 -433.439 -122.216 -258.615 -225.1 -433.44 -225.1 681.02
GPRESSURE: 500000 -452.979 264.286 -621.76 -330.622 -193.761 125.385 -86.4182 -467.958 877.907
PRESSAVG: 500000 -47.5427 -77.6515 -69.2449 -77.6515 95.3817 78.8496 -69.2449 78.8496 -78.4537
GPRESSAVG: 500000 49.2251 -23.1322 -75.7385 -100.774 108.19 36.7304 -109.707 104.966 -3.30396
ENERGY:  500000         1.8569         8.2930         5.1460         0.0000         -10653.3993      1442.3070         0.0000         0.0000      1795.1192          -7400.6773       306.5304     -9195.7964     -7401.8206       304.3139             43.7285        77.0557     30339.9684       -26.0678        36.0341
FEP:     500000        15.2959    -10653.3993      1442.3933

WRITING EXTENDED SYSTEM TO RESTART FILE AT STEP 500000
WRITING COORDINATES TO DCD FILE mobley_6456034_prod.dcd AT STEP 500000
WRITING COORDINATES TO RESTART FILE AT STEP 500000
FINISHED WRITING RESTART COORDINATES
WRITING VELOCITIES TO RESTART FILE AT STEP 500000
FINISHED WRITING RESTART VELOCITIES
PRESSURE: 600000 -785.714 -262.013 7.42073 -262.011 -1518.98 -273.879 7.42363 -273.881 -1170.98
GPRESSURE: 600000 -707.536 -57.2372 -215.651 -394.243 -1495.38 -103.522 253.094 -344.453 -1108.94
PRESSAVG: 600000 -100.393 -97.2573 -48.2817 -97.2573 2.51526 58.9288 -48.2817 58.9288 -147.261
GPRESSAVG: 600000 0.540763 -27.0381 -52.579 -131.769 20.4 31.1749 -85.8225 70.7649 -73.1848
ENERGY:  600000         2.5828        11.6420         4.8411         0.0000         -10460.4731      1294.9967         0.0000         0.0000      1750.7930          -7395.6175       298.9614     -9146.4105     -7400.9345       303.5492          -1158.5598     -1103.9549     30700.4703      -187.8523      -126.8215
FEP:     600000        19.0659    -10460.4731      1295.2315

WRITING EXTENDED SYSTEM TO RESTART FILE AT STEP 600000
WRITING COORDINATES TO DCD FILE mobley_6456034_prod.dcd AT STEP 600000
WRITING COORDINATES TO RESTART FILE AT STEP 600000
FINISHED WRITING RESTART COORDINATES
WRITING VELOCITIES TO RESTART FILE AT STEP 600000
FINISHED WRITING RESTART VELOCITIES
PRESSURE: 700000 -72.9224 406.227 -599.284 406.225 -568.4 770.775 -599.285 770.774 -832.018
GPRESSURE: 700000 27.5636 544.869 -426.141 300.093 -367.851 815.535 -516.273 388.405 -939.861
PRESSAVG: 700000 -117.373 -75.6725 -79.542 -75.6725 -47.5588 86.1824 -79.542 86.1824 -222.521
GPRESSAVG: 700000 -20.2176 -5.47211 -77.3971 -108.412 -40.7179 70.1033 -100.636 67.5732 -140.562
ENERGY:  700000         2.0950        16.4043         4.6225         0.0000         -10463.8285      1337.1053         0.0000         0.0000      1765.2719          -7338.3295       301.4337     -9103.6014     -7393.1089       303.2848           -491.1134      -426.7160     30453.7995      -225.7600      -164.3083
FEP:     700000        23.1218    -10463.8285      1337.4649

WRITING EXTENDED SYSTEM TO RESTART FILE AT STEP 700000
WRITING COORDINATES TO DCD FILE mobley_6456034_prod.dcd AT STEP 700000
WRITING COORDINATES TO RESTART FILE AT STEP 700000
FINISHED WRITING RESTART COORDINATES
WRITING VELOCITIES TO RESTART FILE AT STEP 700000
FINISHED WRITING RESTART VELOCITIES
PRESSURE: 800000 -687.786 -170.985 348.66 -170.983 437.712 -107.273 348.66 -107.274 682.407
GPRESSURE: 800000 -231.897 -160.768 403.764 -288.777 364.927 163.115 277.861 -408.736 719.897
PRESSAVG: 800000 -134.348 -82.505 -84.602 -82.505 2.40987 82.7625 -84.602 82.7625 -193.171
GPRESSAVG: 800000 -21.4517 -6.63272 -78.6452 -118.062 10.4307 108.262 -121.057 35.3015 -116.221
ENERGY:  800000         2.0491         9.7882         3.1480         0.0000         -10601.7135      1445.7378         0.0000         0.0000      1697.2753          -7443.7152       289.8228     -9140.9905     -7398.7318       301.7890            144.1112       284.3088     30031.5702      -184.6632      -114.4619
FEP:     800000        14.9853    -10601.7135      1445.8739

WRITING EXTENDED SYSTEM TO RESTART FILE AT STEP 800000
WRITING COORDINATES TO DCD FILE mobley_6456034_prod.dcd AT STEP 800000
WRITING COORDINATES TO RESTART FILE AT STEP 800000
FINISHED WRITING RESTART COORDINATES
WRITING VELOCITIES TO RESTART FILE AT STEP 800000
FINISHED WRITING RESTART VELOCITIES
PRESSURE: 900000 -105.859 -419.578 -154.81 -419.576 1085.74 -36.6691 -154.811 -36.6718 -688.965
GPRESSURE: 900000 -110.259 -278.493 -343.301 -217.506 885.404 17.3649 -85.3361 -293.406 -573.747
PRESSAVG: 900000 -129.116 -103.337 -95.3936 -103.337 123.616 85.9637 -95.3936 85.9637 -205.415
GPRESSAVG: 900000 -22.2033 -29.6868 -107.182 -117.507 126.08 119.873 -112.756 18.7975 -127.799
ENERGY:  900000         1.3526        11.8660         4.9862         0.0000         -10505.1236      1381.9811         0.0000         0.0000      1806.8739          -7298.0637       308.5376     -9104.9376     -7388.6650       302.4639             96.9722        67.1329     30024.9497      -156.4996       -96.3024
FEP:     900000        18.2049    -10505.1236      1382.0570

WRITING EXTENDED SYSTEM TO RESTART FILE AT STEP 900000
WRITING COORDINATES TO DCD FILE mobley_6456034_prod.dcd AT STEP 900000
WRITING COORDINATES TO RESTART FILE AT STEP 900000
FINISHED WRITING RESTART COORDINATES
WRITING VELOCITIES TO RESTART FILE AT STEP 900000
FINISHED WRITING RESTART VELOCITIES
PRESSURE: 1000000 -188.518 326.772 -389.152 326.771 -386.888 406.219 -389.15 406.219 -456.421
GPRESSURE: 1000000 -103.7 470.733 -447.649 -138.023 -302.677 503.254 -211.863 -23.8113 -328.141
PRESSAVG: 1000000 -155.028 -80.6979 -132.497 -80.6979 139.916 121.977 -132.497 121.977 -267.756
GPRESSAVG: 1000000 -61.4844 10.4848 -145.487 -125.769 151.748 179.592 -144.717 32.4419 -188.091
TIMING: 1000000  CPU: 5881.85, 0.000312005/step  Wall: 5944.06, 0.000313072/step, 551.95 ns/days, 0.0434822 hours remaining, 0.000000 MB of memory in use.
PERFORMANCE: 1000000  averaging 552.444 ns/day, 0.000312792 sec/step with standard deviation 4.15528e-07
ETITLE:      TS           BOND          ANGLE          DIHED          IMPRP               ELECT            VDW       BOUNDARY           MISC        KINETIC               TOTAL           TEMP      POTENTIAL       TOTALAVG        TEMPAVG            PRESSURE      GPRESSURE         VOLUME       PRESSAVG      GPRESSAVG
FEPTITLE:    TS          BOND2         ELECT2           VDW2

ENERGY: 1000000         0.9647        11.2880         4.3666         0.0000         -10587.7579      1384.9190         0.0000         0.0000      1751.9784          -7434.2412       299.1638     -9186.2195     -7392.8083       302.1639           -343.9424      -244.8394     30184.5747      -173.5399      -109.8058
FEP:    1000000        16.6193    -10587.7579      1384.9684

WRITING EXTENDED SYSTEM TO RESTART FILE AT STEP 1000000
WRITING COORDINATES TO DCD FILE mobley_6456034_prod.dcd AT STEP 1000000
WRITING COORDINATES TO RESTART FILE AT STEP 1000000
FINISHED WRITING RESTART COORDINATES
WRITING VELOCITIES TO RESTART FILE AT STEP 1000000
FINISHED WRITING RESTART VELOCITIES
PRESSURE: 1100000 -1179.17 32.0978 106.468 32.0988 -268.212 408.198 106.47 408.198 211.54
GPRESSURE: 1100000 -1039.62 -176.815 68.12 274.904 -507.662 -1.04577 11.6307 680.251 270.624
PRESSAVG: 1100000 -196.473 -90.6998 -126.128 -90.6998 138.186 138.682 -126.128 138.682 -239.38
GPRESSAVG: 1100000 -101.592 -15.7606 -135.334 -108.91 136.452 168.995 -136.371 77.0115 -159.376
ENERGY: 1100000         4.5041        10.1716         2.2954         0.0000         -10555.8857      1389.1186         0.0000         0.0000      1783.3298          -7366.4661       304.5173     -9149.7960     -7390.6131       302.3600           -411.9475      -425.5525     30530.4126      -193.4072      -136.1180
FEP:    1100000        16.9711    -10555.8857      1389.9769

WRITING EXTENDED SYSTEM TO RESTART FILE AT STEP 1100000
WRITING COORDINATES TO DCD FILE mobley_6456034_prod.dcd AT STEP 1100000
WRITING COORDINATES TO RESTART FILE AT STEP 1100000
FINISHED WRITING RESTART COORDINATES
WRITING VELOCITIES TO RESTART FILE AT STEP 1100000
FINISHED WRITING RESTART VELOCITIES
PRESSURE: 1200000 259.053 50.7667 -584.951 50.7696 -580.517 32.1345 -584.953 32.1342 353.159
GPRESSURE: 1200000 297.243 -97.3323 -657.452 163.429 -194.04 202.723 -472.816 -265.913 192.375
PRESSAVG: 1200000 -140.394 -68.325 -159.377 -68.325 96.6159 122.526 -159.377 122.526 -252.846
GPRESSAVG: 1200000 -47.1626 2.47314 -186.942 -91.0271 107.703 158.902 -157.341 64.986 -175.533
ENERGY: 1200000         4.2389        13.1471         4.9119         0.0000         -10701.9480      1461.2405         0.0000         0.0000      1707.7071          -7510.7024       291.6041     -9218.4095     -7399.8507       301.5326             10.5650        98.5261     29992.0470      -177.7170      -118.0685
FEP:    1200000        22.2980    -10701.9480      1461.2302

WRITING EXTENDED SYSTEM TO RESTART FILE AT STEP 1200000
WRITING COORDINATES TO DCD FILE mobley_6456034_prod.dcd AT STEP 1200000
WRITING COORDINATES TO RESTART FILE AT STEP 1200000
FINISHED WRITING RESTART COORDINATES
WRITING VELOCITIES TO RESTART FILE AT STEP 1200000
FINISHED WRITING RESTART VELOCITIES
PRESSURE: 1300000 1167.17 116.825 -235.468 116.827 212.373 -101.774 -235.471 -101.774 24.5661
GPRESSURE: 1300000 1358.26 280.529 -108.965 182.74 246.146 -106.509 -178.706 -292.58 129.744
PRESSAVG: 1300000 -88.1804 -100.915 -168.959 -100.915 22.9716 118.726 -168.959 118.726 -243.444
GPRESSAVG: 1300000 15.5668 -34.8622 -193.258 -125.14 38.3396 165.8 -170.931 43.7298 -168.965
ENERGY: 1300000         1.3914        10.0949         3.6922         0.0000         -10625.4284      1495.7046         0.0000         0.0000      1718.5750          -7395.9704       293.4599     -9114.5455     -7399.5736       300.9560            468.0364       578.0491     30343.8568      -131.5918       -68.3458
FEP:    1300000        15.1784    -10625.4284      1495.8791

WRITING EXTENDED SYSTEM TO RESTART FILE AT STEP 1300000
WRITING COORDINATES TO DCD FILE mobley_6456034_prod.dcd AT STEP 1300000
WRITING COORDINATES TO RESTART FILE AT STEP 1300000
FINISHED WRITING RESTART COORDINATES
WRITING VELOCITIES TO RESTART FILE AT STEP 1300000
FINISHED WRITING RESTART VELOCITIES
PRESSURE: 1400000 -313.421 -480.21 690.408 -480.209 -694.513 320.94 690.41 320.936 -607.268
GPRESSURE: 1400000 -421.878 -720.135 615.457 -554.921 -396.132 337.682 826.35 591.762 -680.61
PRESSAVG: 1400000 -96.8867 -90.0558 -113.115 -90.0558 0.940954 109.482 -113.115 109.482 -231.131
GPRESSAVG: 1400000 3.04606 -29.8441 -133.643 -114.393 25.8286 151.473 -117.684 72.6843 -164.265
ENERGY: 1400000         6.6677         9.0933         6.5732         0.0000         -10491.8674      1363.7752         0.0000         0.0000      1717.2122          -7388.5457       293.2272     -9105.7579     -7398.8384       300.4407           -538.4006      -499.5401     30306.8838      -158.7124       -97.0921
FEP:    1400000        22.3342    -10491.8674      1363.8842

WRITING EXTENDED SYSTEM TO RESTART FILE AT STEP 1400000
WRITING COORDINATES TO DCD FILE mobley_6456034_prod.dcd AT STEP 1400000
WRITING COORDINATES TO RESTART FILE AT STEP 1400000
FINISHED WRITING RESTART COORDINATES
WRITING VELOCITIES TO RESTART FILE AT STEP 1400000
FINISHED WRITING RESTART VELOCITIES
PRESSURE: 1500000 -90.6044 496.493 358.633 496.494 -596.152 305.12 358.633 305.122 -223.477
GPRESSURE: 1500000 -95.8964 125.026 194.492 866.284 -313.664 409.505 275.238 190.971 -205.688
PRESSAVG: 1500000 -72.7336 -73.1665 -109.245 -73.1665 -34.5956 118.069 -109.245 118.069 -211.695
GPRESSAVG: 1500000 15.6277 -37.8376 -150.99 -79.1811 4.63249 164.436 -97.9895 65.5113 -150.418
ENERGY: 1500000         3.1307        12.5078         3.3223         0.0000         -10580.9834      1412.4383         0.0000         0.0000      1758.3665          -7391.2178       300.2546     -9149.5843     -7398.3621       300.4291           -303.4111      -205.0828     30679.6981      -167.7560      -103.8415
FEP:    1500000        18.9608    -10580.9834      1412.9185

WRITING EXTENDED SYSTEM TO RESTART FILE AT STEP 1500000
WRITING COORDINATES TO DCD FILE mobley_6456034_prod.dcd AT STEP 1500000
WRITING COORDINATES TO RESTART FILE AT STEP 1500000
FINISHED WRITING RESTART COORDINATES
WRITING VELOCITIES TO RESTART FILE AT STEP 1500000
FINISHED WRITING RESTART VELOCITIES
TCL: Running FEP window  14: Lambda1 0.34999999999999964 Lambda2 0.29999999999999966 [dLambda -0.04999999999999999]
TCL: Setting parameter firsttimestep to 0
TCL: Setting parameter alchLambda to 0.34999999999999964
Info: NONBONDED TABLE R-SQUARED SPACING: 0.0625
Info: NONBONDED TABLE SIZE: 705 POINTS
Info: INCONSISTENCY IN FAST TABLE ENERGY VS FORCE: 0.000290481 AT 0.251946
Info: INCONSISTENCY IN SCOR TABLE ENERGY VS FORCE: 0.000238233 AT 8.9687
Info: ABSOLUTE IMPRECISION IN VDWA TABLE ENERGY: 1.21169e-27 AT 8.99653
Info: ABSOLUTE IMPRECISION IN VDWA TABLE FORCE: 2.57484e-27 AT 8.99653
Info: INCONSISTENCY IN VDWA TABLE ENERGY VS FORCE: 0.0040507 AT 0.251946
Info: INCONSISTENCY IN VDWB TABLE ENERGY VS FORCE: 0.00150189 AT 0.251946
TCL: Setting parameter alchLambda2 to 0.29999999999999966
Info: NONBONDED TABLE R-SQUARED SPACING: 0.0625
Info: NONBONDED TABLE SIZE: 705 POINTS
Info: INCONSISTENCY IN FAST TABLE ENERGY VS FORCE: 0.000290481 AT 0.251946
Info: INCONSISTENCY IN SCOR TABLE ENERGY VS FORCE: 0.000238233 AT 8.9687
Info: ABSOLUTE IMPRECISION IN VDWA TABLE ENERGY: 1.21169e-27 AT 8.99653
Info: ABSOLUTE IMPRECISION IN VDWA TABLE FORCE: 2.57484e-27 AT 8.99653
Info: INCONSISTENCY IN VDWA TABLE ENERGY VS FORCE: 0.0040507 AT 0.251946
Info: INCONSISTENCY IN VDWB TABLE ENERGY VS FORCE: 0.00150189 AT 0.251946
TCL: Running for 1500000 steps
FEP: RESETTING FOR NEW FEP WINDOW LAMBDA SET TO 0.35 LAMBDA2 0.3
FEP: WINDOW TO HAVE 100000 STEPS OF EQUILIBRATION PRIOR TO FEP DATA COLLECTION.
FEP: USING CONSTANT TEMPERATURE OF 300 K FOR FEP CALCULATION
PRESSURE: 0 -64.8186 556.535 331.504 556.536 -538.703 322.653 331.504 322.651 -220.869
GPRESSURE: 0 -98.7873 124.266 194.437 865.776 -318.861 410.51 274.644 191.46 -210.489
ETITLE:      TS           BOND          ANGLE          DIHED          IMPRP               ELECT            VDW       BOUNDARY           MISC        KINETIC               TOTAL           TEMP      POTENTIAL       TOTALAVG        TEMPAVG            PRESSURE      GPRESSURE         VOLUME       PRESSAVG      GPRESSAVG
FEPTITLE:    TS          BOND2         ELECT2           VDW2

ENERGY:       0         3.1307        12.5078         3.3223         0.0000         -10580.9830      1412.9188         0.0000         0.0000      1757.5074          -7391.5960       300.1079     -9149.1034     -7391.5960       300.1079           -274.7969      -209.3792     30679.6981      -274.7969      -209.3792
FEP:          0        18.9608    -10580.9830      1413.5029

PRESSURE: 100000 771.51 63.9455 192.978 63.9482 1248.09 -405.648 192.979 -405.65 -796.552
GPRESSURE: 100000 670.408 -106.722 151.387 356.629 1262.45 -417.415 373.902 -363.832 -719.781
PRESSAVG: 100000 -43.7154 -19.5475 -62.6784 -19.5475 -62.7342 86.3243 -62.6784 86.3243 -230.339
GPRESSAVG: 100000 34.1873 -41.4626 -132.025 8.69783 -8.45588 111.652 -19.331 41.2039 -181.736
ENERGY:  100000         4.5511        12.0176         6.4820         0.0000         -10628.0103      1470.0592         0.0000         0.0000      1749.6599          -7385.2404       298.7679     -9134.9004     -7388.4182       299.4379            407.6839       404.3588     30507.3220        66.4435        97.4898
FEP:     100000        23.0507    -10628.0103      1470.3555

WRITING EXTENDED SYSTEM TO RESTART FILE AT STEP 100000
WRITING COORDINATES TO DCD FILE mobley_6456034_prod.dcd AT STEP 100000
WRITING COORDINATES TO RESTART FILE AT STEP 100000
FINISHED WRITING RESTART COORDINATES
WRITING VELOCITIES TO RESTART FILE AT STEP 100000
FINISHED WRITING RESTART VELOCITIES
PRESSURE: 200000 -290.991 -212.961 556.61 -212.962 -730.332 -246.033 556.61 -246.031 126.688
GPRESSURE: 200000 -74.9019 -428.956 645.948 -76.8443 -693.398 -54.8707 528.735 -599.661 82.6755
PRESSAVG: 200000 -111.629 -39.3022 -64.0961 -39.3022 -100.283 89.6717 -64.0961 89.6717 -209.509
GPRESSAVG: 200000 -29.0596 -66.4605 -116.219 -4.64949 -43.3601 107.454 -33.8388 37.2971 -167.102
ENERGY:  200000         1.0008        10.4126         5.5374         0.0000         -10577.2235      1398.7155         0.0000         0.0000      1771.4647          -7390.0926       302.4912     -9161.5572     -7388.9763       300.4557           -298.2114      -228.5414     30157.6139       -55.1081       -11.1873
FEP:     200000        16.9508    -10577.2235      1398.3876

WRITING EXTENDED SYSTEM TO RESTART FILE AT STEP 200000
WRITING COORDINATES TO DCD FILE mobley_6456034_prod.dcd AT STEP 200000
WRITING COORDINATES TO RESTART FILE AT STEP 200000
FINISHED WRITING RESTART COORDINATES
WRITING VELOCITIES TO RESTART FILE AT STEP 200000
FINISHED WRITING RESTART VELOCITIES
PRESSURE: 300000 -112.186 -786.929 586.131 -786.928 -96.8131 624.443 586.131 624.446 335.998
GPRESSURE: 300000 124.458 -924.856 365.795 -902.965 -156.872 849.116 523.066 388.209 365.036
PRESSAVG: 300000 -124.314 -60.6428 -13.9797 -60.6428 -130.623 107.097 -13.9797 107.097 -166.126
GPRESSAVG: 300000 -35.0737 -88.3805 -86.073 -22.7483 -67.4979 148.376 13.2972 38.9793 -135.051
ENERGY:  300000         7.2448        12.5359         4.5279         0.0000         -10584.6882      1429.5801         0.0000         0.0000      1754.8457          -7375.9538       299.6534     -9130.7995     -7385.7207       300.2551             42.3328       110.8739     30189.9493       -30.7479        19.3280
FEP:     300000        24.3087    -10584.6882      1430.1785

WRITING EXTENDED SYSTEM TO RESTART FILE AT STEP 300000
WRITING COORDINATES TO DCD FILE mobley_6456034_prod.dcd AT STEP 300000
WRITING COORDINATES TO RESTART FILE AT STEP 300000
FINISHED WRITING RESTART COORDINATES
WRITING VELOCITIES TO RESTART FILE AT STEP 300000
FINISHED WRITING RESTART VELOCITIES
PRESSURE: 400000 -585.445 -29.6056 16.1953 -29.6073 -887.546 134.263 16.1961 134.262 -642.634
GPRESSURE: 400000 -435.271 30.6387 -100.705 -231.172 -901.216 48.8193 57.9804 14.2533 -703.191
PRESSAVG: 400000 -159.392 -44.8092 6.3276 -44.8092 -197.036 100.029 6.3276 100.029 -171.724
GPRESSAVG: 400000 -68.9141 -62.5494 -79.325 -7.29876 -128.246 149.565 37.0674 22.3695 -155.834
ENERGY:  400000         3.4671        11.2261         4.0399         0.0000         -10611.3382      1387.2291         0.0000         0.0000      1730.2377          -7475.1383       295.4514     -9205.3760     -7403.6042       299.2943           -705.2081      -679.8926     30342.1413      -165.6399      -120.5161
FEP:     400000        18.7331    -10611.3382      1387.8681

WRITING EXTENDED SYSTEM TO RESTART FILE AT STEP 400000
WRITING COORDINATES TO DCD FILE mobley_6456034_prod.dcd AT STEP 400000
WRITING COORDINATES TO RESTART FILE AT STEP 400000
FINISHED WRITING RESTART COORDINATES
WRITING VELOCITIES TO RESTART FILE AT STEP 400000
FINISHED WRITING RESTART VELOCITIES
PRESSURE: 500000 144.286 -77.7501 -155.381 -77.7497 1196.58 135.433 -155.381 135.433 1028.11
GPRESSURE: 500000 249.178 -151.587 -112.346 155.892 1236.76 -124.264 -343.243 516.218 1095.69
PRESSAVG: 500000 -129.268 -57.2429 5.52583 -57.2429 -126.559 112.262 5.52583 112.262 -133.772
GPRESSAVG: 500000 -42.2543 -77.5902 -71.6018 -1.20331 -52.8571 159.256 30.0835 35.8476 -115.758
ENERGY:  500000         1.7985        10.6851         4.1142         0.0000         -10654.6381      1501.1220         0.0000         0.0000      1745.3164          -7391.6019       298.0262     -9136.9183     -7401.6038       299.0830            789.6605       860.5405     30086.2900        -6.4232        42.9933
FEP:     500000        16.5978    -10654.6381      1501.5558

WRITING EXTENDED SYSTEM TO RESTART FILE AT STEP 500000
WRITING COORDINATES TO DCD FILE mobley_6456034_prod.dcd AT STEP 500000
WRITING COORDINATES TO RESTART FILE AT STEP 500000
FINISHED WRITING RESTART COORDINATES
WRITING VELOCITIES TO RESTART FILE AT STEP 500000
FINISHED WRITING RESTART VELOCITIES
PRESSURE: 600000 210.64 -243.565 361.482 -243.567 4.13598 -320.815 361.485 -320.816 376.236
GPRESSURE: 600000 369.319 -302.663 459.327 -165.314 -22.0073 -275.537 -1.44349 -412.279 332.687
PRESSAVG: 600000 -120.132 -51.4743 18.7157 -51.4743 -149.104 86.2493 18.7157 86.2493 -106.167
GPRESSAVG: 600000 -40.1816 -86.7891 -42.7418 4.06248 -93.5934 153.178 37.9154 -11.84 -79.9694
ENERGY:  600000         4.1895        11.6666         4.7165         0.0000         -10560.6385      1450.8872         0.0000         0.0000      1773.7998          -7315.3788       302.8900     -9089.1786     -7389.2860       299.6268            197.0038       226.6665     30537.6887        22.6378        69.2324
FEP:     600000        20.5726    -10560.6385      1451.4350

WRITING EXTENDED SYSTEM TO RESTART FILE AT STEP 600000
WRITING COORDINATES TO DCD FILE mobley_6456034_prod.dcd AT STEP 600000
WRITING COORDINATES TO RESTART FILE AT STEP 600000
FINISHED WRITING RESTART COORDINATES
WRITING VELOCITIES TO RESTART FILE AT STEP 600000
FINISHED WRITING RESTART VELOCITIES
PRESSURE: 700000 -314.995 58.2253 32.7997 58.2226 307.865 -221.312 32.7941 -221.31 -219.929
GPRESSURE: 700000 -162.031 -5.67159 216.583 10.0315 135.968 -416.57 -102.585 -53.9332 217.046
PRESSAVG: 700000 -124.831 -38.5932 30.3342 -38.5932 -150.085 73.2976 30.3342 73.2976 -123.331
GPRESSAVG: 700000 -41.4392 -81.7033 -17.7234 6.11977 -105.035 116.518 45.0361 -19.4988 -76.022
ENERGY:  700000         1.9601        12.8613         3.4019         0.0000         -10622.9325      1444.3508         0.0000         0.0000      1703.4474          -7456.9110       290.8767     -9160.3584     -7397.7391       298.5331            -75.6864        63.6606     30425.8128        10.3473        68.5359
FEP:     700000        18.2233    -10622.9325      1444.7774

WRITING EXTENDED SYSTEM TO RESTART FILE AT STEP 700000
WRITING COORDINATES TO DCD FILE mobley_6456034_prod.dcd AT STEP 700000
WRITING COORDINATES TO RESTART FILE AT STEP 700000
FINISHED WRITING RESTART COORDINATES
WRITING VELOCITIES TO RESTART FILE AT STEP 700000
FINISHED WRITING RESTART VELOCITIES
PRESSURE: 800000 881.235 -164.623 -291.984 -164.625 247.215 724.012 -291.984 724.014 -1243.55
GPRESSURE: 800000 956.11 -26.7331 -114.805 -260.32 -48.8378 756.987 -144.912 924.653 -1091.78
PRESSAVG: 800000 -82.4878 -43.127 37.2411 -43.127 -119.298 112.284 37.2411 112.284 -164.147
GPRESSAVG: 800000 5.88893 -79.8811 8.32686 -19.2463 -89.0356 157.013 62.9453 17.981 -113.927
ENERGY:  800000         4.2535        11.1020         4.7488         0.0000         -10597.9089      1383.5858         0.0000         0.0000      1808.6313          -7385.5875       308.8377     -9194.2188     -7396.3889       299.6780            -38.3663       -61.5015     29936.0196         4.9347        54.0873
FEP:     800000        20.1043    -10597.9089      1384.2360

WRITING EXTENDED SYSTEM TO RESTART FILE AT STEP 800000
WRITING COORDINATES TO DCD FILE mobley_6456034_prod.dcd AT STEP 800000
WRITING COORDINATES TO RESTART FILE AT STEP 800000
FINISHED WRITING RESTART COORDINATES
WRITING VELOCITIES TO RESTART FILE AT STEP 800000
FINISHED WRITING RESTART VELOCITIES
PRESSURE: 900000 -391.214 -485.355 -507.105 -485.357 -215.217 82.4069 -507.105 82.4042 -262.764
GPRESSURE: 900000 -425.942 -483.715 -499.949 -557.997 -87.2356 216.997 -485.089 93.4037 -206.063
PRESSAVG: 900000 -87.4875 -61.2841 33.5579 -61.2841 -117.128 127.659 33.5579 127.659 -211.336
GPRESSAVG: 900000 7.24076 -117.281 14.4174 -30.6151 -83.7093 161.594 43.0117 46.0491 -168.126
ENERGY:  900000         3.4310        13.0931         6.5498         0.0000         -10514.7279      1406.4811         0.0000         0.0000      1726.7376          -7358.4354       294.8537     -9085.1730     -7392.5936       299.1956           -289.7315      -239.7471     30780.1544       -24.5320        24.7038
FEP:     900000        23.0739    -10514.7279      1406.9397

WRITING EXTENDED SYSTEM TO RESTART FILE AT STEP 900000
WRITING COORDINATES TO DCD FILE mobley_6456034_prod.dcd AT STEP 900000
WRITING COORDINATES TO RESTART FILE AT STEP 900000
FINISHED WRITING RESTART COORDINATES
WRITING VELOCITIES TO RESTART FILE AT STEP 900000
FINISHED WRITING RESTART VELOCITIES
PRESSURE: 1000000 -211 76.3662 324.045 76.3671 462.243 -418.568 324.046 -418.563 652.118
GPRESSURE: 1000000 -19.2278 -36.4212 244.103 73.5227 814.556 -537.865 633.519 -81.5287 412.166
PRESSAVG: 1000000 -58.7518 -44.3652 49.389 -44.3652 -18.0666 120.425 49.389 120.425 -120.181
GPRESSAVG: 1000000 41.6562 -116.24 37.4051 -7.22681 31.7876 139.877 62.033 59.1953 -92.0705
TIMING: 1000000  CPU: 6349.82, 0.000311913/step  Wall: 6413.7, 0.000312979/step, 552.113 ns/days, 0.0434694 hours remaining, 0.000000 MB of memory in use.
PERFORMANCE: 1000000  averaging 552.42 ns/day, 0.000312805 sec/step with standard deviation 4.02359e-07
ETITLE:      TS           BOND          ANGLE          DIHED          IMPRP               ELECT            VDW       BOUNDARY           MISC        KINETIC               TOTAL           TEMP      POTENTIAL       TOTALAVG        TEMPAVG            PRESSURE      GPRESSURE         VOLUME       PRESSAVG      GPRESSAVG
FEPTITLE:    TS          BOND2         ELECT2           VDW2

ENERGY: 1000000         3.6759        14.9753         3.0190         0.0000         -10643.7023      1452.0503         0.0000         0.0000      1769.8223          -7400.1595       302.2108     -9169.9818     -7393.2814       299.4697            301.1204       402.4979     30075.0797         5.0728        59.0488
FEP:    1000000        21.6702    -10643.7023      1452.2379

WRITING EXTENDED SYSTEM TO RESTART FILE AT STEP 1000000
WRITING COORDINATES TO DCD FILE mobley_6456034_prod.dcd AT STEP 1000000
WRITING COORDINATES TO RESTART FILE AT STEP 1000000
FINISHED WRITING RESTART COORDINATES
WRITING VELOCITIES TO RESTART FILE AT STEP 1000000
FINISHED WRITING RESTART VELOCITIES
PRESSURE: 1100000 235.5 -126.595 -120.483 -126.599 -53.0005 685.527 -120.484 685.529 544.417
GPRESSURE: 1100000 138.276 111.995 -138.058 -112.278 120.524 536.353 -28.5608 1104.75 601.851
PRESSAVG: 1100000 -43.3307 -71.0064 73.329 -71.0064 7.70335 116.163 73.329 116.163 -51.3593
GPRESSAVG: 1100000 47.1918 -137.884 51.8092 -27.8454 56.2064 125.918 86.4186 95.0125 -14.9849
ENERGY: 1100000         2.7250         8.3289         3.8154         0.0000         -10774.1521      1463.5759         0.0000         0.0000      1745.9372          -7549.7698       298.1322     -9295.7070     -7406.3221       299.3582            242.3054       286.8838     29570.3011        24.8422        78.0350
FEP:    1100000        14.8693    -10774.1521      1463.6444

WRITING EXTENDED SYSTEM TO RESTART FILE AT STEP 1100000
WRITING COORDINATES TO DCD FILE mobley_6456034_prod.dcd AT STEP 1100000
WRITING COORDINATES TO RESTART FILE AT STEP 1100000
FINISHED WRITING RESTART COORDINATES
WRITING VELOCITIES TO RESTART FILE AT STEP 1100000
FINISHED WRITING RESTART VELOCITIES
PRESSURE: 1200000 -295.312 233.541 214.137 233.541 523.912 269.118 214.137 269.119 484.935
GPRESSURE: 1200000 -140.48 295.051 125.666 144.052 284.029 427.502 102.619 492.959 670.266
PRESSAVG: 1200000 -23.707 -50.7802 66.6029 -50.7802 12.0134 134.983 66.6029 134.983 -61.2329
GPRESSAVG: 1200000 51.7627 -115.093 37.9043 -6.20391 52.1615 139.137 77.6565 140.097 -17.4664
ENERGY: 1200000         2.2170         9.1614         5.7270         0.0000         -10693.3896      1442.9912         0.0000         0.0000      1821.8378          -7411.4552       311.0928     -9233.2930     -7406.7169       300.2609            237.8451       271.2717     29713.4744        41.2270        92.8994
FEP:    1200000        17.1054    -10693.3896      1443.8353

WRITING EXTENDED SYSTEM TO RESTART FILE AT STEP 1200000
WRITING COORDINATES TO DCD FILE mobley_6456034_prod.dcd AT STEP 1200000
WRITING COORDINATES TO RESTART FILE AT STEP 1200000
FINISHED WRITING RESTART COORDINATES
WRITING VELOCITIES TO RESTART FILE AT STEP 1200000
FINISHED WRITING RESTART VELOCITIES
PRESSURE: 1300000 1128.92 -408.715 148.185 -408.717 1542.3 284.686 148.183 284.684 762
GPRESSURE: 1300000 1194.81 -638.52 -208.267 -299.65 1563.54 291.874 18.5619 113.028 753.347
PRESSAVG: 1300000 38.0322 -50.2373 81.7526 -50.2373 34.8415 151.05 81.7526 151.05 11.3154
GPRESSAVG: 1300000 117.016 -133.094 44.656 -10.3111 86.0681 152.862 82.8514 160.419 48.8883
ENERGY: 1300000         1.9164         7.8515         5.3974         0.0000         -10815.4776      1562.0876         0.0000         0.0000      1802.6675          -7435.5570       307.8193     -9238.2246     -7408.7769       300.8008           1144.4087      1170.5641     29852.3002       120.0257       169.8754
FEP:    1300000        15.1654    -10815.4776      1562.3861

WRITING EXTENDED SYSTEM TO RESTART FILE AT STEP 1300000
WRITING COORDINATES TO DCD FILE mobley_6456034_prod.dcd AT STEP 1300000
WRITING COORDINATES TO RESTART FILE AT STEP 1300000
FINISHED WRITING RESTART COORDINATES
WRITING VELOCITIES TO RESTART FILE AT STEP 1300000
FINISHED WRITING RESTART VELOCITIES
PRESSURE: 1400000 -241.275 27.3762 24.5373 27.3788 470.272 164.477 24.5344 164.484 -107.399
GPRESSURE: 1400000 -101.252 -262.262 135.753 133.04 606.625 42.1385 66.0709 46.6282 -55.1634
PRESSAVG: 1400000 35.3943 -65.2069 102.437 -65.2069 77.6995 138.964 102.437 138.964 28.7665
GPRESSAVG: 1400000 117.139 -169.744 73.8261 3.24206 131.533 129.807 96.7481 163.941 62.5372
ENERGY: 1400000         2.4036         9.3766         5.4703         0.0000         -10651.5786      1444.1056         0.0000         0.0000      1754.3508          -7435.8716       299.5689     -9190.2224     -7410.5833       300.7187             40.5326       150.0702     30057.0273       114.7262       168.5551
FEP:    1400000        17.2505    -10651.5786      1443.0314

WRITING EXTENDED SYSTEM TO RESTART FILE AT STEP 1400000
WRITING COORDINATES TO DCD FILE mobley_6456034_prod.dcd AT STEP 1400000
WRITING COORDINATES TO RESTART FILE AT STEP 1400000
FINISHED WRITING RESTART COORDINATES
WRITING VELOCITIES TO RESTART FILE AT STEP 1400000
FINISHED WRITING RESTART VELOCITIES
PRESSURE: 1500000 306.012 357.49 -346.107 357.49 788.529 -77.0626 -346.109 -77.0656 804.694
GPRESSURE: 1500000 232.586 160.453 29.682 218.089 773.082 2.05452 -338.296 84.9229 830.667
PRESSAVG: 1500000 109.653 -48.9373 79.8079 -48.9373 130.537 114.7 79.8079 114.7 58.4241
GPRESSAVG: 1500000 180.749 -152.881 71.9042 0.401299 195.57 129.962 79.2518 134.175 90.5393
ENERGY: 1500000         2.3275        10.4092         4.3536         0.0000         -10702.2069      1474.2934         0.0000         0.0000      1797.0739          -7413.7494       306.8642     -9210.8232     -7410.7811       301.1028            633.0785       612.1114     29902.3549       147.1232       196.2773
FEP:    1500000        17.0903    -10702.2069      1474.0943

WRITING EXTENDED SYSTEM TO RESTART FILE AT STEP 1500000
WRITING COORDINATES TO DCD FILE mobley_6456034_prod.dcd AT STEP 1500000
WRITING COORDINATES TO RESTART FILE AT STEP 1500000
FINISHED WRITING RESTART COORDINATES
WRITING VELOCITIES TO RESTART FILE AT STEP 1500000
FINISHED WRITING RESTART VELOCITIES
TCL: Running FEP window  15: Lambda1 0.29999999999999966 Lambda2 0.24999999999999967 [dLambda -0.04999999999999999]
TCL: Setting parameter firsttimestep to 0
TCL: Setting parameter alchLambda to 0.29999999999999966
Info: NONBONDED TABLE R-SQUARED SPACING: 0.0625
Info: NONBONDED TABLE SIZE: 705 POINTS
Info: INCONSISTENCY IN FAST TABLE ENERGY VS FORCE: 0.000290481 AT 0.251946
Info: INCONSISTENCY IN SCOR TABLE ENERGY VS FORCE: 0.000238233 AT 8.9687
Info: ABSOLUTE IMPRECISION IN VDWA TABLE ENERGY: 1.21169e-27 AT 8.99653
Info: ABSOLUTE IMPRECISION IN VDWA TABLE FORCE: 2.57484e-27 AT 8.99653
Info: INCONSISTENCY IN VDWA TABLE ENERGY VS FORCE: 0.0040507 AT 0.251946
Info: INCONSISTENCY IN VDWB TABLE ENERGY VS FORCE: 0.00150189 AT 0.251946
TCL: Setting parameter alchLambda2 to 0.24999999999999967
Info: NONBONDED TABLE R-SQUARED SPACING: 0.0625
Info: NONBONDED TABLE SIZE: 705 POINTS
Info: INCONSISTENCY IN FAST TABLE ENERGY VS FORCE: 0.000290481 AT 0.251946
Info: INCONSISTENCY IN SCOR TABLE ENERGY VS FORCE: 0.000238233 AT 8.9687
Info: ABSOLUTE IMPRECISION IN VDWA TABLE ENERGY: 1.21169e-27 AT 8.99653
Info: ABSOLUTE IMPRECISION IN VDWA TABLE FORCE: 2.57484e-27 AT 8.99653
Info: INCONSISTENCY IN VDWA TABLE ENERGY VS FORCE: 0.0040507 AT 0.251946
Info: INCONSISTENCY IN VDWB TABLE ENERGY VS FORCE: 0.00150189 AT 0.251946
TCL: Running for 1500000 steps
FEP: RESETTING FOR NEW FEP WINDOW LAMBDA SET TO 0.3 LAMBDA2 0.25
FEP: WINDOW TO HAVE 100000 STEPS OF EQUILIBRATION PRIOR TO FEP DATA COLLECTION.
FEP: USING CONSTANT TEMPERATURE OF 300 K FOR FEP CALCULATION
PRESSURE: 0 196.538 307.439 -278.848 307.44 669.556 -47.7125 -278.846 -47.7144 690.456
GPRESSURE: 0 219.572 156.014 28.7466 213.895 765.934 0.941551 -338.173 84.6195 820.256
ETITLE:      TS           BOND          ANGLE          DIHED          IMPRP               ELECT            VDW       BOUNDARY           MISC        KINETIC               TOTAL           TEMP      POTENTIAL       TOTALAVG        TEMPAVG            PRESSURE      GPRESSURE         VOLUME       PRESSAVG      GPRESSAVG
FEPTITLE:    TS          BOND2         ELECT2           VDW2

ENERGY:       0         2.3275        10.4092         4.3536         0.0000         -10702.2062      1474.0948         0.0000         0.0000      1796.2219          -7414.7992       306.7187     -9211.0211     -7414.7992       306.7187            518.8501       601.9209     29902.3549       518.8501       601.9209
FEP:          0        17.0903    -10702.2062      1474.2576

PRESSURE: 100000 -603.978 -170.422 -777.604 -170.423 -439.498 141.436 -777.602 141.437 -924.732
GPRESSURE: 100000 -500.98 -215.46 -676.931 -141.92 -540.793 -173.044 -801.227 674.949 -632.187
PRESSAVG: 100000 17.9703 -50.4663 68.0067 -50.4663 160.447 122.869 68.0067 122.869 27.8241
GPRESSAVG: 100000 83.9034 -165.013 77.8158 -13.3084 204.222 116.546 54.8578 200.078 83.8368
ENERGY:  100000         4.5130        10.4173         4.6697         0.0000         -10551.8594      1405.2022         0.0000         0.0000      1700.2497          -7426.8075       290.3307     -9127.0573     -7420.8034       298.5247           -656.0696      -557.9868     30717.0260       -68.6098        21.9670
FEP:     100000        19.6000    -10551.8594      1405.2490

WRITING EXTENDED SYSTEM TO RESTART FILE AT STEP 100000
WRITING COORDINATES TO DCD FILE mobley_6456034_prod.dcd AT STEP 100000
WRITING COORDINATES TO RESTART FILE AT STEP 100000
FINISHED WRITING RESTART COORDINATES
WRITING VELOCITIES TO RESTART FILE AT STEP 100000
FINISHED WRITING RESTART VELOCITIES
PRESSURE: 200000 -649.312 -380.505 471.712 -380.507 734.195 190.268 471.718 190.272 -110.882
GPRESSURE: 200000 -544.239 -522.678 823.527 2.17744 733.006 174.128 317.449 153.637 -37.9675
PRESSAVG: 200000 1.17577 -45.4812 57.0721 -45.4812 231.882 116.335 57.0721 116.335 52.6434
GPRESSAVG: 200000 77.7853 -155.14 88.2193 14.5465 260.679 108.368 29.4128 178.171 115.969
ENERGY:  200000         5.3723        12.5394         3.4201         0.0000         -10649.8772      1434.3161         0.0000         0.0000      1769.4533          -7424.7760       302.1477     -9194.2293     -7422.1276       299.7324             -8.6664        50.2665     29860.3734       -48.6287        31.4002
FEP:     200000        21.3318    -10649.8772      1433.6892

WRITING EXTENDED SYSTEM TO RESTART FILE AT STEP 200000
WRITING COORDINATES TO DCD FILE mobley_6456034_prod.dcd AT STEP 200000
WRITING COORDINATES TO RESTART FILE AT STEP 200000
FINISHED WRITING RESTART COORDINATES
WRITING VELOCITIES TO RESTART FILE AT STEP 200000
FINISHED WRITING RESTART VELOCITIES
PRESSURE: 300000 705.383 281.415 89.387 281.416 116.952 380.665 89.3875 380.667 861.714
GPRESSURE: 300000 963.57 177.207 312.126 432.747 238.137 435.034 -158.111 253.635 861.097
PRESSAVG: 300000 40.9751 -56.2351 43.6098 -56.2351 267.537 120.113 43.6098 120.113 106.903
GPRESSAVG: 300000 130.759 -152.531 94.101 -7.13036 288.269 109.645 7.74533 181.305 169.308
ENERGY:  300000         1.7866         9.7024         3.3708         0.0000         -10644.4433      1471.5422         0.0000         0.0000      1752.3889          -7405.6524       299.2339     -9158.0413     -7418.0088       299.6078            561.3498       687.6015     29842.3681       103.8660       195.4505
FEP:     300000        14.8598    -10644.4433      1471.3531

WRITING EXTENDED SYSTEM TO RESTART FILE AT STEP 300000
WRITING COORDINATES TO DCD FILE mobley_6456034_prod.dcd AT STEP 300000
WRITING COORDINATES TO RESTART FILE AT STEP 300000
FINISHED WRITING RESTART COORDINATES
WRITING VELOCITIES TO RESTART FILE AT STEP 300000
FINISHED WRITING RESTART VELOCITIES
PRESSURE: 400000 -1.04037 -443.52 -484.682 -443.521 -276.948 56.0583 -484.678 56.0558 -285.946
GPRESSURE: 400000 122.287 -780.227 -748.692 -538.82 -221.068 -83.176 -442.393 -274.109 -163.328
PRESSAVG: 400000 44.164 -106.238 2.80068 -106.238 280.625 106.783 2.80068 106.783 103.649
GPRESSAVG: 400000 141.812 -197.756 46.9445 -77.3602 293.159 84.9603 -28.1065 158.026 171.666
ENERGY:  400000         3.5131         9.0820         3.7748         0.0000         -10633.7081      1442.1206         0.0000         0.0000      1752.0683          -7423.1493       299.1791     -9175.2176     -7419.0369       299.5220           -187.9781       -87.3696     30528.5173        45.4972       138.8865
FEP:     400000        16.3699    -10633.7081      1442.7181

WRITING EXTENDED SYSTEM TO RESTART FILE AT STEP 400000
WRITING COORDINATES TO DCD FILE mobley_6456034_prod.dcd AT STEP 400000
WRITING COORDINATES TO RESTART FILE AT STEP 400000
FINISHED WRITING RESTART COORDINATES
WRITING VELOCITIES TO RESTART FILE AT STEP 400000
FINISHED WRITING RESTART VELOCITIES
PRESSURE: 500000 -1043.53 -5.37268 -122.365 -5.37222 -540.223 -156.206 -122.366 -156.204 -1274.89
GPRESSURE: 500000 -891.799 71.3335 -47.9939 31.8271 -587.919 125.193 -231.107 -648.972 -1187
PRESSAVG: 500000 -46.5882 -109.704 -12.9666 -109.704 191.209 119.255 -12.9666 119.255 79.7323
GPRESSAVG: 500000 63.7021 -188.853 36.9755 -93.6003 200.64 112.091 -58.3569 143.769 148.305
ENERGY:  500000         2.0600         8.0891         4.4431         0.0000         -10463.7690      1291.1729         0.0000         0.0000      1725.3871          -7432.6168       294.6231     -9158.0039     -7421.3002       298.7055           -952.8819      -888.9066     30120.5921      -120.8994       -32.4124
FEP:     500000        14.5922    -10463.7690      1291.8645

WRITING EXTENDED SYSTEM TO RESTART FILE AT STEP 500000
WRITING COORDINATES TO DCD FILE mobley_6456034_prod.dcd AT STEP 500000
WRITING COORDINATES TO RESTART FILE AT STEP 500000
FINISHED WRITING RESTART COORDINATES
WRITING VELOCITIES TO RESTART FILE AT STEP 500000
FINISHED WRITING RESTART VELOCITIES
PRESSURE: 600000 -2154.57 340.324 551.39 340.322 168.199 -296.573 551.389 -296.572 -2030.49
GPRESSURE: 600000 -1936.55 260.386 732.346 192.7 196.732 -320.814 876.532 -78.1566 -1914.05
PRESSAVG: 600000 -139.767 -82.0397 -13.2277 -82.0397 236.136 116.728 -13.2277 116.728 -28.1264
GPRESSAVG: 600000 -29.3805 -154.386 41.2954 -80.1231 245.147 98.7935 -40.9671 169.844 48.4687
ENERGY:  600000         8.3895        10.3406         5.0943         0.0000         -10490.9281      1278.0131         0.0000         0.0000      1719.7541          -7469.3365       293.6612     -9189.0906     -7428.1625       297.9849          -1338.9530     -1217.9585     30056.8020      -294.9070      -201.7761
FEP:     600000        23.8244    -10490.9281      1278.3216

WRITING EXTENDED SYSTEM TO RESTART FILE AT STEP 600000
WRITING COORDINATES TO DCD FILE mobley_6456034_prod.dcd AT STEP 600000
WRITING COORDINATES TO RESTART FILE AT STEP 600000
FINISHED WRITING RESTART COORDINATES
WRITING VELOCITIES TO RESTART FILE AT STEP 600000
FINISHED WRITING RESTART VELOCITIES
PRESSURE: 700000 -139.421 93.9633 -150.517 93.963 -798.933 265.332 -150.518 265.332 -95.8897
GPRESSURE: 700000 -245.211 213.446 -336.048 -185.989 -729.135 589.752 -174.216 119.889 23.818
PRESSAVG: 700000 -141.129 -37.9952 -50.0601 -37.9952 201.03 98.7724 -50.0601 98.7724 -49.7208
GPRESSAVG: 700000 -47.864 -97.4706 6.20319 -44.2743 216.534 85.8253 -75.8312 156.428 31.4078
ENERGY:  700000         2.1712        13.9975         4.1070         0.0000         -10594.6135      1386.7495         0.0000         0.0000      1731.7144          -7455.8738       295.7035     -9187.5882     -7431.6264       297.6997           -344.7479      -316.8429     30097.3107      -301.1371      -216.1595
FEP:     700000        20.2757    -10594.6135      1387.2050

WRITING EXTENDED SYSTEM TO RESTART FILE AT STEP 700000
WRITING COORDINATES TO DCD FILE mobley_6456034_prod.dcd AT STEP 700000
WRITING COORDINATES TO RESTART FILE AT STEP 700000
FINISHED WRITING RESTART COORDINATES
WRITING VELOCITIES TO RESTART FILE AT STEP 700000
FINISHED WRITING RESTART VELOCITIES
PRESSURE: 800000 -535.438 704.755 -94.4693 704.758 -750.617 87.3148 -94.4708 87.3154 -779.356
GPRESSURE: 800000 -525.285 683.497 -145.063 633.173 -623.898 5.40563 -139.674 398.363 -745.393
PRESSAVG: 800000 -138.629 -1.27694 -55.5935 -1.27694 207.876 96.4251 -55.5935 96.4251 -56.5569
GPRESSAVG: 800000 -52.3647 -64.8277 3.98528 -1.05704 230.4 83.6546 -85.7139 175.634 29.2977
ENERGY:  800000         2.3359        10.6596         6.5578         0.0000         -10563.2822      1343.7408         0.0000         0.0000      1754.6597          -7445.3286       299.6216     -9199.9883     -7433.1489       297.9133           -688.4706      -631.5250     30199.2767      -344.1742      -262.3112
FEP:     800000        19.5532    -10563.2822      1343.8599

WRITING EXTENDED SYSTEM TO RESTART FILE AT STEP 800000
WRITING COORDINATES TO DCD FILE mobley_6456034_prod.dcd AT STEP 800000
WRITING COORDINATES TO RESTART FILE AT STEP 800000
FINISHED WRITING RESTART COORDINATES
WRITING VELOCITIES TO RESTART FILE AT STEP 800000
FINISHED WRITING RESTART VELOCITIES
PRESSURE: 900000 -519.867 -365.339 495.375 -365.337 -233.573 -519.424 495.376 -519.425 -478.054
GPRESSURE: 900000 -537.386 -193.016 576.445 -324.771 -204.672 -458.711 736.903 -661.948 -410.843
PRESSAVG: 900000 -171.836 -15.6563 -23.0556 -15.6563 136.368 63.6822 -23.0556 63.6822 -131.865
GPRESSAVG: 900000 -91.6928 -66.8992 38.4248 -25.0902 158.328 66.9322 -31.7066 116.725 -46.0289
ENERGY:  900000         2.6604        11.0543         2.6902         0.0000         -10533.7015      1371.3232         0.0000         0.0000      1748.4557          -7397.5177       298.5622     -9145.9734     -7429.5858       297.9782           -410.4978      -384.3003     30281.8331      -350.8065      -274.5101
FEP:     900000        16.4049    -10533.7015      1371.4767

WRITING EXTENDED SYSTEM TO RESTART FILE AT STEP 900000
WRITING COORDINATES TO DCD FILE mobley_6456034_prod.dcd AT STEP 900000
WRITING COORDINATES TO RESTART FILE AT STEP 900000
FINISHED WRITING RESTART COORDINATES
WRITING VELOCITIES TO RESTART FILE AT STEP 900000
FINISHED WRITING RESTART VELOCITIES
PRESSURE: 1000000 613.588 -527.203 664.146 -527.203 298.934 148.856 664.146 148.856 29.2765
GPRESSURE: 1000000 889.629 -449.795 714.856 -736.835 153.665 269.648 517.194 -196.222 270.395
PRESSAVG: 1000000 -151.689 -29.8381 -7.92259 -29.8381 151.108 87.1657 -7.92259 87.1657 -149.213
GPRESSAVG: 1000000 -65.6774 -74.2558 51.2013 -53.6662 167.112 94.1914 -5.77468 127.528 -49.1435
TIMING: 1000000  CPU: 6818.7, 0.000312827/step  Wall: 6884.14, 0.000313863/step, 550.558 ns/days, 0.0435921 hours remaining, 0.000000 MB of memory in use.
PERFORMANCE: 1000000  averaging 552.296 ns/day, 0.000312876 sec/step with standard deviation 4.74272e-07
ETITLE:      TS           BOND          ANGLE          DIHED          IMPRP               ELECT            VDW       BOUNDARY           MISC        KINETIC               TOTAL           TEMP      POTENTIAL       TOTALAVG        TEMPAVG            PRESSURE      GPRESSURE         VOLUME       PRESSAVG      GPRESSAVG
FEPTITLE:    TS          BOND2         ELECT2           VDW2

ENERGY: 1000000         2.8680        11.8183         4.6003         0.0000         -10657.6961      1470.5693         0.0000         0.0000      1730.3553          -7437.4849       295.4715     -9167.8402     -7430.3039       297.7503            313.9331       437.8960     30083.0550      -290.3757      -209.7459
FEP:    1000000        19.2866    -10657.6961      1471.2773

WRITING EXTENDED SYSTEM TO RESTART FILE AT STEP 1000000
WRITING COORDINATES TO DCD FILE mobley_6456034_prod.dcd AT STEP 1000000
WRITING COORDINATES TO RESTART FILE AT STEP 1000000
FINISHED WRITING RESTART COORDINATES
WRITING VELOCITIES TO RESTART FILE AT STEP 1000000
FINISHED WRITING RESTART VELOCITIES
PRESSURE: 1100000 802.535 22.6256 88.6093 22.6222 -110.002 59.7678 88.6151 59.767 726.307
GPRESSURE: 1100000 774.201 112.964 -267.281 99.0926 -114.865 -309.231 98.8901 123.826 1079.53
PRESSAVG: 1100000 -95.8123 -31.6182 -5.13153 -31.6182 130.215 101.22 -5.13153 101.22 -101.901
GPRESSAVG: 1100000 -18.8657 -68.324 27.0081 -49.2132 154.57 99.5584 4.29906 136.416 -6.01932
ENERGY: 1100000         2.3130        11.0899         4.4292         0.0000         -10683.3720      1509.6059         0.0000         0.0000      1750.4802          -7405.4537       298.9079     -9155.9339     -7428.2330       297.8468            472.9467       579.6219     30029.0513      -226.7655      -143.9652
FEP:    1100000        17.8321    -10683.3720      1509.2876

WRITING EXTENDED SYSTEM TO RESTART FILE AT STEP 1100000
WRITING COORDINATES TO DCD FILE mobley_6456034_prod.dcd AT STEP 1100000
WRITING COORDINATES TO RESTART FILE AT STEP 1100000
FINISHED WRITING RESTART COORDINATES
WRITING VELOCITIES TO RESTART FILE AT STEP 1100000
FINISHED WRITING RESTART VELOCITIES
PRESSURE: 1200000 -18.3898 -687.297 1121.63 -687.296 734.078 44.0193 1121.64 44.0162 1168.99
GPRESSURE: 1200000 124.281 -753.804 1150.23 -519.093 638.58 145.992 995.842 -207.987 1192.39
PRESSAVG: 1200000 -140.794 -57.7517 65.5494 -57.7517 154.558 67.2197 65.5494 67.2197 18.7253
GPRESSAVG: 1200000 -60.4572 -104.678 90.2597 -62.1519 188.941 69.0087 61.3368 79.7844 108.189
ENERGY: 1200000         1.5962         9.6623         4.1532         0.0000         -10694.3562      1503.9414         0.0000         0.0000      1793.7179          -7381.2854       306.2911     -9175.0032     -7424.6217       298.4963            628.2245       651.7508     30014.9854      -160.9970       -82.7563
FEP:    1200000        15.4116    -10694.3562      1504.0679

WRITING EXTENDED SYSTEM TO RESTART FILE AT STEP 1200000
WRITING COORDINATES TO DCD FILE mobley_6456034_prod.dcd AT STEP 1200000
WRITING COORDINATES TO RESTART FILE AT STEP 1200000
FINISHED WRITING RESTART COORDINATES
WRITING VELOCITIES TO RESTART FILE AT STEP 1200000
FINISHED WRITING RESTART VELOCITIES
PRESSURE: 1300000 372.451 -321.908 293.313 -321.91 35.0683 9.60581 293.312 9.60537 25.5989
GPRESSURE: 1300000 258.984 12.4672 292.619 -272.574 207.654 236.329 329.864 -35.5927 42.484
PRESSAVG: 1300000 -102.61 -49.5793 105.57 -49.5793 167.072 63.5797 105.57 63.5797 33.1434
GPRESSAVG: 1300000 -26.2109 -79.8684 129.888 -47.8807 203.686 69.9753 102.084 73.3346 120.616
ENERGY: 1300000         4.2657        10.5208         4.0657         0.0000         -10726.6025      1479.6334         0.0000         0.0000      1777.1458          -7450.9710       303.4613     -9228.1168     -7426.5038       298.8510            144.3729       169.7074     30383.4394      -139.1849       -64.7232
FEP:    1300000        18.8522    -10726.6025      1479.2420

WRITING EXTENDED SYSTEM TO RESTART FILE AT STEP 1300000
WRITING COORDINATES TO DCD FILE mobley_6456034_prod.dcd AT STEP 1300000
WRITING COORDINATES TO RESTART FILE AT STEP 1300000
FINISHED WRITING RESTART COORDINATES
WRITING VELOCITIES TO RESTART FILE AT STEP 1300000
FINISHED WRITING RESTART VELOCITIES
PRESSURE: 1400000 -695.755 -407.917 -577.985 -407.919 -864.999 -83.8176 -577.986 -83.8176 -1124.21
GPRESSURE: 1400000 -848.717 -325.364 -323.928 -470.967 -692.148 22.3586 -704.278 97.8544 -842.992
PRESSAVG: 1400000 -126.848 -73.7936 60.4687 -73.7936 100.71 80.317 60.4687 80.317 -55.6729
GPRESSAVG: 1400000 -67.6853 -94.3155 101.487 -75.1052 128.35 97.9865 35.1946 82.3037 57.8586
ENERGY: 1400000         3.3430         8.5825         4.7342         0.0000         -10472.1246      1325.6754         0.0000         0.0000      1725.7779          -7404.0115       294.6898     -9129.7894     -7425.0043       298.5736           -894.9876      -794.6189     30461.0971      -189.5717      -113.3829
FEP:    1400000        16.6598    -10472.1246      1325.4156

WRITING EXTENDED SYSTEM TO RESTART FILE AT STEP 1400000
WRITING COORDINATES TO DCD FILE mobley_6456034_prod.dcd AT STEP 1400000
WRITING COORDINATES TO RESTART FILE AT STEP 1400000
FINISHED WRITING RESTART COORDINATES
WRITING VELOCITIES TO RESTART FILE AT STEP 1400000
FINISHED WRITING RESTART VELOCITIES
PRESSURE: 1500000 97.488 -90.1153 -5.96004 -90.1148 149.233 -41.0711 -5.96276 -41.0734 879.801
GPRESSURE: 1500000 377.995 -51.3969 -412.145 7.52104 348.181 -179.754 -39.7363 61.4873 683.984
PRESSAVG: 1500000 -133.749 -71.9694 66.1948 -71.9694 110.822 43.9869 66.1948 43.9869 -38.9037
GPRESSAVG: 1500000 -55.6994 -102.485 87.7822 -69.1152 139.733 62.1811 34.6358 30.1406 61.9653
ENERGY: 1500000         3.3704        12.4229         4.3378         0.0000         -10752.2774      1500.2831         0.0000         0.0000      1787.7829          -7444.0803       305.2777     -9231.8632     -7426.1965       298.9926            375.5073       470.0532     30063.0834      -154.2543       -76.9182
FEP:    1500000        20.1311    -10752.2774      1500.8286

WRITING EXTENDED SYSTEM TO RESTART FILE AT STEP 1500000
WRITING COORDINATES TO DCD FILE mobley_6456034_prod.dcd AT STEP 1500000
WRITING COORDINATES TO RESTART FILE AT STEP 1500000
FINISHED WRITING RESTART COORDINATES
WRITING VELOCITIES TO RESTART FILE AT STEP 1500000
FINISHED WRITING RESTART VELOCITIES
TCL: Running FEP window  16: Lambda1 0.24999999999999967 Lambda2 0.19999999999999968 [dLambda -0.04999999999999999]
TCL: Setting parameter firsttimestep to 0
TCL: Setting parameter alchLambda to 0.24999999999999967
Info: NONBONDED TABLE R-SQUARED SPACING: 0.0625
Info: NONBONDED TABLE SIZE: 705 POINTS
Info: INCONSISTENCY IN FAST TABLE ENERGY VS FORCE: 0.000290481 AT 0.251946
Info: INCONSISTENCY IN SCOR TABLE ENERGY VS FORCE: 0.000238233 AT 8.9687
Info: ABSOLUTE IMPRECISION IN VDWA TABLE ENERGY: 1.21169e-27 AT 8.99653
Info: ABSOLUTE IMPRECISION IN VDWA TABLE FORCE: 2.57484e-27 AT 8.99653
Info: INCONSISTENCY IN VDWA TABLE ENERGY VS FORCE: 0.0040507 AT 0.251946
Info: INCONSISTENCY IN VDWB TABLE ENERGY VS FORCE: 0.00150189 AT 0.251946
TCL: Setting parameter alchLambda2 to 0.19999999999999968
Info: NONBONDED TABLE R-SQUARED SPACING: 0.0625
Info: NONBONDED TABLE SIZE: 705 POINTS
Info: INCONSISTENCY IN FAST TABLE ENERGY VS FORCE: 0.000290481 AT 0.251946
Info: INCONSISTENCY IN SCOR TABLE ENERGY VS FORCE: 0.000238233 AT 8.9687
Info: ABSOLUTE IMPRECISION IN VDWA TABLE ENERGY: 1.21169e-27 AT 8.99653
Info: ABSOLUTE IMPRECISION IN VDWA TABLE FORCE: 2.57484e-27 AT 8.99653
Info: INCONSISTENCY IN VDWA TABLE ENERGY VS FORCE: 0.0040507 AT 0.251946
Info: INCONSISTENCY IN VDWB TABLE ENERGY VS FORCE: 0.00150189 AT 0.251946
TCL: Running for 1500000 steps
FEP: RESETTING FOR NEW FEP WINDOW LAMBDA SET TO 0.25 LAMBDA2 0.2
FEP: WINDOW TO HAVE 100000 STEPS OF EQUILIBRATION PRIOR TO FEP DATA COLLECTION.
FEP: USING CONSTANT TEMPERATURE OF 300 K FOR FEP CALCULATION
PRESSURE: 0 142.929 -66.1324 -66.97 -66.1315 122.71 -45.9843 -66.97 -45.983 845.545
GPRESSURE: 0 376.801 -51.623 -408.823 7.70853 342.797 -177.51 -36.6763 63.5733 686.904
ETITLE:      TS           BOND          ANGLE          DIHED          IMPRP               ELECT            VDW       BOUNDARY           MISC        KINETIC               TOTAL           TEMP      POTENTIAL       TOTALAVG        TEMPAVG            PRESSURE      GPRESSURE         VOLUME       PRESSAVG      GPRESSAVG
FEPTITLE:    TS          BOND2         ELECT2           VDW2

ENERGY:       0         3.3704        12.4229         4.3378         0.0000         -10752.2761      1500.8283         0.0000         0.0000      1786.9459          -7444.3708       305.1347     -9231.3167     -7444.3708       305.1347            370.3947       468.8343     30063.0834       370.3947       468.8343
FEP:          0        20.1311    -10752.2761      1501.5081

PRESSURE: 100000 126.488 -476.168 310.627 -476.169 -46.5867 53.2487 310.629 53.247 -971.781
GPRESSURE: 100000 106.609 -372.913 117.387 -501.007 151.187 -391.861 241.069 366.509 -797.237
PRESSAVG: 100000 -161.958 -90.3257 60.2617 -90.3257 11.3173 16.66 60.2617 16.66 -107.562
GPRESSAVG: 100000 -84.2453 -106.539 77.3404 -86.0002 72.0542 -2.25624 38.7964 21.3453 -14.732
ENERGY:  100000         2.6602        16.3377         3.6969         0.0000         -10580.9155      1393.0286         0.0000         0.0000      1783.6610          -7381.5311       304.5738     -9165.1921     -7412.9510       304.8543           -297.2934      -179.8136     30280.8496        36.5507       144.5103
FEP:     100000        22.6948    -10580.9155      1393.4662

WRITING EXTENDED SYSTEM TO RESTART FILE AT STEP 100000
WRITING COORDINATES TO DCD FILE mobley_6456034_prod.dcd AT STEP 100000
WRITING COORDINATES TO RESTART FILE AT STEP 100000
FINISHED WRITING RESTART COORDINATES
WRITING VELOCITIES TO RESTART FILE AT STEP 100000
FINISHED WRITING RESTART VELOCITIES
PRESSURE: 200000 -46.513 23.804 130.62 23.8053 -437.982 105.203 130.622 105.204 459.898
GPRESSURE: 200000 56.0161 55.4363 340.566 475.492 -345.674 336.158 -114.685 308.571 597.599
PRESSAVG: 200000 -152.22 -90.5043 65.5661 -90.5043 -34.0954 13.696 65.5661 13.696 -79.1974
GPRESSAVG: 200000 -76.382 -90.6536 87.581 -68.8777 24.4392 12.4447 29.7586 34.4425 17.9061
ENERGY:  200000         5.0037        17.7199         3.4177         0.0000         -10640.7453      1437.8075         0.0000         0.0000      1748.8438          -7427.9526       298.6285     -9176.7964     -7417.9515       302.7790             -8.1990       102.6469     29777.1209        21.6341       130.5559
FEP:     200000        26.1413    -10640.7453      1438.0919

WRITING EXTENDED SYSTEM TO RESTART FILE AT STEP 200000
WRITING COORDINATES TO DCD FILE mobley_6456034_prod.dcd AT STEP 200000
WRITING COORDINATES TO RESTART FILE AT STEP 200000
FINISHED WRITING RESTART COORDINATES
WRITING VELOCITIES TO RESTART FILE AT STEP 200000
FINISHED WRITING RESTART VELOCITIES
PRESSURE: 300000 254.469 -307.91 -680.589 -307.913 -244.001 -19.0524 -680.589 -19.0525 -33.705
GPRESSURE: 300000 250.332 -333.086 -571.49 -199.291 -105.513 273.419 -818.452 -110.726 -99.5849
PRESSAVG: 300000 -154.798 -123.774 48.8421 -123.774 -85.7219 16.5966 48.8421 16.5966 -121.117
GPRESSAVG: 300000 -75.4946 -115.331 57.5224 -89.7467 -19.4905 26.013 5.75075 24.6601 -28.6065
ENERGY:  300000         1.9542        10.3715         4.9278         0.0000         -10683.0899      1431.2177         0.0000         0.0000      1699.9425          -7534.6763       290.2782     -9234.6187     -7447.1327       299.6538             -7.7457        15.0783     29658.3294        14.2892       101.6865
FEP:     300000        17.2535    -10683.0899      1431.2680

WRITING EXTENDED SYSTEM TO RESTART FILE AT STEP 300000
WRITING COORDINATES TO DCD FILE mobley_6456034_prod.dcd AT STEP 300000
WRITING COORDINATES TO RESTART FILE AT STEP 300000
FINISHED WRITING RESTART COORDINATES
WRITING VELOCITIES TO RESTART FILE AT STEP 300000
FINISHED WRITING RESTART VELOCITIES
PRESSURE: 400000 447.813 150.352 327.022 150.351 1131.18 -302.646 327.024 -302.645 257.13
GPRESSURE: 400000 575.115 93.357 -67.6991 139.969 1078.33 -137.101 312.007 -458.194 404.914
PRESSAVG: 400000 -142.234 -131.629 79.1355 -131.629 -62.6405 3.8501 79.1355 3.8501 -142.784
GPRESSAVG: 400000 -57.7175 -118.463 52.7001 -93.443 -3.87086 19.1108 38.2598 -2.48059 -49.3736
ENERGY:  400000         2.4199        10.2032         4.1906         0.0000         -10621.7574      1489.2109         0.0000         0.0000      1771.5144          -7344.2185       302.4997     -9115.7329     -7426.5498       300.2230            612.0421       686.1190     29980.0899       133.8398       218.5730
FEP:     400000        16.8137    -10621.7574      1488.6753

WRITING EXTENDED SYSTEM TO RESTART FILE AT STEP 400000
WRITING COORDINATES TO DCD FILE mobley_6456034_prod.dcd AT STEP 400000
WRITING COORDINATES TO RESTART FILE AT STEP 400000
FINISHED WRITING RESTART COORDINATES
WRITING VELOCITIES TO RESTART FILE AT STEP 400000
FINISHED WRITING RESTART VELOCITIES
PRESSURE: 500000 -712.735 -399.218 220.545 -399.216 -750.311 -75.0181 220.545 -75.0155 -1033.44
GPRESSURE: 500000 -739.72 -182.232 153.029 -425.99 -804.386 231.141 189.689 32.9475 -908.771
PRESSAVG: 500000 -147.672 -143.069 129.043 -143.069 -78.1811 -6.97253 129.043 -6.97253 -148.219
GPRESSAVG: 500000 -69.6545 -116.802 94.1982 -107.647 -17.0505 39.3201 87.8056 -34.5807 -63.2028
ENERGY:  500000         2.6478        11.9040         5.0884         0.0000         -10505.0099      1320.3783         0.0000         0.0000      1723.8989          -7441.0924       294.3690     -9164.9914     -7428.9736       299.2473           -832.1619      -817.6257     30046.6080       -27.1605        45.8732
FEP:     500000        19.6402    -10505.0099      1320.8112

WRITING EXTENDED SYSTEM TO RESTART FILE AT STEP 500000
WRITING COORDINATES TO DCD FILE mobley_6456034_prod.dcd AT STEP 500000
WRITING COORDINATES TO RESTART FILE AT STEP 500000
FINISHED WRITING RESTART COORDINATES
WRITING VELOCITIES TO RESTART FILE AT STEP 500000
FINISHED WRITING RESTART VELOCITIES
PRESSURE: 600000 -29.254 66.3253 93.4155 66.3229 -642.522 187.853 93.4129 187.853 -466.68
GPRESSURE: 600000 161.266 -101.647 210.952 206.408 -733.024 249.631 -129.951 60.0061 -340.919
PRESSAVG: 600000 -116.669 -120.727 110.128 -120.727 -147.017 -7.09345 110.128 -7.09345 -166.009
GPRESSAVG: 600000 -34.3792 -95.7505 63.5694 -97.435 -90.352 43.0952 65.4355 -39.2622 -78.3504
ENERGY:  600000         3.8527         6.8357         3.0002         0.0000         -10641.0131      1430.9999         0.0000         0.0000      1814.5432          -7381.7814       309.8472     -9196.3245     -7422.2319       300.7616           -379.4855      -304.2257     30483.0751       -77.4927        -4.1409
FEP:     600000        13.6886    -10641.0131      1431.2452

WRITING EXTENDED SYSTEM TO RESTART FILE AT STEP 600000
WRITING COORDINATES TO DCD FILE mobley_6456034_prod.dcd AT STEP 600000
WRITING COORDINATES TO RESTART FILE AT STEP 600000
FINISHED WRITING RESTART COORDINATES
WRITING VELOCITIES TO RESTART FILE AT STEP 600000
FINISHED WRITING RESTART VELOCITIES
PRESSURE: 700000 -40.1289 -180.696 257.487 -180.696 -256.846 142.945 257.486 142.945 468.554
GPRESSURE: 700000 148.023 11.1629 16.1679 -70.7565 -236.797 -27.1719 387.464 -28.3155 527.898
PRESSAVG: 700000 -153.944 -143.833 118.533 -143.833 -165.707 -18.9796 118.533 -18.9796 -185.667
GPRESSAVG: 700000 -75.1566 -104.053 48.7715 -122.61 -114.099 19.9849 92.7143 -53.3597 -95.0103
ENERGY:  700000         4.5806        12.2670         4.4220         0.0000         -10649.7544      1454.7970         0.0000         0.0000      1736.1405          -7437.5473       296.4593     -9173.6878     -7424.1463       300.2238             57.1931       146.3748     29885.4854       -60.6569        14.6735
FEP:     700000        21.2696    -10649.7544      1453.8500

WRITING EXTENDED SYSTEM TO RESTART FILE AT STEP 700000
WRITING COORDINATES TO DCD FILE mobley_6456034_prod.dcd AT STEP 700000
WRITING COORDINATES TO RESTART FILE AT STEP 700000
FINISHED WRITING RESTART COORDINATES
WRITING VELOCITIES TO RESTART FILE AT STEP 700000
FINISHED WRITING RESTART VELOCITIES
PRESSURE: 800000 -177.51 -29.6765 199.999 -29.6764 -439.75 149.747 199.993 149.745 632.247
GPRESSURE: 800000 -38.1322 -243.469 -64.0163 117.196 -439.095 199.363 109.553 111.901 767.006
PRESSAVG: 800000 -162.768 -123.14 152.766 -123.14 -173.847 -14.2951 152.766 -14.2951 -139.757
GPRESSAVG: 800000 -83.1776 -77.2148 83.0054 -89.8094 -125 34.1118 120.312 -34.0592 -48.4936
ENERGY:  800000         1.3411        10.3179         3.9018         0.0000         -10740.9588      1481.9344         0.0000         0.0000      1747.1590          -7496.3046       298.3408     -9243.4636     -7432.1639       300.0146              4.9956        96.5929     30168.3553       -53.3622        23.7757
FEP:     800000        15.5607    -10740.9588      1481.7288

WRITING EXTENDED SYSTEM TO RESTART FILE AT STEP 800000
WRITING COORDINATES TO DCD FILE mobley_6456034_prod.dcd AT STEP 800000
WRITING COORDINATES TO RESTART FILE AT STEP 800000
FINISHED WRITING RESTART COORDINATES
WRITING VELOCITIES TO RESTART FILE AT STEP 800000
FINISHED WRITING RESTART VELOCITIES
PRESSURE: 900000 -659.355 144.865 71.085 144.863 -270.761 499.428 71.0858 499.431 -180.569
GPRESSURE: 900000 -380.104 59.2095 -79.6116 260.475 -369.438 334.749 136.61 545.002 -174.504
PRESSAVG: 900000 -143.559 -115.629 162.439 -115.629 -160.374 18.4866 162.439 18.4866 -85.0414
GPRESSAVG: 900000 -57.5928 -77.821 81.4245 -78.377 -114.076 44.5896 138.697 25.6394 2.13131
ENERGY:  900000         2.7904         5.9359         6.5607         0.0000         -10500.7306      1365.6808         0.0000         0.0000      1760.1037          -7359.6591       300.5512     -9119.7628     -7424.9134       300.0683           -370.2282      -308.0155     30355.1908       -85.0488        -9.4034
FEP:     900000        15.2870    -10500.7306      1365.0102

WRITING EXTENDED SYSTEM TO RESTART FILE AT STEP 900000
WRITING COORDINATES TO DCD FILE mobley_6456034_prod.dcd AT STEP 900000
WRITING COORDINATES TO RESTART FILE AT STEP 900000
FINISHED WRITING RESTART COORDINATES
WRITING VELOCITIES TO RESTART FILE AT STEP 900000
FINISHED WRITING RESTART VELOCITIES
PRESSURE: 1000000 -129.877 -412.777 59.4292 -412.777 -219.375 802.628 59.4296 802.628 56.4962
GPRESSURE: 1000000 -75.9193 -343.517 304.443 -413.8 -130.021 802.047 -50.5865 555.149 207.485
PRESSAVG: 1000000 -42.3241 -153.284 137.841 -153.284 -179.753 73.4466 137.841 73.4466 19.3077
GPRESSAVG: 1000000 35.4389 -108.016 60.0293 -108.702 -130.414 100.733 92.3415 57.3047 108.208
TIMING: 1000000  CPU: 7287.54, 0.000312572/step  Wall: 7354.62, 0.000313599/step, 551.022 ns/days, 0.0435554 hours remaining, 0.000000 MB of memory in use.
PERFORMANCE: 1000000  averaging 552.216 ns/day, 0.000312921 sec/step with standard deviation 4.92584e-07
ETITLE:      TS           BOND          ANGLE          DIHED          IMPRP               ELECT            VDW       BOUNDARY           MISC        KINETIC               TOTAL           TEMP      POTENTIAL       TOTALAVG        TEMPAVG            PRESSURE      GPRESSURE         VOLUME       PRESSAVG      GPRESSAVG
FEPTITLE:    TS          BOND2         ELECT2           VDW2

ENERGY: 1000000         1.9420        15.8447         3.2498         0.0000         -10780.6877      1478.7834         0.0000         0.0000      1771.6274          -7509.2404       302.5190     -9280.8678     -7432.5795       300.2910            -97.5854         0.5150     30373.5638       -86.1885        -8.5018
FEP:    1000000        21.0365    -10780.6877      1479.4841

WRITING EXTENDED SYSTEM TO RESTART FILE AT STEP 1000000
WRITING COORDINATES TO DCD FILE mobley_6456034_prod.dcd AT STEP 1000000
WRITING COORDINATES TO RESTART FILE AT STEP 1000000
FINISHED WRITING RESTART COORDINATES
WRITING VELOCITIES TO RESTART FILE AT STEP 1000000
FINISHED WRITING RESTART VELOCITIES
PRESSURE: 1100000 640.852 -276.325 145.23 -276.327 195.276 339.012 145.231 339.009 57.8178
GPRESSURE: 1100000 515.31 -407.607 -31.8622 -91.4448 309.055 161.472 181.749 366.903 252.752
PRESSAVG: 1100000 -3.31048 -171.798 152.628 -171.798 -130.042 77.1305 152.628 77.1305 26.9931
GPRESSAVG: 1100000 73.465 -139.069 75.2387 -103.975 -78.5042 79.3187 110.14 69.6554 119.655
ENERGY: 1100000         4.5380        12.8535         5.2966         0.0000         -10724.2740      1486.5674         0.0000         0.0000      1680.4493          -7534.5691       286.9496     -9215.0185     -7441.0786       299.1793            297.9818       359.0391     29689.1912       -54.1743        22.1266
FEP:    1100000        22.6881    -10724.2740      1486.4552

WRITING EXTENDED SYSTEM TO RESTART FILE AT STEP 1100000
WRITING COORDINATES TO DCD FILE mobley_6456034_prod.dcd AT STEP 1100000
WRITING COORDINATES TO RESTART FILE AT STEP 1100000
FINISHED WRITING RESTART COORDINATES
WRITING VELOCITIES TO RESTART FILE AT STEP 1100000
FINISHED WRITING RESTART VELOCITIES
PRESSURE: 1200000 -890.716 -31.8252 -759.442 -31.8247 -1186.25 58.4573 -759.439 58.4634 -1199.84
GPRESSURE: 1200000 -901.367 27.3265 -964.032 114.207 -1022.8 -21.289 -585.049 53.002 -1025.37
PRESSAVG: 1200000 -21.0744 -208.627 119.38 -208.627 -151.824 75.6879 119.38 75.6879 5.96878
GPRESSAVG: 1200000 54.6608 -171.877 34.2902 -129.923 -98.4495 77.984 87.871 52.3874 105.656
ENERGY: 1200000         1.8780        13.1909         2.9289         0.0000         -10516.4011      1328.0813         0.0000         0.0000      1687.4766          -7482.8455       288.1496     -9170.3221     -7444.2915       298.3308          -1092.2697      -983.1808     30446.3797      -134.0278       -55.2047
FEP:    1200000        17.9978    -10516.4011      1328.2694

WRITING EXTENDED SYSTEM TO RESTART FILE AT STEP 1200000
WRITING COORDINATES TO DCD FILE mobley_6456034_prod.dcd AT STEP 1200000
WRITING COORDINATES TO RESTART FILE AT STEP 1200000
FINISHED WRITING RESTART COORDINATES
WRITING VELOCITIES TO RESTART FILE AT STEP 1200000
FINISHED WRITING RESTART VELOCITIES
PRESSURE: 1300000 -286.224 -808.052 354.195 -808.05 41.8015 545.184 354.192 545.181 -25.8931
GPRESSURE: 1300000 -16.6454 -1034.23 12.0425 -782.888 76.6401 421.214 413.466 304.624 -66.1725
PRESSAVG: 1300000 -9.39222 -230.763 112.321 -230.763 -138.055 128.918 112.321 128.918 28.5768
GPRESSAVG: 1300000 80.6978 -213.938 6.07005 -152.829 -84.3839 121.98 71.6991 100.716 122.89
ENERGY: 1300000         2.3296        18.5503         5.4568         0.0000         -10577.9754      1392.2327         0.0000         0.0000      1734.6733          -7424.7327       296.2088     -9159.4060     -7442.8944       298.1793            -90.1051        -2.0592     29597.8035      -130.8905       -51.4086
FEP:    1300000        26.3367    -10577.9754      1392.0721

WRITING EXTENDED SYSTEM TO RESTART FILE AT STEP 1300000
WRITING COORDINATES TO DCD FILE mobley_6456034_prod.dcd AT STEP 1300000
WRITING COORDINATES TO RESTART FILE AT STEP 1300000
FINISHED WRITING RESTART COORDINATES
WRITING VELOCITIES TO RESTART FILE AT STEP 1300000
FINISHED WRITING RESTART VELOCITIES
PRESSURE: 1400000 -510.625 3.96437 -19.9516 3.9662 304.44 -533.169 -19.9508 -533.168 479.401
GPRESSURE: 1400000 -423.343 -149.271 461.638 -32.0954 335.688 -252.821 -281.271 -520.429 606.169
PRESSAVG: 1400000 -65.6029 -204.204 78.1157 -204.204 -137.78 94.817 78.1157 94.817 51.0831
GPRESSAVG: 1400000 15.0493 -198.912 -6.59082 -117.592 -75.2827 95.8568 31.7758 84.5056 139.678
ENERGY: 1400000         2.2527        13.5383         4.4573         0.0000         -10631.1213      1440.3045         0.0000         0.0000      1763.5907          -7406.9777       301.1467     -9170.5685     -7440.5000       298.3771             91.0724       172.8379     30127.8376      -116.0929       -36.4588
FEP:    1400000        20.2483    -10631.1213      1440.4847

WRITING EXTENDED SYSTEM TO RESTART FILE AT STEP 1400000
WRITING COORDINATES TO DCD FILE mobley_6456034_prod.dcd AT STEP 1400000
WRITING COORDINATES TO RESTART FILE AT STEP 1400000
FINISHED WRITING RESTART COORDINATES
WRITING VELOCITIES TO RESTART FILE AT STEP 1400000
FINISHED WRITING RESTART VELOCITIES
PRESSURE: 1500000 -63.4603 -207.421 -61.1156 -207.419 271.953 691.498 -61.119 691.499 -933.312
GPRESSURE: 1500000 242.864 -209.716 -345.007 -343.952 37.8227 478.575 176.763 766.07 -832.202
PRESSAVG: 1500000 -108.903 -215.706 70.629 -215.706 -118.682 126.404 70.629 126.404 -31.8979
GPRESSAVG: 1500000 -11.5176 -215.046 -10.4771 -139.744 -67.6484 135.247 35.6694 116.618 44.0917
ENERGY: 1500000         4.3533        11.2798         4.5304         0.0000         -10629.8771      1380.2044         0.0000         0.0000      1783.8922          -7445.6169       304.6133     -9229.5092     -7440.8198       298.7668           -241.6062      -183.8385     29548.0424      -123.9375       -45.6701
FEP:    1500000        20.1635    -10629.8771      1380.1791

WRITING EXTENDED SYSTEM TO RESTART FILE AT STEP 1500000
WRITING COORDINATES TO DCD FILE mobley_6456034_prod.dcd AT STEP 1500000
WRITING COORDINATES TO RESTART FILE AT STEP 1500000
FINISHED WRITING RESTART COORDINATES
WRITING VELOCITIES TO RESTART FILE AT STEP 1500000
FINISHED WRITING RESTART VELOCITIES
TCL: Running FEP window  17: Lambda1 0.19999999999999968 Lambda2 0.1499999999999997 [dLambda -0.04999999999999999]
TCL: Setting parameter firsttimestep to 0
TCL: Setting parameter alchLambda to 0.19999999999999968
Info: NONBONDED TABLE R-SQUARED SPACING: 0.0625
Info: NONBONDED TABLE SIZE: 705 POINTS
Info: INCONSISTENCY IN FAST TABLE ENERGY VS FORCE: 0.000290481 AT 0.251946
Info: INCONSISTENCY IN SCOR TABLE ENERGY VS FORCE: 0.000238233 AT 8.9687
Info: ABSOLUTE IMPRECISION IN VDWA TABLE ENERGY: 1.21169e-27 AT 8.99653
Info: ABSOLUTE IMPRECISION IN VDWA TABLE FORCE: 2.57484e-27 AT 8.99653
Info: INCONSISTENCY IN VDWA TABLE ENERGY VS FORCE: 0.0040507 AT 0.251946
Info: INCONSISTENCY IN VDWB TABLE ENERGY VS FORCE: 0.00150189 AT 0.251946
TCL: Setting parameter alchLambda2 to 0.1499999999999997
Info: NONBONDED TABLE R-SQUARED SPACING: 0.0625
Info: NONBONDED TABLE SIZE: 705 POINTS
Info: INCONSISTENCY IN FAST TABLE ENERGY VS FORCE: 0.000290481 AT 0.251946
Info: INCONSISTENCY IN SCOR TABLE ENERGY VS FORCE: 0.000238233 AT 8.9687
Info: ABSOLUTE IMPRECISION IN VDWA TABLE ENERGY: 1.21169e-27 AT 8.99653
Info: ABSOLUTE IMPRECISION IN VDWA TABLE FORCE: 2.57484e-27 AT 8.99653
Info: INCONSISTENCY IN VDWA TABLE ENERGY VS FORCE: 0.0040507 AT 0.251946
Info: INCONSISTENCY IN VDWB TABLE ENERGY VS FORCE: 0.00150189 AT 0.251946
TCL: Running for 1500000 steps
FEP: RESETTING FOR NEW FEP WINDOW LAMBDA SET TO 0.2 LAMBDA2 0.15
FEP: WINDOW TO HAVE 100000 STEPS OF EQUILIBRATION PRIOR TO FEP DATA COLLECTION.
FEP: USING CONSTANT TEMPERATURE OF 300 K FOR FEP CALCULATION
PRESSURE: 0 -95.3424 -206.386 -59.0262 -206.383 282.948 725.075 -59.0252 725.079 -1007.07
GPRESSURE: 0 235.718 -210.432 -341.671 -344.75 36.3232 476.92 180.141 764.475 -834.649
ETITLE:      TS           BOND          ANGLE          DIHED          IMPRP               ELECT            VDW       BOUNDARY           MISC        KINETIC               TOTAL           TEMP      POTENTIAL       TOTALAVG        TEMPAVG            PRESSURE      GPRESSURE         VOLUME       PRESSAVG      GPRESSAVG
FEPTITLE:    TS          BOND2         ELECT2           VDW2

ENERGY:       0         4.3533        11.2798         4.5304         0.0000         -10629.8764      1380.1794         0.0000         0.0000      1783.0443          -7446.4893       304.4685     -9229.5336     -7446.4893       304.4685           -273.1551      -187.5357     29548.0424      -273.1551      -187.5357
FEP:          0        20.1635    -10629.8765      1380.4800

PRESSURE: 100000 -123.799 436.27 91.1873 436.271 1145.45 -113.055 91.1847 -113.056 190.108
GPRESSURE: 100000 -346.5 408.451 61.0412 511.006 1531.34 -183.839 -116.808 83.9712 162.938
PRESSAVG: 100000 -137.563 -153.752 1.48965 -153.752 -85.7195 154.324 1.48965 154.324 -132.475
GPRESSAVG: 100000 -36.22 -168.078 -96.6509 -91.848 -31.5767 130.785 -27.4492 171.219 -51.2376
ENERGY:  100000         3.8216        16.7647         3.4249         0.0000         -10622.8711      1478.9427         0.0000         0.0000      1703.1338          -7416.7834       290.8232     -9119.9172     -7431.6363       297.6458            403.9190       449.2604     30174.9034        65.3820       130.8623
FEP:     100000        24.0112    -10622.8711      1479.4434

WRITING EXTENDED SYSTEM TO RESTART FILE AT STEP 100000
WRITING COORDINATES TO DCD FILE mobley_6456034_prod.dcd AT STEP 100000
WRITING COORDINATES TO RESTART FILE AT STEP 100000
FINISHED WRITING RESTART COORDINATES
WRITING VELOCITIES TO RESTART FILE AT STEP 100000
FINISHED WRITING RESTART VELOCITIES
PRESSURE: 200000 -35.1908 61.6766 265.974 61.6757 466.451 46.9656 265.973 46.9642 -397.553
GPRESSURE: 200000 1.49015 13.5834 87.1797 -74.5198 490.347 -8.65398 315.468 -328.045 -357.845
PRESSAVG: 200000 -104.535 -130.272 43.6876 -130.272 -19.147 160.863 43.6876 160.863 -96.1424
GPRESSAVG: 200000 6.29036 -151.131 -76.0955 -72.0257 27.5481 129.234 23.5381 149.924 -26.9803
ENERGY:  200000         2.8083         9.5212         3.4329         0.0000         -10667.5087      1465.3819         0.0000         0.0000      1723.8992          -7462.4652       294.3690     -9186.3644     -7441.9126       296.5536             11.2358        44.6642     30230.3516        47.3332       102.1296
FEP:     200000        15.7624    -10667.5087      1464.2878

WRITING EXTENDED SYSTEM TO RESTART FILE AT STEP 200000
WRITING COORDINATES TO DCD FILE mobley_6456034_prod.dcd AT STEP 200000
WRITING COORDINATES TO RESTART FILE AT STEP 200000
FINISHED WRITING RESTART COORDINATES
WRITING VELOCITIES TO RESTART FILE AT STEP 200000
FINISHED WRITING RESTART VELOCITIES
PRESSURE: 300000 -434.492 -151.305 220.294 -151.304 -110.047 -115.092 220.294 -115.093 -325.208
GPRESSURE: 300000 -390.996 113.432 293.451 -118.01 -19.5452 219.324 253.315 91.3468 -275.519
PRESSAVG: 300000 -131.134 -133.332 55.0004 -133.332 -32.111 157.162 55.0004 157.162 -156.393
GPRESSAVG: 300000 -32.1592 -142.889 -40.8157 -78.3022 9.1618 149.188 38.1907 151.417 -74.9554
ENERGY:  300000         5.3538        15.4814         3.8351         0.0000         -10569.5499      1388.4661         0.0000         0.0000      1810.1651          -7346.2485       309.0996     -9156.4136     -7417.9966       299.6901           -289.9157      -228.6869     29860.4605       -36.9790        19.4255
FEP:     300000        24.6702    -10569.5499      1388.8499

WRITING EXTENDED SYSTEM TO RESTART FILE AT STEP 300000
WRITING COORDINATES TO DCD FILE mobley_6456034_prod.dcd AT STEP 300000
WRITING COORDINATES TO RESTART FILE AT STEP 300000
FINISHED WRITING RESTART COORDINATES
WRITING VELOCITIES TO RESTART FILE AT STEP 300000
FINISHED WRITING RESTART VELOCITIES
PRESSURE: 400000 -9.52309 -159.867 489.21 -159.87 64.1316 340.799 489.208 340.798 -38.9005
GPRESSURE: 400000 -9.36779 -19.8934 450.121 31.1645 117.503 471.77 370.622 212.321 22.861
PRESSAVG: 400000 -138.756 -138.018 82.8093 -138.018 -35.0399 176.501 82.8093 176.501 -200.615
GPRESSAVG: 400000 -51.4676 -141.303 2.13149 -77.1294 -2.1029 181.652 58.5556 158.854 -108.158
ENERGY:  400000         4.8824        10.9180         3.1275         0.0000         -10670.8337      1462.1176         0.0000         0.0000      1732.9679          -7456.8204       295.9176     -9189.7882     -7425.7613       298.9356              5.2360        43.6655     30318.5460       -28.5360        24.2735
FEP:     400000        18.9279    -10670.8337      1462.1640

WRITING EXTENDED SYSTEM TO RESTART FILE AT STEP 400000
WRITING COORDINATES TO DCD FILE mobley_6456034_prod.dcd AT STEP 400000
WRITING COORDINATES TO RESTART FILE AT STEP 400000
FINISHED WRITING RESTART COORDINATES
WRITING VELOCITIES TO RESTART FILE AT STEP 400000
FINISHED WRITING RESTART VELOCITIES
PRESSURE: 500000 259.133 237.558 351.091 237.561 610.398 -27.4452 351.089 -27.4469 -412.745
GPRESSURE: 500000 277.376 223.862 403.639 210.548 603.152 192 326.987 6.31076 -319.134
PRESSAVG: 500000 -132.124 -102.332 84.8323 -102.332 -2.19066 172.466 84.8323 172.466 -172.663
GPRESSAVG: 500000 -42.9293 -111.464 16.4441 -41.5517 20.4953 210.845 62.8515 140.845 -84.2524
ENERGY:  500000         4.6442        14.0740         3.7853         0.0000         -10697.0336      1469.2209         0.0000         0.0000      1764.7166          -7440.5925       301.3389     -9205.3091     -7428.2332       299.3361            152.2619       187.1316     30060.9348         1.5970        51.4165
FEP:     500000        22.5035    -10697.0336      1469.7681

WRITING EXTENDED SYSTEM TO RESTART FILE AT STEP 500000
WRITING COORDINATES TO DCD FILE mobley_6456034_prod.dcd AT STEP 500000
WRITING COORDINATES TO RESTART FILE AT STEP 500000
FINISHED WRITING RESTART COORDINATES
WRITING VELOCITIES TO RESTART FILE AT STEP 500000
FINISHED WRITING RESTART VELOCITIES
PRESSURE: 600000 -441.608 -126.519 -660.469 -126.519 -952.366 463.991 -660.471 463.994 -514.829
GPRESSURE: 600000 -196.079 -282.761 -729.191 -490.934 -832.165 237.979 -289.164 549.519 -644.746
PRESSAVG: 600000 -151.879 -109.848 45.2777 -109.848 -27.9099 190.406 45.2777 190.406 -221.4
GPRESSAVG: 600000 -55.534 -128.374 -37.0437 -89.873 -3.82921 205.936 54.1276 152.892 -146.37
ENERGY:  600000         4.0298        10.7638         7.7561         0.0000         -10495.2265      1361.1445         0.0000         0.0000      1748.9500          -7362.5823       298.6467     -9111.5324     -7418.8545       299.2376           -636.2678      -557.6633     30496.8004       -89.5266       -35.5949
FEP:     600000        22.5497    -10495.2265      1360.7182

WRITING EXTENDED SYSTEM TO RESTART FILE AT STEP 600000
WRITING COORDINATES TO DCD FILE mobley_6456034_prod.dcd AT STEP 600000
WRITING COORDINATES TO RESTART FILE AT STEP 600000
FINISHED WRITING RESTART COORDINATES
WRITING VELOCITIES TO RESTART FILE AT STEP 600000
FINISHED WRITING RESTART VELOCITIES
PRESSURE: 700000 724.995 593.716 -275.232 593.717 491.287 -524.694 -275.233 -524.696 -475.501
GPRESSURE: 700000 486.628 595.806 -285.051 796.902 423.742 -797.504 -169.975 -444.067 -190.283
PRESSAVG: 700000 -128.352 -64.7667 65.5454 -64.7667 8.85452 165.123 65.5454 165.123 -243.49
GPRESSAVG: 700000 -43.7193 -81.9292 -22.7218 -40.0633 22.6335 152.39 86.5515 136.225 -150.905
ENERGY:  700000         3.0175        12.9705         3.7701         0.0000         -10632.2033      1451.7635         0.0000         0.0000      1796.8430          -7363.8386       306.8248     -9160.6817     -7411.9775       300.1860            246.9270       240.0289     30001.7641       -47.4699        -1.1419
FEP:     700000        19.7581    -10632.2033      1451.6580

WRITING EXTENDED SYSTEM TO RESTART FILE AT STEP 700000
WRITING COORDINATES TO DCD FILE mobley_6456034_prod.dcd AT STEP 700000
WRITING COORDINATES TO RESTART FILE AT STEP 700000
FINISHED WRITING RESTART COORDINATES
WRITING VELOCITIES TO RESTART FILE AT STEP 700000
FINISHED WRITING RESTART VELOCITIES
PRESSURE: 800000 -357.357 351.35 81.7236 351.348 -847.484 113.588 81.7245 113.587 178.657
GPRESSURE: 800000 -201.545 556.571 209.02 162.161 -799.597 -42.2157 223.629 259.411 344.86
PRESSAVG: 800000 -168.611 -54.7168 53.2805 -54.7168 -90.0788 185.935 53.2805 185.935 -247.413
GPRESSAVG: 800000 -82.5523 -58.7685 -8.88583 -38.9537 -71.2627 157.135 82.1326 172.105 -153.907
ENERGY:  800000         4.1202        13.3615         4.5714         0.0000         -10607.2578      1406.8922         0.0000         0.0000      1753.1949          -7425.1177       299.3715     -9178.3126     -7413.4375       300.0955           -342.0613      -218.7603     30158.9145       -80.2022       -25.3217
FEP:     800000        22.0530    -10607.2578      1406.8148

WRITING EXTENDED SYSTEM TO RESTART FILE AT STEP 800000
WRITING COORDINATES TO DCD FILE mobley_6456034_prod.dcd AT STEP 800000
WRITING COORDINATES TO RESTART FILE AT STEP 800000
FINISHED WRITING RESTART COORDINATES
WRITING VELOCITIES TO RESTART FILE AT STEP 800000
FINISHED WRITING RESTART VELOCITIES
PRESSURE: 900000 586.795 148.245 -132.98 148.245 972.943 41.5528 -132.977 41.5518 -238.035
GPRESSURE: 900000 558.385 217.719 -302.609 -13.4395 871.855 534.872 -238.622 -178.529 -7.91324
PRESSAVG: 900000 -103.634 -27.3438 35.6044 -27.3438 -3.91615 191.763 35.6044 191.763 -207.643
GPRESSAVG: 900000 -17.647 -38.771 -31.6678 -18.3261 12.5494 172.321 60.717 161.531 -108.864
ENERGY:  900000         2.9648        14.5843         3.4128         0.0000         -10585.7614      1430.1365         0.0000         0.0000      1796.9468          -7337.7161       306.8425     -9134.6628     -7405.8654       300.7702            440.5677       474.1090     29940.1470       -28.1253        24.6213
FEP:     900000        20.9620    -10585.7614      1430.4502

WRITING EXTENDED SYSTEM TO RESTART FILE AT STEP 900000
WRITING COORDINATES TO DCD FILE mobley_6456034_prod.dcd AT STEP 900000
WRITING COORDINATES TO RESTART FILE AT STEP 900000
FINISHED WRITING RESTART COORDINATES
WRITING VELOCITIES TO RESTART FILE AT STEP 900000
FINISHED WRITING RESTART VELOCITIES
PRESSURE: 1000000 565.203 30.1544 -626.693 30.1538 686.768 -203.135 -626.694 -203.135 1347.65
GPRESSURE: 1000000 536.869 -153.383 -150.877 45.1183 895.09 -426.692 -655.661 97.2752 1397.03
PRESSAVG: 1000000 -73.9116 -29.1522 -0.400977 -29.1522 62.5484 172.214 -0.400977 172.214 -116.926
GPRESSAVG: 1000000 1.13316 -41.3578 -49.7592 -26.3907 93.9551 138.505 34.4316 163.395 -21.9671
TIMING: 1000000  CPU: 7757.01, 0.000313082/step  Wall: 7825.7, 0.000314099/step, 550.145 ns/days, 0.0436248 hours remaining, 0.000000 MB of memory in use.
PERFORMANCE: 1000000  averaging 552.094 ns/day, 0.00031299 sec/step with standard deviation 5.55958e-07
ETITLE:      TS           BOND          ANGLE          DIHED          IMPRP               ELECT            VDW       BOUNDARY           MISC        KINETIC               TOTAL           TEMP      POTENTIAL       TOTALAVG        TEMPAVG            PRESSURE      GPRESSURE         VOLUME       PRESSAVG      GPRESSAVG
FEPTITLE:    TS          BOND2         ELECT2           VDW2

ENERGY: 1000000         4.1780        15.7813         5.7349         0.0000         -10793.1879      1524.5791         0.0000         0.0000      1777.7857          -7465.1289       303.5706     -9242.9146     -7411.2530       301.0248            866.5403       942.9953     29238.9756        53.2080       108.1099
FEP:    1000000        25.6942    -10793.1879      1523.6626

WRITING EXTENDED SYSTEM TO RESTART FILE AT STEP 1000000
WRITING COORDINATES TO DCD FILE mobley_6456034_prod.dcd AT STEP 1000000
WRITING COORDINATES TO RESTART FILE AT STEP 1000000
FINISHED WRITING RESTART COORDINATES
WRITING VELOCITIES TO RESTART FILE AT STEP 1000000
FINISHED WRITING RESTART VELOCITIES
PRESSURE: 1100000 909.313 -208.605 154.768 -208.604 -334.82 -386.556 154.769 -386.555 -445.924
GPRESSURE: 1100000 896.86 133.974 480.448 -186.76 -400.497 -129.697 -29.3346 -320.92 -193.32
PRESSAVG: 1100000 -26.4395 -30.5476 -5.53686 -30.5476 58.6497 145.739 -5.53686 145.739 -162.65
GPRESSAVG: 1100000 38.575 -35.2172 -26.5452 -32.1908 85.7701 133.379 13.5916 148.765 -58.028
ENERGY: 1100000         6.0074        13.3021         7.4810         0.0000         -10545.5497      1432.1115         0.0000         0.0000      1762.9788          -7323.6689       301.0422     -9086.6477     -7403.9543       301.0262             42.8563       101.0143     30197.7817        52.3453       107.5186
FEP:    1100000        26.7905    -10545.5497      1432.7757

WRITING EXTENDED SYSTEM TO RESTART FILE AT STEP 1100000
WRITING COORDINATES TO DCD FILE mobley_6456034_prod.dcd AT STEP 1100000
WRITING COORDINATES TO RESTART FILE AT STEP 1100000
FINISHED WRITING RESTART COORDINATES
WRITING VELOCITIES TO RESTART FILE AT STEP 1100000
FINISHED WRITING RESTART VELOCITIES
PRESSURE: 1200000 -702.313 149.346 572.658 149.345 -259.371 -467.044 572.658 -467.047 -519.874
GPRESSURE: 1200000 -664.366 286.803 551.866 310.717 -169.15 -474.848 592.178 -576.151 -588.516
PRESSAVG: 1200000 -52.6796 -21.5965 13.0964 -21.5965 67.6686 114.899 13.0964 114.899 -220.256
GPRESSAVG: 1200000 7.26334 -8.70364 4.24891 -22.5147 99.2673 99.6682 37.7229 114.362 -125.804
ENERGY: 1200000         2.4885         8.3118         7.1416         0.0000         -10550.7373      1368.9085         0.0000         0.0000      1783.1308          -7380.7560       304.4833     -9163.8868     -7402.1698       301.2922           -493.8525      -474.0107     30350.7181        10.3301        62.7856
FEP:    1200000        17.9419    -10550.7373      1368.9579

WRITING EXTENDED SYSTEM TO RESTART FILE AT STEP 1200000
WRITING COORDINATES TO DCD FILE mobley_6456034_prod.dcd AT STEP 1200000
WRITING COORDINATES TO RESTART FILE AT STEP 1200000
FINISHED WRITING RESTART COORDINATES
WRITING VELOCITIES TO RESTART FILE AT STEP 1200000
FINISHED WRITING RESTART VELOCITIES
PRESSURE: 1300000 -293.843 69.1642 109.137 69.1674 914.543 -260.928 109.139 -260.93 24.9907
GPRESSURE: 1300000 -256.029 229.905 312.719 -227.561 781.414 -163.322 -78.8358 -329.047 312.037
PRESSAVG: 1300000 -34.404 -25.3813 14.999 -25.3813 126.934 76.8812 14.999 76.8812 -209.978
GPRESSAVG: 1300000 13.4671 -0.168867 23.8654 -46.9165 156.81 74.7647 26.9506 70.6595 -101.477
ENERGY: 1300000         2.4409        14.1261         4.4639         0.0000         -10531.4025      1441.8634         0.0000         0.0000      1728.1884          -7340.3197       295.1015     -9068.5081     -7397.7520       300.8500            215.2301       279.1405     30372.0764        24.9658        78.2395
FEP:    1300000        21.0309    -10531.4025      1440.8242

WRITING EXTENDED SYSTEM TO RESTART FILE AT STEP 1300000
WRITING COORDINATES TO DCD FILE mobley_6456034_prod.dcd AT STEP 1300000
WRITING COORDINATES TO RESTART FILE AT STEP 1300000
FINISHED WRITING RESTART COORDINATES
WRITING VELOCITIES TO RESTART FILE AT STEP 1300000
FINISHED WRITING RESTART VELOCITIES
PRESSURE: 1400000 1.1692 211.44 -208.708 211.442 -615.479 334.292 -208.705 334.295 -137.742
GPRESSURE: 1400000 -83.5629 422.548 -185.721 224.835 -351.341 -67.3883 42.3724 473.582 -215.425
PRESSAVG: 1400000 -27.8517 5.82961 1.59232 5.82961 107.129 53.4646 1.59232 53.4646 -219.69
GPRESSAVG: 1400000 13.0849 38.1344 -0.642792 -14.9848 145.744 31.2929 31.5986 66.5812 -122.623
ENERGY: 1400000         3.9828        12.7377         4.2128         0.0000         -10623.0897      1429.8165         0.0000         0.0000      1737.2999          -7435.0401       296.6573     -9172.3399     -7400.2378       300.5705           -250.6839      -216.7763     30131.4754         6.5892        58.5718
FEP:    1400000        20.9332    -10623.0897      1428.2326

WRITING EXTENDED SYSTEM TO RESTART FILE AT STEP 1400000
WRITING COORDINATES TO DCD FILE mobley_6456034_prod.dcd AT STEP 1400000
WRITING COORDINATES TO RESTART FILE AT STEP 1400000
FINISHED WRITING RESTART COORDINATES
WRITING VELOCITIES TO RESTART FILE AT STEP 1400000
FINISHED WRITING RESTART VELOCITIES
PRESSURE: 1500000 29.3615 -404.358 95.1254 -404.357 -314.936 -87.2135 95.1248 -87.2139 252.512
GPRESSURE: 1500000 45.021 -109.96 -139.483 -597.854 -347.41 -160.316 311.816 -129.591 576.954
PRESSAVG: 1500000 -58.4262 -0.571913 -0.912988 -0.571913 81.618 32.1535 -0.912988 32.1535 -209.956
GPRESSAVG: 1500000 -10.4295 53.0167 -6.02383 -40.3053 112.921 15.2035 38.1019 41.7565 -106.413
ENERGY: 1500000         3.4029        12.4279         6.2694         0.0000         -10574.1789      1454.6092         0.0000         0.0000      1685.8461          -7411.6234       287.8712     -9097.4694     -7400.9494       299.7768            -11.0209        91.5215     30391.0130         5.4886        60.6311
FEP:    1500000        22.1003    -10574.1789      1453.6997

WRITING EXTENDED SYSTEM TO RESTART FILE AT STEP 1500000
WRITING COORDINATES TO DCD FILE mobley_6456034_prod.dcd AT STEP 1500000
WRITING COORDINATES TO RESTART FILE AT STEP 1500000
FINISHED WRITING RESTART COORDINATES
WRITING VELOCITIES TO RESTART FILE AT STEP 1500000
FINISHED WRITING RESTART VELOCITIES
TCL: Running FEP window  18: Lambda1 0.1499999999999997 Lambda2 0.09999999999999969 [dLambda -0.05 ]
TCL: Setting parameter firsttimestep to 0
TCL: Setting parameter alchLambda to 0.1499999999999997
Info: NONBONDED TABLE R-SQUARED SPACING: 0.0625
Info: NONBONDED TABLE SIZE: 705 POINTS
Info: INCONSISTENCY IN FAST TABLE ENERGY VS FORCE: 0.000290481 AT 0.251946
Info: INCONSISTENCY IN SCOR TABLE ENERGY VS FORCE: 0.000238233 AT 8.9687
Info: ABSOLUTE IMPRECISION IN VDWA TABLE ENERGY: 1.21169e-27 AT 8.99653
Info: ABSOLUTE IMPRECISION IN VDWA TABLE FORCE: 2.57484e-27 AT 8.99653
Info: INCONSISTENCY IN VDWA TABLE ENERGY VS FORCE: 0.0040507 AT 0.251946
Info: INCONSISTENCY IN VDWB TABLE ENERGY VS FORCE: 0.00150189 AT 0.251946
TCL: Setting parameter alchLambda2 to 0.09999999999999969
Info: NONBONDED TABLE R-SQUARED SPACING: 0.0625
Info: NONBONDED TABLE SIZE: 705 POINTS
Info: INCONSISTENCY IN FAST TABLE ENERGY VS FORCE: 0.000290481 AT 0.251946
Info: INCONSISTENCY IN SCOR TABLE ENERGY VS FORCE: 0.000238233 AT 8.9687
Info: ABSOLUTE IMPRECISION IN VDWA TABLE ENERGY: 1.21169e-27 AT 8.99653
Info: ABSOLUTE IMPRECISION IN VDWA TABLE FORCE: 2.57484e-27 AT 8.99653
Info: INCONSISTENCY IN VDWA TABLE ENERGY VS FORCE: 0.0040507 AT 0.251946
Info: INCONSISTENCY IN VDWB TABLE ENERGY VS FORCE: 0.00150189 AT 0.251946
TCL: Running for 1500000 steps
FEP: RESETTING FOR NEW FEP WINDOW LAMBDA SET TO 0.15 LAMBDA2 0.1
FEP: WINDOW TO HAVE 100000 STEPS OF EQUILIBRATION PRIOR TO FEP DATA COLLECTION.
FEP: USING CONSTANT TEMPERATURE OF 300 K FOR FEP CALCULATION
PRESSURE: 0 56.282 -407.69 122.507 -407.69 -372.751 -152.943 122.505 -152.942 285.767
GPRESSURE: 0 33.481 -111.389 -141.146 -599.337 -359.063 -163.37 308.452 -132.569 569.655
ETITLE:      TS           BOND          ANGLE          DIHED          IMPRP               ELECT            VDW       BOUNDARY           MISC        KINETIC               TOTAL           TEMP      POTENTIAL       TOTALAVG        TEMPAVG            PRESSURE      GPRESSURE         VOLUME       PRESSAVG      GPRESSAVG
FEPTITLE:    TS          BOND2         ELECT2           VDW2

ENERGY:       0         3.4029        12.4279         6.2694         0.0000         -10574.1788      1453.7000         0.0000         0.0000      1684.9602          -7413.4184       287.7199     -9098.3785     -7413.4184       287.7199            -10.2340        81.3578     30391.0130       -10.2340        81.3578
FEP:          0        22.1003    -10574.1788      1453.4550

PRESSURE: 100000 -845.613 39.9127 -205.096 39.9118 -639.306 35.3049 -205.095 35.307 -93.6516
GPRESSURE: 100000 -646.653 -9.20584 -239.451 72.7676 -630.924 166.063 -378.186 -128.281 -200.513
PRESSAVG: 100000 -39.0457 23.0329 15.2199 23.0329 88.2376 -3.91051 15.2199 -3.91051 -139.063
GPRESSAVG: 100000 4.81252 97.3322 22.5458 -33.1997 110.73 -4.6581 43.1944 10.8327 -33.3782
ENERGY:  100000         1.2876        12.3015         5.0471         0.0000         -10532.2509      1353.4073         0.0000         0.0000      1749.0951          -7411.1124       298.6714     -9160.2075     -7412.2654       293.1957           -526.1900      -492.6966     29944.8338      -268.2120      -205.6694
FEP:     100000        18.6361    -10532.2509      1352.1408

WRITING EXTENDED SYSTEM TO RESTART FILE AT STEP 100000
WRITING COORDINATES TO DCD FILE mobley_6456034_prod.dcd AT STEP 100000
WRITING COORDINATES TO RESTART FILE AT STEP 100000
FINISHED WRITING RESTART COORDINATES
WRITING VELOCITIES TO RESTART FILE AT STEP 100000
FINISHED WRITING RESTART VELOCITIES
PRESSURE: 200000 -539.509 -226.68 208.614 -226.679 -414.351 -244.13 208.618 -244.131 -1240.27
GPRESSURE: 200000 -459.915 -220.662 46.1816 -223.009 -243.471 -124.033 396.27 -62.2869 -1297.36
PRESSAVG: 200000 -40.49 11.5007 26.6483 11.5007 52.298 10.5413 26.6483 10.5413 -225.047
GPRESSAVG: 200000 2.98393 93.7626 1.77298 -42.7454 81.7716 1.78132 77.0715 33.7398 -128.554
ENERGY:  200000         3.7741        11.2845         4.0466         0.0000         -10501.3208      1337.9441         0.0000         0.0000      1778.9315          -7365.3401       303.7662     -9144.2716     -7396.6236       296.7192           -731.3766      -666.9138     30168.1841      -422.6002      -359.4175
FEP:     200000        19.1051    -10501.3208      1337.1851

WRITING EXTENDED SYSTEM TO RESTART FILE AT STEP 200000
WRITING COORDINATES TO DCD FILE mobley_6456034_prod.dcd AT STEP 200000
WRITING COORDINATES TO RESTART FILE AT STEP 200000
FINISHED WRITING RESTART COORDINATES
WRITING VELOCITIES TO RESTART FILE AT STEP 200000
FINISHED WRITING RESTART VELOCITIES
PRESSURE: 300000 -137.634 -5.99456 448.878 -5.9919 -619.194 769.887 448.876 769.887 172.292
GPRESSURE: 300000 162.681 -271.998 218.542 243.691 -248.286 647.547 190.556 468.714 -37.3661
PRESSAVG: 300000 -44.1987 21.572 52.1481 21.572 7.74066 14.4607 52.1481 14.4607 -169.766
GPRESSAVG: 300000 -1.02519 90.6485 29.9504 -13.3632 67.4661 10.2299 77.7612 18.872 -88.8127
ENERGY:  300000         5.3485        11.6220         3.8906         0.0000         -10664.7657      1442.9210         0.0000         0.0000      1815.6288          -7385.3547       310.0326     -9200.9835     -7393.8064       300.0475           -194.8454       -40.9901     30132.7319      -365.6615      -279.8107
FEP:     300000        20.8611    -10664.7657      1442.4183

WRITING EXTENDED SYSTEM TO RESTART FILE AT STEP 300000
WRITING COORDINATES TO DCD FILE mobley_6456034_prod.dcd AT STEP 300000
WRITING COORDINATES TO RESTART FILE AT STEP 300000
FINISHED WRITING RESTART COORDINATES
WRITING VELOCITIES TO RESTART FILE AT STEP 300000
FINISHED WRITING RESTART VELOCITIES
PRESSURE: 400000 -389.688 -59.2681 551.702 -59.2674 171.223 -446.586 551.705 -446.585 360.266
GPRESSURE: 400000 -240.891 185.931 543.547 -295.977 321.222 -71.3451 544.314 -284.705 232.857
PRESSAVG: 400000 -58.916 28.9278 82.6846 28.9278 2.1544 -44.1225 82.6846 -44.1225 -101.4
GPRESSAVG: 400000 -24.8557 110.467 74.2113 -10.9246 81.7111 -17.1833 95.9698 -33.587 -35.4374
ENERGY:  400000         4.0186        13.3912         3.7143         0.0000         -10696.6046      1463.2632         0.0000         0.0000      1743.0746          -7469.1428       297.6434     -9212.2173     -7408.8737       299.5667             47.2668       104.3962     30166.7456      -283.0758      -202.9693
FEP:     400000        21.1241    -10696.6046      1462.9887

WRITING EXTENDED SYSTEM TO RESTART FILE AT STEP 400000
WRITING COORDINATES TO DCD FILE mobley_6456034_prod.dcd AT STEP 400000
WRITING COORDINATES TO RESTART FILE AT STEP 400000
FINISHED WRITING RESTART COORDINATES
WRITING VELOCITIES TO RESTART FILE AT STEP 400000
FINISHED WRITING RESTART VELOCITIES
PRESSURE: 500000 -427.75 -391.856 554.452 -391.858 -1027.67 -345.082 554.451 -345.084 -199.724
GPRESSURE: 500000 -189.864 -115.181 652.938 -758.98 -1055.85 -232.9 424.63 -554.65 -132.095
PRESSAVG: 500000 -74.1135 -12.4787 105.848 -12.4787 -106.502 -55.7239 105.848 -55.7239 -120.891
GPRESSAVG: 500000 -17.0239 84.285 103.806 -74.4239 -47.6488 -19.6364 123.042 -65.518 -50.189
ENERGY:  500000         7.2541        10.3881         5.7964         0.0000         -10598.8577      1381.0537         0.0000         0.0000      1698.7104          -7495.6550       290.0678     -9194.3654     -7423.3372       297.9836           -551.7164      -459.2713     30147.2435      -327.8492      -245.6863
FEP:     500000        23.4386    -10598.8577      1381.2545

WRITING EXTENDED SYSTEM TO RESTART FILE AT STEP 500000
WRITING COORDINATES TO DCD FILE mobley_6456034_prod.dcd AT STEP 500000
WRITING COORDINATES TO RESTART FILE AT STEP 500000
FINISHED WRITING RESTART COORDINATES
WRITING VELOCITIES TO RESTART FILE AT STEP 500000
FINISHED WRITING RESTART VELOCITIES
PRESSURE: 600000 -370.31 -380.391 354.195 -380.393 -138.376 -723.036 354.192 -723.038 -790.422
GPRESSURE: 600000 38.4906 -462.172 582.921 -252.143 -381.722 -573.2 286.008 -489.329 -904.118
PRESSAVG: 600000 -90.8695 -34.5822 110.259 -34.5822 -136.743 -94.224 110.259 -94.224 -140.535
GPRESSAVG: 600000 -15.1738 60.4972 128.593 -83.305 -91.2523 -47.8637 121.569 -73.5823 -77.5027
ENERGY:  600000         5.8864        14.7866         1.7127         0.0000         -10599.2697      1406.4930         0.0000         0.0000      1717.1766          -7453.2144       293.2211     -9170.3910     -7427.6054       297.3032           -433.0363      -415.7832     30194.0395      -342.8760      -269.9859
FEP:     600000        22.3856    -10599.2697      1405.2998

WRITING EXTENDED SYSTEM TO RESTART FILE AT STEP 600000
WRITING COORDINATES TO DCD FILE mobley_6456034_prod.dcd AT STEP 600000
WRITING COORDINATES TO RESTART FILE AT STEP 600000
FINISHED WRITING RESTART COORDINATES
WRITING VELOCITIES TO RESTART FILE AT STEP 600000
FINISHED WRITING RESTART VELOCITIES
PRESSURE: 700000 -120.57 -79.6626 430.744 -79.6621 -951.383 263.911 430.745 263.91 -754.479
GPRESSURE: 700000 -268.413 -12.7507 701.143 -439.967 -793.994 6.17476 258.311 354.034 -679.76
PRESSAVG: 700000 -75.1734 -31.0001 120.781 -31.0001 -178.81 -75.2738 120.781 -75.2738 -161.998
GPRESSAVG: 700000 -9.04465 54.1881 148.978 -99.4028 -129.975 -58.5211 121.819 -60.4479 -97.7147
ENERGY:  700000         4.1035        11.9324         5.0322         0.0000         -10516.4875      1339.7581         0.0000         0.0000      1738.4261          -7417.2352       296.8496     -9155.6613     -7426.3091       297.2465           -608.8107      -580.7223     29666.4665      -376.1178      -308.8279
FEP:     700000        21.0681    -10516.4875      1339.1333

WRITING EXTENDED SYSTEM TO RESTART FILE AT STEP 700000
WRITING COORDINATES TO DCD FILE mobley_6456034_prod.dcd AT STEP 700000
WRITING COORDINATES TO RESTART FILE AT STEP 700000
FINISHED WRITING RESTART COORDINATES
WRITING VELOCITIES TO RESTART FILE AT STEP 700000
FINISHED WRITING RESTART VELOCITIES
PRESSURE: 800000 -903.984 283.159 670.061 283.16 -798.576 -17.4984 670.059 -17.496 446.713
GPRESSURE: 800000 -788.779 209.914 539.486 202.04 -536.723 -219.616 687.276 -22.6026 358.021
PRESSAVG: 800000 -119.896 -8.84858 129.824 -8.84858 -221.945 -93.1885 129.824 -93.1885 -137.717
GPRESSAVG: 800000 -48.0152 65.6785 153.446 -90.8591 -162.686 -93.0904 137.651 -72.1941 -80.9567
ENERGY:  800000         4.2881        12.3760         6.4271         0.0000         -10578.5978      1411.3514         0.0000         0.0000      1760.3438          -7383.8114       300.5922     -9144.1552     -7421.5871       297.6183           -418.6157      -322.4936     30417.4203      -380.8398      -310.3463
FEP:     800000        23.0912    -10578.5978      1411.6389

WRITING EXTENDED SYSTEM TO RESTART FILE AT STEP 800000
WRITING COORDINATES TO DCD FILE mobley_6456034_prod.dcd AT STEP 800000
WRITING COORDINATES TO RESTART FILE AT STEP 800000
FINISHED WRITING RESTART COORDINATES
WRITING VELOCITIES TO RESTART FILE AT STEP 800000
FINISHED WRITING RESTART VELOCITIES
PRESSURE: 900000 -355.025 -105.791 -362.109 -105.79 -1080.57 646.362 -362.107 646.364 1107.52
GPRESSURE: 900000 -69.9427 -136.013 -777.717 -218.642 -847.626 749.598 92.644 382.094 819.254
PRESSAVG: 900000 -150.604 -26.0161 94.1642 -26.0161 -306.494 -59.498 94.1642 -59.498 -61.7041
GPRESSAVG: 900000 -65.3811 47.6848 94.3782 -112.319 -235.225 -65.2106 125.934 -53.4049 -24.0373
ENERGY:  900000         2.9917        11.4691         3.4015         0.0000         -10601.9965      1431.9985         0.0000         0.0000      1805.9929          -7346.1426       308.3872     -9152.1356     -7414.0427       298.6951           -109.3596       -32.7716     30262.5966      -353.6918      -282.5889
FEP:     900000        17.8624    -10601.9965      1432.5030

WRITING EXTENDED SYSTEM TO RESTART FILE AT STEP 900000
WRITING COORDINATES TO DCD FILE mobley_6456034_prod.dcd AT STEP 900000
WRITING COORDINATES TO RESTART FILE AT STEP 900000
FINISHED WRITING RESTART COORDINATES
WRITING VELOCITIES TO RESTART FILE AT STEP 900000
FINISHED WRITING RESTART VELOCITIES
PRESSURE: 1000000 128.615 -419.029 298.896 -419.03 -184.889 230.234 298.894 230.231 98.3463
GPRESSURE: 1000000 -15.8732 -205.929 249.708 -552.848 -283.116 235.901 165.614 -55.4109 312.351
PRESSAVG: 1000000 -122.093 -40.6417 142.132 -40.6417 -268.12 -71.1861 142.132 -71.1861 -31.0453
GPRESSAVG: 1000000 -56.3709 51.5264 143.323 -115.414 -207.773 -65.3145 148.673 -83.6514 23.8176
TIMING: 1000000  CPU: 8226.57, 0.000313031/step  Wall: 8296.85, 0.00031412/step, 550.109 ns/days, 0.0436277 hours remaining, 0.000000 MB of memory in use.
PERFORMANCE: 1000000  averaging 551.983 ns/day, 0.000313053 sec/step with standard deviation 6.01472e-07
ETITLE:      TS           BOND          ANGLE          DIHED          IMPRP               ELECT            VDW       BOUNDARY           MISC        KINETIC               TOTAL           TEMP      POTENTIAL       TOTALAVG        TEMPAVG            PRESSURE      GPRESSURE         VOLUME       PRESSAVG      GPRESSAVG
FEPTITLE:    TS          BOND2         ELECT2           VDW2

ENERGY: 1000000         3.1774        13.5734         4.5598         0.0000         -10532.5004      1384.4889         0.0000         0.0000      1707.2936          -7419.4074       291.5335     -9126.7009     -7414.5304       298.0441             14.0243         4.4539     29853.0591      -320.2630      -256.4941
FEP:    1000000        21.3106    -10532.5004      1385.2871

WRITING EXTENDED SYSTEM TO RESTART FILE AT STEP 1000000
WRITING COORDINATES TO DCD FILE mobley_6456034_prod.dcd AT STEP 1000000
WRITING COORDINATES TO RESTART FILE AT STEP 1000000
FINISHED WRITING RESTART COORDINATES
WRITING VELOCITIES TO RESTART FILE AT STEP 1000000
FINISHED WRITING RESTART VELOCITIES
PRESSURE: 1100000 -936.541 40.1079 244.054 40.1057 -273.902 26.5368 244.054 26.5338 -450.762
GPRESSURE: 1100000 -773.788 277.517 92.5297 -280.063 -372.156 16.1668 248.983 112.735 -335.986
PRESSAVG: 1100000 -205.17 -68.3223 168.097 -68.3223 -306.38 -43.6246 168.097 -43.6246 -29.8083
GPRESSAVG: 1100000 -119.392 35.6119 162.202 -169.263 -247.567 -24.631 169.621 -55.8113 16.5324
ENERGY: 1100000         3.8864        10.3525         5.7295         0.0000         -10631.4913      1393.6695         0.0000         0.0000      1786.6616          -7431.1917       305.0862     -9217.8533     -7415.9188       298.6309           -553.7350      -493.9770     29988.2939      -339.7190      -276.2843
FEP:    1100000        19.9684    -10631.4913      1393.9524

WRITING EXTENDED SYSTEM TO RESTART FILE AT STEP 1100000
WRITING COORDINATES TO DCD FILE mobley_6456034_prod.dcd AT STEP 1100000
WRITING COORDINATES TO RESTART FILE AT STEP 1100000
FINISHED WRITING RESTART COORDINATES
WRITING VELOCITIES TO RESTART FILE AT STEP 1100000
FINISHED WRITING RESTART VELOCITIES
PRESSURE: 1200000 640.756 -296.915 -449.567 -296.914 -669.942 -207.47 -449.566 -207.467 54.8989
GPRESSURE: 1200000 715.028 -340.746 -407.521 -30.4039 -665.636 -240.528 -480.516 -153.084 221.991
PRESSAVG: 1200000 -155.264 -100.735 141.532 -100.735 -297.502 -59.6773 141.532 -59.6773 -35.9962
GPRESSAVG: 1200000 -73.5631 -9.25393 131.375 -178.891 -240.869 -34.5466 134.414 -76.4361 10.3889
ENERGY: 1200000         2.1562        10.6370         5.9098         0.0000         -10686.4020      1440.9176         0.0000         0.0000      1745.1574          -7481.6240       297.9990     -9226.7814     -7420.9731       298.5823              8.5710        90.4605     29958.5473      -312.9275      -248.0732
FEP:    1200000        18.7030    -10686.4020      1441.2084

WRITING EXTENDED SYSTEM TO RESTART FILE AT STEP 1200000
WRITING COORDINATES TO DCD FILE mobley_6456034_prod.dcd AT STEP 1200000
WRITING COORDINATES TO RESTART FILE AT STEP 1200000
FINISHED WRITING RESTART COORDINATES
WRITING VELOCITIES TO RESTART FILE AT STEP 1200000
FINISHED WRITING RESTART VELOCITIES
PRESSURE: 1300000 401.118 199.743 528.339 199.742 225.236 144.561 528.337 144.561 -85.7511
GPRESSURE: 1300000 673.098 247.693 437.216 132.86 178.886 218.15 441.63 -9.88697 -117.475
PRESSAVG: 1300000 -164.548 -98.1605 174.598 -98.1605 -334.888 -54.5268 174.598 -54.5268 -28.3821
GPRESSAVG: 1300000 -67.8274 -7.75521 168.366 -171.576 -275.518 -50.3827 168.426 -68.004 4.91081
ENERGY: 1300000         3.1425        12.7138         2.8316         0.0000         -10599.8271      1422.1400         0.0000         0.0000      1753.5464          -7405.4528       299.4315     -9158.9993     -7419.8645       298.6430            180.2009       244.8362     29703.7100      -277.7040      -212.8654
FEP:    1300000        18.6878    -10599.8271      1422.5217

WRITING EXTENDED SYSTEM TO RESTART FILE AT STEP 1300000
WRITING COORDINATES TO DCD FILE mobley_6456034_prod.dcd AT STEP 1300000
WRITING COORDINATES TO RESTART FILE AT STEP 1300000
FINISHED WRITING RESTART COORDINATES
WRITING VELOCITIES TO RESTART FILE AT STEP 1300000
FINISHED WRITING RESTART VELOCITIES
PRESSURE: 1400000 446.6 -836.711 444.62 -836.714 1382.52 625.446 444.614 625.448 328.208
GPRESSURE: 1400000 481.329 -986.638 264.281 -511.969 1407.28 233.439 648.308 563.976 488.163
PRESSAVG: 1400000 -170.478 -141.504 228.163 -141.504 -300.1 -13.0977 228.163 -13.0977 -79.3542
GPRESSAVG: 1400000 -70.6044 -49.418 189.124 -199.43 -249.908 -17.3762 233.625 -44.669 -40.5324
ENERGY: 1400000         0.9568        10.3352         2.7778         0.0000         -10670.2479      1508.8526         0.0000         0.0000      1728.5125          -7418.8128       295.1568     -9147.3254     -7419.7944       298.4106            719.1104       792.2578     29782.5723      -211.2497      -145.8571
FEP:    1400000        14.0698    -10670.2479      1509.2996

WRITING EXTENDED SYSTEM TO RESTART FILE AT STEP 1400000
WRITING COORDINATES TO DCD FILE mobley_6456034_prod.dcd AT STEP 1400000
WRITING COORDINATES TO RESTART FILE AT STEP 1400000
FINISHED WRITING RESTART COORDINATES
WRITING VELOCITIES TO RESTART FILE AT STEP 1400000
FINISHED WRITING RESTART VELOCITIES
PRESSURE: 1500000 36.663 -65.7728 -395.447 -65.774 345.789 -69.7939 -395.447 -69.7926 1094.69
GPRESSURE: 1500000 83.4908 -25.2151 -218.396 -128.595 629.583 109.865 -259.113 -193.361 889.245
PRESSAVG: 1500000 -214.111 -134.362 200.653 -134.362 -266.07 2.74046 200.653 2.74046 -2.32319
GPRESSAVG: 1500000 -111.273 -57.3774 154.182 -196.522 -198.404 -5.39805 222.136 -38.291 13.5959
ENERGY: 1500000         3.6572         8.4566         2.7726         0.0000         -10657.8978      1477.7997         0.0000         0.0000      1751.9233          -7413.2883       299.1544     -9165.2116     -7419.3878       298.4571            492.3824       534.1061     29734.9475      -167.2727      -103.3594
FEP:    1500000        14.8864    -10657.8978      1477.8005

WRITING EXTENDED SYSTEM TO RESTART FILE AT STEP 1500000
WRITING COORDINATES TO DCD FILE mobley_6456034_prod.dcd AT STEP 1500000
WRITING COORDINATES TO RESTART FILE AT STEP 1500000
FINISHED WRITING RESTART COORDINATES
WRITING VELOCITIES TO RESTART FILE AT STEP 1500000
FINISHED WRITING RESTART VELOCITIES
TCL: Running FEP window  19: Lambda1 0.09999999999999969 Lambda2 0.049999999999999684 [dLambda -0.05 ]
TCL: Setting parameter firsttimestep to 0
TCL: Setting parameter alchLambda to 0.09999999999999969
Info: NONBONDED TABLE R-SQUARED SPACING: 0.0625
Info: NONBONDED TABLE SIZE: 705 POINTS
Info: INCONSISTENCY IN FAST TABLE ENERGY VS FORCE: 0.000290481 AT 0.251946
Info: INCONSISTENCY IN SCOR TABLE ENERGY VS FORCE: 0.000238233 AT 8.9687
Info: ABSOLUTE IMPRECISION IN VDWA TABLE ENERGY: 1.21169e-27 AT 8.99653
Info: ABSOLUTE IMPRECISION IN VDWA TABLE FORCE: 2.57484e-27 AT 8.99653
Info: INCONSISTENCY IN VDWA TABLE ENERGY VS FORCE: 0.0040507 AT 0.251946
Info: INCONSISTENCY IN VDWB TABLE ENERGY VS FORCE: 0.00150189 AT 0.251946
TCL: Setting parameter alchLambda2 to 0.049999999999999684
Info: NONBONDED TABLE R-SQUARED SPACING: 0.0625
Info: NONBONDED TABLE SIZE: 705 POINTS
Info: INCONSISTENCY IN FAST TABLE ENERGY VS FORCE: 0.000290481 AT 0.251946
Info: INCONSISTENCY IN SCOR TABLE ENERGY VS FORCE: 0.000238233 AT 8.9687
Info: ABSOLUTE IMPRECISION IN VDWA TABLE ENERGY: 1.21169e-27 AT 8.99653
Info: ABSOLUTE IMPRECISION IN VDWA TABLE FORCE: 2.57484e-27 AT 8.99653
Info: INCONSISTENCY IN VDWA TABLE ENERGY VS FORCE: 0.0040507 AT 0.251946
Info: INCONSISTENCY IN VDWB TABLE ENERGY VS FORCE: 0.00150189 AT 0.251946
TCL: Running for 1500000 steps
FEP: RESETTING FOR NEW FEP WINDOW LAMBDA SET TO 0.1 LAMBDA2 0.05
FEP: WINDOW TO HAVE 100000 STEPS OF EQUILIBRATION PRIOR TO FEP DATA COLLECTION.
FEP: USING CONSTANT TEMPERATURE OF 300 K FOR FEP CALCULATION
PRESSURE: 0 35.9686 -124.417 -355.887 -124.417 235.426 11.7386 -355.885 11.7376 1030.58
GPRESSURE: 0 79.0405 -25.8605 -217.866 -129.122 630.947 113.062 -258.061 -190.18 888.234
ETITLE:      TS           BOND          ANGLE          DIHED          IMPRP               ELECT            VDW       BOUNDARY           MISC        KINETIC               TOTAL           TEMP      POTENTIAL       TOTALAVG        TEMPAVG            PRESSURE      GPRESSURE         VOLUME       PRESSAVG      GPRESSAVG
FEPTITLE:    TS          BOND2         ELECT2           VDW2

ENERGY:       0         3.6573         8.4566         2.7726         0.0000         -10657.8967      1477.8009         0.0000         0.0000      1751.0770          -7414.1322       299.0098     -9165.2092     -7414.1322       299.0098            433.9916       532.7405     29734.9475       433.9916       532.7405
FEP:          0        14.8865    -10657.8967      1478.1638

PRESSURE: 100000 -129.949 837.334 -58.9024 837.333 -684.064 -96.673 -58.9046 -96.6725 31.6417
GPRESSURE: 100000 93.402 745.9 -45.9761 941.046 -672.264 -288.451 16.0779 152.784 83.1524
PRESSAVG: 100000 -169.002 -109.642 145.823 -109.642 -321.26 34.8926 145.823 34.8926 75.5321
GPRESSAVG: 100000 -56.631 -47.2108 97.7608 -160.084 -231.084 17.741 184.369 5.09912 75.9892
ENERGY:  100000         7.5843        13.4814         4.7218         0.0000         -10551.4114      1412.7217         0.0000         0.0000      1745.7453          -7367.1568       298.0994     -9112.9021     -7390.6445       298.5546           -260.7901      -165.2366     30346.5873        86.6008       183.7519
FEP:     100000        25.7876    -10551.4114      1412.3817

WRITING EXTENDED SYSTEM TO RESTART FILE AT STEP 100000
WRITING COORDINATES TO DCD FILE mobley_6456034_prod.dcd AT STEP 100000
WRITING COORDINATES TO RESTART FILE AT STEP 100000
FINISHED WRITING RESTART COORDINATES
WRITING VELOCITIES TO RESTART FILE AT STEP 100000
FINISHED WRITING RESTART VELOCITIES
PRESSURE: 200000 -155.044 -262.866 158.758 -262.866 -727.297 166.482 158.76 166.478 96.5252
GPRESSURE: 200000 -57.2892 -211.915 230.622 -6.58604 -705.082 -146.673 305.164 125.24 42.2492
PRESSAVG: 200000 -176.813 -133.358 164.197 -133.358 -326.851 26.5017 164.197 26.5017 87.2454
GPRESSAVG: 200000 -55.3173 -78.9339 118.578 -171.655 -248.771 13.7768 197.509 -12.318 88.8729
ENERGY:  200000         7.8094         7.1811         4.9981         0.0000         -10684.7799      1421.7762         0.0000         0.0000      1774.0342          -7468.9809       302.9300     -9243.0151     -7416.7566       300.0131           -261.9385      -240.0408     29858.0262       -29.5790        42.4877
FEP:     200000        19.9886    -10684.7799      1419.8066

WRITING EXTENDED SYSTEM TO RESTART FILE AT STEP 200000
WRITING COORDINATES TO DCD FILE mobley_6456034_prod.dcd AT STEP 200000
WRITING COORDINATES TO RESTART FILE AT STEP 200000
FINISHED WRITING RESTART COORDINATES
WRITING VELOCITIES TO RESTART FILE AT STEP 200000
FINISHED WRITING RESTART VELOCITIES
PRESSURE: 300000 182.848 -328.931 241.001 -328.929 -1269.71 -355.883 241.001 -355.882 -231.355
GPRESSURE: 300000 110.637 -183.642 254.664 -618.842 -1045.03 -450.548 254.393 -572.858 -235.27
PRESSAVG: 300000 -169.138 -129.586 171.49 -129.586 -374.59 13.0684 171.49 13.0684 63.0521
GPRESSAVG: 300000 -52.0365 -82.6181 138.285 -172.704 -283.651 -0.73484 194.638 -34.4814 48.2617
ENERGY:  300000         3.5635         9.0088         5.2299         0.0000         -10568.2003      1382.6986         0.0000         0.0000      1778.2801          -7389.4194       303.6550     -9167.6996     -7409.9223       300.9236           -439.4071      -389.8866     30173.3869      -132.0360       -65.6059
FEP:     300000        17.8021    -10568.2003      1382.9120

WRITING EXTENDED SYSTEM TO RESTART FILE AT STEP 300000
WRITING COORDINATES TO DCD FILE mobley_6456034_prod.dcd AT STEP 300000
WRITING COORDINATES TO RESTART FILE AT STEP 300000
FINISHED WRITING RESTART COORDINATES
WRITING VELOCITIES TO RESTART FILE AT STEP 300000
FINISHED WRITING RESTART VELOCITIES
PRESSURE: 400000 210.366 709.253 -444.413 709.255 955.839 -767.102 -444.413 -767.104 163.221
GPRESSURE: 400000 339.428 501.141 -345.441 795.4 1018.99 -578.885 -230.687 -662.851 24.7284
PRESSAVG: 400000 -161.434 -73.7391 143.144 -73.7391 -308.16 -17.6397 143.144 -17.6397 56.9248
GPRESSAVG: 400000 -36.7391 -51.9915 128.071 -102.967 -214.749 -21.5106 167.681 -60.9955 21.0154
ENERGY:  400000         3.0940         9.1110         3.4280         0.0000         -10724.6493      1494.5958         0.0000         0.0000      1683.7692          -7530.6512       287.5165     -9214.4204     -7434.0681       298.2422            443.1420       461.0497     29715.8182       -17.0004        39.7252
FEP:     400000        15.6331    -10724.6493      1494.2248

WRITING EXTENDED SYSTEM TO RESTART FILE AT STEP 400000
WRITING COORDINATES TO DCD FILE mobley_6456034_prod.dcd AT STEP 400000
WRITING COORDINATES TO RESTART FILE AT STEP 400000
FINISHED WRITING RESTART COORDINATES
WRITING VELOCITIES TO RESTART FILE AT STEP 400000
FINISHED WRITING RESTART VELOCITIES
PRESSURE: 500000 -380.016 -329.664 -241.486 -329.667 -94.7574 154.424 -241.487 154.426 435.493
GPRESSURE: 500000 -241.314 -238.678 -9.60688 -170.462 -116.673 46.0594 -358.642 286.898 528.918
PRESSAVG: 500000 -138.154 -92.218 141.325 -92.218 -280.933 -11.6838 141.325 -11.6838 83.382
GPRESSAVG: 500000 -16.4722 -63.4652 139.563 -115.129 -189.036 -27.5108 168.658 -40.2365 57.487
ENERGY:  500000         1.7590        11.9967         5.3083         0.0000         -10712.0126      1441.9287         0.0000         0.0000      1797.8560          -7453.1639       306.9977     -9251.0198     -7437.2507       299.7014            -13.0934        56.9771     29971.5499       -16.3492        42.6005
FEP:     500000        19.0640    -10712.0126      1442.3422

WRITING EXTENDED SYSTEM TO RESTART FILE AT STEP 500000
WRITING COORDINATES TO DCD FILE mobley_6456034_prod.dcd AT STEP 500000
WRITING COORDINATES TO RESTART FILE AT STEP 500000
FINISHED WRITING RESTART COORDINATES
WRITING VELOCITIES TO RESTART FILE AT STEP 500000
FINISHED WRITING RESTART VELOCITIES
PRESSURE: 600000 91.773 131.836 327.339 131.837 -61.145 -454.801 327.338 -454.798 463.019
GPRESSURE: 600000 306.431 278.681 366.976 -1.69249 -13.4863 -544.889 238.528 -559.363 406.137
PRESSAVG: 600000 -106.59 -74.2922 147.261 -74.2922 -263.273 -22.2171 147.261 -22.2171 168.546
GPRESSAVG: 600000 21.8451 -38.498 155.602 -104.063 -177.537 -48.5536 160.771 -65.0903 142.662
ENERGY:  600000         3.6402        14.1027         2.9110         0.0000         -10645.6482      1465.6704         0.0000         0.0000      1768.8275          -7390.4963       302.0409     -9159.3238     -7430.5715       300.0356            164.5488       233.0274     30031.6279         9.4933        69.8044
FEP:     600000        20.6540    -10645.6482      1465.0429

WRITING EXTENDED SYSTEM TO RESTART FILE AT STEP 600000
WRITING COORDINATES TO DCD FILE mobley_6456034_prod.dcd AT STEP 600000
WRITING COORDINATES TO RESTART FILE AT STEP 600000
FINISHED WRITING RESTART COORDINATES
WRITING VELOCITIES TO RESTART FILE AT STEP 600000
FINISHED WRITING RESTART VELOCITIES
PRESSURE: 700000 -218.175 196.697 213.866 196.697 -320.015 375.138 213.864 375.139 -1110.75
GPRESSURE: 700000 -270.728 394.797 682.533 -133.216 -18.1769 312.162 -247.189 479.183 -966.758
PRESSAVG: 700000 -110.617 -64.1577 135.51 -64.1577 -248.314 -41.9545 135.51 -41.9545 104.394
GPRESSAVG: 700000 0.174632 -5.15827 178.802 -122.908 -166.031 -65.3229 138.884 -64.5669 96.192
ENERGY:  700000         1.4937        14.4237         4.5089         0.0000         -10525.9646      1387.2104         0.0000         0.0000      1746.4417          -7371.8862       298.2183     -9118.3279     -7423.2359       299.8085           -549.6472      -418.5543     30711.1904       -60.3992         8.7595
FEP:     700000        20.4263    -10525.9646      1386.3251

WRITING EXTENDED SYSTEM TO RESTART FILE AT STEP 700000
WRITING COORDINATES TO DCD FILE mobley_6456034_prod.dcd AT STEP 700000
WRITING COORDINATES TO RESTART FILE AT STEP 700000
FINISHED WRITING RESTART COORDINATES
WRITING VELOCITIES TO RESTART FILE AT STEP 700000
FINISHED WRITING RESTART VELOCITIES
PRESSURE: 800000 742.067 231.054 578.848 231.056 -225.976 -23.3306 578.848 -23.3302 265.248
GPRESSURE: 800000 798.007 59.2489 476.842 312.954 20.8655 -36.1923 483.022 -31.6717 244.254
PRESSAVG: 800000 -54.0295 -49.6416 136.867 -49.6416 -268.174 -20.7917 136.867 -20.7917 99.6433
GPRESSAVG: 800000 52.1195 -11.4924 175.467 -92.4616 -181.049 -63.5653 135.819 -51.9152 96.7618
ENERGY:  800000         3.1479        12.7595         2.4612         0.0000         -10724.2658      1461.7277         0.0000         0.0000      1762.0051          -7482.1645       300.8759     -9244.1696     -7429.7835       299.9271            260.4464       354.3753     29743.8672       -24.7497        47.1613
FEP:     800000        18.3686    -10724.2658      1460.5394

WRITING EXTENDED SYSTEM TO RESTART FILE AT STEP 800000
WRITING COORDINATES TO DCD FILE mobley_6456034_prod.dcd AT STEP 800000
WRITING COORDINATES TO RESTART FILE AT STEP 800000
FINISHED WRITING RESTART COORDINATES
WRITING VELOCITIES TO RESTART FILE AT STEP 800000
FINISHED WRITING RESTART VELOCITIES
PRESSURE: 900000 443.82 292.508 -41.1153 292.507 -96.9197 499.194 -41.1155 499.192 1035.78
GPRESSURE: 900000 530.848 346.787 -152.388 246.636 -61.0211 276.386 -55.7051 324.403 965.058
PRESSAVG: 900000 -10.451 -15.4233 107.089 -15.4233 -221.636 21.422 107.089 21.422 161.418
GPRESSAVG: 900000 88.1551 11.606 135.2 -42.1808 -131.308 -38.101 111.802 -7.96257 151.619
ENERGY:  900000         2.5814         9.9111         3.0816         0.0000         -10625.1345      1426.9149         0.0000         0.0000      1761.3825          -7421.2632       300.7696     -9182.6456     -7428.9315       300.0113            460.8931       478.2950     29570.3728        23.8146        90.2747
FEP:     900000        15.5740    -10625.1345      1426.4790

WRITING EXTENDED SYSTEM TO RESTART FILE AT STEP 900000
WRITING COORDINATES TO DCD FILE mobley_6456034_prod.dcd AT STEP 900000
WRITING COORDINATES TO RESTART FILE AT STEP 900000
FINISHED WRITING RESTART COORDINATES
WRITING VELOCITIES TO RESTART FILE AT STEP 900000
FINISHED WRITING RESTART VELOCITIES
PRESSURE: 1000000 -80.5483 11.6047 -112.644 11.6031 -583.495 -606.402 -112.646 -606.405 119.824
GPRESSURE: 1000000 54.4441 -269.749 -65.8568 70.8115 -671.252 -453.253 153.035 -442.162 187.758
PRESSAVG: 1000000 4.03713 4.17655 83.7472 4.17655 -243.892 27.2537 83.7472 27.2537 206.931
GPRESSAVG: 1000000 88.9528 21.2272 102.762 -26.0331 -145.784 -32.1036 105.154 -5.60421 206.213
TIMING: 1000000  CPU: 8696.65, 0.000313567/step  Wall: 8768.74, 0.00031465/step, 549.182 ns/days, 0.0437013 hours remaining, 0.000000 MB of memory in use.
PERFORMANCE: 1000000  averaging 551.835 ns/day, 0.000313137 sec/step with standard deviation 6.89815e-07
ETITLE:      TS           BOND          ANGLE          DIHED          IMPRP               ELECT            VDW       BOUNDARY           MISC        KINETIC               TOTAL           TEMP      POTENTIAL       TOTALAVG        TEMPAVG            PRESSURE      GPRESSURE         VOLUME       PRESSAVG      GPRESSAVG
FEPTITLE:    TS          BOND2         ELECT2           VDW2

ENERGY: 1000000         4.5030        11.2016         4.0777         0.0000         -10490.6725      1397.2101         0.0000         0.0000      1754.3415          -7319.3386       299.5673     -9073.6801     -7418.9685       299.9710           -181.4066      -143.0164     30430.1609         5.1581        69.0664
FEP:    1000000        19.7823    -10490.6725      1396.8887

WRITING EXTENDED SYSTEM TO RESTART FILE AT STEP 1000000
WRITING COORDINATES TO DCD FILE mobley_6456034_prod.dcd AT STEP 1000000
WRITING COORDINATES TO RESTART FILE AT STEP 1000000
FINISHED WRITING RESTART COORDINATES
WRITING VELOCITIES TO RESTART FILE AT STEP 1000000
FINISHED WRITING RESTART VELOCITIES
PRESSURE: 1100000 1470.74 -104.788 -391.913 -104.786 474.089 -517.173 -391.916 -517.174 481.665
GPRESSURE: 1100000 1661.17 78.5031 -369.243 -154.187 594.731 -332.092 -157.441 -447.554 444.66
PRESSAVG: 1100000 83.6029 2.92034 42.6142 2.92034 -172.618 -11.8005 42.6142 -11.8005 268.738
GPRESSAVG: 1100000 185.432 25.7899 49.2423 -11.7441 -76.3478 -49.017 84.3659 -45.6836 262.434
ENERGY: 1100000         0.8145        11.4744         4.3424         0.0000         -10714.3369      1519.4519         0.0000         0.0000      1748.7928          -7429.4609       298.6198     -9178.2537     -7419.8428       299.8584            808.8330       900.1863     29657.4148        72.1310       138.3264
FEP:    1100000        16.6312    -10714.3369      1517.7465

WRITING EXTENDED SYSTEM TO RESTART FILE AT STEP 1100000
WRITING COORDINATES TO DCD FILE mobley_6456034_prod.dcd AT STEP 1100000
WRITING COORDINATES TO RESTART FILE AT STEP 1100000
FINISHED WRITING RESTART COORDINATES
WRITING VELOCITIES TO RESTART FILE AT STEP 1100000
FINISHED WRITING RESTART VELOCITIES
PRESSURE: 1200000 -1262.07 -416.182 106.053 -416.183 117.48 -147.966 106.051 -147.966 -911.069
GPRESSURE: 1200000 -1038.51 -517.806 -151.275 -290.743 135.999 79.7767 158.145 463.776 -934.195
PRESSAVG: 1200000 65.6984 -32.0468 14.4138 -32.0468 -126.815 -18.324 14.4138 -18.324 200.849
GPRESSAVG: 1200000 172.945 -10.5961 14.7043 -36.3832 -42.7117 -34.0473 57.9094 -21.3647 197.824
ENERGY: 1200000         3.1998         9.8534         3.4943         0.0000         -10566.2612      1373.9636         0.0000         0.0000      1735.1985          -7440.5517       296.2985     -9175.7502     -7421.4358       299.5845           -685.2210      -612.2345     30212.8347        13.8732        80.5909
FEP:    1200000        16.5474    -10566.2612      1372.9765

WRITING EXTENDED SYSTEM TO RESTART FILE AT STEP 1200000
WRITING COORDINATES TO DCD FILE mobley_6456034_prod.dcd AT STEP 1200000
WRITING COORDINATES TO RESTART FILE AT STEP 1200000
FINISHED WRITING RESTART COORDINATES
WRITING VELOCITIES TO RESTART FILE AT STEP 1200000
FINISHED WRITING RESTART VELOCITIES
PRESSURE: 1300000 -40.1322 -393.187 581.633 -393.185 -1054.6 332.065 581.632 332.063 205.203
GPRESSURE: 1300000 232.101 -202.171 627.011 -183.299 -1143.64 119.173 630.735 429.703 233.353
PRESSAVG: 1300000 81.4431 -46.4165 61.6007 -46.4165 -125.517 -34.039 61.6007 -34.039 155.733
GPRESSAVG: 1300000 188.048 -13.9041 84.9407 -34.6161 -57.5124 -65.5686 84.8139 -18.9842 168.528
ENERGY: 1300000         2.9437        12.6585         3.8295         0.0000         -10548.7410      1416.9532         0.0000         0.0000      1784.3892          -7327.9669       304.6982     -9112.3561     -7414.7595       299.9498           -296.5090      -226.0623     30735.1539        -8.2970        58.6871
FEP:    1300000        19.4317    -10548.7410      1417.4045

WRITING EXTENDED SYSTEM TO RESTART FILE AT STEP 1300000
WRITING COORDINATES TO DCD FILE mobley_6456034_prod.dcd AT STEP 1300000
WRITING COORDINATES TO RESTART FILE AT STEP 1300000
FINISHED WRITING RESTART COORDINATES
WRITING VELOCITIES TO RESTART FILE AT STEP 1300000
FINISHED WRITING RESTART VELOCITIES
PRESSURE: 1400000 966.895 -187.945 -364.355 -187.947 -628.144 917.123 -364.356 917.122 1125.79
GPRESSURE: 1400000 1004.49 -514.356 -234.353 40.5139 -576.766 1048.03 -389.354 777.345 1356.75
PRESSAVG: 1400000 123.357 -34.8623 28.4382 -34.8623 -147.679 0.305471 28.4382 0.305471 207.105
GPRESSAVG: 1400000 239.066 -29.3254 60.7376 -4.948 -72.1949 -24.9623 57.0656 22.6536 220.749
ENERGY: 1400000         2.9582        13.4572         3.7715         0.0000         -10635.3888      1473.9929         0.0000         0.0000      1767.3813          -7373.8276       301.7939     -9141.2090     -7412.0307       300.0727            488.1787       594.8268     30401.5519        24.8014        94.4298
FEP:    1400000        20.1869    -10635.3888      1474.3956

WRITING EXTENDED SYSTEM TO RESTART FILE AT STEP 1400000
WRITING COORDINATES TO DCD FILE mobley_6456034_prod.dcd AT STEP 1400000
WRITING COORDINATES TO RESTART FILE AT STEP 1400000
FINISHED WRITING RESTART COORDINATES
WRITING VELOCITIES TO RESTART FILE AT STEP 1400000
FINISHED WRITING RESTART VELOCITIES
PRESSURE: 1500000 333.002 52.2321 0.8015 52.235 -42.3397 187.694 0.800858 187.697 -24.5569
GPRESSURE: 1500000 301.579 176.706 -60.2856 27.6825 -56.1537 128.498 445.08 46.8083 291.003
PRESSAVG: 1500000 186.834 -34.2559 16.2755 -34.2559 -136.101 8.36362 16.2755 8.36362 228.415
GPRESSAVG: 1500000 292.834 -34.366 53.0968 10.4393 -56.3948 -19.3457 66.8704 19.3573 252.098
ENERGY: 1500000         4.1792        13.0634         3.2070         0.0000         -10647.5378      1437.7441         0.0000         0.0000      1765.5985          -7423.7455       301.4895     -9189.3440     -7412.7629       300.1613             88.7019       178.8094     29635.2051        28.7952        99.7035
FEP:    1500000        20.4497    -10647.5378      1436.6063

WRITING EXTENDED SYSTEM TO RESTART FILE AT STEP 1500000
WRITING COORDINATES TO DCD FILE mobley_6456034_prod.dcd AT STEP 1500000
WRITING COORDINATES TO RESTART FILE AT STEP 1500000
FINISHED WRITING RESTART COORDINATES
WRITING VELOCITIES TO RESTART FILE AT STEP 1500000
FINISHED WRITING RESTART VELOCITIES
TCL: Running FEP window  20: Lambda1 0.049999999999999684 Lambda2 0.0    [dLambda -0.049999999999999684]
TCL: Setting parameter firsttimestep to 0
TCL: Setting parameter alchLambda to 0.049999999999999684
Info: NONBONDED TABLE R-SQUARED SPACING: 0.0625
Info: NONBONDED TABLE SIZE: 705 POINTS
Info: INCONSISTENCY IN FAST TABLE ENERGY VS FORCE: 0.000290481 AT 0.251946
Info: INCONSISTENCY IN SCOR TABLE ENERGY VS FORCE: 0.000238233 AT 8.9687
Info: ABSOLUTE IMPRECISION IN VDWA TABLE ENERGY: 1.21169e-27 AT 8.99653
Info: ABSOLUTE IMPRECISION IN VDWA TABLE FORCE: 2.57484e-27 AT 8.99653
Info: INCONSISTENCY IN VDWA TABLE ENERGY VS FORCE: 0.0040507 AT 0.251946
Info: INCONSISTENCY IN VDWB TABLE ENERGY VS FORCE: 0.00150189 AT 0.251946
TCL: Setting parameter alchLambda2 to 0.0
Info: NONBONDED TABLE R-SQUARED SPACING: 0.0625
Info: NONBONDED TABLE SIZE: 705 POINTS
Info: INCONSISTENCY IN FAST TABLE ENERGY VS FORCE: 0.000290481 AT 0.251946
Info: INCONSISTENCY IN SCOR TABLE ENERGY VS FORCE: 0.000238233 AT 8.9687
Info: ABSOLUTE IMPRECISION IN VDWA TABLE ENERGY: 1.21169e-27 AT 8.99653
Info: ABSOLUTE IMPRECISION IN VDWA TABLE FORCE: 2.57484e-27 AT 8.99653
Info: INCONSISTENCY IN VDWA TABLE ENERGY VS FORCE: 0.0040507 AT 0.251946
Info: INCONSISTENCY IN VDWB TABLE ENERGY VS FORCE: 0.00150189 AT 0.251946
TCL: Running for 1500000 steps
FEP: RESETTING FOR NEW FEP WINDOW LAMBDA SET TO 0.05 LAMBDA2 0
FEP: WINDOW TO HAVE 100000 STEPS OF EQUILIBRATION PRIOR TO FEP DATA COLLECTION.
FEP: USING CONSTANT TEMPERATURE OF 300 K FOR FEP CALCULATION
PRESSURE: 0 355.388 87.8014 -18.097 87.8042 -50.7527 175.32 -18.1002 175.317 -42.9909
GPRESSURE: 0 298.409 175.951 -60.7669 27.3202 -63.2596 127.432 444.239 45.7358 284.384
ETITLE:      TS           BOND          ANGLE          DIHED          IMPRP               ELECT            VDW       BOUNDARY           MISC        KINETIC               TOTAL           TEMP      POTENTIAL       TOTALAVG        TEMPAVG            PRESSURE      GPRESSURE         VOLUME       PRESSAVG      GPRESSAVG
FEPTITLE:    TS          BOND2         ELECT2           VDW2

ENERGY:       0         4.1792        13.0634         3.2070         0.0000         -10647.5372      1436.6064         0.0000         0.0000      1764.6876          -7425.7936       301.3340     -9190.4812     -7425.7936       301.3340             87.2149       173.1778     29635.2051        87.2149       173.1778
FEP:          0        20.4497    -10647.5372      1436.3061

PRESSURE: 100000 374.64 196.779 84.1833 196.779 222.109 282.526 84.179 282.524 324.61
GPRESSURE: 100000 150.462 -163.029 -147.911 228.938 195.633 443.865 151.546 127.229 644.406
PRESSAVG: 100000 171.242 -15.1681 15.6409 -15.1681 -105.298 34.401 15.6409 34.401 244.039
GPRESSAVG: 100000 245.871 -29.0672 41.1782 18.1294 -25.4386 10.3381 98.604 36.154 293.312
ENERGY:  100000         2.4423        13.8211         5.8935         0.0000         -10763.5732      1489.5972         0.0000         0.0000      1736.1401          -7515.6790       296.4593     -9251.8192     -7470.7363       298.8966            307.1198       330.1668     29748.0348       197.1674       251.6723
FEP:     100000        22.1568    -10763.5732      1488.9963

WRITING EXTENDED SYSTEM TO RESTART FILE AT STEP 100000
WRITING COORDINATES TO DCD FILE mobley_6456034_prod.dcd AT STEP 100000
WRITING COORDINATES TO RESTART FILE AT STEP 100000
FINISHED WRITING RESTART COORDINATES
WRITING VELOCITIES TO RESTART FILE AT STEP 100000
FINISHED WRITING RESTART VELOCITIES
PRESSURE: 200000 -311.195 145.98 381.021 145.983 -212.459 -345.781 381.024 -345.783 -1403.17
GPRESSURE: 200000 -404.928 102.358 130.787 96.068 -215.313 -128.644 384.418 -414.195 -1242.75
PRESSAVG: 200000 133.352 33.9668 12.4614 33.9668 -185.047 -14.1606 12.4614 -14.1606 157.47
GPRESSAVG: 200000 201.559 25.3826 34.5035 48.5312 -106.568 -7.76605 85.4095 -12.7545 206.766
ENERGY:  200000         2.0842        11.3904         2.6496         0.0000         -10569.2621      1370.5839         0.0000         0.0000      1760.4666          -7422.0875       300.6132     -9182.5541     -7454.5201       299.4688           -642.2729      -620.9961     30207.5576       -82.6461       -39.2172
FEP:     200000        16.1241    -10569.2621      1368.5386

WRITING EXTENDED SYSTEM TO RESTART FILE AT STEP 200000
WRITING COORDINATES TO DCD FILE mobley_6456034_prod.dcd AT STEP 200000
WRITING COORDINATES TO RESTART FILE AT STEP 200000
FINISHED WRITING RESTART COORDINATES
WRITING VELOCITIES TO RESTART FILE AT STEP 200000
FINISHED WRITING RESTART VELOCITIES
PRESSURE: 300000 -212.78 -269.42 512.622 -269.417 -743.209 255.979 512.622 255.98 90.6601
GPRESSURE: 300000 -75.1157 -245.387 238.691 -261.798 -475.596 332.411 553.947 -114.304 -11.1738
PRESSAVG: 300000 120.88 23.7846 57.8648 23.7846 -239.497 2.12805 57.8648 2.12805 107.268
GPRESSAVG: 300000 193.628 14.374 57.3578 41.8711 -161.827 3.36123 126.062 -8.80169 161.745
ENERGY:  300000         1.6875        11.4414         3.6281         0.0000         -10524.2791      1382.3124         0.0000         0.0000      1810.9034          -7314.3062       309.2257     -9125.2096     -7419.4666       301.9080           -288.4430      -187.2951     30262.3442      -134.0953       -76.2367
FEP:     300000        16.7570    -10524.2791      1380.7368

WRITING EXTENDED SYSTEM TO RESTART FILE AT STEP 300000
WRITING COORDINATES TO DCD FILE mobley_6456034_prod.dcd AT STEP 300000
WRITING COORDINATES TO RESTART FILE AT STEP 300000
FINISHED WRITING RESTART COORDINATES
WRITING VELOCITIES TO RESTART FILE AT STEP 300000
FINISHED WRITING RESTART VELOCITIES
PRESSURE: 400000 -442.964 -147.839 -505.275 -147.839 758.774 57.176 -505.278 57.1792 188.837
GPRESSURE: 400000 -296.853 88.8181 -357.357 -236.911 458.592 54.2275 -692.948 112.729 478.205
PRESSAVG: 400000 96.9334 22.6135 50.3952 22.6135 -213.33 4.40013 50.3952 4.40013 65.1811
GPRESSAVG: 400000 174.834 20.1079 50.3832 36.4817 -170.445 0.419504 104.318 6.34375 141.244
ENERGY:  400000         2.8566        11.3124         3.6012         0.0000         -10595.4491      1437.3695         0.0000         0.0000      1751.1788          -7389.1305       299.0272     -9140.3093     -7413.3994       301.3319            168.2158       213.3147     29983.5011       -73.6331       -18.3264
FEP:     400000        17.7702    -10595.4491      1437.2394

WRITING EXTENDED SYSTEM TO RESTART FILE AT STEP 400000
WRITING COORDINATES TO DCD FILE mobley_6456034_prod.dcd AT STEP 400000
WRITING COORDINATES TO RESTART FILE AT STEP 400000
FINISHED WRITING RESTART COORDINATES
WRITING VELOCITIES TO RESTART FILE AT STEP 400000
FINISHED WRITING RESTART VELOCITIES
PRESSURE: 500000 -872.927 -316.437 26.0674 -316.434 -264.041 -693.572 26.067 -693.569 358.431
GPRESSURE: 500000 -888.143 -606.928 258.489 -128.956 -138.216 -605.995 160.505 -688.37 245.807
PRESSAVG: 500000 59.7845 -35.0748 54.6438 -35.0748 -192.329 -25.4447 54.6438 -25.4447 81.5206
GPRESSAVG: 500000 125.756 -47.5335 65.6065 -17.0184 -143.743 -15.4577 111.54 -35.714 149.377
ENERGY:  500000         0.8975        10.5366         4.4645         0.0000         -10566.2791      1421.6551         0.0000         0.0000      1714.1551          -7414.5703       292.7052     -9128.7254     -7413.5945       299.8941           -259.5125      -260.1839     30647.8890      -104.6130       -58.6360
FEP:     500000        15.8986    -10566.2791      1420.5824

WRITING EXTENDED SYSTEM TO RESTART FILE AT STEP 500000
WRITING COORDINATES TO DCD FILE mobley_6456034_prod.dcd AT STEP 500000
WRITING COORDINATES TO RESTART FILE AT STEP 500000
FINISHED WRITING RESTART COORDINATES
WRITING VELOCITIES TO RESTART FILE AT STEP 500000
FINISHED WRITING RESTART VELOCITIES
PRESSURE: 600000 -635.248 522.597 -23.6161 522.596 498.117 -248.085 -23.6156 -248.086 -1347.67
GPRESSURE: 600000 -529.46 179.801 133.043 701.495 431.869 180.405 -91.3084 -183.327 -1420.52
PRESSAVG: 600000 35.7743 4.19826 45.525 4.19826 -131.058 -46.1729 45.525 -46.1729 9.31071
GPRESSAVG: 600000 102.148 -27.9477 60.7275 18.3857 -86.8949 0.896167 91.7159 -51.1423 76.2381
ENERGY:  600000         2.9355        13.9741         3.3397         0.0000         -10619.4679      1390.1127         0.0000         0.0000      1754.1585          -7454.9474       299.5360     -9209.1059     -7419.5021       299.8429           -494.9341      -506.0367     29913.1512      -160.3732      -122.5504
FEP:     600000        20.2492    -10619.4679      1387.6245

WRITING EXTENDED SYSTEM TO RESTART FILE AT STEP 600000
WRITING COORDINATES TO DCD FILE mobley_6456034_prod.dcd AT STEP 600000
WRITING COORDINATES TO RESTART FILE AT STEP 600000
FINISHED WRITING RESTART COORDINATES
WRITING VELOCITIES TO RESTART FILE AT STEP 600000
FINISHED WRITING RESTART VELOCITIES
PRESSURE: 700000 -363.705 -370.044 68.5222 -370.044 -189.691 -69.3722 68.519 -69.3705 -555.899
GPRESSURE: 700000 -319.175 -128.503 169.507 -622.16 110.46 151.979 6.22585 -243.851 -591.823
PRESSAVG: 700000 8.44661 2.14253 36.9009 2.14253 -77.0567 -31.8474 36.9009 -31.8474 -6.91647
GPRESSAVG: 700000 80.6572 -25.1907 56.4696 18.2197 -29.1205 31.0225 79.3076 -34.6919 58.4104
ENERGY:  700000         2.1209         9.5440         3.7550         0.0000         -10616.4014      1390.2519         0.0000         0.0000      1764.0772          -7446.6524       301.2297     -9210.7297     -7422.8959       300.0163           -369.7651      -266.8460     29677.4037      -186.5471      -140.5873
FEP:     700000        15.4199    -10616.4014      1389.2523

WRITING EXTENDED SYSTEM TO RESTART FILE AT STEP 700000
WRITING COORDINATES TO DCD FILE mobley_6456034_prod.dcd AT STEP 700000
WRITING COORDINATES TO RESTART FILE AT STEP 700000
FINISHED WRITING RESTART COORDINATES
WRITING VELOCITIES TO RESTART FILE AT STEP 700000
FINISHED WRITING RESTART VELOCITIES
PRESSURE: 800000 361.132 15.9126 -557.728 15.9101 1066.91 791.823 -557.731 791.823 -52.0631
GPRESSURE: 800000 412.32 -316.646 -535.186 17.9731 937.678 560.665 -709.619 723.083 152.452
PRESSAVG: 800000 15.9849 -32.5247 31.235 -32.5247 -71.503 46.099 31.235 46.099 -17.6807
GPRESSAVG: 800000 84.3018 -66.0801 46.9824 -20.6516 -33.1862 88 55.361 34.6047 64.7966
ENERGY:  800000         4.2247        11.7292         2.1652         0.0000         -10631.6227      1457.1556         0.0000         0.0000      1749.0974          -7407.2506       298.6718     -9156.3481     -7421.1575       299.8669            458.6607       500.8168     29698.4157      -114.8574       -69.3202
FEP:     800000        18.1191    -10631.6227      1456.4389

WRITING EXTENDED SYSTEM TO RESTART FILE AT STEP 800000
WRITING COORDINATES TO DCD FILE mobley_6456034_prod.dcd AT STEP 800000
WRITING COORDINATES TO RESTART FILE AT STEP 800000
FINISHED WRITING RESTART COORDINATES
WRITING VELOCITIES TO RESTART FILE AT STEP 800000
FINISHED WRITING RESTART VELOCITIES
PRESSURE: 900000 879.464 66.4208 -242.032 66.4189 20.1232 69.8604 -242.033 69.858 801.924
GPRESSURE: 900000 893.772 -71.4169 -489.727 -91.4734 200.975 -384.494 -69.1851 556.742 890.108
PRESSAVG: 900000 78.9589 -12.7204 31.2077 -12.7204 -65.759 41.8706 31.2077 41.8706 0.640838
GPRESSAVG: 900000 141.056 -57.717 22.9763 -16.7022 -17.3039 66.4724 69.8338 48.0969 82.8561
ENERGY:  900000         5.1768        11.3235         2.8413         0.0000         -10768.3561      1514.4684         0.0000         0.0000      1744.9025          -7489.6435       297.9555     -9234.5460     -7428.0061       299.6758            567.1702       661.6183     29394.1148       -46.6546         3.7737
FEP:     900000        19.3417    -10768.3561      1514.5906

WRITING EXTENDED SYSTEM TO RESTART FILE AT STEP 900000
WRITING COORDINATES TO DCD FILE mobley_6456034_prod.dcd AT STEP 900000
WRITING COORDINATES TO RESTART FILE AT STEP 900000
FINISHED WRITING RESTART COORDINATES
WRITING VELOCITIES TO RESTART FILE AT STEP 900000
FINISHED WRITING RESTART VELOCITIES
PRESSURE: 1000000 -2094.39 0.413039 -165.911 0.413934 -715.559 43.0077 -165.913 43.0101 -788.663
GPRESSURE: 1000000 -2090.47 -302.527 499.07 370.661 -783.64 242.903 -379.088 176.303 -495.77
PRESSAVG: 1000000 -30.3495 -19.2916 6.54516 -19.2916 -98.4797 66.761 6.54516 66.761 -61.9432
GPRESSAVG: 1000000 21.2111 -86.7774 29.5811 1.91552 -55.8115 105.862 38.9531 84.8802 37.7607
TIMING: 1000000  CPU: 9167.91, 0.000314103/step  Wall: 9241.68, 0.000315226/step, 548.179 ns/days, 0.0437814 hours remaining, 0.000000 MB of memory in use.
PERFORMANCE: 1000000  averaging 551.651 ns/day, 0.000313242 sec/step with standard deviation 8.17879e-07
ETITLE:      TS           BOND          ANGLE          DIHED          IMPRP               ELECT            VDW       BOUNDARY           MISC        KINETIC               TOTAL           TEMP      POTENTIAL       TOTALAVG        TEMPAVG            PRESSURE      GPRESSURE         VOLUME       PRESSAVG      GPRESSAVG
FEPTITLE:    TS          BOND2         ELECT2           VDW2

ENERGY: 1000000         3.7087        13.5158         4.8206         0.0000         -10410.5747      1265.6442         0.0000         0.0000      1750.3885          -7372.4969       298.8923     -9122.8854     -7422.9598       299.6045          -1199.5388     -1123.2933     29997.9541      -151.4623       -98.6870
FEP:    1000000        22.0451    -10410.5747      1264.9979

WRITING EXTENDED SYSTEM TO RESTART FILE AT STEP 1000000
WRITING COORDINATES TO DCD FILE mobley_6456034_prod.dcd AT STEP 1000000
WRITING COORDINATES TO RESTART FILE AT STEP 1000000
FINISHED WRITING RESTART COORDINATES
WRITING VELOCITIES TO RESTART FILE AT STEP 1000000
FINISHED WRITING RESTART VELOCITIES
PRESSURE: 1100000 601.344 160.703 -145.527 160.702 -595.009 930.716 -145.527 930.715 1204.06
GPRESSURE: 1100000 504.767 161.155 -630.692 514.168 -460.99 1154.94 273.966 771.076 1281.5
PRESSAVG: 1100000 10.6265 -21.0913 -11.4244 -21.0913 -112.229 94.5398 -11.4244 94.5398 53.7975
GPRESSAVG: 1100000 59.9858 -98.4596 -36.0802 34.2847 -77.9522 148.001 65.0108 99.4749 150.174
ENERGY: 1100000         1.6408         9.6003         5.1990         0.0000         -10763.7843      1517.5921         0.0000         0.0000      1768.5947          -7461.1573       302.0011     -9229.7520     -7426.1430       299.8043            403.4660       441.7591     30080.5659      -105.2183       -53.6498
FEP:    1100000        16.4401    -10763.7843      1516.3234

WRITING EXTENDED SYSTEM TO RESTART FILE AT STEP 1100000
WRITING COORDINATES TO DCD FILE mobley_6456034_prod.dcd AT STEP 1100000
WRITING COORDINATES TO RESTART FILE AT STEP 1100000
FINISHED WRITING RESTART COORDINATES
WRITING VELOCITIES TO RESTART FILE AT STEP 1100000
FINISHED WRITING RESTART VELOCITIES
PRESSURE: 1200000 -1095.16 288.137 -92.6464 288.139 -953.649 269.457 -92.6455 269.454 -1012.04
GPRESSURE: 1200000 -965.524 31.5459 42.2642 615.227 -931.99 383.584 -8.15821 136.533 -985.961
PRESSAVG: 1200000 -81.2347 -18.2372 -44.9991 -18.2372 -148.613 109.179 -44.9991 109.179 -10.067
GPRESSAVG: 1200000 -28.1907 -99.8447 -57.809 49.3984 -125.595 168.99 40.4518 107.885 88.6629
ENERGY: 1200000         3.6275        14.9803         5.1236         0.0000         -10451.7594      1324.9424         0.0000         0.0000      1701.5059          -7401.5796       290.5452     -9103.0855     -7424.2535       299.0920          -1020.2824      -961.1586     30728.5915      -175.6078      -123.4582
FEP:    1200000        23.7315    -10451.7594      1324.8438

WRITING EXTENDED SYSTEM TO RESTART FILE AT STEP 1200000
WRITING COORDINATES TO DCD FILE mobley_6456034_prod.dcd AT STEP 1200000
WRITING COORDINATES TO RESTART FILE AT STEP 1200000
FINISHED WRITING RESTART COORDINATES
WRITING VELOCITIES TO RESTART FILE AT STEP 1200000
FINISHED WRITING RESTART VELOCITIES
PRESSURE: 1300000 365.291 172.16 -459.814 172.159 1529.9 -123.325 -459.812 -123.329 566.627
GPRESSURE: 1300000 912.321 216.602 -352.446 19.4556 1485.32 91.0884 -497.531 -481.66 503.917
PRESSAVG: 1300000 -85.1612 -24.2546 -65.9339 -24.2546 -67.2718 78.053 -65.9339 78.053 -33.5245
GPRESSAVG: 1300000 -9.1171 -106.354 -67.8119 38.0393 -48.2779 159.725 18.3605 67.582 65.6058
ENERGY: 1300000         3.2368        12.8157         4.3594         0.0000         -10764.9366      1537.5344         0.0000         0.0000      1800.6187          -7406.3716       307.4695     -9206.9903     -7422.9762       299.6904            820.6077       967.1863     29929.2019      -104.4496       -45.5550
FEP:    1300000        20.4119    -10764.9366      1536.9230

WRITING EXTENDED SYSTEM TO RESTART FILE AT STEP 1300000
WRITING COORDINATES TO DCD FILE mobley_6456034_prod.dcd AT STEP 1300000
WRITING COORDINATES TO RESTART FILE AT STEP 1300000
FINISHED WRITING RESTART COORDINATES
WRITING VELOCITIES TO RESTART FILE AT STEP 1300000
FINISHED WRITING RESTART VELOCITIES
PRESSURE: 1400000 922.017 -215.548 -202.435 -215.55 359.198 476.447 -202.432 476.445 712.759
GPRESSURE: 1400000 1005.46 -62.1604 -309.165 -443.052 275.868 201.143 -276.025 654.165 797.067
PRESSAVG: 1400000 -35.0329 -35.6122 -70.4232 -35.6122 -20.1371 132.195 -70.4232 132.195 -3.8778
GPRESSAVG: 1400000 38.4336 -95.9745 -79.9774 12.3462 -0.921896 192.445 -3.0925 122.398 96.0713
ENERGY: 1400000         1.4322         8.9440         2.6463         0.0000         -10626.5799      1478.8348         0.0000         0.0000      1794.4028          -7340.3198       306.4081     -9134.7226     -7417.4658       300.1383            664.6580       692.7979     29763.7987       -53.1757         3.6685
FEP:    1400000        13.0225    -10626.5799      1478.4222

WRITING EXTENDED SYSTEM TO RESTART FILE AT STEP 1400000
WRITING COORDINATES TO DCD FILE mobley_6456034_prod.dcd AT STEP 1400000
WRITING COORDINATES TO RESTART FILE AT STEP 1400000
FINISHED WRITING RESTART COORDINATES
WRITING VELOCITIES TO RESTART FILE AT STEP 1400000
FINISHED WRITING RESTART VELOCITIES
PRESSURE: 1500000 -1363.51 169.756 148.504 169.756 -492.062 -554.913 148.499 -554.915 -761.59
GPRESSURE: 1500000 -1333.32 406.772 183.348 54.8866 -479.54 -611.637 177.814 -548.03 -572.49
PRESSAVG: 1500000 -176.746 -21.8851 -43.4025 -21.8851 -68.4447 130.308 -43.4025 130.308 -66.0406
GPRESSAVG: 1500000 -111.291 -79.5611 -52.3478 22.7999 -54.6354 178.467 13.6703 117.375 45.2138
ENERGY: 1500000         2.6194        10.9299         3.4265         0.0000         -10478.4717      1332.5053         0.0000         0.0000      1791.4571          -7337.5336       305.9051     -9128.9906     -7412.4700       300.4987           -872.3866      -795.1166     30595.6085      -104.3764       -46.2556
FEP:    1500000        16.9758    -10478.4717      1331.3160

WRITING EXTENDED SYSTEM TO RESTART FILE AT STEP 1500000
WRITING COORDINATES TO DCD FILE mobley_6456034_prod.dcd AT STEP 1500000
WRITING COORDINATES TO RESTART FILE AT STEP 1500000
FINISHED WRITING RESTART COORDINATES
WRITING VELOCITIES TO RESTART FILE AT STEP 1500000
FINISHED WRITING RESTART VELOCITIES
TCL: Exiting due to exit command.
WRITING EXTENDED SYSTEM TO OUTPUT FILE AT STEP 1500000
CLOSING EXTENDED SYSTEM TRAJECTORY FILE
WRITING COORDINATES TO OUTPUT FILE AT STEP 1500000
CLOSING COORDINATE DCD FILE mobley_6456034_prod.dcd
WRITING VELOCITIES TO OUTPUT FILE AT STEP 1500000
====================================================

WallClock: 9400.331055  CPUTime: 9372.389648  Memory: 0.000000 MB
[Partition 0][Node 0] End of program
