{
   "temperature":     298.150000000000,
   "unit": "hartree",
   "energy":     -60.914319029436,
   "free energy":     -60.826364890892,
   "G(T)":       0.087954138545,
   "ZPVE":       0.135163622367,
   "number of imags":0,
   "point group": "cs",
   "gradient norm":       0.000067360826
}
