{
   "temperature":     298.150000000000,
   "unit": "hartree",
   "energy":     -25.384176489607,
   "free energy":     -25.236871357207,
   "G(T)":       0.147305132399,
   "ZPVE":       0.180871358727,
   "number of imags":0,
   "point group": "cs",
   "gradient norm":       0.000046980901
}
