{
   "temperature":     298.150000000000,
   "unit": "hartree",
   "energy":     -71.239779111871,
   "free energy":     -71.215554429994,
   "G(T)":       0.024224681877,
   "ZPVE":       0.079153180184,
   "number of imags":0,
   "point group": "d2",
   "gradient norm":       0.000029264636
}
