{
   "temperature":     298.150000000000,
   "unit": "hartree",
   "energy":     -43.393036308241,
   "free energy":     -43.245452969968,
   "G(T)":       0.147583338273,
   "ZPVE":       0.186255993532,
   "number of imags":0,
   "point group": "c1",
   "gradient norm":       0.000058170321
}
