{
   "temperature":     298.150000000000,
   "unit": "hartree",
   "energy":     -55.066879194108,
   "free energy":     -54.996807385826,
   "G(T)":       0.070071808283,
   "ZPVE":       0.118031686974,
   "number of imags":0,
   "point group": "c1",
   "gradient norm":       0.000045014509
}
