{
   "temperature":     298.150000000000,
   "unit": "hartree",
   "energy":     -43.388905442686,
   "free energy":     -43.241457824451,
   "G(T)":       0.147447618235,
   "ZPVE":       0.186099217297,
   "number of imags":0,
   "point group": "c1",
   "gradient norm":       0.000137709358
}
