{
   "temperature":     298.150000000000,
   "unit": "hartree",
   "energy":     -31.877012501540,
   "free energy":     -31.736550466215,
   "G(T)":       0.140462035325,
   "ZPVE":       0.177766047521,
   "number of imags":0,
   "point group": "c1",
   "gradient norm":       0.000042718127
}
