{
   "temperature":     298.150000000000,
   "unit": "hartree",
   "energy":     -15.771459007624,
   "free energy":     -15.666298245599,
   "G(T)":       0.105160762025,
   "ZPVE":       0.134609836591,
   "number of imags":0,
   "point group": "c1",
   "gradient norm":       0.000046005579
}
