{
    "partname": "prescreening",
    "runtime": 11.546070809476078,
    "results": {
        "CONF2": {
            "xtb_gsolv": {
                "gsolv": -0.0004152788759981263,
                "energy_xtb_gas": -31.813857143391,
                "energy_xtb_solv": -31.814272422267
            },
            "sp": {
                "energy": -463.48521847643
            },
            "gtot": -463.485633755306,
            "bmw": 0.06033872765912913
        },
        "CONF1": {
            "xtb_gsolv": {
                "gsolv": -0.00043176349900164723,
                "energy_xtb_gas": -31.815973551669,
                "energy_xtb_solv": -31.816405315168
            },
            "sp": {
                "energy": -463.487794291192
            },
            "gtot": -463.48822605469104,
            "bmw": 0.9396612723408709
        }
    },
    "settings": {
        "threshold": 4.0,
        "func": "pbe-d4",
        "basis": "def2-sv(p)",
        "prog": "orca",
        "gfnv": "gfn2",
        "run": true,
        "template": false
    },
    "nconf_in": 2,
    "nconf_out": 2
}