{
    "partname": "screening",
    "runtime": 67.14040513429791,
    "results": {
        "CONF1": {
            "gsolv": {
                "gsolv": -0.0035015318279647545,
                "energy_gas": -464.390010654958,
                "energy_solv": -464.393512186786
            },
            "gtot": -464.393512186786,
            "bmw": 0.9544452292016699
        },
        "CONF2": {
            "gsolv": {
                "gsolv": -0.0032725696340207833,
                "energy_gas": -464.387367207149,
                "energy_solv": -464.390639776783
            },
            "gtot": -464.390639776783,
            "bmw": 0.045554770798330146
        }
    },
    "settings": {
        "threshold": 3.5,
        "func": "r2scan-3c",
        "basis": "def2-tzvp",
        "prog": "orca",
        "sm": "smd",
        "gfnv": "gfn2",
        "run": true,
        "implicit": false,
        "template": false
    },
    "nconf_in": 2,
    "nconf_out": 2
}