{
    "partname": "refinement",
    "runtime": 717.0822488684207,
    "results": {
        "CONF1": {
            "gsolv": {
                "gsolv": -0.003190312672984419,
                "energy_gas": -464.541165865202,
                "energy_solv": -464.544356177875
            },
            "gtot": -464.544356177875,
            "bmw": 0.9549949288729821
        },
        "CONF2": {
            "gsolv": {
                "gsolv": -0.0030110304999766413,
                "energy_gas": -464.538460731177,
                "energy_solv": -464.541471761677
            },
            "gtot": -464.541471761677,
            "bmw": 0.045005071127017855
        }
    },
    "settings": {
        "threshold": 0.95,
        "func": "wb97x-v",
        "basis": "def2-tzvp",
        "prog": "orca",
        "sm": "smd",
        "gfnv": "gfn2",
        "run": true,
        "implicit": false,
        "template": false
    },
    "nconf_in": 2,
    "nconf_out": 2
}