{
   "temperature":     298.150000000000,
   "unit": "hartree",
   "energy":     -19.867578425604,
   "free energy":     -19.761097429634,
   "G(T)":       0.106480995970,
   "ZPVE":       0.138516474588,
   "number of imags":0,
   "point group": "c1",
   "gradient norm":       0.000023803927
}
