{
    "partname": "prescreening",
    "runtime": 7.257508491165936,
    "results": {
        "CONF3": {
            "xtb_gsolv": {
                "gsolv": -0.00594759975900061,
                "energy_xtb_gas": -20.957638673654,
                "energy_xtb_solv": -20.963586273413
            },
            "sp": {
                "energy": -322.973235328798
            },
            "gtot": -322.979182928557,
            "bmw": 0.3274788195451376
        },
        "CONF2": {
            "xtb_gsolv": {
                "gsolv": -0.005926348814000448,
                "energy_xtb_gas": -20.957658680978,
                "energy_xtb_solv": -20.963585029792
            },
            "sp": {
                "energy": -322.973258364546
            },
            "gtot": -322.97918471336,
            "bmw": 0.32809844249886566
        },
        "CONF1": {
            "xtb_gsolv": {
                "gsolv": -0.005970103098999147,
                "energy_xtb_gas": -20.957614249247,
                "energy_xtb_solv": -20.963584352346
            },
            "sp": {
                "energy": -322.973260456143
            },
            "gtot": -322.979230559242,
            "bmw": 0.34442273795599687
        }
    },
    "settings": {
        "threshold": 4.0,
        "func": "pbe-d4",
        "basis": "def2-sv(p)",
        "prog": "orca",
        "gfnv": "gfn2",
        "run": true,
        "template": false
    },
    "nconf_in": 3,
    "nconf_out": 3
}