{
    "partname": "screening",
    "runtime": 44.367512503638864,
    "results": {
        "CONF3": {
            "gsolv": {
                "gsolv": -0.004781835517974287,
                "energy_gas": -323.585723870337,
                "energy_solv": -323.590505705855
            },
            "gtot": -323.590505705855,
            "bmw": 0.33176594793091524
        },
        "CONF1": {
            "gsolv": {
                "gsolv": -0.004824405933959497,
                "energy_gas": -323.585739396866,
                "energy_solv": -323.5905638028
            },
            "gtot": -323.5905638028,
            "bmw": 0.3528211030714086
        },
        "CONF2": {
            "gsolv": {
                "gsolv": -0.0047437963069683065,
                "energy_gas": -323.585714183876,
                "energy_solv": -323.590457980183
            },
            "gtot": -323.590457980183,
            "bmw": 0.3154129489976761
        }
    },
    "settings": {
        "threshold": 3.5,
        "func": "r2scan-3c",
        "basis": "def2-tzvp",
        "prog": "orca",
        "sm": "smd",
        "gfnv": "gfn2",
        "run": true,
        "implicit": false,
        "template": false
    },
    "nconf_in": 3,
    "nconf_out": 3
}