{
    "partname": "refinement",
    "runtime": 181.16049891803414,
    "results": {
        "CONF3": {
            "gsolv": {
                "gsolv": -0.005957275821003805,
                "energy_gas": -323.669539123359,
                "energy_solv": -323.67549639918
            },
            "gtot": -323.67549639918,
            "bmw": 0.33345428461152465
        },
        "CONF2": {
            "gsolv": {
                "gsolv": -0.0059601235179798095,
                "energy_gas": -323.669527227751,
                "energy_solv": -323.675487351269
            },
            "gtot": -323.675487351269,
            "bmw": 0.33027412535987843
        },
        "CONF1": {
            "gsolv": {
                "gsolv": -0.005983553135024522,
                "energy_gas": -323.669520789802,
                "energy_solv": -323.675504342937
            },
            "gtot": -323.675504342937,
            "bmw": 0.33627159002859697
        }
    },
    "settings": {
        "threshold": 0.95,
        "func": "wb97x-v",
        "basis": "def2-tzvp",
        "prog": "orca",
        "sm": "smd",
        "gfnv": "gfn2",
        "run": true,
        "implicit": false,
        "template": false
    },
    "nconf_in": 3,
    "nconf_out": 3
}