{
   "temperature":     298.150000000000,
   "unit": "hartree",
   "energy":     -16.987615462900,
   "free energy":     -16.925490160927,
   "G(T)":       0.062125301972,
   "ZPVE":       0.092146926614,
   "number of imags":0,
   "point group": "cs",
   "gradient norm":       0.000029722364
}
