{
   "temperature":     298.150000000000,
   "unit": "hartree",
   "energy":     -35.332498481874,
   "free energy":     -35.176464409664,
   "G(T)":       0.156034072210,
   "ZPVE":       0.194166772300,
   "number of imags":0,
   "point group": "c1",
   "gradient norm":       0.000054807836
}
