{
   "temperature":     298.150000000000,
   "unit": "hartree",
   "energy":     -26.319963694981,
   "free energy":     -26.111541533492,
   "G(T)":       0.208422161488,
   "ZPVE":       0.243014633773,
   "number of imags":0,
   "point group": "c1",
   "gradient norm":       0.000035244953
}
