{
    "partname": "prescreening",
    "runtime": 4.904298260807991,
    "results": {
        "CONF1": {
            "xtb_gsolv": {
                "gsolv": -0.0066473735130010425,
                "energy_xtb_gas": -17.468400994829,
                "energy_xtb_solv": -17.475048368342
            },
            "sp": {
                "energy": -264.960632396027
            },
            "gtot": -264.96727976953997,
            "bmw": 1.0
        }
    },
    "settings": {
        "threshold": 4.0,
        "func": "pbe-d4",
        "basis": "def2-sv(p)",
        "prog": "orca",
        "gfnv": "gfn2",
        "run": true,
        "template": false
    },
    "nconf_in": 1,
    "nconf_out": 1
}