{
   "temperature":     298.150000000000,
   "unit": "hartree",
   "energy":     -35.714109813929,
   "free energy":     -35.469068512351,
   "G(T)":       0.245041301578,
   "ZPVE":       0.282694906900,
   "number of imags":0,
   "point group": "c1",
   "gradient norm":       0.000021683633
}
