{
   "temperature":     298.150000000000,
   "unit": "hartree",
   "energy":     -46.979780239127,
   "free energy":     -46.886129312434,
   "G(T)":       0.093650926693,
   "ZPVE":       0.137262974448,
   "number of imags":0,
   "point group": "d2d",
   "gradient norm":       0.000034791716
}
