{
    "partname": "prescreening",
    "runtime": 5.246219323948026,
    "results": {
        "CONF1": {
            "xtb_gsolv": {
                "gsolv": -0.00440026977000052,
                "energy_xtb_gas": -14.563867453227,
                "energy_xtb_solv": -14.568267722997
            },
            "sp": {
                "energy": -193.879882423056
            },
            "gtot": -193.884282692826,
            "bmw": 0.4063233938334108
        },
        "CONF2": {
            "xtb_gsolv": {
                "gsolv": -0.004792070964001027,
                "energy_xtb_gas": -14.561616709107,
                "energy_xtb_solv": -14.566408780071
            },
            "sp": {
                "energy": -193.879848642531
            },
            "gtot": -193.884640713495,
            "bmw": 0.5936766061665892
        }
    },
    "settings": {
        "threshold": 4.0,
        "func": "pbe-d4",
        "basis": "def2-sv(p)",
        "prog": "orca",
        "gfnv": "gfn2",
        "run": true,
        "template": false
    },
    "nconf_in": 2,
    "nconf_out": 2
}