{
    "partname": "screening",
    "runtime": 27.664579533971846,
    "results": {
        "CONF2": {
            "gsolv": {
                "gsolv": -0.0068723368140126695,
                "energy_gas": -194.305276325564,
                "energy_solv": -194.312148662378
            },
            "gtot": -194.312148662378,
            "bmw": 0.49352541361413066
        },
        "CONF1": {
            "gsolv": {
                "gsolv": -0.006994798486005038,
                "energy_gas": -194.305178318057,
                "energy_solv": -194.312173116543
            },
            "gtot": -194.312173116543,
            "bmw": 0.5064745863858693
        }
    },
    "settings": {
        "threshold": 3.5,
        "func": "r2scan-3c",
        "basis": "def2-tzvp",
        "prog": "orca",
        "sm": "smd",
        "gfnv": "gfn2",
        "run": true,
        "implicit": false,
        "template": false
    },
    "nconf_in": 2,
    "nconf_out": 2
}