{
    "partname": "refinement",
    "runtime": 89.72432671114802,
    "results": {
        "CONF1": {
            "gsolv": {
                "gsolv": -0.007771435693996409,
                "energy_gas": -194.366113816282,
                "energy_solv": -194.373885251976
            },
            "gtot": -194.373885251976,
            "bmw": 0.455025900299779
        },
        "CONF2": {
            "gsolv": {
                "gsolv": -0.0076024844790083534,
                "energy_gas": -194.366453083079,
                "energy_solv": -194.374055567558
            },
            "gtot": -194.374055567558,
            "bmw": 0.544974099700221
        }
    },
    "settings": {
        "threshold": 0.95,
        "func": "wb97x-v",
        "basis": "def2-tzvp",
        "prog": "orca",
        "sm": "smd",
        "gfnv": "gfn2",
        "run": true,
        "implicit": false,
        "template": false
    },
    "nconf_in": 2,
    "nconf_out": 2
}