{
   "temperature":     298.150000000000,
   "unit": "hartree",
   "energy":     -23.111746832151,
   "free energy":     -23.016344349972,
   "G(T)":       0.095402482179,
   "ZPVE":       0.128085189117,
   "number of imags":0,
   "point group": "c1",
   "gradient norm":       0.000029910399
}
