{
   "temperature":     298.150000000000,
   "unit": "hartree",
   "energy":     -25.659854168225,
   "free energy":     -25.524405648055,
   "G(T)":       0.135448520171,
   "ZPVE":       0.168430745367,
   "number of imags":0,
   "point group": "cs",
   "gradient norm":       0.000031650934
}
