{
   "temperature":     298.150000000000,
   "unit": "hartree",
   "energy":     -13.833299789095,
   "free energy":     -13.789470384294,
   "G(T)":       0.043829404801,
   "ZPVE":       0.071213068385,
   "number of imags":0,
   "point group": "cs",
   "gradient norm":       0.000121312233
}
