{
   "temperature":     298.150000000000,
   "unit": "hartree",
   "energy":     -10.756619551278,
   "free energy":     -10.691878371625,
   "G(T)":       0.064741179653,
   "ZPVE":       0.090197769172,
   "number of imags":0,
   "point group": "cs",
   "gradient norm":       0.000025067000
}
