{
   "temperature":     298.150000000000,
   "unit": "hartree",
   "energy":     -26.159683199517,
   "free energy":     -26.082607803586,
   "G(T)":       0.077075395931,
   "ZPVE":       0.109292802858,
   "number of imags":0,
   "point group": "cs",
   "gradient norm":       0.000013567849
}
