{
   "temperature":     298.150000000000,
   "unit": "hartree",
   "energy":     -25.649032580927,
   "free energy":     -25.515237040047,
   "G(T)":       0.133795540880,
   "ZPVE":       0.168289171562,
   "number of imags":0,
   "point group": "cs",
   "gradient norm":       0.000083677677
}
