{
   "temperature":     298.150000000000,
   "unit": "hartree",
   "energy":     -65.141642308076,
   "free energy":     -65.049503915312,
   "G(T)":       0.092138392764,
   "ZPVE":       0.139396924988,
   "number of imags":0,
   "point group": "cs",
   "gradient norm":       0.000065180932
}
