{
   "temperature":     298.150000000000,
   "unit": "hartree",
   "energy":     -33.632141270180,
   "free energy":     -33.435602790951,
   "G(T)":       0.196538479229,
   "ZPVE":       0.235403253982,
   "number of imags":0,
   "point group": "c1",
   "gradient norm":       0.000067897580
}
