{
   "temperature":     298.150000000000,
   "unit": "hartree",
   "energy":     -51.311370778845,
   "free energy":     -51.202726660978,
   "G(T)":       0.108644117867,
   "ZPVE":       0.155166541364,
   "number of imags":0,
   "point group": "c1",
   "gradient norm":       0.000103865438
}
