{
   "temperature":     298.150000000000,
   "unit": "hartree",
   "energy":     -29.795387128841,
   "free energy":     -29.714568109219,
   "G(T)":       0.080819019622,
   "ZPVE":       0.114757149736,
   "number of imags":0,
   "point group": "c1",
   "gradient norm":       0.000109839411
}
