{
   "temperature":     298.150000000000,
   "unit": "hartree",
   "energy":     -22.346893277418,
   "free energy":     -22.284148608702,
   "G(T)":       0.062744668716,
   "ZPVE":       0.093718287155,
   "number of imags":0,
   "point group": "cs",
   "gradient norm":       0.000065642822
}
