{
    "partname": "prescreening",
    "runtime": 11.823486800305545,
    "results": {
        "CONF1": {
            "xtb_gsolv": {
                "gsolv": 2.3940441998604456e-05,
                "energy_xtb_gas": -31.807642673735,
                "energy_xtb_solv": -31.807618733293
            },
            "sp": {
                "energy": -463.48137435294
            },
            "gtot": -463.481350412498,
            "bmw": 0.600230742537749
        },
        "CONF3": {
            "xtb_gsolv": {
                "gsolv": -5.754967400051214e-05,
                "energy_xtb_gas": -31.804040254798,
                "energy_xtb_solv": -31.804097804472
            },
            "sp": {
                "energy": -463.477852049022
            },
            "gtot": -463.477909598696,
            "bmw": 0.015691101792070363
        },
        "CONF2": {
            "xtb_gsolv": {
                "gsolv": -0.00011897759100065741,
                "energy_xtb_gas": -31.805796884807,
                "energy_xtb_solv": -31.805915862398
            },
            "sp": {
                "energy": -463.480809886973
            },
            "gtot": -463.480928864564,
            "bmw": 0.3840781556701806
        }
    },
    "settings": {
        "threshold": 4.0,
        "func": "pbe-d4",
        "basis": "def2-sv(p)",
        "prog": "orca",
        "gfnv": "gfn2",
        "run": true,
        "template": false
    },
    "nconf_in": 3,
    "nconf_out": 3
}