{
    "partname": "screening",
    "runtime": 70.80567835085094,
    "results": {
        "CONF3": {
            "gsolv": {
                "gsolv": -0.0033196075669934544,
                "energy_gas": -464.380605656297,
                "energy_solv": -464.383925263864
            },
            "gtot": -464.383925263864,
            "bmw": 0.01561365531375075
        },
        "CONF2": {
            "gsolv": {
                "gsolv": -0.003221927402989877,
                "energy_gas": -464.383630495511,
                "energy_solv": -464.386852422914
            },
            "gtot": -464.386852422914,
            "bmw": 0.3466606537574699
        },
        "CONF1": {
            "gsolv": {
                "gsolv": -0.0031027716939888705,
                "energy_gas": -464.384325189668,
                "energy_solv": -464.387427961362
            },
            "gtot": -464.387427961362,
            "bmw": 0.6377256909287794
        }
    },
    "settings": {
        "threshold": 3.5,
        "func": "r2scan-3c",
        "basis": "def2-tzvp",
        "prog": "orca",
        "sm": "smd",
        "gfnv": "gfn2",
        "run": true,
        "implicit": false,
        "template": false
    },
    "nconf_in": 3,
    "nconf_out": 3
}