{
    "partname": "refinement",
    "runtime": 717.2161713726819,
    "results": {
        "CONF3": {
            "gsolv": {
                "gsolv": -0.0031337797199739725,
                "energy_gas": -464.535091561984,
                "energy_solv": -464.538225341704
            },
            "gtot": -464.538225341704,
            "bmw": 0.26103348772516527
        },
        "CONF2": {
            "gsolv": {
                "gsolv": -0.003128527891021804,
                "energy_gas": -464.535078539253,
                "energy_solv": -464.538207067144
            },
            "gtot": -464.538207067144,
            "bmw": 0.25602979611907994
        },
        "CONF1": {
            "gsolv": {
                "gsolv": -0.0030221214840366883,
                "energy_gas": -464.535784116946,
                "energy_solv": -464.53880623843
            },
            "gtot": -464.53880623843,
            "bmw": 0.48293671615575484
        }
    },
    "settings": {
        "threshold": 0.95,
        "func": "wb97x-v",
        "basis": "def2-tzvp",
        "prog": "orca",
        "sm": "smd",
        "gfnv": "gfn2",
        "run": true,
        "implicit": false,
        "template": false
    },
    "nconf_in": 3,
    "nconf_out": 3
}