{
    "partname": "prescreening",
    "runtime": 24.02741840109229,
    "results": {
        "CONF1": {
            "xtb_gsolv": {
                "gsolv": -0.00782869075399617,
                "energy_xtb_gas": -59.103343555346,
                "energy_xtb_solv": -59.1111722461
            },
            "sp": {
                "energy": -3677.237439730694
            },
            "gtot": -3677.245268421448,
            "bmw": 0.8670385798652367
        },
        "CONF2": {
            "xtb_gsolv": {
                "gsolv": -0.00667193106200159,
                "energy_xtb_gas": -59.10351337458,
                "energy_xtb_solv": -59.110185305642
            },
            "sp": {
                "energy": -3677.23682612268
            },
            "gtot": -3677.2434980537423,
            "bmw": 0.13296142013476334
        }
    },
    "settings": {
        "threshold": 4.0,
        "func": "pbe-d4",
        "basis": "def2-sv(p)",
        "prog": "orca",
        "gfnv": "gfn2",
        "run": true,
        "template": false
    },
    "nconf_in": 2,
    "nconf_out": 2
}