{
    "partname": "screening",
    "runtime": 184.12218021601439,
    "results": {
        "CONF2": {
            "gsolv": {
                "gsolv": -0.0006485341086772678,
                "energy_gas": -3680.21698238129,
                "energy_solv": -3680.217630915399
            },
            "gtot": -3680.217630915399,
            "bmw": 0.38894635774008857
        },
        "CONF1": {
            "gsolv": {
                "gsolv": -0.0011209981353204057,
                "energy_gas": -3680.216936445978,
                "energy_solv": -3680.218057444113
            },
            "gtot": -3680.218057444113,
            "bmw": 0.6110536422599114
        }
    },
    "settings": {
        "threshold": 3.5,
        "func": "r2scan-3c",
        "basis": "def2-tzvp",
        "prog": "orca",
        "sm": "smd",
        "gfnv": "gfn2",
        "run": true,
        "implicit": false,
        "template": false
    },
    "nconf_in": 2,
    "nconf_out": 2
}