{
    "partname": "refinement",
    "runtime": 1443.5473552709445,
    "results": {
        "CONF2": {
            "gsolv": {
                "gsolv": -0.0013475034552357101,
                "energy_gas": -3680.13028064178,
                "energy_solv": -3680.131628145235
            },
            "gtot": -3680.131628145235,
            "bmw": 0.5071363025089473
        },
        "CONF1": {
            "gsolv": {
                "gsolv": -0.0013963747219349898,
                "energy_gas": -3680.130204816758,
                "energy_solv": -3680.13160119148
            },
            "gtot": -3680.13160119148,
            "bmw": 0.49286369749105285
        }
    },
    "settings": {
        "threshold": 0.95,
        "func": "wb97x-v",
        "basis": "def2-tzvp",
        "prog": "orca",
        "sm": "smd",
        "gfnv": "gfn2",
        "run": true,
        "implicit": false,
        "template": false
    },
    "nconf_in": 2,
    "nconf_out": 2
}