{
    "partname": "prescreening",
    "runtime": 4.838653989136219,
    "results": {
        "CONF2": {
            "xtb_gsolv": {
                "gsolv": 0.0013411809819992015,
                "energy_xtb_gas": -12.604956321445,
                "energy_xtb_solv": -12.603615140463
            },
            "sp": {
                "energy": -156.813625546456
            },
            "gtot": -156.812284365474,
            "bmw": 0.5440623069343693
        },
        "CONF1": {
            "xtb_gsolv": {
                "gsolv": 0.0013725975800014112,
                "energy_xtb_gas": -12.606049777659,
                "energy_xtb_solv": -12.604677180079
            },
            "sp": {
                "energy": -156.81349011859
            },
            "gtot": -156.81211752101,
            "bmw": 0.4559376930656307
        }
    },
    "settings": {
        "threshold": 4.0,
        "func": "pbe-d4",
        "basis": "def2-sv(p)",
        "prog": "orca",
        "gfnv": "gfn2",
        "run": true,
        "template": false
    },
    "nconf_in": 2,
    "nconf_out": 2
}