{
    "partname": "screening",
    "runtime": 18.774951104074717,
    "results": {
        "CONF2": {
            "gsolv": {
                "gsolv": 0.0014080520000163688,
                "energy_gas": -157.159000109769,
                "energy_solv": -157.157592057769
            },
            "gtot": -157.157592057769,
            "bmw": 0.5487681191200675
        },
        "CONF1": {
            "gsolv": {
                "gsolv": 0.0015524880059842872,
                "energy_gas": -157.15895977408,
                "energy_solv": -157.157407286074
            },
            "gtot": -157.157407286074,
            "bmw": 0.45123188087993255
        }
    },
    "settings": {
        "threshold": 3.5,
        "func": "r2scan-3c",
        "basis": "def2-tzvp",
        "prog": "orca",
        "sm": "smd",
        "gfnv": "gfn2",
        "run": true,
        "implicit": false,
        "template": false
    },
    "nconf_in": 2,
    "nconf_out": 2
}