{
    "partname": "refinement",
    "runtime": 93.51201680675149,
    "results": {
        "CONF1": {
            "gsolv": {
                "gsolv": 0.001611638138001581,
                "energy_gas": -157.219775092718,
                "energy_solv": -157.21816345458
            },
            "gtot": -157.21816345458,
            "bmw": 0.4902155927361332
        },
        "CONF2": {
            "gsolv": {
                "gsolv": 0.0014521259109869789,
                "energy_gas": -157.219652538324,
                "energy_solv": -157.218200412413
            },
            "gtot": -157.218200412413,
            "bmw": 0.5097844072638668
        }
    },
    "settings": {
        "threshold": 0.95,
        "func": "wb97x-v",
        "basis": "def2-tzvp",
        "prog": "orca",
        "sm": "smd",
        "gfnv": "gfn2",
        "run": true,
        "implicit": false,
        "template": false
    },
    "nconf_in": 2,
    "nconf_out": 2
}