{
   "temperature":     298.150000000000,
   "unit": "hartree",
   "energy":      -7.591121791042,
   "free energy":      -7.551525551179,
   "G(T)":       0.039596239863,
   "ZPVE":       0.062451292003,
   "number of imags":0,
   "point group": "cs",
   "gradient norm":       0.000004438439
}
