{
   "temperature":     298.150000000000,
   "unit": "hartree",
   "energy":     -27.250527692939,
   "free energy":     -27.201775690628,
   "G(T)":       0.048752002312,
   "ZPVE":       0.080830611873,
   "number of imags":0,
   "point group": "c1",
   "gradient norm":       0.000031754270
}
