{
   "temperature":     298.150000000000,
   "unit": "hartree",
   "energy":     -35.717581218112,
   "free energy":     -35.472350955701,
   "G(T)":       0.245230262411,
   "ZPVE":       0.282753911299,
   "number of imags":0,
   "point group": "c1",
   "gradient norm":       0.000020740724
}
