{
   "temperature":     298.150000000000,
   "unit": "hartree",
   "energy":     -32.442139917911,
   "free energy":     -32.271063605872,
   "G(T)":       0.171076312040,
   "ZPVE":       0.208275148619,
   "number of imags":0,
   "point group": "c1",
   "gradient norm":       0.000042767345
}
