{
   "temperature":     298.150000000000,
   "unit": "hartree",
   "energy":     -18.983198617252,
   "free energy":     -18.846872827323,
   "G(T)":       0.136325789929,
   "ZPVE":       0.166995957797,
   "number of imags":0,
   "point group": "c1",
   "gradient norm":       0.000048647883
}
