{
    "partname": "prescreening",
    "runtime": 6.864263463765383,
    "results": {
        "CONF1": {
            "xtb_gsolv": {
                "gsolv": -0.004168178428997749,
                "energy_xtb_gas": -18.816131277328,
                "energy_xtb_solv": -18.820299455757
            },
            "sp": {
                "energy": -269.935671810272
            },
            "gtot": -269.939839988701,
            "bmw": 0.9558599841128085
        },
        "CONF3": {
            "xtb_gsolv": {
                "gsolv": -0.005048722430000652,
                "energy_xtb_gas": -18.814075537496,
                "energy_xtb_solv": -18.819124259926
            },
            "sp": {
                "energy": -269.931118074317
            },
            "gtot": -269.936166796747,
            "bmw": 0.019536327820051165
        },
        "CONF2": {
            "xtb_gsolv": {
                "gsolv": -0.005046988553999654,
                "energy_xtb_gas": -18.814230322789,
                "energy_xtb_solv": -18.819277311343
            },
            "sp": {
                "energy": -269.931337556478
            },
            "gtot": -269.936384545032,
            "bmw": 0.024603688067140365
        }
    },
    "settings": {
        "threshold": 4.0,
        "func": "pbe-d4",
        "basis": "def2-sv(p)",
        "prog": "orca",
        "gfnv": "gfn2",
        "run": true,
        "template": false
    },
    "nconf_in": 3,
    "nconf_out": 3
}