{
    "partname": "screening",
    "runtime": 42.599702903069556,
    "results": {
        "CONF3": {
            "gsolv": {
                "gsolv": -0.01017303548496784,
                "energy_gas": -270.469832296204,
                "energy_solv": -270.480005331689
            },
            "gtot": -270.480005331689,
            "bmw": 0.07146386971520198
        },
        "CONF1": {
            "gsolv": {
                "gsolv": -0.008107689644987204,
                "energy_gas": -270.474196997607,
                "energy_solv": -270.482304687252
            },
            "gtot": -270.482304687252,
            "bmw": 0.8160502048448055
        },
        "CONF2": {
            "gsolv": {
                "gsolv": -0.010141405078002208,
                "energy_gas": -270.470292242467,
                "energy_solv": -270.480433647545
            },
            "gtot": -270.480433647545,
            "bmw": 0.11248592543999253
        }
    },
    "settings": {
        "threshold": 3.5,
        "func": "r2scan-3c",
        "basis": "def2-tzvp",
        "prog": "orca",
        "sm": "smd",
        "gfnv": "gfn2",
        "run": true,
        "implicit": false,
        "template": false
    },
    "nconf_in": 3,
    "nconf_out": 3
}