{
    "partname": "refinement",
    "runtime": 203.24854348693043,
    "results": {
        "CONF1": {
            "gsolv": {
                "gsolv": -0.008514411427995583,
                "energy_gas": -270.560506240573,
                "energy_solv": -270.569020652001
            },
            "gtot": -270.569020652001,
            "bmw": 0.7989846105930721
        },
        "CONF2": {
            "gsolv": {
                "gsolv": -0.010859785426021062,
                "energy_gas": -270.556368569097,
                "energy_solv": -270.567228354523
            },
            "gtot": -270.567228354523,
            "bmw": 0.11971226286962051
        },
        "CONF3": {
            "gsolv": {
                "gsolv": -0.010809016609982791,
                "energy_gas": -270.55605402699,
                "energy_solv": -270.5668630436
            },
            "gtot": -270.5668630436,
            "bmw": 0.08130312653730724
        }
    },
    "settings": {
        "threshold": 0.95,
        "func": "wb97x-v",
        "basis": "def2-tzvp",
        "prog": "orca",
        "sm": "smd",
        "gfnv": "gfn2",
        "run": true,
        "implicit": false,
        "template": false
    },
    "nconf_in": 3,
    "nconf_out": 3
}