{
   "temperature":     298.150000000000,
   "unit": "hartree",
   "energy":     -10.324394113219,
   "free energy":     -10.308680242926,
   "G(T)":       0.015713870294,
   "ZPVE":       0.041201961565,
   "number of imags":0,
   "point group": "cs",
   "gradient norm":       0.000176739549
}
