{
    "partname": "prescreening",
    "runtime": 9.939352303743362,
    "results": {
        "CONF1": {
            "xtb_gsolv": {
                "gsolv": 0.00044793190399872174,
                "energy_xtb_gas": -25.385445457158,
                "energy_xtb_solv": -25.384997525254
            },
            "sp": {
                "energy": -349.373117980154
            },
            "gtot": -349.37267004825003,
            "bmw": 0.8201638724963015
        },
        "CONF2": {
            "xtb_gsolv": {
                "gsolv": 0.0003893952819993274,
                "energy_xtb_gas": -25.383342058969,
                "energy_xtb_solv": -25.382952663687
            },
            "sp": {
                "energy": -349.37162668416
            },
            "gtot": -349.371237288878,
            "bmw": 0.17983612750369846
        }
    },
    "settings": {
        "threshold": 4.0,
        "func": "pbe-d4",
        "basis": "def2-sv(p)",
        "prog": "orca",
        "gfnv": "gfn2",
        "run": true,
        "template": false
    },
    "nconf_in": 2,
    "nconf_out": 2
}