{
    "partname": "screening",
    "runtime": 55.11154465097934,
    "results": {
        "CONF1": {
            "gsolv": {
                "gsolv": -0.0008330464730192944,
                "energy_gas": -350.082714413366,
                "energy_solv": -350.083547459839
            },
            "gtot": -350.083547459839,
            "bmw": 0.7953620977074025
        },
        "CONF2": {
            "gsolv": {
                "gsolv": -0.0009745865309582769,
                "energy_gas": -350.08129109151,
                "energy_solv": -350.082265678041
            },
            "gtot": -350.082265678041,
            "bmw": 0.2046379022925974
        }
    },
    "settings": {
        "threshold": 3.5,
        "func": "r2scan-3c",
        "basis": "def2-tzvp",
        "prog": "orca",
        "sm": "smd",
        "gfnv": "gfn2",
        "run": true,
        "implicit": false,
        "template": false
    },
    "nconf_in": 2,
    "nconf_out": 2
}