{
    "partname": "refinement",
    "runtime": 477.2433132091537,
    "results": {
        "CONF2": {
            "gsolv": {
                "gsolv": -0.0008128491859906717,
                "energy_gas": -350.20360548023,
                "energy_solv": -350.204418329416
            },
            "gtot": -350.204418329416,
            "bmw": 0.1984731359753738
        },
        "CONF1": {
            "gsolv": {
                "gsolv": -0.0006360297710443774,
                "energy_gas": -350.205100252501,
                "energy_solv": -350.205736282272
            },
            "gtot": -350.205736282272,
            "bmw": 0.8015268640246261
        }
    },
    "settings": {
        "threshold": 0.95,
        "func": "wb97x-v",
        "basis": "def2-tzvp",
        "prog": "orca",
        "sm": "smd",
        "gfnv": "gfn2",
        "run": true,
        "implicit": false,
        "template": false
    },
    "nconf_in": 2,
    "nconf_out": 2
}