{
   "temperature":     298.150000000000,
   "unit": "hartree",
   "energy":     -20.789550977001,
   "free energy":     -20.708013517134,
   "G(T)":       0.081537459867,
   "ZPVE":       0.114945654164,
   "number of imags":0,
   "point group": "c1",
   "gradient norm":       0.000065947049
}
