{
   "temperature":     298.150000000000,
   "unit": "hartree",
   "energy":     -32.626678565212,
   "free energy":     -32.450777419373,
   "G(T)":       0.175901145840,
   "ZPVE":       0.212233220799,
   "number of imags":0,
   "point group": "cs",
   "gradient norm":       0.000068472912
}
