{
   "temperature":     298.150000000000,
   "unit": "hartree",
   "energy":     -20.408069444940,
   "free energy":     -20.423892458243,
   "G(T)":      -0.015823013303,
   "ZPVE":       0.012724574307,
   "number of imags":0,
   "point group": "c3v",
   "gradient norm":       0.000037976799
}
