{
   "temperature":     298.150000000000,
   "unit": "hartree",
   "energy":     -43.388510429732,
   "free energy":     -43.240748184479,
   "G(T)":       0.147762245253,
   "ZPVE":       0.186291656754,
   "number of imags":0,
   "point group": "c1",
   "gradient norm":       0.000104652117
}
