{
   "temperature":     298.150000000000,
   "unit": "hartree",
   "energy":     -28.354485744538,
   "free energy":     -28.184615227961,
   "G(T)":       0.169870516577,
   "ZPVE":       0.204197129812,
   "number of imags":0,
   "point group": "c1",
   "gradient norm":       0.000032432258
}
