{
    "partname": "prescreening",
    "runtime": 9.430400406941772,
    "results": {
        "CONF3": {
            "xtb_gsolv": {
                "gsolv": -0.0054615754919993265,
                "energy_xtb_gas": -26.287110311998,
                "energy_xtb_solv": -26.29257188749
            },
            "sp": {
                "energy": -385.235003862007
            },
            "gtot": -385.240465437499,
            "bmw": 0.16791273952891764
        },
        "CONF2": {
            "xtb_gsolv": {
                "gsolv": -0.005298656992998474,
                "energy_xtb_gas": -26.287337189072,
                "energy_xtb_solv": -26.292635846065
            },
            "sp": {
                "energy": -385.235245770558
            },
            "gtot": -385.24054442755096,
            "bmw": 0.18256459422285345
        },
        "CONF1": {
            "xtb_gsolv": {
                "gsolv": -0.0052745238500016,
                "energy_xtb_gas": -26.289307417615,
                "energy_xtb_solv": -26.294581941465
            },
            "sp": {
                "energy": -385.236468199153
            },
            "gtot": -385.24174272300303,
            "bmw": 0.6495226662482289
        }
    },
    "settings": {
        "threshold": 4.0,
        "func": "pbe-d4",
        "basis": "def2-sv(p)",
        "prog": "orca",
        "gfnv": "gfn2",
        "run": true,
        "template": false
    },
    "nconf_in": 3,
    "nconf_out": 3
}