{
    "partname": "screening",
    "runtime": 65.53228726238012,
    "results": {
        "CONF3": {
            "gsolv": {
                "gsolv": -0.008565717606984435,
                "energy_gas": -386.000460151119,
                "energy_solv": -386.009025868726
            },
            "gtot": -386.009025868726,
            "bmw": 0.16736624949793205
        },
        "CONF2": {
            "gsolv": {
                "gsolv": -0.008475769333017524,
                "energy_gas": -386.000642950343,
                "energy_solv": -386.009118719676
            },
            "gtot": -386.009118719676,
            "bmw": 0.1846615024842226
        },
        "CONF1": {
            "gsolv": {
                "gsolv": -0.008394845064003675,
                "energy_gas": -386.001909130653,
                "energy_solv": -386.010303975717
            },
            "gtot": -386.010303975717,
            "bmw": 0.6479722480178455
        }
    },
    "settings": {
        "threshold": 3.5,
        "func": "r2scan-3c",
        "basis": "def2-tzvp",
        "prog": "orca",
        "sm": "smd",
        "gfnv": "gfn2",
        "run": true,
        "implicit": false,
        "template": false
    },
    "nconf_in": 3,
    "nconf_out": 3
}