{
    "partname": "refinement",
    "runtime": 464.1844356460497,
    "results": {
        "CONF1": {
            "gsolv": {
                "gsolv": -0.0087249684780204,
                "energy_gas": -386.119245518593,
                "energy_solv": -386.127970487071
            },
            "gtot": -386.127970487071,
            "bmw": 0.6548758647921812
        },
        "CONF3": {
            "gsolv": {
                "gsolv": -0.008889464220033005,
                "energy_gas": -386.117766712914,
                "energy_solv": -386.126656177134
            },
            "gtot": -386.126656177134,
            "bmw": 0.16278645317057722
        },
        "CONF2": {
            "gsolv": {
                "gsolv": -0.00882191111696784,
                "energy_gas": -386.117941356405,
                "energy_solv": -386.126763267522
            },
            "gtot": -386.126763267522,
            "bmw": 0.18233768203724166
        }
    },
    "settings": {
        "threshold": 0.95,
        "func": "wb97x-v",
        "basis": "def2-tzvp",
        "prog": "orca",
        "sm": "smd",
        "gfnv": "gfn2",
        "run": true,
        "implicit": false,
        "template": false
    },
    "nconf_in": 3,
    "nconf_out": 3
}