{
   "temperature":     298.150000000000,
   "unit": "hartree",
   "energy":     -31.818219112184,
   "free energy":     -31.655350427177,
   "G(T)":       0.162868685006,
   "ZPVE":       0.197625002789,
   "number of imags":0,
   "point group": "c2v",
   "gradient norm":       0.000050480915
}
