{
   "temperature":     298.150000000000,
   "unit": "hartree",
   "energy":     -25.386809047491,
   "free energy":     -25.243362714724,
   "G(T)":       0.143446332768,
   "ZPVE":       0.180243595140,
   "number of imags":0,
   "point group": "c1",
   "gradient norm":       0.000028927937
}
