{
   "temperature":     298.150000000000,
   "unit": "hartree",
   "energy":     -27.251669297717,
   "free energy":     -27.202835750202,
   "G(T)":       0.048833547515,
   "ZPVE":       0.080826988268,
   "number of imags":0,
   "point group": "c1",
   "gradient norm":       0.000055696440
}
