{
   "temperature":     298.150000000000,
   "unit": "hartree",
   "energy":     -11.310668601002,
   "free energy":     -11.312778458437,
   "G(T)":      -0.002109857435,
   "ZPVE":       0.026544408496,
   "number of imags":0,
   "point group": "c2v",
   "gradient norm":       0.000020006525
}
