{
   "temperature":     298.150000000000,
   "unit": "hartree",
   "energy":     -13.926108266903,
   "free energy":     -13.835055382241,
   "G(T)":       0.091052884661,
   "ZPVE":       0.117472823388,
   "number of imags":0,
   "point group": "c3v",
   "gradient norm":       0.000008500433
}
