{
   "temperature":     298.150000000000,
   "unit": "hartree",
   "energy":     -33.611975025434,
   "free energy":     -33.416701616746,
   "G(T)":       0.195273408688,
   "ZPVE":       0.233804467152,
   "number of imags":0,
   "point group": "c1",
   "gradient norm":       0.000042959242
}
