{
   "temperature":     298.150000000000,
   "unit": "hartree",
   "energy":     -15.774492954958,
   "free energy":     -15.671235028712,
   "G(T)":       0.103257926246,
   "ZPVE":       0.134472664851,
   "number of imags":0,
   "point group": "c1",
   "gradient norm":       0.000042685247
}
