{
    "partname": "prescreening",
    "runtime": 7.897328723222017,
    "results": {
        "CONF1": {
            "xtb_gsolv": {
                "gsolv": -0.0017059912289987267,
                "energy_xtb_gas": -22.625390594279,
                "energy_xtb_solv": -22.627096585508
            },
            "sp": {
                "energy": -2843.806369831591
            },
            "gtot": -2843.80807582282,
            "bmw": 1.0
        }
    },
    "settings": {
        "threshold": 4.0,
        "func": "pbe-d4",
        "basis": "def2-sv(p)",
        "prog": "orca",
        "gfnv": "gfn2",
        "run": true,
        "template": false
    },
    "nconf_in": 1,
    "nconf_out": 1
}