{
   "temperature":     298.150000000000,
   "unit": "hartree",
   "energy":     -20.794587763715,
   "free energy":     -20.712506607341,
   "G(T)":       0.082081156374,
   "ZPVE":       0.114745723837,
   "number of imags":0,
   "point group": "c1",
   "gradient norm":       0.000043835281
}
