{
   "temperature":     298.150000000000,
   "unit": "hartree",
   "energy":     -26.156371013336,
   "free energy":     -26.079591028907,
   "G(T)":       0.076779984429,
   "ZPVE":       0.109122451460,
   "number of imags":0,
   "point group": "cs",
   "gradient norm":       0.000025481242
}
