{
    "partname": "prescreening",
    "runtime": 8.27991440705955,
    "results": {
        "CONF2": {
            "xtb_gsolv": {
                "gsolv": -0.009263321390001522,
                "energy_xtb_gas": -26.145481858586,
                "energy_xtb_solv": -26.154745179976
            },
            "sp": {
                "energy": -419.924873048226
            },
            "gtot": -419.934136369616,
            "bmw": 0.20521963154432948
        },
        "CONF3": {
            "xtb_gsolv": {
                "gsolv": -0.00949937269799861,
                "energy_xtb_gas": -26.145057810541,
                "energy_xtb_solv": -26.154557183239
            },
            "sp": {
                "energy": -419.924739293125
            },
            "gtot": -419.934238665823,
            "bmw": 0.22870302117994792
        },
        "CONF1": {
            "xtb_gsolv": {
                "gsolv": -0.008864148488001433,
                "energy_xtb_gas": -26.146455922117,
                "energy_xtb_solv": -26.155320070605
            },
            "sp": {
                "energy": -419.926230237161
            },
            "gtot": -419.935094385649,
            "bmw": 0.5660773472757226
        }
    },
    "settings": {
        "threshold": 4.0,
        "func": "pbe-d4",
        "basis": "def2-sv(p)",
        "prog": "orca",
        "gfnv": "gfn2",
        "run": true,
        "template": false
    },
    "nconf_in": 3,
    "nconf_out": 3
}