{
    "partname": "screening",
    "runtime": 51.75926400069147,
    "results": {
        "CONF1": {
            "gsolv": {
                "gsolv": -0.012898644029007755,
                "energy_gas": -420.711708727626,
                "energy_solv": -420.724607371655
            },
            "gtot": -420.724607371655,
            "bmw": 0.39994370061606677
        },
        "CONF2": {
            "gsolv": {
                "gsolv": -0.013915878250998048,
                "energy_gas": -420.710332873601,
                "energy_solv": -420.724248751852
            },
            "gtot": -420.724248751852,
            "bmw": 0.27355532277264255
        },
        "CONF3": {
            "gsolv": {
                "gsolv": -0.014094818571038559,
                "energy_gas": -420.710320986833,
                "energy_solv": -420.724415805404
            },
            "gtot": -420.724415805404,
            "bmw": 0.3265009766112908
        }
    },
    "settings": {
        "threshold": 3.5,
        "func": "r2scan-3c",
        "basis": "def2-tzvp",
        "prog": "orca",
        "sm": "smd",
        "gfnv": "gfn2",
        "run": true,
        "implicit": false,
        "template": false
    },
    "nconf_in": 3,
    "nconf_out": 3
}