{
    "partname": "refinement",
    "runtime": 317.78178268577904,
    "results": {
        "CONF1": {
            "gsolv": {
                "gsolv": -0.014049551313007669,
                "energy_gas": -420.820528105927,
                "energy_solv": -420.83457765724
            },
            "gtot": -420.83457765724,
            "bmw": 0.3956047232600699
        },
        "CONF2": {
            "gsolv": {
                "gsolv": -0.014927956337999149,
                "energy_gas": -420.81937146142,
                "energy_solv": -420.834299417758
            },
            "gtot": -420.834299417758,
            "bmw": 0.2946321706820031
        },
        "CONF3": {
            "gsolv": {
                "gsolv": -0.015139085665964558,
                "energy_gas": -420.819207616941,
                "energy_solv": -420.834346702607
            },
            "gtot": -420.834346702607,
            "bmw": 0.309763106057927
        }
    },
    "settings": {
        "threshold": 0.95,
        "func": "wb97x-v",
        "basis": "def2-tzvp",
        "prog": "orca",
        "sm": "smd",
        "gfnv": "gfn2",
        "run": true,
        "implicit": false,
        "template": false
    },
    "nconf_in": 3,
    "nconf_out": 3
}