{
    "partname": "prescreening",
    "runtime": 24.73696282505989,
    "results": {
        "CONF6": {
            "xtb_gsolv": {
                "gsolv": -0.005103505150003684,
                "energy_xtb_gas": -32.435044392405,
                "energy_xtb_solv": -32.440147897555
            },
            "sp": {
                "energy": -462.706721253583
            },
            "gtot": -462.711824758733,
            "bmw": 0.11252582816156147
        },
        "CONF11": {
            "xtb_gsolv": {
                "gsolv": -0.005627207218999786,
                "energy_xtb_gas": -32.432782710829,
                "energy_xtb_solv": -32.438409918048
            },
            "sp": {
                "energy": -462.70216817742
            },
            "gtot": -462.707795384639,
            "bmw": 0.001577133393909666
        },
        "CONF4": {
            "xtb_gsolv": {
                "gsolv": -0.0050213297430019566,
                "energy_xtb_gas": -32.435304952382,
                "energy_xtb_solv": -32.440326282125
            },
            "sp": {
                "energy": -462.707168685717
            },
            "gtot": -462.71219001546,
            "bmw": 0.16567564986964325
        },
        "CONF14": {
            "xtb_gsolv": {
                "gsolv": -0.005163243047000776,
                "energy_xtb_gas": -32.428412159309,
                "energy_xtb_solv": -32.433575402356
            },
            "sp": {
                "energy": -462.697676283432
            },
            "gtot": -462.70283952647895,
            "bmw": 8.285743129533439e-06
        },
        "CONF7": {
            "xtb_gsolv": {
                "gsolv": -0.00454550938900411,
                "energy_xtb_gas": -32.434989211916,
                "energy_xtb_solv": -32.439534721305
            },
            "sp": {
                "energy": -462.706452511624
            },
            "gtot": -462.710998021013,
            "bmw": 0.04687909181619725
        },
        "CONF1": {
            "xtb_gsolv": {
                "gsolv": -0.004731045371002551,
                "energy_xtb_gas": -32.436548709486,
                "energy_xtb_solv": -32.441279754857
            },
            "sp": {
                "energy": -462.708137415002
            },
            "gtot": -462.712868460373,
            "bmw": 0.3398769728447104
        },
        "CONF3": {
            "xtb_gsolv": {
                "gsolv": -0.005172685224003715,
                "energy_xtb_gas": -32.436054725983,
                "energy_xtb_solv": -32.441227411207
            },
            "sp": {
                "energy": -462.706689985697
            },
            "gtot": -462.711862670921,
            "bmw": 0.1171360614408139
        },
        "CONF2": {
            "xtb_gsolv": {
                "gsolv": -0.004785583493998047,
                "energy_xtb_gas": -32.43647005641,
                "energy_xtb_solv": -32.441255639904
            },
            "sp": {
                "energy": -462.707150978589
            },
            "gtot": -462.711936562083,
            "bmw": 0.12667129169848937
        },
        "CONF8": {
            "xtb_gsolv": {
                "gsolv": -0.004563580365001485,
                "energy_xtb_gas": -32.434891679244,
                "energy_xtb_solv": -32.439455259609
            },
            "sp": {
                "energy": -462.705318637821
            },
            "gtot": -462.709882218186,
            "bmw": 0.014379553985399696
        },
        "CONF5": {
            "xtb_gsolv": {
                "gsolv": -0.00510597301200022,
                "energy_xtb_gas": -32.435130164547,
                "energy_xtb_solv": -32.440236137559
            },
            "sp": {
                "energy": -462.706081978617
            },
            "gtot": -462.71118795162903,
            "bmw": 0.057324625430874174
        },
        "CONF16": {
            "xtb_gsolv": {
                "gsolv": -0.005148819855001818,
                "energy_xtb_gas": -32.428262735711,
                "energy_xtb_solv": -32.433411555566
            },
            "sp": {
                "energy": -462.696950640751
            },
            "gtot": -462.702099460606,
            "bmw": 3.7837699786191407e-06
        },
        "CONF13": {
            "xtb_gsolv": {
                "gsolv": -0.0047828174499997544,
                "energy_xtb_gas": -32.429056474082,
                "energy_xtb_solv": -32.433839291532
            },
            "sp": {
                "energy": -462.697417627641
            },
            "gtot": -462.702200445091,
            "bmw": 4.210894637561149e-06
        },
        "CONF12": {
            "xtb_gsolv": {
                "gsolv": -0.004676712101002067,
                "energy_xtb_gas": -32.429210747702,
                "energy_xtb_solv": -32.433887459803
            },
            "sp": {
                "energy": -462.698549815603
            },
            "gtot": -462.703226527704,
            "bmw": 1.2483596047105241e-05
        },
        "CONF9": {
            "xtb_gsolv": {
                "gsolv": -0.004502080728002511,
                "energy_xtb_gas": -32.43494851215,
                "energy_xtb_solv": -32.439450592878
            },
            "sp": {
                "energy": -462.70534863296
            },
            "gtot": -462.709850713688,
            "bmw": 0.013907669116081031
        },
        "CONF10": {
            "xtb_gsolv": {
                "gsolv": -0.005506942656005265,
                "energy_xtb_gas": -32.433077390455,
                "energy_xtb_solv": -32.438584333111
            },
            "sp": {
                "energy": -462.703159343021
            },
            "gtot": -462.708666285677,
            "bmw": 0.003966935836736048
        },
        "CONF15": {
            "xtb_gsolv": {
                "gsolv": -0.0047525672400041685,
                "energy_xtb_gas": -32.428804433805,
                "energy_xtb_solv": -32.433557001045
            },
            "sp": {
                "energy": -462.698673815767
            },
            "gtot": -462.703426383007,
            "bmw": 1.5426477964345173e-05
        },
        "CONF18": {
            "xtb_gsolv": {
                "gsolv": -0.005447171437999998,
                "energy_xtb_gas": -32.427818914774,
                "energy_xtb_solv": -32.433266086212
            },
            "sp": {
                "energy": -462.695902504527
            },
            "gtot": -462.701349675965,
            "bmw": 1.7102030038265086e-06
        },
        "CONF17": {
            "xtb_gsolv": {
                "gsolv": -0.005241250035005862,
                "energy_xtb_gas": -32.428162823234,
                "energy_xtb_solv": -32.433404073269
            },
            "sp": {
                "energy": -462.696282588933
            },
            "gtot": -462.701523838968,
            "bmw": 2.056634425322432e-06
        },
        "CONF19": {
            "xtb_gsolv": {
                "gsolv": -0.004838772214000642,
                "energy_xtb_gas": -32.428423837993,
                "energy_xtb_solv": -32.433262610207
            },
            "sp": {
                "energy": -462.698525371138
            },
            "gtot": -462.70336414335196,
            "bmw": 1.4442371878012765e-05
        },
        "CONF23": {
            "xtb_gsolv": {
                "gsolv": -0.00506715940100122,
                "energy_xtb_gas": -32.427198501951,
                "energy_xtb_solv": -32.432265661352
            },
            "sp": {
                "energy": -462.696549456488
            },
            "gtot": -462.701616615889,
            "bmw": 2.2689845084788022e-06
        },
        "CONF20": {
            "xtb_gsolv": {
                "gsolv": -0.004783935001995587,
                "energy_xtb_gas": -32.42827093481,
                "energy_xtb_solv": -32.433054869812
            },