{
    "partname": "screening",
    "runtime": 82.66336688678712,
    "results": {
        "CONF6": {
            "gsolv": {
                "gsolv": -0.005337079052992522,
                "energy_gas": -463.6354927066,
                "energy_solv": -463.640829785653
            },
            "gtot": -463.640829785653,
            "bmw": 0.09146778280815346
        },
        "CONF2": {
            "gsolv": {
                "gsolv": -0.0046473133450035675,
                "energy_gas": -463.635718791432,
                "energy_solv": -463.640366104777
            },
            "gtot": -463.640366104777,
            "bmw": 0.0559744341822104
        },
        "CONF1": {
            "gsolv": {
                "gsolv": -0.005349165169036496,
                "energy_gas": -463.637227324633,
                "energy_solv": -463.642576489802
            },
            "gtot": -463.642576489802,
            "bmw": 0.5816964942367103
        },
        "CONF8": {
            "gsolv": {
                "gsolv": -0.0031942905679898104,
                "energy_gas": -463.633316087566,
                "energy_solv": -463.636510378134
            },
            "gtot": -463.636510378134,
            "bmw": 0.0009429273230827284
        },
        "CONF9": {
            "gsolv": {
                "gsolv": -0.003086900878031429,
                "energy_gas": -463.633063729092,
                "energy_solv": -463.63615062997
            },
            "gtot": -463.63615062997,
            "bmw": 0.0006441774518606536
        },
        "CONF7": {
            "gsolv": {
                "gsolv": -0.0038575310380224437,
                "energy_gas": -463.634697606759,
                "energy_solv": -463.638555137797
            },
            "gtot": -463.638555137797,
            "bmw": 0.00822247499612813
        },
        "CONF5": {
            "gsolv": {
                "gsolv": -0.003837375025000256,
                "energy_gas": -463.634511698261,
                "energy_solv": -463.638349073286
            },
            "gtot": -463.638349073286,
            "bmw": 0.006610273783337532
        },
        "CONF4": {
            "gsolv": {
                "gsolv": -0.004741696311043597,
                "energy_gas": -463.636267404523,
                "energy_solv": -463.641009100834
            },
            "gtot": -463.641009100834,
            "bmw": 0.11059803880099703
        },
        "CONF11": {
            "gsolv": {
                "gsolv": -0.00445257117996789,
                "energy_gas": -463.630066268349,
                "energy_solv": -463.634518839529
            },
            "gtot": -463.634518839529,
            "bmw": 0.00011440206704926828
        },
        "CONF3": {
            "gsolv": {
                "gsolv": -0.00556700637304175,
                "energy_gas": -463.635683901362,
                "energy_solv": -463.641250907735
            },
            "gtot": -463.641250907735,
            "bmw": 0.14287982226469048
        },
        "CONF10": {
            "gsolv": {
                "gsolv": -0.005068057228015732,
                "energy_gas": -463.631343439038,
                "energy_solv": -463.636411496266
            },
            "gtot": -463.636411496266,
            "bmw": 0.0008491720857799268
        }
    },
    "settings": {
        "threshold": 3.5,
        "func": "r2scan-3c",
        "basis": "def2-tzvp",
        "prog": "orca",
        "sm": "smd",
        "gfnv": "gfn2",
        "run": true,
        "implicit": false,
        "template": false
    },
    "nconf_in": 11,
    "nconf_out": 11
}