{
    "partname": "refinement",
    "runtime": 555.3740985095501,
    "results": {
        "CONF6": {
            "gsolv": {
                "gsolv": -0.005705765548043473,
                "energy_gas": -463.784792005588,
                "energy_solv": -463.790497771136
            },
            "gtot": -463.790497771136,
            "bmw": 0.06502899052578762
        },
        "CONF2": {
            "gsolv": {
                "gsolv": -0.005755777536023743,
                "energy_gas": -463.786257593237,
                "energy_solv": -463.792013370773
            },
            "gtot": -463.792013370773,
            "bmw": 0.32376849728373674
        },
        "CONF1": {
            "gsolv": {
                "gsolv": -0.005756859869961772,
                "energy_gas": -463.786216032328,
                "energy_solv": -463.791972892198
            },
            "gtot": -463.791972892198,
            "bmw": 0.31018138716434124
        },
        "CONF3": {
            "gsolv": {
                "gsolv": -0.005781360145988401,
                "energy_gas": -463.785310759604,
                "energy_solv": -463.79109211975
            },
            "gtot": -463.79109211975,
            "bmw": 0.12203613678847854
        },
        "CONF5": {
            "gsolv": {
                "gsolv": -0.005369145988993296,
                "energy_gas": -463.785420520849,
                "energy_solv": -463.790789666838
            },
            "gtot": -463.790789666838,
            "bmw": 0.0885869483732683
        },
        "CONF8": {
            "gsolv": {
                "gsolv": -0.005332861028023217,
                "energy_gas": -463.785475914246,
                "energy_solv": -463.790808775274
            },
            "gtot": -463.790808775274,
            "bmw": 0.09039803986438753
        }
    },
    "settings": {
        "threshold": 0.95,
        "func": "wb97x-v",
        "basis": "def2-tzvp",
        "prog": "orca",
        "sm": "smd",
        "gfnv": "gfn2",
        "run": true,
        "implicit": false,
        "template": false
    },
    "nconf_in": 6,
    "nconf_out": 6
}