{
   "temperature":     298.150000000000,
   "unit": "hartree",
   "energy":     -26.557497274634,
   "free energy":     -26.446090958568,
   "G(T)":       0.111406316065,
   "ZPVE":       0.144286930309,
   "number of imags":0,
   "point group": "c1",
   "gradient norm":       0.000053573657
}
