{
   "temperature":     298.150000000000,
   "unit": "hartree",
   "energy":     -22.492175491119,
   "free energy":     -22.385953595786,
   "G(T)":       0.106221895332,
   "ZPVE":       0.140344453736,
   "number of imags":0,
   "point group": "c1",
   "gradient norm":       0.000044363113
}
