{
   "temperature":     298.150000000000,
   "unit": "hartree",
   "energy":     -26.159544251747,
   "free energy":     -26.082475752436,
   "G(T)":       0.077068499311,
   "ZPVE":       0.109284861706,
   "number of imags":0,
   "point group": "cs",
   "gradient norm":       0.000012850461
}
