{
    "partname": "prescreening",
    "runtime": 4.869505422189832,
    "results": {
        "CONF1": {
            "xtb_gsolv": {
                "gsolv": -0.019668157377999762,
                "energy_xtb_gas": -19.590524188572,
                "energy_xtb_solv": -19.61019234595
            },
            "sp": {
                "energy": -1047.675295572644
            },
            "gtot": -1047.694963730022,
            "bmw": 0.9963349295188043
        },
        "CONF2": {
            "xtb_gsolv": {
                "gsolv": -0.01979309893699721,
                "energy_xtb_gas": -19.589069814398,
                "energy_xtb_solv": -19.608862913335
            },
            "sp": {
                "energy": -1047.669878258191
            },
            "gtot": -1047.689671357128,
            "bmw": 0.0036650704811956483
        }
    },
    "settings": {
        "threshold": 4.0,
        "func": "pbe-d4",
        "basis": "def2-sv(p)",
        "prog": "orca",
        "gfnv": "gfn2",
        "run": true,
        "template": false
    },
    "nconf_in": 2,
    "nconf_out": 2
}