{
    "partname": "screening",
    "runtime": 28.225162198767066,
    "results": {
        "CONF1": {
            "gsolv": {
                "gsolv": -0.013439819486166016,
                "energy_gas": -1048.633463199836,
                "energy_solv": -1048.646903019322
            },
            "gtot": -1048.646903019322,
            "bmw": 0.9921282294509727
        },
        "CONF2": {
            "gsolv": {
                "gsolv": -0.012767246942985366,
                "energy_gas": -1048.629569161991,
                "energy_solv": -1048.642336408934
            },
            "gtot": -1048.642336408934,
            "bmw": 0.007871770549027393
        }
    },
    "settings": {
        "threshold": 3.5,
        "func": "r2scan-3c",
        "basis": "def2-tzvp",
        "prog": "orca",
        "sm": "smd",
        "gfnv": "gfn2",
        "run": true,
        "implicit": false,
        "template": false
    },
    "nconf_in": 2,
    "nconf_out": 2
}