{
    "partname": "refinement",
    "runtime": 99.77408141177148,
    "results": {
        "CONF1": {
            "gsolv": {
                "gsolv": -0.01334373897293517,
                "energy_gas": -1048.644039898704,
                "energy_solv": -1048.657383637677
            },
            "gtot": -1048.657383637677,
            "bmw": 0.4976503256465212
        },
        "CONF2": {
            "gsolv": {
                "gsolv": -0.013363770596015456,
                "energy_gas": -1048.644028741244,
                "energy_solv": -1048.65739251184
            },
            "gtot": -1048.65739251184,
            "bmw": 0.5023496743534789
        }
    },
    "settings": {
        "threshold": 0.95,
        "func": "wb97x-v",
        "basis": "def2-tzvp",
        "prog": "orca",
        "sm": "smd",
        "gfnv": "gfn2",
        "run": true,
        "implicit": false,
        "template": false
    },
    "nconf_in": 2,
    "nconf_out": 2
}