{
   "temperature":     298.150000000000,
   "unit": "hartree",
   "energy":     -23.132026104628,
   "free energy":     -23.036841850639,
   "G(T)":       0.095184253989,
   "ZPVE":       0.128020039104,
   "number of imags":0,
   "point group": "c1",
   "gradient norm":       0.000028854746
}
