{
    "partname": "prescreening",
    "runtime": 8.704096353147179,
    "results": {
        "CONF2": {
            "xtb_gsolv": {
                "gsolv": -0.003885290601001401,
                "energy_xtb_gas": -25.24112900998,
                "energy_xtb_solv": -25.245014300581
            },
            "sp": {
                "energy": -384.058998284371
            },
            "gtot": -384.062883574972,
            "bmw": 0.290293100236717
        },
        "CONF1": {
            "xtb_gsolv": {
                "gsolv": -0.0031800483020028025,
                "energy_xtb_gas": -25.242508416845,
                "energy_xtb_solv": -25.245688465147
            },
            "sp": {
                "energy": -384.060547590123
            },
            "gtot": -384.063727638425,
            "bmw": 0.709706899763283
        }
    },
    "settings": {
        "threshold": 4.0,
        "func": "pbe-d4",
        "basis": "def2-sv(p)",
        "prog": "orca",
        "gfnv": "gfn2",
        "run": true,
        "template": false
    },
    "nconf_in": 2,
    "nconf_out": 2
}