{
    "partname": "screening",
    "runtime": 57.47617637133226,
    "results": {
        "CONF1": {
            "gsolv": {
                "gsolv": -0.005540428214999338,
                "energy_gas": -384.791570273783,
                "energy_solv": -384.797110701998
            },
            "gtot": -384.797110701998,
            "bmw": 0.5649236406635628
        },
        "CONF2": {
            "gsolv": {
                "gsolv": -0.006997379938979975,
                "energy_gas": -384.789866730505,
                "energy_solv": -384.796864110444
            },
            "gtot": -384.796864110444,
            "bmw": 0.4350763593364373
        }
    },
    "settings": {
        "threshold": 3.5,
        "func": "r2scan-3c",
        "basis": "def2-tzvp",
        "prog": "orca",
        "sm": "smd",
        "gfnv": "gfn2",
        "run": true,
        "implicit": false,
        "template": false
    },
    "nconf_in": 2,
    "nconf_out": 2
}