{
    "partname": "refinement",
    "runtime": 349.7976874541491,
    "results": {
        "CONF1": {
            "gsolv": {
                "gsolv": -0.006503107505977823,
                "energy_gas": -384.905364216392,
                "energy_solv": -384.911867323898
            },
            "gtot": -384.911867323898,
            "bmw": 0.6046003201220367
        },
        "CONF2": {
            "gsolv": {
                "gsolv": -0.007663618867979949,
                "energy_gas": -384.903802738017,
                "energy_solv": -384.911466356885
            },
            "gtot": -384.911466356885,
            "bmw": 0.39539967987796343
        }
    },
    "settings": {
        "threshold": 0.95,
        "func": "wb97x-v",
        "basis": "def2-tzvp",
        "prog": "orca",
        "sm": "smd",
        "gfnv": "gfn2",
        "run": true,
        "implicit": false,
        "template": false
    },
    "nconf_in": 2,
    "nconf_out": 2
}