{
   "temperature":     298.150000000000,
   "unit": "hartree",
   "energy":     -17.733572375564,
   "free energy":     -17.629628480089,
   "G(T)":       0.103943895475,
   "ZPVE":       0.133857595453,
   "number of imags":0,
   "point group": "c1",
   "gradient norm":       0.000019248908
}
