{
   "temperature":     298.150000000000,
   "unit": "hartree",
   "energy":     -20.789624265955,
   "free energy":     -20.708201957413,
   "G(T)":       0.081422308542,
   "ZPVE":       0.114752658801,
   "number of imags":0,
   "point group": "c1",
   "gradient norm":       0.000035036544
}
