{
   "temperature":     298.150000000000,
   "unit": "hartree",
   "energy":     -43.401949630200,
   "free energy":     -43.254248115248,
   "G(T)":       0.147701514952,
   "ZPVE":       0.185981851669,
   "number of imags":0,
   "point group": "c1",
   "gradient norm":       0.000066836178
}
