{
   "temperature":     298.150000000000,
   "unit": "hartree",
   "energy":     -17.723914657284,
   "free energy":     -17.620732648335,
   "G(T)":       0.103182008948,
   "ZPVE":       0.133279836768,
   "number of imags":0,
   "point group": "cs",
   "gradient norm":       0.000051124237
}
