{
   "temperature":     298.150000000000,
   "unit": "hartree",
   "energy":     -28.425683849785,
   "free energy":     -28.302049752618,
   "G(T)":       0.123634097167,
   "ZPVE":       0.160798568660,
   "number of imags":0,
   "point group": "c1",
   "gradient norm":       0.000077399428
}
