{
   "temperature":     298.150000000000,
   "unit": "hartree",
   "energy":     -22.800619695549,
   "free energy":     -22.748351026578,
   "G(T)":       0.052268668970,
   "ZPVE":       0.085044001604,
   "number of imags":0,
   "point group": "cs",
   "gradient norm":       0.000055842444
}
