{
   "temperature":     298.150000000000,
   "unit": "hartree",
   "energy":     -14.556849380824,
   "free energy":     -14.479450552969,
   "G(T)":       0.077398827856,
   "ZPVE":       0.105410834506,
   "number of imags":0,
   "point group": "c1",
   "gradient norm":       0.000051309547
}
