{
   "temperature":     298.150000000000,
   "unit": "hartree",
   "energy":     -17.731625539321,
   "free energy":     -17.628014775532,
   "G(T)":       0.103610763789,
   "ZPVE":       0.133629185563,
   "number of imags":0,
   "point group": "c1",
   "gradient norm":       0.000030492690
}
