{
    "partname": "prescreening",
    "runtime": 7.435848067514598,
    "results": {
        "CONF5": {
            "xtb_gsolv": {
                "gsolv": -0.0035714133800013315,
                "energy_xtb_gas": -19.862193413177,
                "energy_xtb_solv": -19.865764826557
            },
            "sp": {
                "energy": -271.143301017042
            },
            "gtot": -271.14687243042204,
            "bmw": 0.20357825194603907
        },
        "CONF2": {
            "xtb_gsolv": {
                "gsolv": -0.003398213223999136,
                "energy_xtb_gas": -19.862676011441,
                "energy_xtb_solv": -19.866074224665
            },
            "sp": {
                "energy": -271.143654570297
            },
            "gtot": -271.14705278352096,
            "bmw": 0.24642687182796044
        },
        "CONF3": {
            "xtb_gsolv": {
                "gsolv": -0.0033338972979990444,
                "energy_xtb_gas": -19.862505006163,
                "energy_xtb_solv": -19.865838903461
            },
            "sp": {
                "energy": -271.143393120478
            },
            "gtot": -271.14672701777596,
            "bmw": 0.1745203975287398
        },
        "CONF1": {
            "xtb_gsolv": {
                "gsolv": -0.00382350739300108,
                "energy_xtb_gas": -19.862367965643,
                "energy_xtb_solv": -19.866191473036
            },
            "sp": {
                "energy": -271.141793957885
            },
            "gtot": -271.145617465278,
            "bmw": 0.05388741762587616
        },
        "CONF4": {
            "xtb_gsolv": {
                "gsolv": -0.00377490612000031,
                "energy_xtb_gas": -19.862012141481,
                "energy_xtb_solv": -19.865787047601
            },
            "sp": {
                "energy": -271.14144750492
            },
            "gtot": -271.14522241104,
            "bmw": 0.03546296151744272
        },
        "CONF7": {
            "xtb_gsolv": {
                "gsolv": -0.0034507906419989354,
                "energy_xtb_gas": -19.861925241982,
                "energy_xtb_solv": -19.865376032624
            },
            "sp": {
                "energy": -271.142821724445
            },
            "gtot": -271.146272515087,
            "bmw": 0.10784237103137913
        },
        "CONF8": {
            "xtb_gsolv": {
                "gsolv": -0.0038238348370001063,
                "energy_xtb_gas": -19.861146389743,
                "energy_xtb_solv": -19.86497022458
            },
            "sp": {
                "energy": -271.140892347096
            },
            "gtot": -271.144716181933,
            "bmw": 0.020745587086947726
        },
        "CONF6": {
            "xtb_gsolv": {
                "gsolv": -0.0034522208799998566,
                "energy_xtb_gas": -19.862116688525,
                "energy_xtb_solv": -19.865568909405
            },
            "sp": {
                "energy": -271.14317812501
            },
            "gtot": -271.14663034589,
            "bmw": 0.15753614143561484
        }
    },
    "settings": {
        "threshold": 4.0,
        "func": "pbe-d4",
        "basis": "def2-sv(p)",
        "prog": "orca",
        "gfnv": "gfn2",
        "run": true,
        "template": false
    },
    "nconf_in": 8,
    "nconf_out": 8
}