{
    "partname": "screening",
    "runtime": 45.40069873817265,
    "results": {
        "CONF3": {
            "gsolv": {
                "gsolv": -0.00587592613499055,
                "energy_gas": -271.70485793679,
                "energy_solv": -271.710733862925
            },
            "gtot": -271.710733862925,
            "bmw": 0.10402785747591492
        },
        "CONF5": {
            "gsolv": {
                "gsolv": -0.006303055592979945,
                "energy_gas": -271.70525441641,
                "energy_solv": -271.711557472003
            },
            "gtot": -271.711557472003,
            "bmw": 0.2488763373002072
        },
        "CONF6": {
            "gsolv": {
                "gsolv": -0.00617103215898851,
                "energy_gas": -271.704838376908,
                "energy_solv": -271.711009409067
            },
            "gtot": -271.711009409067,
            "bmw": 0.13928107371610718
        },
        "CONF2": {
            "gsolv": {
                "gsolv": -0.006068262446035533,
                "energy_gas": -271.705265075786,
                "energy_solv": -271.711333338232
            },
            "gtot": -271.711333338232,
            "bmw": 0.1962859473094585
        },
        "CONF1": {
            "gsolv": {
                "gsolv": -0.006904900212987286,
                "energy_gas": -271.703752907569,
                "energy_solv": -271.710657807782
            },
            "gtot": -271.710657807782,
            "bmw": 0.09597689810240587
        },
        "CONF4": {
            "gsolv": {
                "gsolv": -0.006769682335004745,
                "energy_gas": -271.703171867469,
                "energy_solv": -271.709941549804
            },
            "gtot": -271.709941549804,
            "bmw": 0.04494804894440638
        },
        "CONF7": {
            "gsolv": {
                "gsolv": -0.0062205741639900225,
                "energy_gas": -271.704877964169,
                "energy_solv": -271.711098538333
            },
            "gtot": -271.711098538333,
            "bmw": 0.1530695236271129
        },
        "CONF8": {
            "gsolv": {
                "gsolv": -0.006632793455992214,
                "energy_gas": -271.702419951182,
                "energy_solv": -271.709052744638
            },
            "gtot": -271.709052744638,
            "bmw": 0.017534313524387012
        }
    },
    "settings": {
        "threshold": 3.5,
        "func": "r2scan-3c",
        "basis": "def2-tzvp",
        "prog": "orca",
        "sm": "smd",
        "gfnv": "gfn2",
        "run": true,
        "implicit": false,
        "template": false
    },
    "nconf_in": 8,
    "nconf_out": 8
}