{
    "partname": "refinement",
    "runtime": 195.73580948915333,
    "results": {
        "CONF6": {
            "gsolv": {
                "gsolv": -0.007080289382031424,
                "energy_gas": -271.794054845732,
                "energy_solv": -271.801135135114
            },
            "gtot": -271.801135135114,
            "bmw": 0.17270276057678932
        },
        "CONF7": {
            "gsolv": {
                "gsolv": -0.007133176821014331,
                "energy_gas": -271.793632619881,
                "energy_solv": -271.800765796702
            },
            "gtot": -271.800765796702,
            "bmw": 0.11679261155072602
        },
        "CONF2": {
            "gsolv": {
                "gsolv": -0.007130678592034201,
                "energy_gas": -271.794119942453,
                "energy_solv": -271.801250621045
            },
            "gtot": -271.801250621045,
            "bmw": 0.1951727272977086
        },
        "CONF3": {
            "gsolv": {
                "gsolv": -0.007139370893014529,
                "energy_gas": -271.794134432904,
                "energy_solv": -271.801273803797
            },
            "gtot": -271.801273803797,
            "bmw": 0.20002416157291739
        },
        "CONF5": {
            "gsolv": {
                "gsolv": -0.007116671605047031,
                "energy_gas": -271.794016738799,
                "energy_solv": -271.801133410404
            },
            "gtot": -271.801133410404,
            "bmw": 0.1723875779853086
        },
        "CONF4": {
            "gsolv": {
                "gsolv": -0.00748034523098795,
                "energy_gas": -271.792824696766,
                "energy_solv": -271.800305041997
            },
            "gtot": -271.800305041997,
            "bmw": 0.07169401055516965
        },
        "CONF1": {
            "gsolv": {
                "gsolv": -0.0074633873859966116,
                "energy_gas": -271.792835472873,
                "energy_solv": -271.800298860259
            },
            "gtot": -271.800298860259,
            "bmw": 0.07122615046138055
        }
    },
    "settings": {
        "threshold": 0.95,
        "func": "wb97x-v",
        "basis": "def2-tzvp",
        "prog": "orca",
        "sm": "smd",
        "gfnv": "gfn2",
        "run": true,
        "implicit": false,
        "template": false
    },
    "nconf_in": 7,
    "nconf_out": 7
}