{
    "partname": "prescreening",
    "runtime": 8.464693584479392,
    "results": {
        "CONF2": {
            "xtb_gsolv": {
                "gsolv": -0.014302663043000763,
                "energy_xtb_gas": -30.412962915529,
                "energy_xtb_solv": -30.427265578572
            },
            "sp": {
                "energy": -510.97030135334
            },
            "gtot": -510.984604016383,
            "bmw": 0.43641338084341197
        },
        "CONF1": {
            "xtb_gsolv": {
                "gsolv": -0.013684837673000771,
                "energy_xtb_gas": -30.414196399079,
                "energy_xtb_solv": -30.427881236752
            },
            "sp": {
                "energy": -510.971160635891
            },
            "gtot": -510.984845473564,
            "bmw": 0.563586619156588
        }
    },
    "settings": {
        "threshold": 4.0,
        "func": "pbe-d4",
        "basis": "def2-sv(p)",
        "prog": "orca",
        "gfnv": "gfn2",
        "run": true,
        "template": false
    },
    "nconf_in": 2,
    "nconf_out": 2
}