{
    "partname": "screening",
    "runtime": 61.759762457571924,
    "results": {
        "CONF2": {
            "gsolv": {
                "gsolv": -0.012021259744017243,
                "energy_gas": -511.89203829748,
                "energy_solv": -511.904059557224
            },
            "gtot": -511.904059557224,
            "bmw": 0.547758263438343
        },
        "CONF1": {
            "gsolv": {
                "gsolv": -0.010988234199032831,
                "energy_gas": -511.892890401159,
                "energy_solv": -511.903878635358
            },
            "gtot": -511.903878635358,
            "bmw": 0.452241736561657
        }
    },
    "settings": {
        "threshold": 3.5,
        "func": "r2scan-3c",
        "basis": "def2-tzvp",
        "prog": "orca",
        "sm": "smd",
        "gfnv": "gfn2",
        "run": true,
        "implicit": false,
        "template": false
    },
    "nconf_in": 2,
    "nconf_out": 2
}