{
    "partname": "refinement",
    "runtime": 371.9493244960904,
    "results": {
        "CONF1": {
            "gsolv": {
                "gsolv": -0.011157662749951669,
                "energy_gas": -512.010911757986,
                "energy_solv": -512.022069420736
            },
            "gtot": -512.022069420736,
            "bmw": 0.47084753353137787
        },
        "CONF2": {
            "gsolv": {
                "gsolv": -0.012031791316076124,
                "energy_gas": -512.010147855582,
                "energy_solv": -512.022179646898
            },
            "gtot": -512.022179646898,
            "bmw": 0.5291524664686221
        }
    },
    "settings": {
        "threshold": 0.95,
        "func": "wb97x-v",
        "basis": "def2-tzvp",
        "prog": "orca",
        "sm": "smd",
        "gfnv": "gfn2",
        "run": true,
        "implicit": false,
        "template": false
    },
    "nconf_in": 2,
    "nconf_out": 2
}