{
   "temperature":     298.150000000000,
   "unit": "hartree",
   "energy":     -34.682830004999,
   "free energy":     -34.461026662391,
   "G(T)":       0.221803342608,
   "ZPVE":       0.260001354872,
   "number of imags":0,
   "point group": "c1",
   "gradient norm":       0.000029344450
}
