{
   "temperature":     298.150000000000,
   "unit": "hartree",
   "energy":     -13.920493687677,
   "free energy":     -13.829394000808,
   "G(T)":       0.091099686869,
   "ZPVE":       0.119008775206,
   "number of imags":0,
   "point group": "c1",
   "gradient norm":       0.000030483373
}
