{
   "temperature":     298.150000000000,
   "unit": "hartree",
   "energy":      -7.825769065112,
   "free energy":      -7.797038786286,
   "G(T)":       0.028730278826,
   "ZPVE":       0.050760745516,
   "number of imags":0,
   "point group": "c2",
   "gradient norm":       0.000021946480
}
