{
   "temperature":     298.150000000000,
   "unit": "hartree",
   "energy":     -15.774493264786,
   "free energy":     -15.671247198618,
   "G(T)":       0.103246066168,
   "ZPVE":       0.134477760406,
   "number of imags":0,
   "point group": "c1",
   "gradient norm":       0.000021878857
}
