{
   "temperature":     298.150000000000,
   "unit": "hartree",
   "energy":     -43.388476152719,
   "free energy":     -43.240845043838,
   "G(T)":       0.147631108880,
   "ZPVE":       0.186185416130,
   "number of imags":0,
   "point group": "c1",
   "gradient norm":       0.000064104014
}
