{
   "temperature":     298.150000000000,
   "unit": "hartree",
   "energy":     -31.877012522475,
   "free energy":     -31.736541856332,
   "G(T)":       0.140470666143,
   "ZPVE":       0.177765969068,
   "number of imags":0,
   "point group": "c1",
   "gradient norm":       0.000049638261
}
