{
    "partname": "prescreening",
    "runtime": 6.43603580724448,
    "results": {
        "CONF2": {
            "xtb_gsolv": {
                "gsolv": -0.0008118447209994883,
                "energy_xtb_gas": -17.72128899221,
                "energy_xtb_solv": -17.722100836931
            },
            "sp": {
                "energy": -233.085474113128
            },
            "gtot": -233.086285957849,
            "bmw": 0.034536922737939936
        },
        "CONF1": {
            "xtb_gsolv": {
                "gsolv": -0.0008346168770003715,
                "energy_xtb_gas": -17.721848771421,
                "energy_xtb_solv": -17.722683388298
            },
            "sp": {
                "energy": -233.08859601957
            },
            "gtot": -233.089430636447,
            "bmw": 0.9654630772620602
        }
    },
    "settings": {
        "threshold": 4.0,
        "func": "pbe-d4",
        "basis": "def2-sv(p)",
        "prog": "orca",
        "gfnv": "gfn2",
        "run": true,
        "template": false
    },
    "nconf_in": 2,
    "nconf_out": 2
}