{
    "partname": "screening",
    "runtime": 34.93924123886973,
    "results": {
        "CONF1": {
            "gsolv": {
                "gsolv": -0.001793044937983268,
                "energy_gas": -233.587381975166,
                "energy_solv": -233.589175020104
            },
            "gtot": -233.589175020104,
            "bmw": 0.902370953037809
        },
        "CONF2": {
            "gsolv": {
                "gsolv": -0.0022852199120109162,
                "energy_gas": -233.584790076472,
                "energy_solv": -233.587075296384
            },
            "gtot": -233.587075296384,
            "bmw": 0.09762904696219091
        }
    },
    "settings": {
        "threshold": 3.5,
        "func": "r2scan-3c",
        "basis": "def2-tzvp",
        "prog": "orca",
        "sm": "smd",
        "gfnv": "gfn2",
        "run": true,
        "implicit": false,
        "template": false
    },
    "nconf_in": 2,
    "nconf_out": 2
}