{
    "partname": "refinement",
    "runtime": 147.49220197089016,
    "results": {
        "CONF1": {
            "gsolv": {
                "gsolv": -0.0023801936159770776,
                "energy_gas": -233.667077233879,
                "energy_solv": -233.669457427495
            },
            "gtot": -233.669457427495,
            "bmw": 0.9340446327238782
        },
        "CONF2": {
            "gsolv": {
                "gsolv": -0.002891977724004846,
                "energy_gas": -233.664062847233,
                "energy_solv": -233.666954824957
            },
            "gtot": -233.666954824957,
            "bmw": 0.06595536727612175
        }
    },
    "settings": {
        "threshold": 0.95,
        "func": "wb97x-v",
        "basis": "def2-tzvp",
        "prog": "orca",
        "sm": "smd",
        "gfnv": "gfn2",
        "run": true,
        "implicit": false,
        "template": false
    },
    "nconf_in": 2,
    "nconf_out": 2
}