{
   "temperature":     298.150000000000,
   "unit": "hartree",
   "energy":     -13.665219468850,
   "free energy":     -13.561959693405,
   "G(T)":       0.103259775445,
   "ZPVE":       0.130697865805,
   "number of imags":0,
   "point group": "c2h",
   "gradient norm":       0.000018522235
}
