{
   "temperature":     298.150000000000,
   "unit": "hartree",
   "energy":     -33.641420282576,
   "free energy":     -33.443786593756,
   "G(T)":       0.197633688820,
   "ZPVE":       0.235742608669,
   "number of imags":0,
   "point group": "c1",
   "gradient norm":       0.000027146724
}
