{
   "temperature":     298.150000000000,
   "unit": "hartree",
   "energy":     -11.547676131699,
   "free energy":     -11.491606420384,
   "G(T)":       0.056069711316,
   "ZPVE":       0.083110447556,
   "number of imags":0,
   "point group": "cs",
   "gradient norm":       0.000064017330
}
