{
   "temperature":     298.150000000000,
   "unit": "hartree",
   "energy":     -22.488925846340,
   "free energy":     -22.380577153467,
   "G(T)":       0.108348692873,
   "ZPVE":       0.141263731748,
   "number of imags":0,
   "point group": "c1",
   "gradient norm":       0.000068133688
}
