{
   "temperature":     298.150000000000,
   "unit": "hartree",
   "energy":     -19.322238765751,
   "free energy":     -19.238260141298,
   "G(T)":       0.083978624453,
   "ZPVE":       0.113178292822,
   "number of imags":0,
   "point group": "cs",
   "gradient norm":       0.000061967105
}
