{
    "partname": "prescreening",
    "runtime": 8.159898366779089,
    "results": {
        "CONF1": {
            "xtb_gsolv": {
                "gsolv": -0.004837814927999062,
                "energy_xtb_gas": -22.340241644494,
                "energy_xtb_solv": -22.345079459422
            },
            "sp": {
                "energy": -360.863597105199
            },
            "gtot": -360.868434920127,
            "bmw": 0.651095779993549
        },
        "CONF2": {
            "xtb_gsolv": {
                "gsolv": -0.0051548717660026,
                "energy_xtb_gas": -22.339792272536,
                "energy_xtb_solv": -22.344947144302
            },
            "sp": {
                "energy": -360.862691010507
            },
            "gtot": -360.867845882273,
            "bmw": 0.348904220006451
        }
    },
    "settings": {
        "threshold": 4.0,
        "func": "pbe-d4",
        "basis": "def2-sv(p)",
        "prog": "orca",
        "gfnv": "gfn2",
        "run": true,
        "template": false
    },
    "nconf_in": 2,
    "nconf_out": 2
}