{
    "partname": "screening",
    "runtime": 44.209695706143975,
    "results": {
        "CONF1": {
            "gsolv": {
                "gsolv": -0.01078977865199704,
                "energy_gas": -361.523063796302,
                "energy_solv": -361.533853574954
            },
            "gtot": -361.533853574954,
            "bmw": 0.5853259218195359
        },
        "CONF2": {
            "gsolv": {
                "gsolv": -0.011498788178982977,
                "energy_gas": -361.522029349315,
                "energy_solv": -361.533528137494
            },
            "gtot": -361.533528137494,
            "bmw": 0.41467407818046403
        }
    },
    "settings": {
        "threshold": 3.5,
        "func": "r2scan-3c",
        "basis": "def2-tzvp",
        "prog": "orca",
        "sm": "smd",
        "gfnv": "gfn2",
        "run": true,
        "implicit": false,
        "template": false
    },
    "nconf_in": 2,
    "nconf_out": 2
}