{
    "partname": "refinement",
    "runtime": 237.3130055097863,
    "results": {
        "CONF1": {
            "gsolv": {
                "gsolv": -0.012308825195020745,
                "energy_gas": -361.625142277526,
                "energy_solv": -361.637451102721
            },
            "gtot": -361.637451102721,
            "bmw": 0.6330422203390805
        },
        "CONF2": {
            "gsolv": {
                "gsolv": -0.01296379903902789,
                "energy_gas": -361.623972449401,
                "energy_solv": -361.63693624844
            },
            "gtot": -361.63693624844,
            "bmw": 0.36695777966091947
        }
    },
    "settings": {
        "threshold": 0.95,
        "func": "wb97x-v",
        "basis": "def2-tzvp",
        "prog": "orca",
        "sm": "smd",
        "gfnv": "gfn2",
        "run": true,
        "implicit": false,
        "template": false
    },
    "nconf_in": 2,
    "nconf_out": 2
}