{
   "temperature":     298.150000000000,
   "unit": "hartree",
   "energy":     -35.073978947880,
   "free energy":     -34.920590232458,
   "G(T)":       0.153388715422,
   "ZPVE":       0.188145622434,
   "number of imags":0,
   "point group": "c2v",
   "gradient norm":       0.000049143204
}
