Charm++: standalone mode (not using charmrun)
Charm++> Running in Multicore mode: 12 threads (PEs)
Charm++> Using recursive bisection (scheme 3) for topology aware partitions
Converse/Charm++ Commit ID: 
CharmLB> Load balancer assumes all CPUs are same.
Charm++> Running on 1 hosts (2 sockets x 6 cores x 1 PUs = 12-way SMP)
Charm++> cpu topology info is gathered in 0.001 seconds.
Info: Built with CUDA version 11080
Pe 2 physical rank 2 will use CUDA device of pe 8
Pe 11 physical rank 11 will use CUDA device of pe 8
Pe 10 physical rank 10 will use CUDA device of pe 8
Pe 1 physical rank 1 will use CUDA device of pe 8
Did not find +devices i,j,k,... argument, using all
Pe 0 physical rank 0 will use CUDA device of pe 8
Pe 5 physical rank 5 will use CUDA device of pe 8
Pe 8 physical rank 8 binding to CUDA device 0 on k091: 'NVIDIA A100-PCIE-40GB'  Mem: 40626MB  Rev: 8.0  PCI: 0:cc:0
Pe 9 physical rank 9 will use CUDA device of pe 8
Pe 6 physical rank 6 will use CUDA device of pe 8
Pe 3 physical rank 3 will use CUDA device of pe 8
Pe 4 physical rank 4 will use CUDA device of pe 8
Pe 7 physical rank 7 will use CUDA device of pe 8
CharmLB> Load balancing instrumentation for communication is off.
Info: NAMD 3.0.1 for Linux-x86_64-multicore-CUDA
Info: 
Info: Please visit http://www.ks.uiuc.edu/Research/namd/
Info: for updates, documentation, and support information.
Info: 
Info: Please cite Phillips et al., J. Chem. Phys. 153:044130 (2020) doi:10.1063/5.0014475
Info: in all publications reporting results obtained with NAMD.
Info: 
Info: Based on Charm++/Converse 80000 for multicore-linux-x86_64-gcc
Info: Built Mon Oct 14 10:33:44 CDT 2024 by dhardy on athine.ks.uiuc.edu
Info: 1 NAMD  3.0.1  Linux-x86_64-multicore-CUDA  12    k091  z5358697
Info: Running on 12 processors, 1 nodes, 1 physical nodes.
Info: CPU topology information available.
Info: Charm++/Converse parallel runtime startup completed at 0.115279 s
CkLoopLib is used in SMP with simple dynamic scheduling (converse-level notification)
Info: 0 MB of memory in use based on /proc/self/stat
Info: Configuration file is prod.namd
Info: Working in the current directory /srv/scratch/z5358697/.automated/4968
TCL: Running FEP window   1: Lambda1 0.00   Lambda2 0.05   [dLambda 0.05  ]
TCL: Suspending until startup complete.
Warning: The following variables were set in the
Warning: configuration file but will be ignored:
Warning:    switchdist (switching)
Warning: Option "1-4scaling" has been deprecated. Instead use "oneFourScaling".
Info: EXTENDED SYSTEM FILE   mobley_3589456_equil.xsc
Info: Tuning parameters to improve GPU-resident performance
Warning: Keeping margin at user-specified value 2
Warning: Performance might be improved by increasing margin size to >= 4
Warning: Disabling lonepair support due to incompatability with GPU-resident.
Info: Running with GPU-resident mode
Warning: Always using force tables for GPU nonbonded kernel due to unsupported config parameters.
Info: SIMULATION PARAMETERS:
Info: TIMESTEP               2
Info: NUMBER OF STEPS        0
Info: STEPS PER CYCLE        10
Info: PERIODIC CELL BASIS 1  32.0284 0 0
Info: PERIODIC CELL BASIS 2  0 30.2443 0
Info: PERIODIC CELL BASIS 3  0 0 31.6532
Info: PERIODIC CELL CENTER   0 0 0
Info: WRAPPING WATERS AROUND PERIODIC BOUNDARIES ON OUTPUT.
Info: WRAPPING ALL CLUSTERS AROUND PERIODIC BOUNDARIES ON OUTPUT.
Info: LOAD BALANCER  Centralized
Info: LOAD BALANCING STRATEGY  New Load Balancers -- DEFAULT
Info: LDB PERIOD             2000 steps
Info: FIRST LDB TIMESTEP     50
Info: LAST LDB TIMESTEP     -1
Info: LDB BACKGROUND SCALING 1
Info: HOM BACKGROUND SCALING 1
Info: PME BACKGROUND SCALING 1
Info: MIN ATOMS PER PATCH    40
Info: EMPTY PATCH LOAD       40 ATOMS
Info: VELOCITY FILE          mobley_3589456_equil.vel
Info: CENTER OF MASS MOVING INITIALLY? NO
Info: DIELECTRIC             1
Info: EXCLUDE                SCALED ONE-FOUR
Info: 1-4 ELECTROSTATICS SCALED BY 0.833333
Info: MODIFIED 1-4 VDW PARAMETERS WILL BE USED
Info: DCD FILENAME           mobley_3589456_prod.dcd
Info: DCD FREQUENCY          100000
Info: DCD FIRST STEP         100000
Info: DCD FILE WILL CONTAIN UNIT CELL DATA
Info: XST FILENAME           mobley_3589456_prod.xst
Info: XST FREQUENCY          100000
Info: NO VELOCITY DCD OUTPUT
Info: NO FORCE DCD OUTPUT
Info: OUTPUT FILENAME        mobley_3589456_prod
Info: BINARY OUTPUT FILES WILL BE USED
Info: RESTART FILENAME       mobley_3589456_prod.restart
Info: RESTART FREQUENCY      100000
Info: BINARY RESTART FILES WILL BE USED
Info: CUTOFF                 9
Info: PAIRLIST DISTANCE      11
Info: PAIRLIST SHRINK RATE   0.01
Info: PAIRLIST GROW RATE     0.01
Info: PAIRLIST TRIGGER       0.3
Info: PAIRLISTS PER CYCLE    2
Info: PAIRLISTS ENABLED
Info: MARGIN                 2
Info: HYDROGEN GROUP CUTOFF  2.5
Info: PATCH DIMENSION        15.5
Info: ENERGY OUTPUT STEPS    100000
Warning: The period of outputting energies relating to alchemical transformations (alchOutFreq = 50) is not a multiple of the period of computing energies (computeEnergies = 100000). If alchOutFreq is smaller than outputEnergies and computeEnergies is not defined, a better solution is to set computeEnergies explicitly and keep it the same as alchOutFreq. The simulation will use the greatest common divisor of computeEnergies and alchOutFreq as the period of energy evaluation.
Info: ENERGY EVALUATION STEPS    100000
Info: OUTPUT ENERGY PRECISION 4
Info: CROSSTERM ENERGY INCLUDED IN DIHEDRAL
Info: TIMING OUTPUT STEPS    1000000
Info: PRESSURE OUTPUT STEPS  100000
Info: ALCHEMICAL FEP ON
Info: FEP CURRENT LAMBDA VALUE     0
Info: FEP COMPARISON LAMBDA VALUE  0.05
Info: FEP INTRA-ALCHEMICAL NON-BONDED INTERACTIONS WILL BE RETAINED
Info: FEP INTRA-ALCHEMICAL BONDED INTERACTIONS WILL BE RETAINED
Info: FEP VDW SHIFTING COEFFICIENT 5
Info: FEP ELEC. ACTIVE FOR ANNIHILATED PARTICLES BETWEEN LAMBDA = 0 AND LAMBDA = 0.5
Info: FEP ELEC. ACTIVE FOR EXNIHILATED PARTICLES BETWEEN LAMBDA = 0.5 AND LAMBDA = 1
Info: FEP VDW ACTIVE FOR ANNIHILATED PARTICLES BETWEEN LAMBDA = 0 AND LAMBDA = 1
Info: FEP VDW ACTIVE FOR EXNIHILATED PARTICLES BETWEEN LAMBDA = 0 AND LAMBDA = 1
Info: FEP BOND ACTIVE FOR ANNIHILATED PARTICLES BETWEEN LAMBDA = 1 AND LAMBDA = 1
Info: FEP BOND ACTIVE FOR EXNIHILATED PARTICLES BETWEEN LAMBDA = 0 AND LAMBDA = 0
Info: LANGEVIN DYNAMICS ACTIVE
Info: LANGEVIN TEMPERATURE   300
Info: LANGEVIN USING BBK INTEGRATOR
Info: LANGEVIN DAMPING COEFFICIENT IS 1 INVERSE PS
Info: LANGEVIN DYNAMICS APPLIED TO HYDROGENS
Info: LANGEVIN PISTON PRESSURE CONTROL ACTIVE
Info:        TARGET PRESSURE IS 1.01325 BAR
Info:     OSCILLATION PERIOD IS 50 FS
Info:             DECAY TIME IS 25 FS
Info:     PISTON TEMPERATURE IS 300 K
Info:       PRESSURE CONTROL IS GROUP-BASED
Info:    INITIAL STRAIN RATE IS 1.3755e-06 1.3755e-06 1.3755e-06
Info:       CELL FLUCTUATION IS ISOTROPIC
Info: PARTICLE MESH EWALD (PME) ACTIVE
Info: PME TOLERANCE               1e-06
Info: PME EWALD COEFFICIENT       0.348832
Info: PME INTERPOLATION ORDER     4
Info: PME GRID DIMENSIONS         36 32 32
Info: PME MAXIMUM GRID SPACING    1
Info: PME CALCULATION WILL BE PERFORMED ON GPU
Info: FULL ELECTROSTATIC EVALUATION FREQUENCY      2
Info: USING VERLET I (r-RESPA) MTS SCHEME.
Info: C1 SPLITTING OF LONG RANGE ELECTROSTATICS
Info: PLACING ATOMS IN PATCHES BY HYDROGEN GROUPS
Info: RIGID BONDS TO HYDROGEN : ALL
Info:         ERROR TOLERANCE : 1e-08
Info:          MAX ITERATIONS : 100
Info: RIGID WATER USING SETTLE ALGORITHM
Info: RANDOM NUMBER SEED     1743962805
Info: USE HYDROGEN BONDS?    NO
Info: Using AMBER format force field!
Info: AMBER PARM FILE        mobley_3589456.prmtop
Info: COORDINATE PDB         mobley_3589456.pdb
Info: Exclusions will be read from PARM file!
Info: SCNB (VDW SCALING)     2
Info: USING ARITHMETIC MEAN TO COMBINE L-J SIGMA PARAMETERS
Info: BINARY COORDINATES     mobley_3589456_equil.coor
Info: === Start reading AMBER parm7 format file mobley_3589456.prmtop ===
Info: Complete reading ATOM_NAME with 2960 fields.
Info: Complete reading CHARGE with 2960 fields.
Info: Complete reading ATOMIC_NUMBER with 2960 fields.
Info: Complete reading MASS with 2960 fields.
Info: Complete reading ATOM_TYPE_INDEX with 2960 fields.
Info: Complete reading NUMBER_EXCLUDED_ATOMS with 2960 fields.
Info: Complete reading NONBONDED_PARM_INDEX with 36 fields.
Info: Complete reading RESIDUE_LABEL with 981 fields.
Info: Complete reading RESIDUE_POINTER with 981 fields.
Info: Complete reading BOND_FORCE_CONSTANT with 6 fields.
Info: Complete reading BOND_EQUIL_VALUE with 6 fields.
Info: Complete reading ANGLE_FORCE_CONSTANT with 8 fields.
Info: Complete reading ANGLE_EQUIL_VALUE with 8 fields.
Info: Complete reading DIHEDRAL_FORCE_CONSTANT with 9 fields.
Info: Complete reading DIHEDRAL_PERIODICITY with 9 fields.
Info: Complete reading DIHEDRAL_PHASE with 9 fields.
Info: Complete reading SCEE_SCALE_FACTOR with 9 fields.
Info: Complete reading SCNB_SCALE_FACTOR with 9 fields.
Info: Complete reading LENNARD_JONES_ACOEF with 21 fields.
Info: Complete reading LENNARD_JONES_BCOEF with 21 fields.
Info: Complete reading BONDS_INC_HYDROGEN with 8853 fields.
Info: Complete reading BONDS_WITHOUT_HYDROGEN with 24 fields.
Info: Complete reading ANGLES_INC_HYDROGEN with 92 fields.
Info: Complete reading ANGLES_WITHOUT_HYDROGEN with 40 fields.
Info: Complete reading DIHEDRALS_INC_HYDROGEN with 105 fields.
Info: Complete reading DIHEDRALS_WITHOUT_HYDROGEN with 135 fields.
Info: Complete reading EXCLUDED_ATOMS_LIST with 4003 fields.
Info: Complete reading HBOND_ACOEF with 0 fields.
Info: Complete reading HBOND_BCOEF with 0 fields.
Info: Complete reading AMBER_ATOM_TYPE with 2960 fields.
Info: Complete reading TREE_CHAIN_CLASSIFICATION with 2960 fields.
Info: Complete reading ATOMS_PER_MOLECULE with 981 fields.
Info: Complete reading BOX_DIMENSIONS with 4 fields.
Info: Complete reading RADIUS_SET with 1 fields.
Info: Complete reading RADII with 2960 fields.
Info: Complete reading SCREEN with 2960 fields.
Info: === Finish reading AMBER parm7 format file. ===
Warning: Found 980 H-H bonds.
Info: SUMMARY OF PARAMETERS:
Info: 6 BONDS
Info: 8 ANGLES
Info:   8 HARMONIC
Info:   0 COSINE-BASED
Info: 9 DIHEDRAL
Info: 0 IMPROPER
Info: 0 CROSSTERM
Info: 0 VDW
Info: 21 VDW_PAIRS
Info: 0 NBTHOLE_PAIRS
Info: Reading pdb file mobley_3589456.pdb
Info: TIME FOR READING PDB FILE: 0.0109661
Info: 
Info: To read alchdata from file: mobley_3589456.pdb
Info: To read alchflag data from column: 5
Info: ****************************
Info: STRUCTURE SUMMARY:
Info: 2960 ATOMS
Info: 2959 BONDS
Info: 33 ANGLES
Info: 48 DIHEDRALS
Info: 0 IMPROPERS
Info: 0 CROSSTERMS
Info: 3019 EXCLUSIONS
Info: 2951 RIGID BONDS
Info: ALCH: 0 ATOMS TO DISAPPEAR IN FINAL STATE
Info: ALCH: 20 ATOMS TO APPEAR IN FINAL STATE
Info: 5929 DEGREES OF FREEDOM
Info: 989 HYDROGEN GROUPS
Info: 4 ATOMS IN LARGEST HYDROGEN GROUP
Info: 989 MIGRATION GROUPS
Info: 4 ATOMS IN LARGEST MIGRATION GROUP
Info: TOTAL MASS = 17810.3 amu
Info: TOTAL CHARGE = -0.000200033 e
Info: MASS DENSITY = 0.964567 g/cm^3
Info: ATOM DENSITY = 0.0965372 atoms/A^3
Info: *****************************
Info: Reading from binary file mobley_3589456_equil.coor
Info: 
Info: Entering startup at 0.39278 s, 0 MB of memory in use
Info: Startup phase 0 took 0.000100499 s, 0 MB of memory in use
Info: ADDED 0 IMPLICIT EXCLUSIONS
Info: Startup phase 1 took 0.00109698 s, 0 MB of memory in use
Info: NONBONDED TABLE R-SQUARED SPACING: 0.0625
Info: NONBONDED TABLE SIZE: 705 POINTS
Info: INCONSISTENCY IN FAST TABLE ENERGY VS FORCE: 0.000290481 AT 0.251946
Info: INCONSISTENCY IN SCOR TABLE ENERGY VS FORCE: 0.000238233 AT 8.9687
Info: ABSOLUTE IMPRECISION IN VDWA TABLE ENERGY: 1.21169e-27 AT 8.99653
Info: ABSOLUTE IMPRECISION IN VDWA TABLE FORCE: 2.57484e-27 AT 8.99653
Info: INCONSISTENCY IN VDWA TABLE ENERGY VS FORCE: 0.0040507 AT 0.251946
Info: INCONSISTENCY IN VDWB TABLE ENERGY VS FORCE: 0.00150189 AT 0.251946
Info: Startup phase 2 took 0.000240252 s, 0 MB of memory in use
Info: Startup phase 3 took 6.4067e-05 s, 0 MB of memory in use
Info: Startup phase 4 took 0.000373457 s, 0 MB of memory in use
Info: Startup phase 5 took 5.8368e-05 s, 0 MB of memory in use
Info: PATCH GRID IS 4 (PERIODIC) BY 3 (PERIODIC) BY 2 (PERIODIC)
Info: PATCH GRID IS 2-AWAY BY 2-AWAY BY 1-AWAY
Info: Reading from binary file mobley_3589456_equil.vel
Info: REMOVING COM VELOCITY 0.0410827 -0.0686948 -0.133006
Info: LARGEST PATCH (15) HAS 138 ATOMS
Info: TORUS A SIZE 1 USING 0
Info: TORUS B SIZE 1 USING 0
Info: TORUS C SIZE 1 USING 0
Info: TORUS MINIMAL MESH SIZE IS 1 BY 1 BY 1
Info: Placed 100% of base nodes on same physical node as patch
Info: Startup phase 6 took 0.00924796 s, 0 MB of memory in use
Info: Use 3D box decompostion in PME FFT.
Info: PME using 1 x 1 x 1 pencil grid for FFT and reciprocal sum.
Info: Startup phase 7 took 0.000154796 s, 0 MB of memory in use
Info: Updated CUDA force table with 4096 elements.
Info: Updated CUDA LJ table with 6 x 6 elements.
Info: Startup phase 8 took 0.000783166 s, 0 MB of memory in use
Info: Startup phase 9 took 8.3554e-05 s, 0 MB of memory in use
Info: Startup phase 10 took 5.4989e-05 s, 0 MB of memory in use
Info: Startup phase 11 took 0.00368072 s, 0 MB of memory in use
LDB: Central LB being created...
Info: Startup phase 12 took 0.0767595 s, 0 MB of memory in use
Info: CREATING 1176 COMPUTE OBJECTS
Info: Found 20 unique exclusion lists needing 52 bytes
Info: useSync: 0 useProxySync: 0
Info: Startup phase 13 took 0.0143473 s, 0 MB of memory in use
Info: Startup phase 14 took 8.2272e-05 s, 0 MB of memory in use
Info: Startup phase 15 took 8.3311e-05 s, 0 MB of memory in use
Info: Finished startup at 0.499991 s, 0 MB of memory in use

TCL: Running for 1500000 steps
FEP: RESETTING FOR NEW FEP WINDOW LAMBDA SET TO 0 LAMBDA2 0.05
FEP: WINDOW TO HAVE 100000 STEPS OF EQUILIBRATION PRIOR TO FEP DATA COLLECTION.
FEP: USING CONSTANT TEMPERATURE OF 300 K FOR FEP CALCULATION
PRESSURE: 0 -406.859 337.323 485.122 337.328 -171.416 303.638 485.121 303.636 -62.8185
GPRESSURE: 0 -159.64 219.126 379.7 410.141 21.7211 555.218 307.609 137.04 -219.971
ETITLE:      TS           BOND          ANGLE          DIHED          IMPRP               ELECT            VDW       BOUNDARY           MISC        KINETIC               TOTAL           TEMP      POTENTIAL       TOTALAVG        TEMPAVG            PRESSURE      GPRESSURE         VOLUME       PRESSAVG      GPRESSAVG
FEPTITLE:    TS          BOND2         ELECT2           VDW2

ENERGY:       0         3.0977         8.3167        16.0324         0.0000         -10822.6033      1467.3237         0.0000         0.0000      1759.0807          -7568.7520       298.6034     -9327.8327     -7568.7520       298.6034           -213.6979      -119.2966     30661.7626      -213.6979      -119.2966
FEP:          0        27.4469    -10822.6033      1466.7134

OPENING FEP ENERGY OUTPUT FILE
OPENING EXTENDED SYSTEM TRAJECTORY FILE
Info: Initial time: 12 CPUs 0.00131593 s/step 131.314 ns/day 0 MB memory
Info: Initial time: 12 CPUs 0.000635759 s/step 271.801 ns/day 0 MB memory
Info: Initial time: 12 CPUs 0.000628361 s/step 275.001 ns/day 0 MB memory
Info: Benchmark time: 12 CPUs 0.000635486 s/step 271.918 ns/day 0 MB memory
Info: Benchmark time: 12 CPUs 0.000654774 s/step 263.908 ns/day 0 MB memory
Info: Benchmark time: 12 CPUs 0.000622833 s/step 277.442 ns/day 0 MB memory
Info: Benchmark time: 12 CPUs 0.000601246 s/step 287.403 ns/day 0 MB memory
Info: Benchmark time: 12 CPUs 0.000369035 s/step 468.248 ns/day 0 MB memory
Info: Benchmark time: 12 CPUs 0.000368791 s/step 468.558 ns/day 0 MB memory
PRESSURE: 100000 972.888 98.0256 82.8823 98.0248 693.96 -235.463 82.8782 -235.463 -502.521
GPRESSURE: 100000 1019.29 234.744 180.662 84.57 599.467 -420.533 170.99 -330.7 -286.999
PRESSAVG: 100000 283.015 217.676 284 217.676 261.272 34.0868 284 34.0868 -282.669
GPRESSAVG: 100000 429.824 226.935 280.181 247.355 310.594 67.3425 239.299 -96.8302 -253.485
ENERGY:  100000         3.1866         9.3944        16.6500         0.0000         -10762.1932      1495.9955         0.0000         0.0000      1785.7130          -7451.2537       303.1242     -9236.9667     -7510.0028       300.8638            388.1092       443.9184     30402.4601        87.2057       162.3109
FEP:     100000        29.2310    -10762.1932      1500.1630

WRITING EXTENDED SYSTEM TO RESTART FILE AT STEP 100000
OPENING COORDINATE DCD FILE
WRITING COORDINATES TO DCD FILE mobley_3589456_prod.dcd AT STEP 100000
WRITING COORDINATES TO RESTART FILE AT STEP 100000
FINISHED WRITING RESTART COORDINATES
The last position output (seq=100000) takes 0.013 seconds, 0.000 MB of memory in use
WRITING VELOCITIES TO RESTART FILE AT STEP 100000
FINISHED WRITING RESTART VELOCITIES
The last velocity output (seq=100000) takes 0.007 seconds, 0.000 MB of memory in use
PRESSURE: 200000 -753.836 -293.629 -91.9671 -293.626 -1694.46 -427.393 -91.9696 -427.395 -1194
GPRESSURE: 200000 -635.415 -113.146 -306.664 -590.204 -1579.82 -50.5693 -103.721 -652.707 -1162.22
PRESSAVG: 200000 -62.6023 47.2422 158.677 47.2422 -390.64 -119.74 158.677 -119.74 -586.445
GPRESSAVG: 200000 74.7442 113.575 84.5664 -31.8309 -319.546 28.0385 124.959 -282.123 -556.397
ENERGY:  200000         7.0590         8.8473        17.2116         0.0000         -10587.5482      1306.5134         0.0000         0.0000      1728.8643          -7519.0525       293.4741     -9247.9168     -7513.0194       298.4006          -1214.0984     -1125.8205     30315.6280      -346.5624      -267.0662
FEP:     200000        33.1179    -10587.5482      1311.9070

WRITING EXTENDED SYSTEM TO RESTART FILE AT STEP 200000
WRITING COORDINATES TO DCD FILE mobley_3589456_prod.dcd AT STEP 200000
WRITING COORDINATES TO RESTART FILE AT STEP 200000
FINISHED WRITING RESTART COORDINATES
The last position output (seq=200000) takes 0.012 seconds, 0.000 MB of memory in use
WRITING VELOCITIES TO RESTART FILE AT STEP 200000
FINISHED WRITING RESTART VELOCITIES
The last velocity output (seq=200000) takes 0.013 seconds, 0.000 MB of memory in use
PRESSURE: 300000 -513.381 -150.238 91.905 -150.24 -149.8 -327.226 91.9039 -327.229 -1433.68
GPRESSURE: 300000 -666.913 116.208 253.787 -199.643 79.864 -85.4254 -336.669 -510.461 -1328.04
PRESSAVG: 300000 -175.297 -2.12848 141.983 -2.12848 -330.43 -171.613 141.983 -171.613 -798.255
GPRESSAVG: 300000 -110.67 114.233 126.872 -73.784 -219.693 -0.327437 9.55196 -339.207 -749.308
ENERGY:  300000         5.5118         6.8470        15.8119         0.0000         -10676.7142      1379.1172         0.0000         0.0000      1760.5400          -7508.8862       298.8511     -9269.4262     -7511.9861       298.5132           -698.9550      -638.3634     30288.3633      -434.6605      -359.8905
FEP:     300000        28.1708    -10676.7142      1380.4666

WRITING EXTENDED SYSTEM TO RESTART FILE AT STEP 300000
WRITING COORDINATES TO DCD FILE mobley_3589456_prod.dcd AT STEP 300000
WRITING COORDINATES TO RESTART FILE AT STEP 300000
FINISHED WRITING RESTART COORDINATES
The last position output (seq=300000) takes 0.022 seconds, 0.000 MB of memory in use
WRITING VELOCITIES TO RESTART FILE AT STEP 300000
FINISHED WRITING RESTART VELOCITIES
The last velocity output (seq=300000) takes 0.016 seconds, 0.000 MB of memory in use
PRESSURE: 400000 63.3927 -513.043 -111.196 -513.044 -808.104 -184.385 -111.195 -184.384 -15.6726
GPRESSURE: 400000 272.938 -585.412 113.858 -402.409 -866.851 13.3188 -366.839 -535.014 38.7125
PRESSAVG: 400000 -127.559 -104.312 91.3477 -104.312 -425.965 -174.167 91.3477 -174.167 -641.738
GPRESSAVG: 400000 -33.9486 -25.6958 124.269 -139.509 -349.125 2.40181 -65.7263 -378.368 -591.704
ENERGY:  400000         2.7466        11.2112        15.8052         0.0000         -10707.7066      1417.8299         0.0000         0.0000      1752.4531          -7507.6606       297.4783     -9260.1137     -7511.1210       298.3062           -253.4613      -185.0670     30012.6920      -398.4207      -324.9258
FEP:     400000        29.7630    -10707.7066      1421.9847

WRITING EXTENDED SYSTEM TO RESTART FILE AT STEP 400000
WRITING COORDINATES TO DCD FILE mobley_3589456_prod.dcd AT STEP 400000
WRITING COORDINATES TO RESTART FILE AT STEP 400000
FINISHED WRITING RESTART COORDINATES
The last position output (seq=400000) takes 0.016 seconds, 0.000 MB of memory in use
WRITING VELOCITIES TO RESTART FILE AT STEP 400000
FINISHED WRITING RESTART VELOCITIES
The last velocity output (seq=400000) takes 0.019 seconds, 0.000 MB of memory in use
PRESSURE: 500000 882.693 291.514 563.296 291.515 -285.434 327.103 563.298 327.101 -647.663
GPRESSURE: 500000 791.268 237.625 549.659 355.72 -207.258 -45.84 463.76 349.922 -519.265
PRESSAVG: 500000 40.8164 -38.3405 170.006 -38.3405 -402.543 -90.6222 170.006 -90.6222 -642.726
GPRESSAVG: 500000 103.587 18.191 195.167 -56.9708 -325.48 -5.6385 22.5214 -256.987 -579.631
ENERGY:  500000         1.6070         8.3687        14.6277         0.0000         -10777.8048      1461.9175         0.0000         0.0000      1790.1110          -7501.1728       303.8707     -9291.2838     -7509.4630       299.2336            -16.8014        21.5817     30314.0449      -334.8175      -267.1746
FEP:     500000        24.6035    -10777.8048      1466.9012

WRITING EXTENDED SYSTEM TO RESTART FILE AT STEP 500000
WRITING COORDINATES TO DCD FILE mobley_3589456_prod.dcd AT STEP 500000
WRITING COORDINATES TO RESTART FILE AT STEP 500000
FINISHED WRITING RESTART COORDINATES
The last position output (seq=500000) takes 0.016 seconds, 0.000 MB of memory in use
WRITING VELOCITIES TO RESTART FILE AT STEP 500000
FINISHED WRITING RESTART VELOCITIES
The last velocity output (seq=500000) takes 0.016 seconds, 0.000 MB of memory in use
PRESSURE: 600000 -521.374 675.836 -288.594 675.838 -354.805 342.667 -288.595 342.668 145.257
GPRESSURE: 600000 -354.764 690.343 -300.227 572.504 -56.7884 458.558 -336.858 391.662 50.7572
PRESSAVG: 600000 -39.4965 63.685 104.492 63.685 -395.723 -28.7236 104.492 -28.7236 -530.157
GPRESSAVG: 600000 38.1087 114.213 124.397 32.9542 -287.096 60.6753 -28.8185 -164.323 -489.575
ENERGY:  600000         1.1961        11.0507        15.0154         0.0000         -10643.3296      1405.5720         0.0000         0.0000      1747.0439          -7463.4514       296.5601     -9210.4954     -7502.8899       298.8517           -243.6407      -120.2651     30291.2951      -321.7922      -246.1875
FEP:     600000        27.2622    -10643.3296      1409.1991

WRITING EXTENDED SYSTEM TO RESTART FILE AT STEP 600000
WRITING COORDINATES TO DCD FILE mobley_3589456_prod.dcd AT STEP 600000
WRITING COORDINATES TO RESTART FILE AT STEP 600000
FINISHED WRITING RESTART COORDINATES
The last position output (seq=600000) takes 0.022 seconds, 0.000 MB of memory in use
WRITING VELOCITIES TO RESTART FILE AT STEP 600000
FINISHED WRITING RESTART VELOCITIES
PRESSURE: 700000 -944.999 161.903 -250.415 161.906 19.8419 -451.237 -250.414 -451.24 155.815
GPRESSURE: 700000 -693.022 443.82 -368.823 -31.6191 277.74 -475.674 -408.834 -285.353 18.4377
PRESSAVG: 700000 -152.684 75.9626 60.1284 75.9626 -343.778 -81.5382 60.1284 -81.5382 -444.41
GPRESSAVG: 700000 -53.2826 155.414 62.7442 24.8825 -216.491 -6.36838 -76.3204 -179.451 -426.074
ENERGY:  700000         1.0142        16.1765        15.5071         0.0000         -10773.3760      1453.1922         0.0000         0.0000      1703.9996          -7583.4864       289.2534     -9287.4860     -7512.9645       297.6519           -256.4475      -132.2813     30622.2171      -313.6241      -231.9492
FEP:     700000        32.6978    -10773.3760      1455.5915

WRITING EXTENDED SYSTEM TO RESTART FILE AT STEP 700000
WRITING COORDINATES TO DCD FILE mobley_3589456_prod.dcd AT STEP 700000
WRITING COORDINATES TO RESTART FILE AT STEP 700000
FINISHED WRITING RESTART COORDINATES
The last position output (seq=700000) takes 0.016 seconds, 0.000 MB of memory in use
WRITING VELOCITIES TO RESTART FILE AT STEP 700000
FINISHED WRITING RESTART VELOCITIES
PRESSURE: 800000 -940.341 -403.628 425.544 -403.628 -928.864 -146.021 425.545 -146.021 -428.428
GPRESSURE: 800000 -673.256 -512.532 728.771 -182.018 -1115.65 -16.9684 -307.586 -368.14 -286.837
PRESSAVG: 800000 -240.202 22.6748 100.73 22.6748 -408.787 -88.7029 100.73 -88.7029 -442.635
GPRESSAVG: 800000 -122.169 81.1976 136.747 1.89356 -316.397 -7.54616 -102.017 -200.417 -410.603
ENERGY:  800000         3.0185         9.9931        15.1687         0.0000         -10674.9122      1367.0250         0.0000         0.0000      1771.3776          -7508.3293       300.6908     -9279.7069     -7512.4494       297.9896           -765.8777      -691.9135     30532.3501      -363.8745      -283.0564
FEP:     800000        28.1803    -10674.9122      1367.1215

WRITING EXTENDED SYSTEM TO RESTART FILE AT STEP 800000
WRITING COORDINATES TO DCD FILE mobley_3589456_prod.dcd AT STEP 800000
WRITING COORDINATES TO RESTART FILE AT STEP 800000
FINISHED WRITING RESTART COORDINATES
The last position output (seq=800000) takes 0.016 seconds, 0.000 MB of memory in use
WRITING VELOCITIES TO RESTART FILE AT STEP 800000
FINISHED WRITING RESTART VELOCITIES
PRESSURE: 900000 -565.683 93.1434 13.9888 93.144 -958.503 -10.109 13.9862 -10.1077 -430.012
GPRESSURE: 900000 -522.023 -104.386 131.412 -20.193 -1085.78 -156.23 -242.974 115.435 -253.132
PRESSAVG: 900000 -272.75 29.7217 92.0558 29.7217 -463.759 -80.8434 92.0558 -80.8434 -441.372
GPRESSAVG: 900000 -162.154 62.6392 136.214 -0.315096 -393.335 -22.4145 -116.112 -168.832 -394.856
ENERGY:  900000         3.1457        14.9390        15.3438         0.0000         -10744.4065      1410.8312         0.0000         0.0000      1775.8230          -7524.3239       301.4454     -9300.1469     -7513.6369       298.3351           -651.3994      -620.3107     30672.7882      -392.6270      -316.7818
FEP:     900000        33.4285    -10744.4065      1416.2032

WRITING EXTENDED SYSTEM TO RESTART FILE AT STEP 900000
WRITING COORDINATES TO DCD FILE mobley_3589456_prod.dcd AT STEP 900000
WRITING COORDINATES TO RESTART FILE AT STEP 900000
FINISHED WRITING RESTART COORDINATES
The last position output (seq=900000) takes 0.020 seconds, 0.000 MB of memory in use
WRITING VELOCITIES TO RESTART FILE AT STEP 900000
FINISHED WRITING RESTART VELOCITIES
PRESSURE: 1000000 1268.36 -234.152 -195.177 -234.151 -107.717 -580.594 -195.177 -580.59 182.198
GPRESSURE: 1000000 1269.46 74.5442 -384.431 -319.452 -8.13191 -796.888 -315.277 -94.7468 337.971
PRESSAVG: 1000000 -132.649 5.73327 65.9438 5.73327 -431.391 -126.275 65.9438 -126.275 -384.684
GPRESSAVG: 1000000 -32.0072 63.7215 88.8824 -29.3276 -358.317 -92.8212 -134.218 -162.097 -328.235
TIMING: 1000000  CPU: 370.174, 0.000369799/step  Wall: 370.904, 0.000370873/step, 465.927 ns/days, 0.0515102 hours remaining, 0.000000 MB of memory in use.
PERFORMANCE: 1000000  averaging 465.927 ns/day, 0.000370873 sec/step with standard deviation 0
ETITLE:      TS           BOND          ANGLE          DIHED          IMPRP               ELECT            VDW       BOUNDARY           MISC        KINETIC               TOTAL           TEMP      POTENTIAL       TOTALAVG        TEMPAVG            PRESSURE      GPRESSURE         VOLUME       PRESSAVG      GPRESSAVG
FEPTITLE:    TS          BOND2         ELECT2           VDW2

ENERGY: 1000000         1.4706        10.6391        14.4366         0.0000         -10810.7748      1531.8910         0.0000         0.0000      1764.9460          -7487.3916       299.5990     -9252.3375     -7511.2510       298.4500            447.6119       533.0999     30704.3241      -316.2416      -239.5198
FEP:    1000000        26.5462    -10810.7748      1535.1810

WRITING EXTENDED SYSTEM TO RESTART FILE AT STEP 1000000
WRITING COORDINATES TO DCD FILE mobley_3589456_prod.dcd AT STEP 1000000
WRITING COORDINATES TO RESTART FILE AT STEP 1000000
FINISHED WRITING RESTART COORDINATES
The last position output (seq=1000000) takes 0.017 seconds, 0.000 MB of memory in use
WRITING VELOCITIES TO RESTART FILE AT STEP 1000000
FINISHED WRITING RESTART VELOCITIES
PRESSURE: 1100000 2185.17 -30.059 -758.445 -30.0622 -128.949 -297.594 -758.446 -297.595 946.131
GPRESSURE: 1100000 2105.45 -298.07 -796.085 -283.784 110.668 -310.865 -548.12 -268.671 1006.91
PRESSAVG: 1100000 60.5019 2.75031 -2.75537 2.75031 -406.188 -140.552 -2.75537 -140.552 -273.783
GPRESSAVG: 1100000 146.114 33.5722 15.1351 -50.5323 -319.235 -110.991 -168.71 -170.978 -216.973
ENERGY: 1100000         2.8258         7.8777        14.6940         0.0000         -10798.4503      1553.6985         0.0000         0.0000      1729.8044          -7489.5500       293.6337     -9219.3544     -7509.4425       298.0487           1000.7830      1074.3418     30012.1292      -206.4896      -130.0314
FEP:    1100000        25.3974    -10798.4503      1556.5933

WRITING EXTENDED SYSTEM TO RESTART FILE AT STEP 1100000
WRITING COORDINATES TO DCD FILE mobley_3589456_prod.dcd AT STEP 1100000
WRITING COORDINATES TO RESTART FILE AT STEP 1100000
FINISHED WRITING RESTART COORDINATES
WRITING VELOCITIES TO RESTART FILE AT STEP 1100000
FINISHED WRITING RESTART VELOCITIES
PRESSURE: 1200000 -538.101 91.0366 2.12594 91.0401 -1175.88 -316.576 2.12788 -316.573 -1126.18
GPRESSURE: 1200000 -565.534 309.617 -26.4189 100.929 -989.106 -69.3858 -62.9047 -182.769 -1026.33
PRESSAVG: 1200000 14.4555 9.54184 -2.37974 9.54184 -465.395 -154.092 -2.37974 -154.092 -339.352
GPRESSAVG: 1200000 91.3719 54.8064 11.9386 -38.8814 -370.763 -107.791 -160.571 -171.885 -279.231
ENERGY: 1200000         3.2304        10.7695        15.9080         0.0000         -10623.9891      1355.2419         0.0000         0.0000      1734.4418          -7504.3976       294.4209     -9238.8394     -7509.0545       297.7696           -946.7223      -860.3230     30609.8811      -263.4306      -186.2076
FEP:    1200000        29.9078    -10623.9891      1356.3435

WRITING EXTENDED SYSTEM TO RESTART FILE AT STEP 1200000
WRITING COORDINATES TO DCD FILE mobley_3589456_prod.dcd AT STEP 1200000
WRITING COORDINATES TO RESTART FILE AT STEP 1200000
FINISHED WRITING RESTART COORDINATES
WRITING VELOCITIES TO RESTART FILE AT STEP 1200000
FINISHED WRITING RESTART VELOCITIES
PRESSURE: 1300000 461.273 720.588 -40.8594 720.585 490.308 -359.096 -40.8568 -359.098 58.7616
GPRESSURE: 1300000 342.037 796.045 -80.9205 628.457 546.089 97.3256 -67.0086 -153.646 236.999
PRESSAVG: 1300000 46.371 60.3306 -5.1281 60.3306 -397.131 -168.735 -5.1281 -168.735 -310.915
GPRESSAVG: 1300000 109.277 107.752 5.30582 8.78562 -305.274 -93.1398 -153.888 -170.582 -242.358
ENERGY: 1300000         4.9982         6.1749        15.6075         0.0000         -10713.8621      1454.5923         0.0000         0.0000      1799.3556          -7433.1336       305.4400     -9232.4892     -7503.6315       298.3175            336.7807       375.0418     29834.0695      -220.5583      -146.1184
FEP:    1300000        26.7806    -10713.8621      1456.5760

WRITING EXTENDED SYSTEM TO RESTART FILE AT STEP 1300000
WRITING COORDINATES TO DCD FILE mobley_3589456_prod.dcd AT STEP 1300000
WRITING COORDINATES TO RESTART FILE AT STEP 1300000
FINISHED WRITING RESTART COORDINATES
WRITING VELOCITIES TO RESTART FILE AT STEP 1300000
FINISHED WRITING RESTART VELOCITIES
PRESSURE: 1400000 -216.795 -84.5372 176.102 -84.5383 626.386 -320.354 176.103 -320.354 -754.029
GPRESSURE: 1400000 -220.979 -122.858 574.409 -105.22 625.394 -269.678 -112.887 -39.2257 -418.113
PRESSAVG: 1400000 28.8266 50.6727 6.95394 50.6727 -328.896 -178.843 6.95394 -178.843 -340.456
GPRESSAVG: 1400000 87.2595 92.378 43.246 1.18526 -243.229 -104.909 -151.155 -161.825 -254.075
ENERGY: 1400000         3.1044        12.8508        15.4854         0.0000         -10730.9138      1440.9923         0.0000         0.0000      1756.1810          -7502.3000       298.1111     -9258.4810     -7503.5428       298.3038           -114.8130        -4.5661     30431.9411      -213.5086      -136.6816
FEP:    1400000        31.4405    -10730.9138      1443.7006

WRITING EXTENDED SYSTEM TO RESTART FILE AT STEP 1400000
WRITING COORDINATES TO DCD FILE mobley_3589456_prod.dcd AT STEP 1400000
WRITING COORDINATES TO RESTART FILE AT STEP 1400000
FINISHED WRITING RESTART COORDINATES
WRITING VELOCITIES TO RESTART FILE AT STEP 1400000
FINISHED WRITING RESTART VELOCITIES
PRESSURE: 1500000 653.729 -320.507 200.411 -320.507 21.6252 6.10261 200.413 6.1051 28.9949
GPRESSURE: 1500000 712.284 -117.708 663.346 -255.056 95.7337 -119.25 -83.6344 -40.1611 83.5923
PRESSAVG: 1500000 67.883 27.474 19.0451 27.474 -306.989 -167.284 19.0451 -167.284 -317.366
GPRESSAVG: 1500000 126.324 79.2476 82.0023 -14.8298 -222.044 -105.805 -146.935 -154.221 -232.971
ENERGY: 1500000         1.5125         7.5016        15.3468         0.0000         -10806.3858      1472.7589         0.0000         0.0000      1762.5783          -7546.6878       299.1971     -9309.2661     -7506.2393       298.3596            234.7829       297.2035     29930.3911      -185.4904      -109.5638
FEP:    1500000        24.3608    -10806.3858      1476.0638

WRITING EXTENDED SYSTEM TO RESTART FILE AT STEP 1500000
WRITING COORDINATES TO DCD FILE mobley_3589456_prod.dcd AT STEP 1500000
WRITING COORDINATES TO RESTART FILE AT STEP 1500000
FINISHED WRITING RESTART COORDINATES
WRITING VELOCITIES TO RESTART FILE AT STEP 1500000
FINISHED WRITING RESTART VELOCITIES
TCL: Running FEP window   2: Lambda1 0.05   Lambda2 0.1    [dLambda 0.05  ]
TCL: Setting parameter firsttimestep to 0
TCL: Setting parameter alchLambda to 0.05
Info: NONBONDED TABLE R-SQUARED SPACING: 0.0625
Info: NONBONDED TABLE SIZE: 705 POINTS
Info: INCONSISTENCY IN FAST TABLE ENERGY VS FORCE: 0.000290481 AT 0.251946
Info: INCONSISTENCY IN SCOR TABLE ENERGY VS FORCE: 0.000238233 AT 8.9687
Info: ABSOLUTE IMPRECISION IN VDWA TABLE ENERGY: 1.21169e-27 AT 8.99653
Info: ABSOLUTE IMPRECISION IN VDWA TABLE FORCE: 2.57484e-27 AT 8.99653
Info: INCONSISTENCY IN VDWA TABLE ENERGY VS FORCE: 0.0040507 AT 0.251946
Info: INCONSISTENCY IN VDWB TABLE ENERGY VS FORCE: 0.00150189 AT 0.251946
TCL: Setting parameter alchLambda2 to 0.1
Info: NONBONDED TABLE R-SQUARED SPACING: 0.0625
Info: NONBONDED TABLE SIZE: 705 POINTS
Info: INCONSISTENCY IN FAST TABLE ENERGY VS FORCE: 0.000290481 AT 0.251946
Info: INCONSISTENCY IN SCOR TABLE ENERGY VS FORCE: 0.000238233 AT 8.9687
Info: ABSOLUTE IMPRECISION IN VDWA TABLE ENERGY: 1.21169e-27 AT 8.99653
Info: ABSOLUTE IMPRECISION IN VDWA TABLE FORCE: 2.57484e-27 AT 8.99653
Info: INCONSISTENCY IN VDWA TABLE ENERGY VS FORCE: 0.0040507 AT 0.251946
Info: INCONSISTENCY IN VDWB TABLE ENERGY VS FORCE: 0.00150189 AT 0.251946
TCL: Running for 1500000 steps
FEP: RESETTING FOR NEW FEP WINDOW LAMBDA SET TO 0.05 LAMBDA2 0.1
FEP: WINDOW TO HAVE 100000 STEPS OF EQUILIBRATION PRIOR TO FEP DATA COLLECTION.
FEP: USING CONSTANT TEMPERATURE OF 300 K FOR FEP CALCULATION
PRESSURE: 0 629.281 -313.538 203.234 -313.538 -15.4411 82.4826 203.232 82.4837 36.6664
GPRESSURE: 0 719.666 -120.863 658.727 -257.796 104.201 -117.07 -87.7248 -38.6226 91.7569
ETITLE:      TS           BOND          ANGLE          DIHED          IMPRP               ELECT            VDW       BOUNDARY           MISC        KINETIC               TOTAL           TEMP      POTENTIAL       TOTALAVG        TEMPAVG            PRESSURE      GPRESSURE         VOLUME       PRESSAVG      GPRESSAVG
FEPTITLE:    TS          BOND2         ELECT2           VDW2

ENERGY:       0         1.5125         7.5016        15.3468         0.0000         -10806.3844      1476.0638         0.0000         0.0000      1761.6975          -7544.2624       299.0476     -9305.9599     -7544.2624       299.0476            216.8356       305.2082     29930.3911       216.8356       305.2082
FEP:          0        24.3608    -10806.3844      1482.1718

PRESSURE: 100000 305.511 -572.904 -124.085 -572.904 540.873 -548.643 -124.083 -548.642 307.243
GPRESSURE: 100000 369.561 -593.424 -93.1432 -813.13 577.622 -798.074 -156.758 -203.291 427.732
PRESSAVG: 100000 112.273 -24.8255 21.3261 -24.8255 -243.688 -174.594 21.3261 -174.594 -262.997
GPRESSAVG: 100000 172.8 30.7597 104.312 -72.678 -159.494 -144.891 -144.191 -150.525 -178.225
ENERGY:  100000         2.2699        11.5511        15.7091         0.0000         -10872.1022      1528.5158         0.0000         0.0000      1781.1475          -7532.9088       302.3492     -9314.0563     -7538.5856       300.6984            384.5422       458.3053     30571.2154       300.6889       381.7567
FEP:     100000        29.5301    -10872.1022      1529.5512

WRITING EXTENDED SYSTEM TO RESTART FILE AT STEP 100000
WRITING COORDINATES TO DCD FILE mobley_3589456_prod.dcd AT STEP 100000
WRITING COORDINATES TO RESTART FILE AT STEP 100000
FINISHED WRITING RESTART COORDINATES
WRITING VELOCITIES TO RESTART FILE AT STEP 100000
FINISHED WRITING RESTART VELOCITIES
PRESSURE: 200000 -893.056 -66.7998 -191.909 -66.7989 -449.3 39.9449 -191.909 39.9462 -315.491
GPRESSURE: 200000 -747.912 -78.3678 -84.2983 -60.2194 -484.119 149.498 -459.497 8.56183 -226.967
PRESSAVG: 200000 59.3613 -27.0346 10.1032 -27.0346 -254.51 -163.303 10.1032 -163.303 -265.76
GPRESSAVG: 200000 124.342 25.0162 94.3854 -72.0222 -176.579 -129.396 -160.786 -142.152 -180.79
ENERGY:  200000         1.6787        11.8635        15.6564         0.0000         -10724.9780      1379.4479         0.0000         0.0000      1735.2811          -7581.0505       294.5634     -9316.3315     -7552.7405       298.6534           -552.6156      -486.3325     30036.0767        16.2541        92.3936
FEP:     200000        29.1986    -10724.9780      1382.1894

WRITING EXTENDED SYSTEM TO RESTART FILE AT STEP 200000
WRITING COORDINATES TO DCD FILE mobley_3589456_prod.dcd AT STEP 200000
WRITING COORDINATES TO RESTART FILE AT STEP 200000
FINISHED WRITING RESTART COORDINATES
WRITING VELOCITIES TO RESTART FILE AT STEP 200000
FINISHED WRITING RESTART VELOCITIES
PRESSURE: 300000 -103.789 -194.524 96.2558 -194.521 -244.686 -743.028 96.2571 -743.028 -265.586
GPRESSURE: 300000 -96.0047 -121.31 -227.966 -181.222 -82.2878 -702.808 94.9677 -745.679 -179.423
PRESSAVG: 300000 51.2038 -35.4089 14.4109 -35.4089 -254.019 -192.289 14.4109 -192.289 -265.751
GPRESSAVG: 300000 113.324 17.6999 78.2678 -77.4823 -171.865 -158.067 -147.998 -172.328 -180.722
ENERGY:  300000         1.6400        10.0115        15.8869         0.0000         -10675.9213      1423.7501         0.0000         0.0000      1730.4510          -7494.1817       293.7435     -9224.6327     -7538.1008       297.4259           -204.6869      -119.2386     30517.0926       -38.9812        39.4856
FEP:     300000        27.5385    -10675.9213      1425.7270

WRITING EXTENDED SYSTEM TO RESTART FILE AT STEP 300000
WRITING COORDINATES TO DCD FILE mobley_3589456_prod.dcd AT STEP 300000
WRITING COORDINATES TO RESTART FILE AT STEP 300000
FINISHED WRITING RESTART COORDINATES
WRITING VELOCITIES TO RESTART FILE AT STEP 300000
FINISHED WRITING RESTART VELOCITIES
PRESSURE: 400000 -678.6 528.896 -49.0214 528.896 -357.412 417.897 -49.0206 417.898 -736.382
GPRESSURE: 400000 -586.352 609.798 -511.613 375.777 -288.2 544.732 20.6711 326.063 -737.036
PRESSAVG: 400000 37.6167 -25.8306 -12.2962 -25.8306 -263.318 -186.576 -12.2962 -186.576 -299.429
GPRESSAVG: 400000 91.9889 37.2335 33.7021 -79.2004 -187.361 -158.591 -162.345 -162.877 -206.575
ENERGY:  400000         2.4003        12.7345        15.5193         0.0000         -10719.9355      1405.5863         0.0000         0.0000      1770.3667          -7513.3284       300.5192     -9283.6951     -7533.1463       298.0446           -590.7981      -537.1960     30760.5710      -149.3446       -75.8507
FEP:     400000        30.6541    -10719.9355      1406.4839

WRITING EXTENDED SYSTEM TO RESTART FILE AT STEP 400000
WRITING COORDINATES TO DCD FILE mobley_3589456_prod.dcd AT STEP 400000
WRITING COORDINATES TO RESTART FILE AT STEP 400000
FINISHED WRITING RESTART COORDINATES
WRITING VELOCITIES TO RESTART FILE AT STEP 400000
FINISHED WRITING RESTART VELOCITIES
PRESSURE: 500000 -149.712 30.5507 -488.899 30.55 475.854 160.138 -488.899 160.135 -150.796
GPRESSURE: 500000 -70.782 -291.068 -389.789 172.162 483.74 13.1297 -346.369 257.151 -83.1944
PRESSAVG: 500000 -18.5133 -29.2043 -40.8851 -29.2043 -274.224 -166.796 -40.8851 -166.796 -281.843
GPRESSAVG: 500000 37.4854 10.9428 5.17954 -74.8208 -193.147 -136.908 -188.213 -133.485 -196.385
ENERGY:  500000         3.9272         7.0273        15.2092         0.0000         -10806.4685      1478.9367         0.0000         0.0000      1704.0496          -7597.3185       289.2619     -9301.3681     -7543.8417       296.5808             58.4489       109.9212     30154.4113      -114.7123       -44.8887
FEP:     500000        26.1637    -10806.4685      1480.4872

WRITING EXTENDED SYSTEM TO RESTART FILE AT STEP 500000
WRITING COORDINATES TO DCD FILE mobley_3589456_prod.dcd AT STEP 500000
WRITING COORDINATES TO RESTART FILE AT STEP 500000
FINISHED WRITING RESTART COORDINATES
WRITING VELOCITIES TO RESTART FILE AT STEP 500000
FINISHED WRITING RESTART VELOCITIES
PRESSURE: 600000 -926.107 121.258 125.857 121.258 -435.492 -514.922 125.854 -514.921 -1021.37
GPRESSURE: 600000 -939.883 -57.2672 -8.40445 100.228 -614.369 -497.196 169.004 -595.749 -795.626
PRESSAVG: 600000 -27.1268 -8.46006 -29.9939 -8.46006 -211.275 -171.172 -29.9939 -171.172 -273.212
GPRESSAVG: 600000 22.262 13.7368 20.0925 -40.2993 -144.874 -159.239 -174.577 -130.637 -178.055
ENERGY:  600000         3.5076         8.2526        16.4073         0.0000         -10680.2212      1358.9427         0.0000         0.0000      1758.2467          -7534.8643       298.4618     -9293.1110     -7542.5592       296.8495           -794.3232      -783.2927     30467.1553      -211.7996      -150.3750
FEP:     600000        28.1676    -10680.2212      1359.7804

WRITING EXTENDED SYSTEM TO RESTART FILE AT STEP 600000
WRITING COORDINATES TO DCD FILE mobley_3589456_prod.dcd AT STEP 600000
WRITING COORDINATES TO RESTART FILE AT STEP 600000
FINISHED WRITING RESTART COORDINATES
WRITING VELOCITIES TO RESTART FILE AT STEP 600000
FINISHED WRITING RESTART VELOCITIES
PRESSURE: 700000 -282.542 279.969 424.523 279.971 480.07 -256.651 424.52 -256.648 597.415
GPRESSURE: 700000 -28.4987 293.968 555.346 151.395 477.885 -190.003 500.483 -15.4095 722.471
PRESSAVG: 700000 -15.5849 13.0505 -13.3631 13.0505 -179.782 -167.643 -13.3631 -167.643 -171.657
GPRESSAVG: 700000 54.1827 22.6248 35.1705 -22.7474 -124.973 -164.468 -132.719 -105.884 -75.5292
ENERGY:  700000         4.2592        14.0281        15.2838         0.0000         -10820.9417      1502.6083         0.0000         0.0000      1804.0477          -7480.7146       306.2365     -9284.7623     -7534.8286       298.0229            264.9809       390.6192     29959.9072      -152.2020       -82.7507
FEP:     700000        33.5711    -10820.9417      1506.7142

WRITING EXTENDED SYSTEM TO RESTART FILE AT STEP 700000
WRITING COORDINATES TO DCD FILE mobley_3589456_prod.dcd AT STEP 700000
WRITING COORDINATES TO RESTART FILE AT STEP 700000
FINISHED WRITING RESTART COORDINATES
WRITING VELOCITIES TO RESTART FILE AT STEP 700000
FINISHED WRITING RESTART VELOCITIES
PRESSURE: 800000 749.427 -171.418 286.812 -171.42 -375.93 49.0714 286.815 49.0708 698.715
GPRESSURE: 800000 638.216 -204.858 174.562 -20.7378 -215.046 136.792 648.12 -226.397 721.055
PRESSAVG: 800000 18.7168 30.1317 6.53743 30.1317 -158.173 -155.97 6.53743 -155.97 -135.937
GPRESSAVG: 800000 72.4466 41.6525 38.2056 -3.66382 -92.3829 -158.295 -81.9713 -90.4533 -41.412
ENERGY:  800000         2.6190         7.7718        15.9964         0.0000         -10723.1897      1472.1117         0.0000         0.0000      1761.2960          -7463.3949       298.9794     -9224.6909     -7526.8916       298.1291            357.4041       381.4081     30074.9056       -95.5791       -31.1775
FEP:     800000        26.3871    -10723.1897      1477.6883

WRITING EXTENDED SYSTEM TO RESTART FILE AT STEP 800000
WRITING COORDINATES TO DCD FILE mobley_3589456_prod.dcd AT STEP 800000
WRITING COORDINATES TO RESTART FILE AT STEP 800000
FINISHED WRITING RESTART COORDINATES
WRITING VELOCITIES TO RESTART FILE AT STEP 800000
FINISHED WRITING RESTART VELOCITIES
PRESSURE: 900000 789.897 22.4037 -11.6994 22.4045 526.363 68.1467 -11.7005 68.1475 -286.614
GPRESSURE: 900000 734.338 55.9675 -229.271 -232.373 626.993 -91.4597 -103.75 53.9278 -77.213
PRESSAVG: 900000 14.077 16.6762 -22.2125 16.6762 -117.583 -168.918 -22.2125 -168.918 -117.885
GPRESSAVG: 900000 69.6001 32.5696 -0.740869 -33.0684 -50.6703 -160.576 -110.347 -105.253 -19.3095
ENERGY:  900000         1.5556         9.7079        16.6374         0.0000         -10789.8549      1473.0380         0.0000         0.0000      1823.4439          -7465.4721       309.5290     -9288.9160     -7520.7496       299.2691            343.2156       428.0392     30034.5548       -51.6996        14.7441
FEP:     900000        27.9010    -10789.8549      1478.2036

WRITING EXTENDED SYSTEM TO RESTART FILE AT STEP 900000
WRITING COORDINATES TO DCD FILE mobley_3589456_prod.dcd AT STEP 900000
WRITING COORDINATES TO RESTART FILE AT STEP 900000
FINISHED WRITING RESTART COORDINATES
WRITING VELOCITIES TO RESTART FILE AT STEP 900000
FINISHED WRITING RESTART VELOCITIES
PRESSURE: 1000000 -904.494 -161.779 369.495 -161.778 -307.154 -291.355 369.494 -291.353 -1684.69
GPRESSURE: 1000000 -650.23 -103.528 414.126 39.437 -293.913 -8.34439 110.692 -590.993 -1767.57
PRESSAVG: 1000000 -5.07903 -25.2046 10.6919 -25.2046 -115.2 -200.619 10.6919 -200.619 -209.382
GPRESSAVG: 1000000 54.8268 -7.124 34.9768 -59.7218 -62.5266 -183.921 -87.9693 -154.386 -110.226
TIMING: 1000000  CPU: 923.92, 0.000369275/step  Wall: 926.498, 0.000370497/step, 466.401 ns/days, 0.0514578 hours remaining, 0.000000 MB of memory in use.
PERFORMANCE: 1000000  averaging 466.164 ns/day, 0.000370685 sec/step with standard deviation 2.66474e-07
ETITLE:      TS           BOND          ANGLE          DIHED          IMPRP               ELECT            VDW       BOUNDARY           MISC        KINETIC               TOTAL           TEMP      POTENTIAL       TOTALAVG        TEMPAVG            PRESSURE      GPRESSURE         VOLUME       PRESSAVG      GPRESSAVG
FEPTITLE:    TS          BOND2         ELECT2           VDW2

ENERGY: 1000000         3.7390        12.2028        18.8330         0.0000         -10643.2633      1338.5467         0.0000         0.0000      1737.1187          -7532.8231       294.8753     -9269.9417     -7521.8472       298.8697           -965.4447      -903.9046     30516.5706      -134.7674       -68.7694
FEP:    1000000        34.7749    -10643.2633      1339.7679

WRITING EXTENDED SYSTEM TO RESTART FILE AT STEP 1000000
WRITING COORDINATES TO DCD FILE mobley_3589456_prod.dcd AT STEP 1000000
WRITING COORDINATES TO RESTART FILE AT STEP 1000000
FINISHED WRITING RESTART COORDINATES
WRITING VELOCITIES TO RESTART FILE AT STEP 1000000
FINISHED WRITING RESTART VELOCITIES
PRESSURE: 1100000 -494.719 -107.258 -27.299 -107.258 140.336 274.432 -27.2981 274.434 579.093
GPRESSURE: 1100000 -499.421 -24.804 -101.959 183.662 198.689 338.381 140.396 354.068 747.69
PRESSAVG: 1100000 17.435 -38.6628 21.8477 -38.6628 -109.176 -164.335 21.8477 -164.335 -188.218
GPRESSAVG: 1100000 64.5068 -30.5552 48.32 -48.9578 -66.4791 -143.218 -60.5079 -122.415 -73.7632
ENERGY: 1100000         3.8575        13.3298        15.7156         0.0000         -10795.4658      1453.2930         0.0000         0.0000      1823.0589          -7486.2110       309.4636     -9309.2699     -7518.8775       299.7525             74.9032       148.9862     30156.9269      -117.2948       -50.6231
FEP:    1100000        32.9029    -10795.4658      1454.6095

WRITING EXTENDED SYSTEM TO RESTART FILE AT STEP 1100000
WRITING COORDINATES TO DCD FILE mobley_3589456_prod.dcd AT STEP 1100000
WRITING COORDINATES TO RESTART FILE AT STEP 1100000
FINISHED WRITING RESTART COORDINATES
WRITING VELOCITIES TO RESTART FILE AT STEP 1100000
FINISHED WRITING RESTART VELOCITIES
PRESSURE: 1200000 78.734 -178.736 389.01 -178.737 -416.026 -330.261 389.011 -330.264 -726.999
GPRESSURE: 1200000 171.812 -155.588 546.889 -157.604 -146.484 -224.504 341.641 -161.457 -798.798
PRESSAVG: 1200000 68.3888 -27.4183 20.021 -27.4183 -83.5338 -173.548 20.021 -173.548 -203.147
GPRESSAVG: 1200000 106.76 -12.708 39.2259 -47.7371 -18.021 -153.595 -28.0465 -112.081 -99.3613
ENERGY: 1200000         1.1545        17.4988        16.6945         0.0000         -10630.1974      1375.1087         0.0000         0.0000      1811.9148          -7407.8259       307.5719     -9219.7408     -7510.3351       300.3540           -354.7638      -257.8235     30284.7647      -135.5617       -66.5616
FEP:    1200000        35.3479    -10630.1974      1377.2386

WRITING EXTENDED SYSTEM TO RESTART FILE AT STEP 1200000
WRITING COORDINATES TO DCD FILE mobley_3589456_prod.dcd AT STEP 1200000
WRITING COORDINATES TO RESTART FILE AT STEP 1200000
FINISHED WRITING RESTART COORDINATES
WRITING VELOCITIES TO RESTART FILE AT STEP 1200000
FINISHED WRITING RESTART VELOCITIES
PRESSURE: 1300000 1713.8 -238.29 59.206 -238.29 536.794 92.9475 59.2066 92.9466 1984.07
GPRESSURE: 1300000 1903.66 -242.417 -267.324 -241.747 529.248 292.477 171.768 386.676 1867.03
PRESSAVG: 1300000 182.363 -43.99 22.282 -43.99 -8.76902 -168.395 22.282 -168.395 -82.4424
GPRESSAVG: 1300000 228.044 -19.6096 19.2891 -58.8148 62.7303 -131.159 -7.30944 -98.5185 6.64661
ENERGY: 1300000         3.8224        11.0821        16.4400         0.0000         -10913.2584      1618.3574         0.0000         0.0000      1754.2802          -7509.2762       297.7885     -9263.5564     -7510.2594       300.1708           1411.5564      1433.3122     30227.5666       -25.0532        40.5723
FEP:    1300000        31.3445    -10913.2584      1619.2600

WRITING EXTENDED SYSTEM TO RESTART FILE AT STEP 1300000
WRITING COORDINATES TO DCD FILE mobley_3589456_prod.dcd AT STEP 1300000
WRITING COORDINATES TO RESTART FILE AT STEP 1300000
FINISHED WRITING RESTART COORDINATES
WRITING VELOCITIES TO RESTART FILE AT STEP 1300000
FINISHED WRITING RESTART VELOCITIES
PRESSURE: 1400000 357.195 428.49 -821.943 428.493 189.392 -947.233 -821.943 -947.236 1252.98
GPRESSURE: 1400000 618.18 362.598 -1102.92 488.462 86.6267 -952.332 -825.293 -1191.89 1397.42
PRESSAVG: 1400000 136.805 -10.8577 -9.05631 -10.8577 6.08644 -186.727 -9.05631 -186.727 -28.9034
GPRESSAVG: 1400000 195.48 -5.2069 -16.6353 -18.419 67.4682 -138.932 -32.8102 -153.376 59.6189
ENERGY: 1400000         1.6032        13.6604        15.9645         0.0000         -10852.8027      1558.7822         0.0000         0.0000      1819.9047          -7442.8877       308.9282     -9262.7924     -7505.7680       300.7546            599.8544       700.7412     30751.8380        16.6073        84.5835
FEP:    1400000        31.2281    -10852.8027      1562.0200

WRITING EXTENDED SYSTEM TO RESTART FILE AT STEP 1400000
WRITING COORDINATES TO DCD FILE mobley_3589456_prod.dcd AT STEP 1400000
WRITING COORDINATES TO RESTART FILE AT STEP 1400000
FINISHED WRITING RESTART COORDINATES
WRITING VELOCITIES TO RESTART FILE AT STEP 1400000
FINISHED WRITING RESTART VELOCITIES
PRESSURE: 1500000 1003.5 -263.461 456.885 -263.461 -534.223 301.672 456.885 301.673 83.6189
GPRESSURE: 1500000 1149.85 -223.923 500.079 -134.911 -538.832 -4.30785 480.74 290.242 163.896
PRESSAVG: 1500000 77.7217 -22.5277 51.7103 -22.5277 -14.1773 -156.764 51.7103 -156.764 -72.0291
GPRESSAVG: 1500000 147.7 -1.49951 48.1729 -10.9754 34.9932 -123.604 18.6327 -125.43 17.4682
ENERGY: 1500000         2.5279        14.0966        14.4415         0.0000         -10791.4093      1466.5854         0.0000         0.0000      1744.8213          -7548.9367       296.1828     -9293.7579     -7508.4660       300.4689            184.2982       258.3030     29859.3334        27.0880        95.4410
FEP:    1500000        31.0660    -10791.4093      1466.4772

WRITING EXTENDED SYSTEM TO RESTART FILE AT STEP 1500000
WRITING COORDINATES TO DCD FILE mobley_3589456_prod.dcd AT STEP 1500000
WRITING COORDINATES TO RESTART FILE AT STEP 1500000
FINISHED WRITING RESTART COORDINATES
WRITING VELOCITIES TO RESTART FILE AT STEP 1500000
FINISHED WRITING RESTART VELOCITIES
TCL: Running FEP window   3: Lambda1 0.1    Lambda2 0.15000000000000002 [dLambda 0.05000000000000002]
TCL: Setting parameter firsttimestep to 0
TCL: Setting parameter alchLambda to 0.1
Info: NONBONDED TABLE R-SQUARED SPACING: 0.0625
Info: NONBONDED TABLE SIZE: 705 POINTS
Info: INCONSISTENCY IN FAST TABLE ENERGY VS FORCE: 0.000290481 AT 0.251946
Info: INCONSISTENCY IN SCOR TABLE ENERGY VS FORCE: 0.000238233 AT 8.9687
Info: ABSOLUTE IMPRECISION IN VDWA TABLE ENERGY: 1.21169e-27 AT 8.99653
Info: ABSOLUTE IMPRECISION IN VDWA TABLE FORCE: 2.57484e-27 AT 8.99653
Info: INCONSISTENCY IN VDWA TABLE ENERGY VS FORCE: 0.0040507 AT 0.251946
Info: INCONSISTENCY IN VDWB TABLE ENERGY VS FORCE: 0.00150189 AT 0.251946
TCL: Setting parameter alchLambda2 to 0.15000000000000002
Info: NONBONDED TABLE R-SQUARED SPACING: 0.0625
Info: NONBONDED TABLE SIZE: 705 POINTS
Info: INCONSISTENCY IN FAST TABLE ENERGY VS FORCE: 0.000290481 AT 0.251946
Info: INCONSISTENCY IN SCOR TABLE ENERGY VS FORCE: 0.000238233 AT 8.9687
Info: ABSOLUTE IMPRECISION IN VDWA TABLE ENERGY: 1.21169e-27 AT 8.99653
Info: ABSOLUTE IMPRECISION IN VDWA TABLE FORCE: 2.57484e-27 AT 8.99653
Info: INCONSISTENCY IN VDWA TABLE ENERGY VS FORCE: 0.0040507 AT 0.251946
Info: INCONSISTENCY IN VDWB TABLE ENERGY VS FORCE: 0.00150189 AT 0.251946
TCL: Running for 1500000 steps
FEP: RESETTING FOR NEW FEP WINDOW LAMBDA SET TO 0.1 LAMBDA2 0.15
FEP: WINDOW TO HAVE 100000 STEPS OF EQUILIBRATION PRIOR TO FEP DATA COLLECTION.
FEP: USING CONSTANT TEMPERATURE OF 300 K FOR FEP CALCULATION
PRESSURE: 0 1056.71 -263.8 435.05 -263.8 -540.332 285.27 435.048 285.27 36.0869
GPRESSURE: 0 1152.3 -221.606 498.433 -132.747 -539.152 -0.365989 478.998 294.667 167.217
ETITLE:      TS           BOND          ANGLE          DIHED          IMPRP               ELECT            VDW       BOUNDARY           MISC        KINETIC               TOTAL           TEMP      POTENTIAL       TOTALAVG        TEMPAVG            PRESSURE      GPRESSURE         VOLUME       PRESSAVG      GPRESSAVG
FEPTITLE:    TS          BOND2         ELECT2           VDW2

ENERGY:       0         2.5279        14.0966        14.4415         0.0000         -10791.4093      1466.4772         0.0000         0.0000      1743.9096          -7549.9565       296.0281     -9293.8662     -7549.9565       296.0281            184.1562       260.1209     29859.3334       184.1562       260.1209
FEP:          0        31.0660    -10791.4093      1466.8689

PRESSURE: 100000 -166.008 517.745 297.588 517.746 -1056.45 162.617 297.585 162.619 -235.783
GPRESSURE: 100000 -72.862 581.264 -134.086 361.921 -1029.42 52.6203 411.967 195.347 -236.838
PRESSAVG: 100000 126.098 -50.4116 90.2783 -50.4116 -59.7374 -100.586 90.2783 -100.586 -28.6427
GPRESSAVG: 100000 212.847 -38.7997 71.7572 -35.986 -21.2844 -122.388 69.6766 -84.1088 53.4537
ENERGY:  100000         2.7136         8.5498        14.5101         0.0000         -10695.0106      1376.9493         0.0000         0.0000      1743.3320          -7548.9558       295.9300     -9292.2879     -7549.4562       295.9791           -486.0785      -446.3726     30090.1996      -150.9612       -93.1258
FEP:     100000        25.7735    -10695.0106      1376.8293

WRITING EXTENDED SYSTEM TO RESTART FILE AT STEP 100000
WRITING COORDINATES TO DCD FILE mobley_3589456_prod.dcd AT STEP 100000
WRITING COORDINATES TO RESTART FILE AT STEP 100000
FINISHED WRITING RESTART COORDINATES
WRITING VELOCITIES TO RESTART FILE AT STEP 100000
FINISHED WRITING RESTART VELOCITIES
PRESSURE: 200000 334.206 480.789 341.913 480.787 163.042 114.281 341.915 114.282 221.544
GPRESSURE: 200000 394.515 443.389 383.026 663.839 255.876 48.3707 303.853 393.792 286.746
PRESSAVG: 200000 153.648 -22.1453 98.569 -22.1453 -82.9046 -78.8541 98.569 -78.8541 20.1359
GPRESSAVG: 200000 243.622 -10.4874 62.1881 2.46693 -39.7603 -106.486 90.5136 -62.4579 88.6967
ENERGY:  200000         1.4974        10.1330        15.6413         0.0000         -10763.7881      1466.9369         0.0000         0.0000      1814.1511          -7455.4284       307.9515     -9269.5795     -7518.1136       299.9699            239.5973       312.3791     30393.4896       -20.7750        42.0425
FEP:     200000        27.2717    -10763.7881      1467.8859

WRITING EXTENDED SYSTEM TO RESTART FILE AT STEP 200000
WRITING COORDINATES TO DCD FILE mobley_3589456_prod.dcd AT STEP 200000
WRITING COORDINATES TO RESTART FILE AT STEP 200000
FINISHED WRITING RESTART COORDINATES
WRITING VELOCITIES TO RESTART FILE AT STEP 200000
FINISHED WRITING RESTART VELOCITIES
PRESSURE: 300000 -869.747 602.941 -171.941 602.941 -648.642 -117.408 -171.939 -117.408 -588.968
GPRESSURE: 300000 -897.819 412.343 -306.078 974.263 -579.711 -766.513 -83.8842 427.861 -343.972
PRESSAVG: 300000 77.4747 24.027 79.9514 24.027 -116.418 -85.0297 79.9514 -85.0297 -10.7622
GPRESSAVG: 300000 163.116 16.0152 13.7169 63.9329 -73.5325 -138.849 90.5011 -39.0568 67.3185
ENERGY:  300000         1.6123        10.0507        15.0424         0.0000         -10623.3641      1359.5865         0.0000         0.0000      1805.1248          -7431.9475       306.4193     -9237.0723     -7496.5721       301.5822           -702.4521      -607.1670     30365.1052      -191.1943      -120.2599
FEP:     300000        26.7054    -10623.3641      1360.1768

WRITING EXTENDED SYSTEM TO RESTART FILE AT STEP 300000
WRITING COORDINATES TO DCD FILE mobley_3589456_prod.dcd AT STEP 300000
WRITING COORDINATES TO RESTART FILE AT STEP 300000
FINISHED WRITING RESTART COORDINATES
WRITING VELOCITIES TO RESTART FILE AT STEP 300000
FINISHED WRITING RESTART VELOCITIES
PRESSURE: 400000 456.353 200.833 -554.217 200.834 -1214.34 -399.136 -554.218 -399.134 -718.784
GPRESSURE: 400000 358.431 395.334 -415.774 185.297 -1003.26 -176.148 -342.451 -220.351 -645.05
PRESSAVG: 400000 68.8282 49.7456 42.0789 49.7456 -176.363 -109.111 42.0789 -109.111 -48.5347
GPRESSAVG: 400000 145.055 41.825 -40.0082 86.0876 -128.906 -141.803 77.7648 -48.1432 30.4781
ENERGY:  400000         6.3849         9.1380        14.8331         0.0000         -10687.2253      1405.3648         0.0000         0.0000      1765.5489          -7485.9554       299.7013     -9251.5043     -7494.4487       301.2061           -492.2580      -429.9591     30352.0796      -251.4070      -182.1997
FEP:     400000        30.3561    -10687.2253      1408.1335

WRITING EXTENDED SYSTEM TO RESTART FILE AT STEP 400000
WRITING COORDINATES TO DCD FILE mobley_3589456_prod.dcd AT STEP 400000
WRITING COORDINATES TO RESTART FILE AT STEP 400000
FINISHED WRITING RESTART COORDINATES
WRITING VELOCITIES TO RESTART FILE AT STEP 400000
FINISHED WRITING RESTART VELOCITIES
PRESSURE: 500000 -511.018 -363.99 -413.917 -363.989 -42.7726 43.7672 -413.918 43.7702 -886.834
GPRESSURE: 500000 -519.21 -805.08 -570.162 -93.5579 -110.937 441.858 -458.691 67.9892 -691.693
PRESSAVG: 500000 28.0017 60.1914 27.5872 60.1914 -205.545 -79.49 27.5872 -79.49 -108.239
GPRESSAVG: 500000 100.616 31.2422 -63.8591 122.066 -163.333 -79.8061 62.6682 -34.5792 -25.4931
ENERGY:  500000         3.8843         5.9570        15.5611         0.0000         -10776.7583      1424.2068         0.0000         0.0000      1799.5521          -7527.5972       305.4734     -9327.1492     -7499.9735       301.9173           -480.2081      -440.6133     30509.1743      -289.5405      -225.2687
FEP:     500000        25.4023    -10776.7583      1424.9166

WRITING EXTENDED SYSTEM TO RESTART FILE AT STEP 500000
WRITING COORDINATES TO DCD FILE mobley_3589456_prod.dcd AT STEP 500000
WRITING COORDINATES TO RESTART FILE AT STEP 500000
FINISHED WRITING RESTART COORDINATES
WRITING VELOCITIES TO RESTART FILE AT STEP 500000
FINISHED WRITING RESTART VELOCITIES
PRESSURE: 600000 413.943 364.55 508.219 364.548 179.155 539.338 508.221 539.341 -95.4587
GPRESSURE: 600000 377.185 89.215 410.287 369.351 218.77 504.572 488.683 472.49 42.4606
PRESSAVG: 600000 93.3517 81.7587 62.5937 81.7587 -174.123 -54.5203 62.5937 -54.5203 -97.2369
GPRESSAVG: 600000 156.871 39.6214 -39.1299 143.545 -128.189 -62.0524 110.077 -11.3828 -12.0217
ENERGY:  600000         1.1995         8.7892        16.3814         0.0000         -10882.4113      1499.4123         0.0000         0.0000      1726.6176          -7630.0114       293.0928     -9356.6289     -7518.5503       300.6566            165.8800       212.8054     30064.1355      -224.4805      -162.6866
FEP:     600000        26.3701    -10882.4113      1501.4138

WRITING EXTENDED SYSTEM TO RESTART FILE AT STEP 600000
WRITING COORDINATES TO DCD FILE mobley_3589456_prod.dcd AT STEP 600000
WRITING COORDINATES TO RESTART FILE AT STEP 600000
FINISHED WRITING RESTART COORDINATES
WRITING VELOCITIES TO RESTART FILE AT STEP 600000
FINISHED WRITING RESTART VELOCITIES
PRESSURE: 700000 -466.568 250.504 -22.6074 250.505 -568.244 -125.18 -22.6042 -125.179 -1081.22
GPRESSURE: 700000 -423.758 197.585 53.0536 363.784 -574.212 12.7182 5.62344 -176.436 -1073.77
PRESSAVG: 700000 75.2128 104.01 56.6506 104.01 -190.3 -23.6278 56.6506 -23.6278 -138.019
GPRESSAVG: 700000 140.483 55.5661 -25.0789 170.795 -152.785 -26.2761 105.61 17.0794 -56.7392
ENERGY:  700000         2.4041        15.4266        14.9937         0.0000         -10653.1052      1355.1816         0.0000         0.0000      1781.7906          -7483.3085       302.4584     -9265.0991     -7514.1451       300.8819           -705.3439      -690.5807     30531.1170      -284.5884      -228.6734
FEP:     700000        32.8244    -10653.1052      1355.5701

WRITING EXTENDED SYSTEM TO RESTART FILE AT STEP 700000
WRITING COORDINATES TO DCD FILE mobley_3589456_prod.dcd AT STEP 700000
WRITING COORDINATES TO RESTART FILE AT STEP 700000
FINISHED WRITING RESTART COORDINATES
WRITING VELOCITIES TO RESTART FILE AT STEP 700000
FINISHED WRITING RESTART VELOCITIES
PRESSURE: 800000 -103.984 427.516 451.207 427.517 -239.011 440.523 451.205 440.522 488.064
GPRESSURE: 800000 -101.058 346.874 693.581 499.091 -109.367 363.448 325.441 601.666 292.967
PRESSAVG: 800000 103.944 98.9411 81.6619 98.9411 -184.38 -22.4966 81.6619 -22.4966 -76.7963
GPRESSAVG: 800000 164.748 42.4199 35.1809 176.961 -143.844 -35.3403 120.848 30.8595 -5.23909
ENERGY:  800000         2.6588        12.9552        16.7811         0.0000         -10794.7854      1485.7304         0.0000         0.0000      1760.2439          -7516.4160       298.8008     -9276.6599     -7514.3974       300.6506             48.3564        27.5137     30595.3313      -247.5945      -200.2082
FEP:     800000        32.3951    -10794.7854      1487.2241

WRITING EXTENDED SYSTEM TO RESTART FILE AT STEP 800000
WRITING COORDINATES TO DCD FILE mobley_3589456_prod.dcd AT STEP 800000
WRITING COORDINATES TO RESTART FILE AT STEP 800000
FINISHED WRITING RESTART COORDINATES
WRITING VELOCITIES TO RESTART FILE AT STEP 800000
FINISHED WRITING RESTART VELOCITIES
PRESSURE: 900000 -174.426 -565.736 -167.366 -565.734 1145.97 161.338 -167.364 161.338 479.279
GPRESSURE: 900000 38.3752 -653.953 -258.265 -271.965 1097.71 9.38531 -262.52 722.248 607.621
PRESSAVG: 900000 102.708 69.1269 97.7386 69.1269 -150.874 -22.4365 97.7386 -22.4365 -45.2925
GPRESSAVG: 900000 170.206 24.2757 41.7571 154.754 -113.145 -35.5275 125.041 54.1144 29.3017
ENERGY:  900000         3.7722         9.8781        15.7628         0.0000         -10873.2668      1507.4340         0.0000         0.0000      1762.5118          -7573.9079       299.1858     -9336.4196     -7520.3485       300.5041            483.6092       581.2367     29499.9748      -174.4742      -122.0637
FEP:     900000        29.4131    -10873.2668      1507.9810

WRITING EXTENDED SYSTEM TO RESTART FILE AT STEP 900000
WRITING COORDINATES TO DCD FILE mobley_3589456_prod.dcd AT STEP 900000
WRITING COORDINATES TO RESTART FILE AT STEP 900000
FINISHED WRITING RESTART COORDINATES
WRITING VELOCITIES TO RESTART FILE AT STEP 900000
FINISHED WRITING RESTART VELOCITIES
PRESSURE: 1000000 519.828 129.494 463.872 129.492 969.321 504.723 463.869 504.719 -277.467
GPRESSURE: 1000000 617.715 83.894 550.098 38.1862 859.09 503.901 359.535 437.514 -141.937
PRESSAVG: 1000000 175.005 69.5386 114.639 69.5386 -80.6338 28.5455 114.639 28.5455 -8.09737
GPRESSAVG: 1000000 248.086 31.3337 69.6822 151.652 -39.4719 14.5273 134.567 105.778 61.9861
TIMING: 1000000  CPU: 1477.69, 0.000368878/step  Wall: 1482.16, 0.000370082/step, 466.923 ns/days, 0.0514003 hours remaining, 0.000000 MB of memory in use.
PERFORMANCE: 1000000  averaging 466.417 ns/day, 0.000370484 sec/step with standard deviation 3.95784e-07
ETITLE:      TS           BOND          ANGLE          DIHED          IMPRP               ELECT            VDW       BOUNDARY           MISC        KINETIC               TOTAL           TEMP      POTENTIAL       TOTALAVG        TEMPAVG            PRESSURE      GPRESSURE         VOLUME       PRESSAVG      GPRESSAVG
FEPTITLE:    TS          BOND2         ELECT2           VDW2

ENERGY: 1000000         2.4315         6.2392        17.4815         0.0000         -10796.6982      1492.7577         0.0000         0.0000      1760.9201          -7516.8683       298.9156     -9277.7883     -7520.0321       300.3597            403.8937       444.9558     29942.6293      -121.8953       -70.5165
FEP:    1000000        26.1521    -10796.6982      1495.1878

WRITING EXTENDED SYSTEM TO RESTART FILE AT STEP 1000000
WRITING COORDINATES TO DCD FILE mobley_3589456_prod.dcd AT STEP 1000000
WRITING COORDINATES TO RESTART FILE AT STEP 1000000
FINISHED WRITING RESTART COORDINATES
WRITING VELOCITIES TO RESTART FILE AT STEP 1000000
FINISHED WRITING RESTART VELOCITIES
PRESSURE: 1100000 364.519 70.6748 149.491 70.6749 -326.681 -39.9165 149.495 -39.9113 160.444
GPRESSURE: 1100000 599.946 70.2292 528.428 367.052 -137.207 99.3613 56.9799 -52.1738 -24.2657
PRESSAVG: 1100000 207.358 59.0738 100.888 59.0738 -120.971 39.3823 100.888 39.3823 -29.9459
GPRESSAVG: 1100000 279.508 20.1468 68.3363 162.435 -70.2266 28.9955 112.392 103.939 24.6493
ENERGY: 1100000         2.3202         9.5050        16.2645         0.0000         -10881.6898      1462.2569         0.0000         0.0000      1751.5178          -7639.8255       297.3196     -9391.3433     -7530.0149       300.1064             66.0940       146.1578     29540.4976      -106.2295       -52.4603
FEP:    1100000        28.0896    -10881.6898      1464.0495

WRITING EXTENDED SYSTEM TO RESTART FILE AT STEP 1100000
WRITING COORDINATES TO DCD FILE mobley_3589456_prod.dcd AT STEP 1100000
WRITING COORDINATES TO RESTART FILE AT STEP 1100000
FINISHED WRITING RESTART COORDINATES
WRITING VELOCITIES TO RESTART FILE AT STEP 1100000
FINISHED WRITING RESTART VELOCITIES
PRESSURE: 1200000 182.864 -3.57676 472.819 -3.57906 117.291 389.607 472.82 389.607 68.2972
GPRESSURE: 1200000 262.774 -201.052 442.65 166.688 249.563 642.062 475.091 -2.53009 143.284
PRESSAVG: 1200000 179.029 67.4658 110.188 67.4658 -96.3102 56.4092 110.188 56.4092 -61.4668
GPRESSAVG: 1200000 260.736 20.3371 81.7407 171.806 -46.9961 54.259 103.741 115.133 -4.23929
ENERGY: 1200000         1.8008         9.3843        15.8045         0.0000         -10695.9901      1444.2015         0.0000         0.0000      1778.6349          -7446.1642       301.9227     -9224.7991     -7523.5648       300.2461            122.8174       218.5404     30256.9180       -88.6105       -31.6141
FEP:    1200000        26.9895    -10695.9901      1444.9199

WRITING EXTENDED SYSTEM TO RESTART FILE AT STEP 1200000
WRITING COORDINATES TO DCD FILE mobley_3589456_prod.dcd AT STEP 1200000
WRITING COORDINATES TO RESTART FILE AT STEP 1200000
FINISHED WRITING RESTART COORDINATES
WRITING VELOCITIES TO RESTART FILE AT STEP 1200000
FINISHED WRITING RESTART VELOCITIES
PRESSURE: 1300000 -82.8813 74.1599 -36.3776 74.1594 -462.039 228.491 -36.3808 228.49 664.701
GPRESSURE: 1300000 144.085 -60.8177 -69.3265 -58.2783 -450.693 491.007 66.119 32.7601 601.007
PRESSAVG: 1300000 135.391 70.0536 108.954 70.0536 -145.73 64.4263 108.954 64.4263 -13.9011
GPRESSAVG: 1300000 231.223 14.4978 89.7379 180.511 -100.88 83.3823 112.234 114.074 29.6717
ENERGY: 1300000         3.1295         8.2636        16.0356         0.0000         -10638.6803      1428.0450         0.0000         0.0000      1740.6036          -7442.6030       295.4669     -9183.2066     -7517.7818       299.9047             39.9270        98.1331     30276.6255       -79.4292       -22.3464
FEP:    1300000        27.4287    -10638.6803      1428.2371

WRITING EXTENDED SYSTEM TO RESTART FILE AT STEP 1300000
WRITING COORDINATES TO DCD FILE mobley_3589456_prod.dcd AT STEP 1300000
WRITING COORDINATES TO RESTART FILE AT STEP 1300000
FINISHED WRITING RESTART COORDINATES
WRITING VELOCITIES TO RESTART FILE AT STEP 1300000
FINISHED WRITING RESTART VELOCITIES
PRESSURE: 1400000 94.6228 -446.354 -69.1994 -446.354 119.553 214.66 -69.2001 214.659 -111.496
GPRESSURE: 1400000 129.273 -407.812 122.013 -681.667 235.099 339.693 -267.374 201.193 21.26
PRESSAVG: 1400000 185.346 55.8247 87.0197 55.8247 -124.395 89.7269 87.0197 89.7269 64.7584
GPRESSAVG: 1400000 270.198 -0.71633 75.1322 144.456 -74.4297 100.784 93.331 153.684 119.113
ENERGY: 1400000         2.7100        14.2089        16.6556         0.0000         -10863.8472      1478.7589         0.0000         0.0000      1770.4601          -7581.0536       300.5350     -9351.5137     -7521.9999       299.9467             34.2266       128.5439     30189.3979       -71.8522       -12.2871
FEP:    1400000        33.5745    -10863.8472      1479.2788

WRITING EXTENDED SYSTEM TO RESTART FILE AT STEP 1400000
WRITING COORDINATES TO DCD FILE mobley_3589456_prod.dcd AT STEP 1400000
WRITING COORDINATES TO RESTART FILE AT STEP 1400000
FINISHED WRITING RESTART COORDINATES
WRITING VELOCITIES TO RESTART FILE AT STEP 1400000
FINISHED WRITING RESTART VELOCITIES
PRESSURE: 1500000 -187.191 -133.234 -65.5792 -133.233 -1244.32 462.606 -65.5797 462.604 -769.008
GPRESSURE: 1500000 -221.162 -415.89 -217.289 86.7506 -1018.18 558.505 48.1018 190.719 -666.541
PRESSAVG: 1500000 200.723 54.526 85.1057 54.526 -193.628 99.1354 85.1057 99.1354 -2.64662
GPRESSAVG: 1500000 284.111 -20.2707 69.3657 139.61 -135.273 111.79 88.7163 145.516 48.4017
ENERGY: 1500000         1.3897        12.9747        14.9361         0.0000         -10576.7103      1359.5489         0.0000         0.0000      1791.6385          -7396.2224       304.1300     -9187.8609     -7514.1389       300.2082           -733.5056      -635.2956     30915.4883      -113.2055       -51.2251
FEP:    1500000        29.3005    -10576.7103      1359.3573

WRITING EXTENDED SYSTEM TO RESTART FILE AT STEP 1500000
WRITING COORDINATES TO DCD FILE mobley_3589456_prod.dcd AT STEP 1500000
WRITING COORDINATES TO RESTART FILE AT STEP 1500000
FINISHED WRITING RESTART COORDINATES
WRITING VELOCITIES TO RESTART FILE AT STEP 1500000
FINISHED WRITING RESTART VELOCITIES
TCL: Running FEP window   4: Lambda1 0.15000000000000002 Lambda2 0.2    [dLambda 0.04999999999999999]
TCL: Setting parameter firsttimestep to 0
TCL: Setting parameter alchLambda to 0.15000000000000002
Info: NONBONDED TABLE R-SQUARED SPACING: 0.0625
Info: NONBONDED TABLE SIZE: 705 POINTS
Info: INCONSISTENCY IN FAST TABLE ENERGY VS FORCE: 0.000290481 AT 0.251946
Info: INCONSISTENCY IN SCOR TABLE ENERGY VS FORCE: 0.000238233 AT 8.9687
Info: ABSOLUTE IMPRECISION IN VDWA TABLE ENERGY: 1.21169e-27 AT 8.99653
Info: ABSOLUTE IMPRECISION IN VDWA TABLE FORCE: 2.57484e-27 AT 8.99653
Info: INCONSISTENCY IN VDWA TABLE ENERGY VS FORCE: 0.0040507 AT 0.251946
Info: INCONSISTENCY IN VDWB TABLE ENERGY VS FORCE: 0.00150189 AT 0.251946
TCL: Setting parameter alchLambda2 to 0.2
Info: NONBONDED TABLE R-SQUARED SPACING: 0.0625
Info: NONBONDED TABLE SIZE: 705 POINTS
Info: INCONSISTENCY IN FAST TABLE ENERGY VS FORCE: 0.000290481 AT 0.251946
Info: INCONSISTENCY IN SCOR TABLE ENERGY VS FORCE: 0.000238233 AT 8.9687
Info: ABSOLUTE IMPRECISION IN VDWA TABLE ENERGY: 1.21169e-27 AT 8.99653
Info: ABSOLUTE IMPRECISION IN VDWA TABLE FORCE: 2.57484e-27 AT 8.99653
Info: INCONSISTENCY IN VDWA TABLE ENERGY VS FORCE: 0.0040507 AT 0.251946
Info: INCONSISTENCY IN VDWB TABLE ENERGY VS FORCE: 0.00150189 AT 0.251946
TCL: Running for 1500000 steps
FEP: RESETTING FOR NEW FEP WINDOW LAMBDA SET TO 0.15 LAMBDA2 0.2
FEP: WINDOW TO HAVE 100000 STEPS OF EQUILIBRATION PRIOR TO FEP DATA COLLECTION.
FEP: USING CONSTANT TEMPERATURE OF 300 K FOR FEP CALCULATION
PRESSURE: 0 -148.194 -146.586 -11.4349 -146.585 -1240.18 416.662 -11.4363 416.663 -762.679
GPRESSURE: 0 -223.25 -413.541 -218.415 88.6779 -1018.83 558.085 47.0869 190.204 -666.651
ETITLE:      TS           BOND          ANGLE          DIHED          IMPRP               ELECT            VDW       BOUNDARY           MISC        KINETIC               TOTAL           TEMP      POTENTIAL       TOTALAVG        TEMPAVG            PRESSURE      GPRESSURE         VOLUME       PRESSAVG      GPRESSAVG
FEPTITLE:    TS          BOND2         ELECT2           VDW2

ENERGY:       0         1.3897        12.9747        14.9361         0.0000         -10576.7098      1359.3573         0.0000         0.0000      1790.7527          -7397.2993       303.9797     -9188.0520     -7397.2993       303.9797           -717.0167      -636.2419     30915.4883      -717.0167      -636.2419
FEP:          0        29.3005    -10576.7098      1359.5068

PRESSURE: 100000 -110.951 76.5619 -440.375 76.562 190.521 -51.3617 -440.374 -51.3617 -549.027
GPRESSURE: 100000 100.123 34.8095 -427.025 67.5403 180.177 -58.8915 -574.298 168.732 -416.988
PRESSAVG: 100000 98.1387 71.8762 40.1043 71.8762 -252.149 129.266 40.1043 129.266 -131.086
GPRESSAVG: 100000 174.181 -19.307 23.1155 167.389 -196.344 133.351 36.6853 152.202 -59.1916
ENERGY:  100000         2.3337        13.6122        16.9993         0.0000         -10642.5124      1426.0963         0.0000         0.0000      1757.7336          -7425.7372       298.3747     -9183.4709     -7411.5183       301.1772           -156.4858       -45.5628     30677.7113      -436.7512      -340.9023
FEP:     100000        32.9453    -10642.5124      1428.6933

WRITING EXTENDED SYSTEM TO RESTART FILE AT STEP 100000
WRITING COORDINATES TO DCD FILE mobley_3589456_prod.dcd AT STEP 100000
WRITING COORDINATES TO RESTART FILE AT STEP 100000
FINISHED WRITING RESTART COORDINATES
WRITING VELOCITIES TO RESTART FILE AT STEP 100000
FINISHED WRITING RESTART VELOCITIES
PRESSURE: 200000 -36.0172 140.872 84.9998 140.871 -261.906 -488.951 85.0012 -488.955 -23.7839
GPRESSURE: 200000 -81.624 428.138 157.278 89.424 -66.1358 -448.71 -1.82759 -566.843 231.215
PRESSAVG: 200000 78.4781 57.495 85.4515 57.495 -274.714 152.18 85.4515 152.18 -194.924
GPRESSAVG: 200000 139.191 -16.03 86.1253 147.437 -203.982 158.532 77.8586 183.454 -117.502
ENERGY:  200000         6.6798        10.6064        14.7465         0.0000         -10731.5881      1460.0288         0.0000         0.0000      1716.8736          -7522.6530       291.4387     -9239.5266     -7448.5632       297.9310           -107.2357        27.8185     30254.5329      -326.9127      -217.9954
FEP:     200000        32.0327    -10731.5881      1460.7541

WRITING EXTENDED SYSTEM TO RESTART FILE AT STEP 200000
WRITING COORDINATES TO DCD FILE mobley_3589456_prod.dcd AT STEP 200000
WRITING COORDINATES TO RESTART FILE AT STEP 200000
FINISHED WRITING RESTART COORDINATES
WRITING VELOCITIES TO RESTART FILE AT STEP 200000
FINISHED WRITING RESTART VELOCITIES
PRESSURE: 300000 -1465.32 316.736 387.437 316.735 393.157 452.507 387.436 452.505 -210.129
GPRESSURE: 300000 -1374.96 95.0662 170.123 82.5734 518.629 708.512 285.591 54.4349 -373.427
PRESSAVG: 300000 -44.9627 86.5048 81.9791 86.5048 -228.345 159.722 81.9791 159.722 -209.611
GPRESSAVG: 300000 12.9508 -0.0805164 69.6275 158.311 -151.109 194.173 68.1012 171.664 -144.368
ENERGY:  300000         1.8354        12.8680        15.6730         0.0000         -10791.9172      1417.7380         0.0000         0.0000      1748.7549          -7595.0479       296.8506     -9343.8028     -7485.1844       297.6609           -427.4298      -409.9196     29853.6697      -352.0420      -265.9765
FEP:     300000        30.3763    -10791.9172      1417.9225

WRITING EXTENDED SYSTEM TO RESTART FILE AT STEP 300000
WRITING COORDINATES TO DCD FILE mobley_3589456_prod.dcd AT STEP 300000
WRITING COORDINATES TO RESTART FILE AT STEP 300000
FINISHED WRITING RESTART COORDINATES
WRITING VELOCITIES TO RESTART FILE AT STEP 300000
FINISHED WRITING RESTART VELOCITIES
PRESSURE: 400000 917.805 -362.107 -91.3747 -362.107 424.752 -253.961 -91.3794 -253.961 333.272
GPRESSURE: 400000 1145.83 -305.079 -69.678 -207.474 364.457 -418.981 -15.0068 30.0486 351.993
PRESSAVG: 400000 -51.9081 81.5895 55.6577 81.5895 -180.091 132.76 55.6577 132.76 -194.752
GPRESSAVG: 400000 12.6275 -4.25418 41.2219 154.575 -105.929 173.243 43.4009 158.433 -135.129
ENERGY:  400000         2.0318         7.7491        16.2232         0.0000         -10787.4741      1504.0779         0.0000         0.0000      1727.9914          -7529.4006       293.3260     -9257.3921     -7494.0276       296.7939            558.6098       620.7608     30040.8951      -169.9116       -88.6290
FEP:     400000        26.0041    -10787.4741      1504.3386

WRITING EXTENDED SYSTEM TO RESTART FILE AT STEP 400000
WRITING COORDINATES TO DCD FILE mobley_3589456_prod.dcd AT STEP 400000
WRITING COORDINATES TO RESTART FILE AT STEP 400000
FINISHED WRITING RESTART COORDINATES
WRITING VELOCITIES TO RESTART FILE AT STEP 400000
FINISHED WRITING RESTART VELOCITIES
PRESSURE: 500000 -824.007 247.918 -72.0608 247.919 -158.337 -833.802 -72.0611 -833.803 -230.923
GPRESSURE: 500000 -939.751 -251.449 -194.819 440.293 190.473 -1182.87 40.781 -863.355 -305.097
PRESSAVG: 500000 -84.808 68.0981 37.1754 68.0981 -135.185 82.9393 37.1754 82.9393 -194.509
GPRESSAVG: 500000 -30.7169 -45.8898 38.1853 158.493 -44.9341 111.468 24.8416 105.498 -138.542
ENERGY:  500000         1.8699        10.3719        15.4049         0.0000         -10705.3403      1419.0323         0.0000         0.0000      1746.6705          -7511.9907       296.4967     -9258.6613     -7497.0215       296.7444           -404.4221      -351.4584     30617.4726      -208.9967      -132.4339
FEP:     500000        27.6467    -10705.3403      1419.9892

WRITING EXTENDED SYSTEM TO RESTART FILE AT STEP 500000
WRITING COORDINATES TO DCD FILE mobley_3589456_prod.dcd AT STEP 500000
WRITING COORDINATES TO RESTART FILE AT STEP 500000
FINISHED WRITING RESTART COORDINATES
WRITING VELOCITIES TO RESTART FILE AT STEP 500000
FINISHED WRITING RESTART VELOCITIES
PRESSURE: 600000 17.4691 -402.875 407.035 -402.876 15.6727 -227.38 407.036 -227.381 -1467.58
GPRESSURE: 600000 14.0307 -306.462 522.117 -343.536 -12.5319 -444.09 218.739 -177.353 -1230.13
PRESSAVG: 600000 -100.645 23.915 40.4315 23.915 -142.554 65.8562 40.4315 65.8562 -278.965
GPRESSAVG: 600000 -49.7411 -83.3824 45.1398 108.125 -58.3545 86.845 20.586 76.9409 -214.386
ENERGY:  600000         5.5243         9.7998        16.2086         0.0000         -10755.9564      1428.6320         0.0000         0.0000      1754.0521          -7541.7395       297.7498     -9295.7916     -7503.4098       296.8880           -478.1472      -409.5435     30638.1411      -247.4468      -172.0210
FEP:     600000        31.5328    -10755.9564      1429.9544

WRITING EXTENDED SYSTEM TO RESTART FILE AT STEP 600000
WRITING COORDINATES TO DCD FILE mobley_3589456_prod.dcd AT STEP 600000
WRITING COORDINATES TO RESTART FILE AT STEP 600000
FINISHED WRITING RESTART COORDINATES
WRITING VELOCITIES TO RESTART FILE AT STEP 600000
FINISHED WRITING RESTART VELOCITIES
PRESSURE: 700000 -288.289 802.774 -444.328 802.775 -574.323 -163.893 -444.325 -163.894 -52.3754
GPRESSURE: 700000 -254.093 669.399 -638.63 830.41 -489.42 -402.772 -279.848 -52.6057 119.126
PRESSAVG: 700000 -71.572 33.9067 26.8121 33.9067 -138.838 63.5319 26.8121 63.5319 -252.136
GPRESSAVG: 700000 -17.5548 -70.5296 28.5122 100.932 -53.84 105.032 10.7878 52.9176 -191.231
ENERGY:  700000         2.1195        10.0411        15.9683         0.0000         -10655.4566      1410.1684         0.0000         0.0000      1749.5061          -7467.6531       296.9781     -9217.1592     -7498.9402       296.8993           -304.9960      -208.1290     30420.4179      -254.6404      -176.5345
FEP:     700000        28.1290    -10655.4566      1410.9074

WRITING EXTENDED SYSTEM TO RESTART FILE AT STEP 700000
WRITING COORDINATES TO DCD FILE mobley_3589456_prod.dcd AT STEP 700000
WRITING COORDINATES TO RESTART FILE AT STEP 700000
FINISHED WRITING RESTART COORDINATES
WRITING VELOCITIES TO RESTART FILE AT STEP 700000
FINISHED WRITING RESTART VELOCITIES
PRESSURE: 800000 964.1 379.588 -127.916 379.587 709.079 -52.6811 -127.914 -52.6839 453.203
GPRESSURE: 800000 700.004 511.147 -731.028 285.634 851.432 69.3628 155.658 -249.183 542.016
PRESSAVG: 800000 -46.1846 42.8444 48.1273 42.8444 -42.6666 80.8544 48.1273 80.8544 -193.536
GPRESSAVG: 800000 -0.476189 -64.7389 12.7495 105.949 38.8945 117.308 35.6932 51.476 -131.878
ENERGY:  800000         4.1981        13.6853        15.3002         0.0000         -10863.6732      1527.6273         0.0000         0.0000      1737.4852          -7565.3770       294.9375     -9302.8622     -7506.3221       296.6813            708.7942       697.8170     30040.3873      -147.5921       -79.3843
FEP:     800000        33.1837    -10863.6732      1527.5230

WRITING EXTENDED SYSTEM TO RESTART FILE AT STEP 800000
WRITING COORDINATES TO DCD FILE mobley_3589456_prod.dcd AT STEP 800000
WRITING COORDINATES TO RESTART FILE AT STEP 800000
FINISHED WRITING RESTART COORDINATES
WRITING VELOCITIES TO RESTART FILE AT STEP 800000
FINISHED WRITING RESTART VELOCITIES
PRESSURE: 900000 -1043.36 15.9037 -374.566 15.903 -331.34 -217.921 -374.569 -217.92 75.319
GPRESSURE: 900000 -877.377 5.66841 -373.437 251.035 -173.509 -384.233 -385.85 17.6577 -30.0537
PRESSAVG: 900000 -72.8018 61.839 50.0948 61.839 -57.095 67.7699 50.0948 67.7699 -145.429
GPRESSAVG: 900000 -18.3845 -24.2015 22.5858 123.178 35.7659 76.0031 39.3353 48.9594 -98.7957
ENERGY:  900000         2.4067         7.4451        15.3526         0.0000         -10675.0226      1396.1322         0.0000         0.0000      1792.4003          -7461.2856       304.2594     -9253.6859     -7501.8184       297.4391           -433.1275      -360.3131     30564.4707      -176.1457      -107.4772
FEP:     900000        25.2045    -10675.0226      1397.7780

WRITING EXTENDED SYSTEM TO RESTART FILE AT STEP 900000
WRITING COORDINATES TO DCD FILE mobley_3589456_prod.dcd AT STEP 900000
WRITING COORDINATES TO RESTART FILE AT STEP 900000
FINISHED WRITING RESTART COORDINATES
WRITING VELOCITIES TO RESTART FILE AT STEP 900000
FINISHED WRITING RESTART VELOCITIES
PRESSURE: 1000000 734.287 45.3029 369.517 45.3037 -192.075 15.0844 369.521 15.088 -659.309
GPRESSURE: 1000000 612.838 394.142 162.597 -291.839 -88.1693 -292.556 488.262 321.735 -434.325
PRESSAVG: 1000000 -56.7846 45.8768 43.1598 45.8768 -75.6565 41.5573 43.1598 41.5573 -173.621
GPRESSAVG: 1000000 -6.60187 -8.95519 10.2013 90.1189 20.419 36.1467 39.3142 41.4217 -122.635
TIMING: 1000000  CPU: 2030.94, 0.000369066/step  Wall: 2037.47, 0.000370432/step, 466.483 ns/days, 0.0514488 hours remaining, 0.000000 MB of memory in use.
PERFORMANCE: 1000000  averaging 466.433 ns/day, 0.000370471 sec/step with standard deviation 3.24219e-07
ETITLE:      TS           BOND          ANGLE          DIHED          IMPRP               ELECT            VDW       BOUNDARY           MISC        KINETIC               TOTAL           TEMP      POTENTIAL       TOTALAVG        TEMPAVG            PRESSURE      GPRESSURE         VOLUME       PRESSAVG      GPRESSAVG
FEPTITLE:    TS          BOND2         ELECT2           VDW2

ENERGY: 1000000         0.6037        15.7276        15.3824         0.0000         -10706.3609      1432.7570         0.0000         0.0000      1754.2463          -7487.6440       297.7827     -9241.8902     -7500.5298       297.4703            -39.0320        30.1145     30321.1418      -163.6808       -94.9689
FEP:    1000000        31.7137    -10706.3609      1434.6865

WRITING EXTENDED SYSTEM TO RESTART FILE AT STEP 1000000
WRITING COORDINATES TO DCD FILE mobley_3589456_prod.dcd AT STEP 1000000
WRITING COORDINATES TO RESTART FILE AT STEP 1000000
FINISHED WRITING RESTART COORDINATES
WRITING VELOCITIES TO RESTART FILE AT STEP 1000000
FINISHED WRITING RESTART VELOCITIES
PRESSURE: 1100000 77.7499 -446.24 351.038 -446.238 -589.839 -4.04581 351.036 -4.04899 496.88
GPRESSURE: 1100000 -36.5793 -475.952 254.708 -204.154 -441.131 307.952 344 -213.309 508.303
PRESSAVG: 1100000 -29.5687 11.0397 61.8418 11.0397 -76.7362 47.6138 61.8418 47.6138 -94.7161
GPRESSAVG: 1100000 12.7571 -42.6321 20.284 61.7221 27.073 50.9084 56.233 39.578 -43.5312
ENERGY: 1100000         2.8008         6.4549        14.9385         0.0000         -10828.9300      1483.0098         0.0000         0.0000      1774.8223          -7546.9037       301.2755     -9321.7260     -7504.3943       297.7874             -5.0695        10.1976     30703.4422      -150.4632       -86.2050
FEP:    1100000        24.1942    -10828.9300      1482.9560

WRITING EXTENDED SYSTEM TO RESTART FILE AT STEP 1100000
WRITING COORDINATES TO DCD FILE mobley_3589456_prod.dcd AT STEP 1100000
WRITING COORDINATES TO RESTART FILE AT STEP 1100000
FINISHED WRITING RESTART COORDINATES
WRITING VELOCITIES TO RESTART FILE AT STEP 1100000
FINISHED WRITING RESTART VELOCITIES
PRESSURE: 1200000 -1158.23 160.86 -401.737 160.86 -736.265 -141.873 -401.736 -141.876 -859.063
GPRESSURE: 1200000 -1087.03 416.261 -332.987 241.909 -743.389 -80.1813 -393.053 -20.1175 -588.298
PRESSAVG: 1200000 -82.2809 -2.29316 19.1947 -2.29316 -101.599 18.4939 19.1947 18.4939 -162.072
GPRESSAVG: 1200000 -36.5414 -39.1627 -31.0444 48.863 -4.62808 28.7269 20.3083 8.4888 -87.5944
ENERGY: 1200000         1.6059        10.4371        15.8208         0.0000         -10595.4297      1336.2634         0.0000         0.0000      1743.2673          -7488.0351       295.9190     -9231.3024     -7503.1359       297.6437           -917.8521      -806.2384     30575.7068      -209.4931      -141.5922
FEP:    1200000        27.8638    -10595.4297      1338.1219

WRITING EXTENDED SYSTEM TO RESTART FILE AT STEP 1200000
WRITING COORDINATES TO DCD FILE mobley_3589456_prod.dcd AT STEP 1200000
WRITING COORDINATES TO RESTART FILE AT STEP 1200000
FINISHED WRITING RESTART COORDINATES
WRITING VELOCITIES TO RESTART FILE AT STEP 1200000
FINISHED WRITING RESTART VELOCITIES
PRESSURE: 1300000 -85.5432 -286.563 176.488 -286.565 -171.369 -134.972 176.488 -134.974 599.041
GPRESSURE: 1300000 -152.754 -540.824 79.7338 -254.135 -137.422 210.764 27.0221 -259.407 810.764
PRESSAVG: 1300000 -77.8368 11.6653 36.3874 11.6653 -167.466 3.67832 36.3874 3.67832 -156.084
GPRESSAVG: 1300000 -46.0979 -33.5062 -14.1445 49.7545 -66.3849 38.7958 34.7854 -40.5939 -77.4373
ENERGY: 1300000         2.7048        11.7567        16.7000         0.0000         -10675.8978      1443.3239         0.0000         0.0000      1769.8261          -7431.5864       300.4274     -9201.4125     -7498.0252       297.8426            114.0430       173.5293     30314.1654      -186.3834      -119.0835
FEP:    1300000        31.1614    -10675.8978      1444.6129

WRITING EXTENDED SYSTEM TO RESTART FILE AT STEP 1300000
WRITING COORDINATES TO DCD FILE mobley_3589456_prod.dcd AT STEP 1300000
WRITING COORDINATES TO RESTART FILE AT STEP 1300000
FINISHED WRITING RESTART COORDINATES
WRITING VELOCITIES TO RESTART FILE AT STEP 1300000
FINISHED WRITING RESTART VELOCITIES
PRESSURE: 1400000 853.851 -281.546 -169.846 -281.546 -882.019 436.597 -169.845 436.6 121.622
GPRESSURE: 1400000 728.316 -516.098 7.37017 9.06038 -978.046 527.047 -506.055 605.711 347.328
PRESSAVG: 1400000 -61.1356 -8.88662 4.70161 -8.88662 -260.033 0.272364 4.70161 0.272364 -136.13
GPRESSAVG: 1400000 -40.5678 -63.5058 -41.2809 48.2982 -158.242 39.9531 -8.49408 -32.1841 -52.974
ENERGY: 1400000         1.9229         7.2983        15.1944         0.0000         -10801.3997      1455.1978         0.0000         0.0000      1789.3673          -7532.4191       303.7445     -9321.7864     -7500.3182       298.2360             31.1513        32.5324     30235.6911      -171.8811      -108.9758
FEP:    1400000        24.4156    -10801.3997      1456.7121

WRITING EXTENDED SYSTEM TO RESTART FILE AT STEP 1400000
WRITING COORDINATES TO DCD FILE mobley_3589456_prod.dcd AT STEP 1400000
WRITING COORDINATES TO RESTART FILE AT STEP 1400000
FINISHED WRITING RESTART COORDINATES
WRITING VELOCITIES TO RESTART FILE AT STEP 1400000
FINISHED WRITING RESTART VELOCITIES
PRESSURE: 1500000 54.6717 780.431 236.98 780.432 101.566 425.37 236.982 425.369 590.777
GPRESSURE: 1500000 155.707 798.999 326.464 498.87 373.379 115.377 289.927 483.248 515.31
PRESSAVG: 1500000 -76.628 26.6012 9.07594 26.6012 -238.621 23.5364 9.07594 23.5364 -114.613
GPRESSAVG: 1500000 -62.7798 -27.0674 -51.3791 54.8891 -132.712 40.7539 3.15325 -5.41302 -25.9952
ENERGY: 1500000         3.1448        13.0428        14.6965         0.0000         -10840.4360      1480.3882         0.0000         0.0000      1859.7102          -7469.4535       315.6852     -9329.1637     -7498.3891       299.3266            249.0050       348.1320     30052.1329      -145.5757       -80.4065
FEP:    1500000        30.8841    -10840.4360      1480.9897

WRITING EXTENDED SYSTEM TO RESTART FILE AT STEP 1500000
WRITING COORDINATES TO DCD FILE mobley_3589456_prod.dcd AT STEP 1500000
WRITING COORDINATES TO RESTART FILE AT STEP 1500000
FINISHED WRITING RESTART COORDINATES
WRITING VELOCITIES TO RESTART FILE AT STEP 1500000
FINISHED WRITING RESTART VELOCITIES
TCL: Running FEP window   5: Lambda1 0.2    Lambda2 0.25   [dLambda 0.04999999999999999]
TCL: Setting parameter firsttimestep to 0
TCL: Setting parameter alchLambda to 0.2
Info: NONBONDED TABLE R-SQUARED SPACING: 0.0625
Info: NONBONDED TABLE SIZE: 705 POINTS
Info: INCONSISTENCY IN FAST TABLE ENERGY VS FORCE: 0.000290481 AT 0.251946
Info: INCONSISTENCY IN SCOR TABLE ENERGY VS FORCE: 0.000238233 AT 8.9687
Info: ABSOLUTE IMPRECISION IN VDWA TABLE ENERGY: 1.21169e-27 AT 8.99653
Info: ABSOLUTE IMPRECISION IN VDWA TABLE FORCE: 2.57484e-27 AT 8.99653
Info: INCONSISTENCY IN VDWA TABLE ENERGY VS FORCE: 0.0040507 AT 0.251946
Info: INCONSISTENCY IN VDWB TABLE ENERGY VS FORCE: 0.00150189 AT 0.251946
TCL: Setting parameter alchLambda2 to 0.25
Info: NONBONDED TABLE R-SQUARED SPACING: 0.0625
Info: NONBONDED TABLE SIZE: 705 POINTS
Info: INCONSISTENCY IN FAST TABLE ENERGY VS FORCE: 0.000290481 AT 0.251946
Info: INCONSISTENCY IN SCOR TABLE ENERGY VS FORCE: 0.000238233 AT 8.9687
Info: ABSOLUTE IMPRECISION IN VDWA TABLE ENERGY: 1.21169e-27 AT 8.99653
Info: ABSOLUTE IMPRECISION IN VDWA TABLE FORCE: 2.57484e-27 AT 8.99653
Info: INCONSISTENCY IN VDWA TABLE ENERGY VS FORCE: 0.0040507 AT 0.251946
Info: INCONSISTENCY IN VDWB TABLE ENERGY VS FORCE: 0.00150189 AT 0.251946
TCL: Running for 1500000 steps
FEP: RESETTING FOR NEW FEP WINDOW LAMBDA SET TO 0.2 LAMBDA2 0.25
FEP: WINDOW TO HAVE 100000 STEPS OF EQUILIBRATION PRIOR TO FEP DATA COLLECTION.
FEP: USING CONSTANT TEMPERATURE OF 300 K FOR FEP CALCULATION
PRESSURE: 0 -14.9513 772.919 202.49 772.919 195.534 366.922 202.487 366.922 631.386
GPRESSURE: 0 166.884 795.716 321.975 496.394 371.27 115.947 285.897 483.64 526.162
ETITLE:      TS           BOND          ANGLE          DIHED          IMPRP               ELECT            VDW       BOUNDARY           MISC        KINETIC               TOTAL           TEMP      POTENTIAL       TOTALAVG        TEMPAVG            PRESSURE      GPRESSURE         VOLUME       PRESSAVG      GPRESSAVG
FEPTITLE:    TS          BOND2         ELECT2           VDW2

ENERGY:       0         3.1448        13.0428        14.6965         0.0000         -10840.4353      1480.9897         0.0000         0.0000      1858.8496          -7469.7119       315.5391     -9328.5615     -7469.7119       315.5391            270.6564       354.7718     30052.1329       270.6564       354.7718
FEP:          0        30.8841    -10840.4353      1482.3393

PRESSURE: 100000 -435.005 262.913 -109.501 262.913 497.152 14.8624 -109.499 14.8676 -812.72
GPRESSURE: 100000 -463.947 -159.444 218.453 182.681 641.939 -8.4354 -327.646 -227.303 -737.146
PRESSAVG: 100000 -104.125 74.8638 -8.09662 74.8638 -186.749 11.721 -8.09662 11.721 -160.33
GPRESSAVG: 100000 -97.9759 17.8398 -43.0239 83.4224 -71.9955 -10.524 -25.9947 5.89229 -73.759
ENERGY:  100000         2.0986        10.3635        15.9334         0.0000         -10710.4144      1413.4373         0.0000         0.0000      1797.1452          -7471.4364       305.0648     -9268.5816     -7470.5742       310.3020           -250.1914      -186.3847     30212.9486        10.2325        84.1936
FEP:     100000        28.3954    -10710.4144      1413.4225

WRITING EXTENDED SYSTEM TO RESTART FILE AT STEP 100000
WRITING COORDINATES TO DCD FILE mobley_3589456_prod.dcd AT STEP 100000
WRITING COORDINATES TO RESTART FILE AT STEP 100000
FINISHED WRITING RESTART COORDINATES
WRITING VELOCITIES TO RESTART FILE AT STEP 100000
FINISHED WRITING RESTART VELOCITIES
PRESSURE: 200000 -468.855 -128.581 -285.828 -128.581 572.184 -84.9558 -285.829 -84.9514 245.06
GPRESSURE: 200000 -546.668 179.904 -17.0211 -101.049 465.8 -304.47 -586.889 414.805 366.718
PRESSAVG: 200000 -132.299 90.7525 -18.9281 90.7525 -164.117 -3.25951 -18.9281 -3.25951 -142.502
GPRESSAVG: 200000 -131.773 47.2255 -49.9756 112.453 -60.4604 -42.7321 -41.9704 16.5729 -56.4861
ENERGY:  200000         4.2883         8.5325        15.3688         0.0000         -10710.8605      1450.9703         0.0000         0.0000      1780.1783          -7451.5222       302.1847     -9231.7005     -7464.2235       307.5962            116.1295        95.2832     30464.5862        45.5315        87.8901
FEP:     200000        28.1896    -10710.8605      1450.4757

WRITING EXTENDED SYSTEM TO RESTART FILE AT STEP 200000
WRITING COORDINATES TO DCD FILE mobley_3589456_prod.dcd AT STEP 200000
WRITING COORDINATES TO RESTART FILE AT STEP 200000
FINISHED WRITING RESTART COORDINATES
WRITING VELOCITIES TO RESTART FILE AT STEP 200000
FINISHED WRITING RESTART VELOCITIES
PRESSURE: 300000 1095.11 -488.888 167.966 -488.886 -393.569 -419.988 167.968 -419.988 500.569
GPRESSURE: 300000 848.574 -311.743 292.944 -927.79 -151.854 -429.257 -37.5144 -396.433 645.398
PRESSAVG: 300000 -68.1839 72.9699 -7.25068 72.9699 -121.58 -47.3891 -7.25068 -47.3891 -79.0231
GPRESSAVG: 300000 -78.2862 52.4329 -24.4639 61.7262 -17.1439 -92.1202 -46.2512 -12.7847 9.11088
ENERGY:  300000         3.0770        14.2553        17.4607         0.0000         -10848.5271      1503.7732         0.0000         0.0000      1811.2346          -7498.7263       307.4565     -9309.9609     -7472.8492       307.5613            400.7027       447.3729     30410.1584       134.3243       177.7608
FEP:     300000        34.7930    -10848.5271      1503.6082

WRITING EXTENDED SYSTEM TO RESTART FILE AT STEP 300000
WRITING COORDINATES TO DCD FILE mobley_3589456_prod.dcd AT STEP 300000
WRITING COORDINATES TO RESTART FILE AT STEP 300000
FINISHED WRITING RESTART COORDINATES
WRITING VELOCITIES TO RESTART FILE AT STEP 300000
FINISHED WRITING RESTART VELOCITIES
PRESSURE: 400000 230.213 -79.7974 102.178 -79.7941 382.613 487.02 102.176 487.019 -511.347
GPRESSURE: 400000 136.416 -280.762 -9.12986 238.586 423.786 633.727 154.344 841.105 -174.19
PRESSAVG: 400000 -49.2636 76.3094 -1.57005 76.3094 -40.4405 -43.8713 -1.57005 -43.8713 -66.4565
GPRESSAVG: 400000 -60.3029 59.0718 -13.9997 69.2216 54.9867 -88.3381 -40.8884 19.7603 33.7339
ENERGY:  400000         2.6509        16.0709        16.0437         0.0000         -10759.3694      1463.3446         0.0000         0.0000      1801.9542          -7459.3050       305.8811     -9261.2592     -7470.1404       307.2252             33.8264       128.6709     30598.7560       114.2247       167.9428
FEP:     400000        34.7655    -10759.3694      1464.0734

WRITING EXTENDED SYSTEM TO RESTART FILE AT STEP 400000
WRITING COORDINATES TO DCD FILE mobley_3589456_prod.dcd AT STEP 400000
WRITING COORDINATES TO RESTART FILE AT STEP 400000
FINISHED WRITING RESTART COORDINATES
WRITING VELOCITIES TO RESTART FILE AT STEP 400000
FINISHED WRITING RESTART VELOCITIES
PRESSURE: 500000 208.806 56.1744 232.261 56.1746 -1096.41 355.913 232.262 355.912 -339.325
GPRESSURE: 500000 423.061 101.321 260.818 -71.8011 -1206.31 275.681 105.49 242.511 -385.162
PRESSAVG: 500000 -33.2757 75.29 32.0617 75.29 -104.787 -23.5077 32.0617 -23.5077 -55.9714
GPRESSAVG: 500000 -44.156 62.3974 20.3925 62.2546 -14.3375 -71.6095 -6.89897 23.4492 35.3252
ENERGY:  500000         3.8148        12.2473        15.5167         0.0000         -10743.3975      1411.6375         0.0000         0.0000      1773.1547          -7527.0266       300.9924     -9300.1812     -7479.6214       306.1864           -408.9751      -389.4692     30423.4220        27.0248        75.0408
FEP:     500000        31.5787    -10743.3975      1412.4466

WRITING EXTENDED SYSTEM TO RESTART FILE AT STEP 500000
WRITING COORDINATES TO DCD FILE mobley_3589456_prod.dcd AT STEP 500000
WRITING COORDINATES TO RESTART FILE AT STEP 500000
FINISHED WRITING RESTART COORDINATES
WRITING VELOCITIES TO RESTART FILE AT STEP 500000
FINISHED WRITING RESTART VELOCITIES
PRESSURE: 600000 492.516 -523.674 167.467 -523.673 -425.3 245.571 167.465 245.571 837.393
GPRESSURE: 600000 457.681 -341.748 705.259 -459.169 -374.865 196.449 272.057 170.385 933.485
PRESSAVG: 600000 -6.84904 42.0629 36.1849 42.0629 -112.957 13.2187 36.1849 13.2187 -12.9126
GPRESSAVG: 600000 -17.1907 23.9031 47.7916 34.8249 -29.774 -39.3515 6.79528 60.3107 70.4387
ENERGY:  600000         2.5234         7.9053        15.6146         0.0000         -10652.5381      1451.9420         0.0000         0.0000      1765.9465          -7408.6064       299.7688     -9174.5529     -7469.4764       305.2696            301.5366       338.7672     30262.1944        66.2408       112.7160
FEP:     600000        26.0432    -10652.5381      1451.6903

WRITING EXTENDED SYSTEM TO RESTART FILE AT STEP 600000
WRITING COORDINATES TO DCD FILE mobley_3589456_prod.dcd AT STEP 600000
WRITING COORDINATES TO RESTART FILE AT STEP 600000
FINISHED WRITING RESTART COORDINATES
WRITING VELOCITIES TO RESTART FILE AT STEP 600000
FINISHED WRITING RESTART VELOCITIES
PRESSURE: 700000 -744.586 798.069 -189.831 798.069 -633.142 -647.9 -189.836 -647.902 184.137
GPRESSURE: 700000 -660.158 727.37 -651.683 372.068 -493.541 -446.296 48.8681 -1157.49 118.819
PRESSAVG: 700000 29.1875 66.1295 7.32133 66.1295 -164.271 -41.8017 7.32133 -41.8017 6.80075
GPRESSAVG: 700000 18.5494 55.5183 6.70127 49.2996 -80.3825 -97.0919 -5.04087 -0.285547 95.051
ENERGY:  700000         5.5426        15.1762        15.6223         0.0000         -10711.2579      1394.0173         0.0000         0.0000      1713.3120          -7567.5875       290.8341     -9280.8995     -7481.7403       303.4652           -397.8634      -344.9600     29949.1789         8.2277        55.5065
FEP:     700000        36.3411    -10711.2579      1394.4172

WRITING EXTENDED SYSTEM TO RESTART FILE AT STEP 700000
WRITING COORDINATES TO DCD FILE mobley_3589456_prod.dcd AT STEP 700000
WRITING COORDINATES TO RESTART FILE AT STEP 700000
FINISHED WRITING RESTART COORDINATES
WRITING VELOCITIES TO RESTART FILE AT STEP 700000
FINISHED WRITING RESTART VELOCITIES
PRESSURE: 800000 -177.573 922.977 231.521 922.976 817.182 -57.4834 231.519 -57.482 -327.087
GPRESSURE: 800000 -37.6174 1472.9 51.1737 606.102 752.529 368.978 229.328 -207.352 -264.419
PRESSAVG: 800000 -25.5814 130.384 23.4663 130.384 -144.65 -31.9778 23.4663 -31.9778 -26.2172
GPRESSAVG: 800000 -40.623 144.417 12.7439 89.9784 -60.9789 -57.694 7.17587 -12.1556 64.2304
ENERGY:  800000         4.0886        14.4322        15.9241         0.0000         -10809.3393      1470.8511         0.0000         0.0000      1725.9533          -7578.0899       292.9800     -9304.0432     -7492.4458       302.3002            104.1741       150.1641     30305.4894        18.8884        66.0240
FEP:     800000        34.4450    -10809.3393      1472.6711

WRITING EXTENDED SYSTEM TO RESTART FILE AT STEP 800000
WRITING COORDINATES TO DCD FILE mobley_3589456_prod.dcd AT STEP 800000
WRITING COORDINATES TO RESTART FILE AT STEP 800000
FINISHED WRITING RESTART COORDINATES
WRITING VELOCITIES TO RESTART FILE AT STEP 800000
FINISHED WRITING RESTART VELOCITIES
PRESSURE: 900000 -431.377 -179.59 -197.091 -179.589 576.594 -220.624 -197.094 -220.622 -54.3664
GPRESSURE: 900000 -405.547 186.983 -19.0613 -307.519 513.929 63.8181 -122.701 -453.374 134.776
PRESSAVG: 900000 -5.94989 109.008 17.2146 109.008 -107.903 -1.31869 17.2146 -1.31869 -17.3893
GPRESSAVG: 900000 -13.9128 166.339 21.5318 52.5878 -44.806 4.64058 -0.998229 8.34347 86.2241
ENERGY:  900000         3.1899        11.7094        16.1331         0.0000         -10691.4536      1437.6374         0.0000         0.0000      1731.2458          -7491.5379       293.8784     -9222.7838     -7492.3550       301.4580             30.2838        81.0530     30115.5101        20.0280        67.5269
FEP:     900000        31.0324    -10691.4536      1438.5382

WRITING EXTENDED SYSTEM TO RESTART FILE AT STEP 900000
WRITING COORDINATES TO DCD FILE mobley_3589456_prod.dcd AT STEP 900000
WRITING COORDINATES TO RESTART FILE AT STEP 900000
FINISHED WRITING RESTART COORDINATES
WRITING VELOCITIES TO RESTART FILE AT STEP 900000
FINISHED WRITING RESTART VELOCITIES
PRESSURE: 1000000 -722.598 -24.4316 -518.729 -24.4321 -482.033 187.527 -518.727 187.531 -745.666
GPRESSURE: 1000000 -667.732 -62.5166 -318.921 -7.09482 -381.63 105.708 -799.682 92.6169 -861.644
PRESSAVG: 1000000 -42.9532 127.93 -29.0735 127.93 -132.789 19.4269 -29.0735 19.4269 18.7065
GPRESSAVG: 1000000 -48.001 178.536 -20.5202 69.4099 -63.261 32.1305 -51.9193 21.8419 104.648
TIMING: 1000000  CPU: 2584.12, 0.000368664/step  Wall: 2592.49, 0.000369895/step, 467.16 ns/days, 0.0513743 hours remaining, 0.000000 MB of memory in use.
PERFORMANCE: 1000000  averaging 466.579 ns/day, 0.000370356 sec/step with standard deviation 3.81024e-07
ETITLE:      TS           BOND          ANGLE          DIHED          IMPRP               ELECT            VDW       BOUNDARY           MISC        KINETIC               TOTAL           TEMP      POTENTIAL       TOTALAVG        TEMPAVG            PRESSURE      GPRESSURE         VOLUME       PRESSAVG      GPRESSAVG
FEPTITLE:    TS          BOND2         ELECT2           VDW2

ENERGY: 1000000         3.5887        10.3875        16.8982         0.0000         -10596.1624      1364.6826         0.0000         0.0000      1779.5528          -7421.0525       302.0785     -9200.6053     -7485.8730       301.5144           -650.0989      -637.0023     30555.9795       -40.8926         3.4788
FEP:    1000000        30.8745    -10596.1624      1364.4133

WRITING EXTENDED SYSTEM TO RESTART FILE AT STEP 1000000
WRITING COORDINATES TO DCD FILE mobley_3589456_prod.dcd AT STEP 1000000
WRITING COORDINATES TO RESTART FILE AT STEP 1000000
FINISHED WRITING RESTART COORDINATES
WRITING VELOCITIES TO RESTART FILE AT STEP 1000000
FINISHED WRITING RESTART VELOCITIES
PRESSURE: 1100000 481.36 -174.497 116.42 -174.496 414.276 -98.2068 116.422 -98.2073 1046.37
GPRESSURE: 1100000 294.243 -388.438 -240.417 37.181 585.097 98.483 632.136 -259.548 1162.09
PRESSAVG: 1100000 -4.47076 79.0669 -1.03615 79.0669 -83.3587 22.7112 -1.03615 22.7112 73.644
GPRESSAVG: 1100000 -20.5842 125.644 -0.60948 29.7484 -9.53511 57.1932 -6.32011 11.4948 156.796
ENERGY: 1100000         1.4236         9.4085        15.0674         0.0000         -10825.5497      1497.9943         0.0000         0.0000      1757.7247          -7543.9313       298.3732     -9301.6560     -7490.7112       301.2526            647.3369       680.4757     29772.1151        16.4598        59.8952
FEP:    1100000        25.8994    -10825.5497      1498.4142

WRITING EXTENDED SYSTEM TO RESTART FILE AT STEP 1100000
WRITING COORDINATES TO DCD FILE mobley_3589456_prod.dcd AT STEP 1100000
WRITING COORDINATES TO RESTART FILE AT STEP 1100000
FINISHED WRITING RESTART COORDINATES
WRITING VELOCITIES TO RESTART FILE AT STEP 1100000
FINISHED WRITING RESTART VELOCITIES
PRESSURE: 1200000 -333.712 100.331 234.079 100.33 101.276 496.239 234.077 496.238 -482.442
GPRESSURE: 1200000 -368.124 -23.5667 -54.2313 -114.477 87.5115 515.075 584.714 205.023 -181.737
PRESSAVG: 1200000 -69.3613 65.1041 17.0634 65.1041 -113.749 50.1573 17.0634 50.1573 26.8617
GPRESSAVG: 1200000 -73.9906 98.9084 33.2303 9.74291 -47.7311 79.4788 15.1327 34.2052 120.609
ENERGY: 1200000         1.8197         8.0562        16.2808         0.0000         -10703.9143      1418.8590         0.0000         0.0000      1759.8681          -7499.0304       298.7370     -9258.8986     -7491.3511       301.0591           -238.2925      -154.1164     30700.9462        -3.1365        43.4328
FEP:    1200000        26.1568    -10703.9143      1418.8729

WRITING EXTENDED SYSTEM TO RESTART FILE AT STEP 1200000
WRITING COORDINATES TO DCD FILE mobley_3589456_prod.dcd AT STEP 1200000
WRITING COORDINATES TO RESTART FILE AT STEP 1200000
FINISHED WRITING RESTART COORDINATES
WRITING VELOCITIES TO RESTART FILE AT STEP 1200000
FINISHED WRITING RESTART VELOCITIES
PRESSURE: 1300000 -77.8444 -139.268 87.1885 -139.268 1104.52 286.688 87.19 286.692 -341.904
GPRESSURE: 1300000 -96.0347 -12.4218 163.298 -182.08 1119.86 20.499 -106.093 403.513 -261.958
PRESSAVG: 1300000 -21.0855 57.3455 40.1513 57.3455 -41.9559 75.3879 40.1513 75.3879 6.00055
GPRESSAVG: 1300000 -34.9235 98.0039 60.0671 -11.9129 16.9375 99.7154 29.1205 53.4979 109.014
ENERGY: 1300000         5.7903        16.1609        15.3011         0.0000         -10820.3637      1506.6484         0.0000         0.0000      1806.3953          -7470.0678       306.6350     -9276.4630     -7489.8309       301.4574            228.2565       253.9568     30498.1020        13.3916        58.4702
FEP:    1300000        37.2523    -10820.3637      1507.6620

WRITING EXTENDED SYSTEM TO RESTART FILE AT STEP 1300000
WRITING COORDINATES TO DCD FILE mobley_3589456_prod.dcd AT STEP 1300000
WRITING COORDINATES TO RESTART FILE AT STEP 1300000
FINISHED WRITING RESTART COORDINATES
WRITING VELOCITIES TO RESTART FILE AT STEP 1300000
FINISHED WRITING RESTART VELOCITIES
PRESSURE: 1400000 -687.115 422.049 367.227 422.048 -509.113 -285.262 367.229 -285.262 -632.183
GPRESSURE: 1400000 -552.64 360.678 271.625 203.501 -553.911 -564.119 298.735 -320.07 -488.478
PRESSAVG: 1400000 -92.1556 76.1828 40.0367 76.1828 -57.8078 60.3704 40.0367 60.3704 7.35683
GPRESSAVG: 1400000 -93.1974 96.3307 65.5185 12.8542 -6.34959 86.1373 19.6442 21.4077 106.306
ENERGY: 1400000         5.0745         8.3937        16.3812         0.0000         -10668.5200      1381.5696         0.0000         0.0000      1790.2675          -7466.8333       303.8973     -9257.1008     -7488.2977       301.6201           -609.4703      -531.6764     30669.1764       -28.1326        19.1271
FEP:    1400000        29.8495    -10668.5200      1380.9977

WRITING EXTENDED SYSTEM TO RESTART FILE AT STEP 1400000
WRITING COORDINATES TO DCD FILE mobley_3589456_prod.dcd AT STEP 1400000
WRITING COORDINATES TO RESTART FILE AT STEP 1400000
FINISHED WRITING RESTART COORDINATES
WRITING VELOCITIES TO RESTART FILE AT STEP 1400000
FINISHED WRITING RESTART VELOCITIES
PRESSURE: 1500000 194.987 295.405 54.9277 295.402 -64.8069 283.404 54.9265 283.403 1717.01
GPRESSURE: 1500000 301.521 253.234 -121.097 361.926 -230.211 349.465 275.549 774.526 1801.83
PRESSAVG: 1500000 -86.2938 113.265 25.2313 113.265 -31.5562 74.743 25.2313 74.743 68.3635
GPRESSAVG: 1500000 -76.2924 132.79 46.7283 41.1581 4.19639 88.2129 16.2217 70.7995 170.982
ENERGY: 1500000         2.4037         9.5864        15.3452         0.0000         -10796.7981      1507.5671         0.0000         0.0000      1767.4288          -7494.4669       300.0205     -9261.8957     -7488.6833       301.5201            615.7310       624.3813     30365.4477        12.1089        56.9555
FEP:    1500000        27.3353    -10796.7981      1507.1125

WRITING EXTENDED SYSTEM TO RESTART FILE AT STEP 1500000
WRITING COORDINATES TO DCD FILE mobley_3589456_prod.dcd AT STEP 1500000
WRITING COORDINATES TO RESTART FILE AT STEP 1500000
FINISHED WRITING RESTART COORDINATES
WRITING VELOCITIES TO RESTART FILE AT STEP 1500000
FINISHED WRITING RESTART VELOCITIES
TCL: Running FEP window   6: Lambda1 0.25   Lambda2 0.3    [dLambda 0.04999999999999999]
TCL: Setting parameter firsttimestep to 0
TCL: Setting parameter alchLambda to 0.25
Info: NONBONDED TABLE R-SQUARED SPACING: 0.0625
Info: NONBONDED TABLE SIZE: 705 POINTS
Info: INCONSISTENCY IN FAST TABLE ENERGY VS FORCE: 0.000290481 AT 0.251946
Info: INCONSISTENCY IN SCOR TABLE ENERGY VS FORCE: 0.000238233 AT 8.9687
Info: ABSOLUTE IMPRECISION IN VDWA TABLE ENERGY: 1.21169e-27 AT 8.99653
Info: ABSOLUTE IMPRECISION IN VDWA TABLE FORCE: 2.57484e-27 AT 8.99653
Info: INCONSISTENCY IN VDWA TABLE ENERGY VS FORCE: 0.0040507 AT 0.251946
Info: INCONSISTENCY IN VDWB TABLE ENERGY VS FORCE: 0.00150189 AT 0.251946
TCL: Setting parameter alchLambda2 to 0.3
Info: NONBONDED TABLE R-SQUARED SPACING: 0.0625
Info: NONBONDED TABLE SIZE: 705 POINTS
Info: INCONSISTENCY IN FAST TABLE ENERGY VS FORCE: 0.000290481 AT 0.251946
Info: INCONSISTENCY IN SCOR TABLE ENERGY VS FORCE: 0.000238233 AT 8.9687
Info: ABSOLUTE IMPRECISION IN VDWA TABLE ENERGY: 1.21169e-27 AT 8.99653
Info: ABSOLUTE IMPRECISION IN VDWA TABLE FORCE: 2.57484e-27 AT 8.99653
Info: INCONSISTENCY IN VDWA TABLE ENERGY VS FORCE: 0.0040507 AT 0.251946
Info: INCONSISTENCY IN VDWB TABLE ENERGY VS FORCE: 0.00150189 AT 0.251946
TCL: Running for 1500000 steps
FEP: RESETTING FOR NEW FEP WINDOW LAMBDA SET TO 0.25 LAMBDA2 0.3
FEP: WINDOW TO HAVE 100000 STEPS OF EQUILIBRATION PRIOR TO FEP DATA COLLECTION.
FEP: USING CONSTANT TEMPERATURE OF 300 K FOR FEP CALCULATION
PRESSURE: 0 147.908 288.066 113.364 288.066 -48.5716 346.323 113.363 346.324 1538
GPRESSURE: 0 300.943 253.421 -122.79 362.502 -229.078 347.075 273.638 771.642 1808.92
ETITLE:      TS           BOND          ANGLE          DIHED          IMPRP               ELECT            VDW       BOUNDARY           MISC        KINETIC               TOTAL           TEMP      POTENTIAL       TOTALAVG        TEMPAVG            PRESSURE      GPRESSURE         VOLUME       PRESSAVG      GPRESSAVG
FEPTITLE:    TS          BOND2         ELECT2           VDW2

ENERGY:       0         2.4037         9.5864        15.3452         0.0000         -10796.7984      1507.1127         0.0000         0.0000      1766.5715          -7495.7789       299.8749     -9262.3505     -7495.7789       299.8749            545.7785       626.9265     30365.4477       545.7785       626.9265
FEP:          0        27.3353    -10796.7984      1506.8326

PRESSURE: 100000 324.428 -163.361 -490.983 -163.36 -184.589 -599.27 -490.985 -599.269 609.794
GPRESSURE: 100000 487.276 -114.656 -399.182 -158.025 -165.25 -420.566 -500.224 -555.542 658.355
PRESSAVG: 100000 -0.488401 125.785 17.6126 125.785 2.16745 75.9382 17.6126 75.9382 188.754
GPRESSAVG: 100000 25.1076 145.956 33.2924 51.9932 28.5206 78.0093 23.1939 95.5807 283.223
ENERGY:  100000         2.7183        11.7313        15.2264         0.0000         -10817.4202      1482.3143         0.0000         0.0000      1830.5497          -7474.8803       310.7352     -9305.4300     -7485.3296       305.3051            249.8777       326.7939     30316.4808       397.8281       476.8602
FEP:     100000        29.6759    -10817.4202      1482.5825

WRITING EXTENDED SYSTEM TO RESTART FILE AT STEP 100000
WRITING COORDINATES TO DCD FILE mobley_3589456_prod.dcd AT STEP 100000
WRITING COORDINATES TO RESTART FILE AT STEP 100000
FINISHED WRITING RESTART COORDINATES
WRITING VELOCITIES TO RESTART FILE AT STEP 100000
FINISHED WRITING RESTART VELOCITIES
PRESSURE: 200000 -99.595 -340.084 123.253 -340.081 1489.02 -288.795 123.251 -288.793 684.105
GPRESSURE: 200000 80.6651 -45.678 -139.746 -217.019 1595.49 -292.542 223.555 -322.571 705.836
PRESSAVG: 200000 -48.1607 122.858 32.2674 122.858 120.719 39.6686 32.2674 39.6686 216.878
GPRESSAVG: 200000 -7.2749 169.477 25.9365 40.6893 157.198 37.0298 59.6744 49.1666 301.148
ENERGY:  200000         0.9883        11.4090        15.3278         0.0000         -10764.6665      1496.4996         0.0000         0.0000      1758.8179          -7481.6240       298.5588     -9240.4419     -7484.0944       303.0563            691.1774       793.9987     29956.7851       495.6112       582.5730
FEP:     200000        27.7251    -10764.6665      1496.8207

WRITING EXTENDED SYSTEM TO RESTART FILE AT STEP 200000
WRITING COORDINATES TO DCD FILE mobley_3589456_prod.dcd AT STEP 200000
WRITING COORDINATES TO RESTART FILE AT STEP 200000
FINISHED WRITING RESTART COORDINATES
WRITING VELOCITIES TO RESTART FILE AT STEP 200000
FINISHED WRITING RESTART VELOCITIES
PRESSURE: 300000 209.769 448.291 -126.784 448.286 470.832 -57.4914 -126.785 -57.4913 -518.271
GPRESSURE: 300000 273.2 -57.8239 78.1667 740.532 462.179 187.667 -300.764 52.8531 -439.194
PRESSAVG: 300000 -40.4058 106.251 14.0791 106.251 139.183 15.5255 14.0791 15.5255 161.426
GPRESSAVG: 300000 -1.40025 126.636 13.5217 52.7724 161.638 40.6443 30.1399 27.6469 253.423
ENERGY:  300000         0.7478        10.6530        15.3282         0.0000         -10687.9208      1430.1405         0.0000         0.0000      1758.8958          -7472.1556       298.5720     -9231.0513     -7481.1097       301.9352             54.1099        98.7285     30294.7140       385.2359       461.6119
FEP:     300000        26.7289    -10687.9208      1429.9308

WRITING EXTENDED SYSTEM TO RESTART FILE AT STEP 300000
WRITING COORDINATES TO DCD FILE mobley_3589456_prod.dcd AT STEP 300000
WRITING COORDINATES TO RESTART FILE AT STEP 300000
FINISHED WRITING RESTART COORDINATES
WRITING VELOCITIES TO RESTART FILE AT STEP 300000
FINISHED WRITING RESTART VELOCITIES
PRESSURE: 400000 276.746 -363.943 375.139 -363.944 -157.283 210.206 375.141 210.207 180.419
GPRESSURE: 400000 309.25 -660.833 13.0256 -124.284 59.2832 156.292 437.267 517.443 334.279
PRESSAVG: 400000 -25.821 49.4081 22.7118 49.4081 121.542 7.68982 22.7118 7.68982 138.878
GPRESSAVG: 400000 5.71804 53.8087 -1.92577 21.7385 146.038 42.6616 37.7084 29.337 243.829
ENERGY:  400000         0.7319        11.6455        14.7502         0.0000         -10860.4470      1498.1577         0.0000         0.0000      1717.8505          -7617.3111       291.6046     -9335.1617     -7508.3500       299.8691             99.9608       234.2706     30278.9511       328.1809       416.1436
FEP:     400000        27.1277    -10860.4470      1497.7107

WRITING EXTENDED SYSTEM TO RESTART FILE AT STEP 400000
WRITING COORDINATES TO DCD FILE mobley_3589456_prod.dcd AT STEP 400000
WRITING COORDINATES TO RESTART FILE AT STEP 400000
FINISHED WRITING RESTART COORDINATES
WRITING VELOCITIES TO RESTART FILE AT STEP 400000
FINISHED WRITING RESTART VELOCITIES
PRESSURE: 500000 -634.42 -352.352 -95.5701 -352.352 -228.516 -295.93 -95.5685 -295.93 169.359
GPRESSURE: 500000 -565.83 -668.697 -41.4186 -59.2725 -155.563 -269.937 -181.333 -462.094 130.365
PRESSAVG: 500000 -35.7917 18.6448 23.4083 18.6448 85.2586 -7.85006 23.4083 -7.85006 187.982
GPRESSAVG: 500000 0.623899 28.3461 -14.9193 9.64077 106.163 29.5865 45.0241 17.5975 287.204
ENERGY:  500000         0.7380         9.4922        16.4762         0.0000         -10666.1207      1404.4273         0.0000         0.0000      1825.2615          -7409.7254       309.8375     -9234.9870     -7491.9126       301.5305           -231.1924      -197.0092     30617.7853       234.9520       313.9515
FEP:     500000        26.7064    -10666.1207      1404.4390

WRITING EXTENDED SYSTEM TO RESTART FILE AT STEP 500000
WRITING COORDINATES TO DCD FILE mobley_3589456_prod.dcd AT STEP 500000
WRITING COORDINATES TO RESTART FILE AT STEP 500000
FINISHED WRITING RESTART COORDINATES
WRITING VELOCITIES TO RESTART FILE AT STEP 500000
FINISHED WRITING RESTART VELOCITIES
PRESSURE: 600000 293.168 940.63 311.14 940.63 -138.14 77.7077 311.144 77.7052 197.965
GPRESSURE: 600000 386.506 1091.02 492.497 804.821 113.049 -26.3106 406.93 67.9573 241.523
PRESSAVG: 600000 2.3095 72.1053 53.257 72.1053 49.7424 0.282767 53.257 0.282767 185.627
GPRESSAVG: 600000 47.2826 73.9017 10.5566 54.9343 88.5256 43.4945 94.715 0.255084 280.945
ENERGY:  600000         1.9429         7.0652        15.2615         0.0000         -10707.9248      1468.3537         0.0000         0.0000      1795.4222          -7419.8792       304.7723     -9215.3014     -7481.6221       301.9936            117.6644       247.0259     30402.4910       218.1966       304.3907
FEP:     600000        24.2697    -10707.9248      1468.8416

WRITING EXTENDED SYSTEM TO RESTART FILE AT STEP 600000
WRITING COORDINATES TO DCD FILE mobley_3589456_prod.dcd AT STEP 600000
WRITING COORDINATES TO RESTART FILE AT STEP 600000
FINISHED WRITING RESTART COORDINATES
WRITING VELOCITIES TO RESTART FILE AT STEP 600000
FINISHED WRITING RESTART VELOCITIES
PRESSURE: 700000 -482.427 -146.339 264.228 -146.339 233.231 189.683 264.23 189.681 87.9567
GPRESSURE: 700000 -328.651 14.0214 360.556 46.6193 271.806 255.261 302.332 356.179 155.132
PRESSAVG: 700000 -76.5673 89.2327 58.0701 89.2327 81.0823 30.7662 58.0701 30.7662 164.996
GPRESSAVG: 700000 -11.5786 90.1899 13.9371 103.655 109.709 77.7204 111.707 37.8857 256.431
ENERGY:  700000         3.0947         7.2582        15.5113         0.0000         -10795.9036      1452.7596         0.0000         0.0000      1746.3881          -7570.8916       296.4488     -9317.2797     -7492.7808       301.3005            -53.7465        32.7624     30075.2521       184.2037       270.4372
FEP:     700000        25.8642    -10795.9036      1454.1600

WRITING EXTENDED SYSTEM TO RESTART FILE AT STEP 700000
WRITING COORDINATES TO DCD FILE mobley_3589456_prod.dcd AT STEP 700000
WRITING COORDINATES TO RESTART FILE AT STEP 700000
FINISHED WRITING RESTART COORDINATES
WRITING VELOCITIES TO RESTART FILE AT STEP 700000
FINISHED WRITING RESTART VELOCITIES
PRESSURE: 800000 -1217.81 -637.494 236.802 -637.493 -1287.29 -121.44 236.805 -121.44 -1260.22
GPRESSURE: 800000 -1273.41 -850.902 226.754 -595.083 -1288.1 -4.87786 104.347 92.0509 -1164.84
PRESSAVG: 800000 -148.968 61.3477 64.8015 61.3477 -2.41294 0.343314 64.8015 0.343314 127.553
GPRESSAVG: 800000 -82.07 61.6829 25.7313 61.9713 24.1145 45.7902 109.207 0.43299 206.899
ENERGY:  800000         2.8470        10.4280        15.0554         0.0000         -10586.9544      1326.1861         0.0000         0.0000      1746.6733          -7485.7646       296.4972     -9232.4379     -7492.0012       300.7668          -1255.1053     -1242.1159     31312.4564        24.2805       102.3757
FEP:     800000        28.3304    -10586.9544      1326.3802

WRITING EXTENDED SYSTEM TO RESTART FILE AT STEP 800000
WRITING COORDINATES TO DCD FILE mobley_3589456_prod.dcd AT STEP 800000
WRITING COORDINATES TO RESTART FILE AT STEP 800000
FINISHED WRITING RESTART COORDINATES
WRITING VELOCITIES TO RESTART FILE AT STEP 800000
FINISHED WRITING RESTART VELOCITIES
PRESSURE: 900000 682.371 190.919 233.642 190.92 1132.05 215.575 233.64 215.573 1427.98
GPRESSURE: 900000 740.697 -8.904 114.602 230.637 1109.09 519.418 338.888 329.976 1694.41
PRESSAVG: 900000 -125.29 68.085 64.8704 68.085 109.01 -6.67362 64.8704 -6.67362 215.918
GPRESSAVG: 900000 -66.1882 56.1717 18.4205 77.0932 139.884 57.977 120.877 4.80627 310.877
ENERGY:  900000         2.7684        11.7799        15.7093         0.0000         -10839.6488      1547.2698         0.0000         0.0000      1801.0315          -7461.0898       305.7245     -9262.1213     -7488.9100       301.2626           1080.8012      1181.3999     29763.0814       129.9326       210.2781
FEP:     900000        30.2577    -10839.6488      1547.8552

WRITING EXTENDED SYSTEM TO RESTART FILE AT STEP 900000
WRITING COORDINATES TO DCD FILE mobley_3589456_prod.dcd AT STEP 900000
WRITING COORDINATES TO RESTART FILE AT STEP 900000
FINISHED WRITING RESTART COORDINATES
WRITING VELOCITIES TO RESTART FILE AT STEP 900000
FINISHED WRITING RESTART VELOCITIES
PRESSURE: 1000000 -737.914 209.091 -205.65 209.089 -402.673 133.747 -205.65 133.746 -280.344
GPRESSURE: 1000000 -643.701 84.6759 -107.181 395.135 -237.81 223.56 -375.619 244.569 -374.421
PRESSAVG: 1000000 -186.812 104.723 46.2146 104.723 110.141 -12.2649 46.2146 -12.2649 160.031
GPRESSAVG: 1000000 -121.257 77.4929 -22.2015 119.808 146.737 59.3326 88.4935 8.51548 245.482
TIMING: 1000000  CPU: 3137.28, 0.000368946/step  Wall: 3147.48, 0.000369962/step, 467.075 ns/days, 0.0513836 hours remaining, 0.000000 MB of memory in use.
PERFORMANCE: 1000000  averaging 466.661 ns/day, 0.00037029 sec/step with standard deviation 3.76848e-07
ETITLE:      TS           BOND          ANGLE          DIHED          IMPRP               ELECT            VDW       BOUNDARY           MISC        KINETIC               TOTAL           TEMP      POTENTIAL       TOTALAVG        TEMPAVG            PRESSURE      GPRESSURE         VOLUME       PRESSAVG      GPRESSAVG
FEPTITLE:    TS          BOND2         ELECT2           VDW2

ENERGY: 1000000         7.2345        11.1984        16.1377         0.0000         -10647.1051      1411.5142         0.0000         0.0000      1800.6964          -7400.3239       305.6676     -9201.0203     -7480.8568       301.6630           -473.6436      -418.6442     31039.6786        75.0620       153.1034
FEP:    1000000        34.5706    -10647.1051      1411.9527

WRITING EXTENDED SYSTEM TO RESTART FILE AT STEP 1000000
WRITING COORDINATES TO DCD FILE mobley_3589456_prod.dcd AT STEP 1000000
WRITING COORDINATES TO RESTART FILE AT STEP 1000000
FINISHED WRITING RESTART COORDINATES
WRITING VELOCITIES TO RESTART FILE AT STEP 1000000
FINISHED WRITING RESTART VELOCITIES
PRESSURE: 1100000 -212.33 342.858 -150.042 342.858 -345.939 114.055 -150.043 114.056 1140.51
GPRESSURE: 1100000 -14.2039 415.045 -653.131 227.64 -19.745 515.751 350.708 -101.823 992.057
PRESSAVG: 1100000 -160.199 81.9625 48.2042 81.9625 124.502 25.833 48.2042 25.833 207.85
GPRESSAVG: 1100000 -88.9596 61.8766 -22.2739 112.587 170.427 107.435 103.586 61.2988 289.144
ENERGY: 1100000         1.0902        17.0281        15.4121         0.0000         -10849.4067      1512.6609         0.0000         0.0000      1747.0466          -7556.1686       296.5606     -9303.2153     -7487.1328       301.2378            194.0799       319.3693     30801.4240        84.9802       166.9589
FEP:    1100000        33.5305    -10849.4067      1513.2061

WRITING EXTENDED SYSTEM TO RESTART FILE AT STEP 1100000
WRITING COORDINATES TO DCD FILE mobley_3589456_prod.dcd AT STEP 1100000
WRITING COORDINATES TO RESTART FILE AT STEP 1100000
FINISHED WRITING RESTART COORDINATES
WRITING VELOCITIES TO RESTART FILE AT STEP 1100000
FINISHED WRITING RESTART VELOCITIES
PRESSURE: 1200000 73.3391 265.825 -255.355 265.826 820.449 -5.10185 -255.356 -5.10321 131.78
GPRESSURE: 1200000 156.904 39.4984 -107.186 199.597 692.665 -191.426 -440.109 174.61 272.269
PRESSAVG: 1200000 -147.653 49.105 23.8604 49.105 124.665 28.452 23.8604 28.452 230.793
GPRESSAVG: 1200000 -79.2335 -9.79326 -30.1919 92.2617 167.434 79.4148 70.1137 80.3969 315.978
ENERGY: 1200000         2.6652        16.0948        16.6181         0.0000         -10778.0988      1469.5390         0.0000         0.0000      1777.4603          -7495.7216       301.7233     -9273.1819     -7487.7934       301.2752            341.8561       373.9462     30303.9989       104.7399       182.8810
FEP:    1200000        35.3780    -10778.0988      1470.5297

WRITING EXTENDED SYSTEM TO RESTART FILE AT STEP 1200000
WRITING COORDINATES TO DCD FILE mobley_3589456_prod.dcd AT STEP 1200000
WRITING COORDINATES TO RESTART FILE AT STEP 1200000
FINISHED WRITING RESTART COORDINATES
WRITING VELOCITIES TO RESTART FILE AT STEP 1200000
FINISHED WRITING RESTART VELOCITIES
PRESSURE: 1300000 -172.627 -39.7895 -437.608 -39.79 -81.167 625.469 -437.608 625.468 382.682
GPRESSURE: 1300000 87.5934 -23.9638 -491.413 -174.683 -176.32 733.695 44.9006 553.661 280.845
PRESSAVG: 1300000 -134.716 56.0949 11.8347 56.0949 91.7769 70.7565 11.8347 70.7565 252.645
GPRESSAVG: 1300000 -54.5765 -20.3406 -53.8094 98.9036 132.921 112.909 78.4938 130.749 323.282
ENERGY: 1300000         2.2863         9.8414        17.2821         0.0000         -10782.2615      1473.9606         0.0000         0.0000      1703.7192          -7575.1719       289.2058     -9278.8911     -7494.0348       300.4131             42.9626        64.0394     30523.0469       100.3272       174.3923
FEP:    1300000        29.4097    -10782.2615      1474.8866

WRITING EXTENDED SYSTEM TO RESTART FILE AT STEP 1300000
WRITING COORDINATES TO DCD FILE mobley_3589456_prod.dcd AT STEP 1300000
WRITING COORDINATES TO RESTART FILE AT STEP 1300000
FINISHED WRITING RESTART COORDINATES
WRITING VELOCITIES TO RESTART FILE AT STEP 1300000
FINISHED WRITING RESTART VELOCITIES
PRESSURE: 1400000 -143.534 -130.541 -158.739 -130.545 -143.553 -114.875 -158.74 -114.876 -845.317
GPRESSURE: 1400000 99.4853 -556.684 -322.983 -1.61142 -398.258 276.135 -63.1249 59.8076 -569.71
PRESSAVG: 1400000 -105.762 50.7893 29.8341 50.7893 108.701 55.6361 29.8341 55.6361 247.663
GPRESSAVG: 1400000 -16.2156 -45.0489 -54.0125 99.1777 132.09 121.43 115.322 129.108 337.879
ENERGY: 1400000         1.6840        14.8106        15.5618         0.0000         -10617.6067      1383.5056         0.0000         0.0000      1808.8376          -7393.2071       307.0496     -9202.0447     -7487.3129       300.8555           -377.4677      -289.4942     30596.7102        68.4742       143.4665
FEP:    1400000        32.0564    -10617.6067      1384.9307

WRITING EXTENDED SYSTEM TO RESTART FILE AT STEP 1400000
WRITING COORDINATES TO DCD FILE mobley_3589456_prod.dcd AT STEP 1400000
WRITING COORDINATES TO RESTART FILE AT STEP 1400000
FINISHED WRITING RESTART COORDINATES
WRITING VELOCITIES TO RESTART FILE AT STEP 1400000
FINISHED WRITING RESTART VELOCITIES
PRESSURE: 1500000 418.188 -195.161 842.2 -195.16 -235.035 -87.1728 842.198 -87.1718 1011.82
GPRESSURE: 1500000 453.825 -63.2193 1257.99 -215.946 50.5835 -225.369 698.238 39.6945 877.304
PRESSAVG: 1500000 -108.921 49.756 66.1229 49.756 76.2353 56.1879 66.1229 56.1879 245.935
GPRESSAVG: 1500000 -8.2365 -28.788 20.9081 86.5214 105.364 105.237 118.627 144.07 323.639
ENERGY: 1500000         2.4218        12.0583        15.1034         0.0000         -10836.1687      1506.8593         0.0000         0.0000      1763.6482          -7536.0777       299.3787     -9299.7260     -7490.3607       300.7632            398.3229       460.5707     30311.6536        89.0897       163.2855
FEP:    1500000        29.5835    -10836.1687      1507.1267

WRITING EXTENDED SYSTEM TO RESTART FILE AT STEP 1500000
WRITING COORDINATES TO DCD FILE mobley_3589456_prod.dcd AT STEP 1500000
WRITING COORDINATES TO RESTART FILE AT STEP 1500000
FINISHED WRITING RESTART COORDINATES
WRITING VELOCITIES TO RESTART FILE AT STEP 1500000
FINISHED WRITING RESTART VELOCITIES
TCL: Running FEP window   7: Lambda1 0.3    Lambda2 0.35   [dLambda 0.04999999999999999]
TCL: Setting parameter firsttimestep to 0
TCL: Setting parameter alchLambda to 0.3
Info: NONBONDED TABLE R-SQUARED SPACING: 0.0625
Info: NONBONDED TABLE SIZE: 705 POINTS
Info: INCONSISTENCY IN FAST TABLE ENERGY VS FORCE: 0.000290481 AT 0.251946
Info: INCONSISTENCY IN SCOR TABLE ENERGY VS FORCE: 0.000238233 AT 8.9687
Info: ABSOLUTE IMPRECISION IN VDWA TABLE ENERGY: 1.21169e-27 AT 8.99653
Info: ABSOLUTE IMPRECISION IN VDWA TABLE FORCE: 2.57484e-27 AT 8.99653
Info: INCONSISTENCY IN VDWA TABLE ENERGY VS FORCE: 0.0040507 AT 0.251946
Info: INCONSISTENCY IN VDWB TABLE ENERGY VS FORCE: 0.00150189 AT 0.251946
TCL: Setting parameter alchLambda2 to 0.35
Info: NONBONDED TABLE R-SQUARED SPACING: 0.0625
Info: NONBONDED TABLE SIZE: 705 POINTS
Info: INCONSISTENCY IN FAST TABLE ENERGY VS FORCE: 0.000290481 AT 0.251946
Info: INCONSISTENCY IN SCOR TABLE ENERGY VS FORCE: 0.000238233 AT 8.9687
Info: ABSOLUTE IMPRECISION IN VDWA TABLE ENERGY: 1.21169e-27 AT 8.99653
Info: ABSOLUTE IMPRECISION IN VDWA TABLE FORCE: 2.57484e-27 AT 8.99653
Info: INCONSISTENCY IN VDWA TABLE ENERGY VS FORCE: 0.0040507 AT 0.251946
Info: INCONSISTENCY IN VDWB TABLE ENERGY VS FORCE: 0.00150189 AT 0.251946
TCL: Running for 1500000 steps
FEP: RESETTING FOR NEW FEP WINDOW LAMBDA SET TO 0.3 LAMBDA2 0.35
FEP: WINDOW TO HAVE 100000 STEPS OF EQUILIBRATION PRIOR TO FEP DATA COLLECTION.
FEP: USING CONSTANT TEMPERATURE OF 300 K FOR FEP CALCULATION
PRESSURE: 0 491.299 -174.694 859.666 -174.694 -299.229 -100.008 859.664 -100.012 972.93
GPRESSURE: 0 455.66 -65.4152 1254.66 -217.353 57.7267 -227.901 694.5 36.4858 887.32
ETITLE:      TS           BOND          ANGLE          DIHED          IMPRP               ELECT            VDW       BOUNDARY           MISC        KINETIC               TOTAL           TEMP      POTENTIAL       TOTALAVG        TEMPAVG            PRESSURE      GPRESSURE         VOLUME       PRESSAVG      GPRESSAVG
FEPTITLE:    TS          BOND2         ELECT2           VDW2

ENERGY:       0         2.4218        12.0583        15.1034         0.0000         -10836.1698      1507.1270         0.0000         0.0000      1762.7528          -7536.7065       299.2267     -9299.4594     -7536.7065       299.2267            388.3334       466.9021     30311.6536       388.3334       466.9021
FEP:          0        29.5835    -10836.1698      1507.9424

PRESSURE: 100000 -411.741 54.3916 27.4112 54.3878 -66.4831 14.8871 27.4113 14.8902 -1437.02
GPRESSURE: 100000 -267.389 -173.422 190.667 120.721 -76.581 69.6708 57.9049 130.946 -1617.59
PRESSAVG: 100000 -84.3654 45.6876 94.4133 45.6876 -2.34002 12.7853 94.4133 12.7853 263.948
GPRESSAVG: 100000 24.385 -38.9305 87.7212 96.5176 44.0528 70.5471 132.316 122.015 309.311
ENERGY:  100000         2.6420         9.1048        15.2717         0.0000         -10730.7899      1392.4772         0.0000         0.0000      1764.4868          -7546.8075       299.5210     -9311.2943     -7541.7570       299.3739           -638.4150      -653.8535     30677.1589      -125.0408       -93.4757
FEP:     100000        27.0184    -10730.7899      1393.1734

WRITING EXTENDED SYSTEM TO RESTART FILE AT STEP 100000
WRITING COORDINATES TO DCD FILE mobley_3589456_prod.dcd AT STEP 100000
WRITING COORDINATES TO RESTART FILE AT STEP 100000
FINISHED WRITING RESTART COORDINATES
WRITING VELOCITIES TO RESTART FILE AT STEP 100000
FINISHED WRITING RESTART VELOCITIES
PRESSURE: 200000 942.942 85.4191 214.583 85.421 245.53 36.9081 214.583 36.9103 -472.879
GPRESSURE: 200000 907.184 59.7885 269.156 -397.126 496.328 308.577 181.296 -343.842 -469.465
PRESSAVG: 200000 -2.86253 28.8563 86.781 28.8563 35.3921 28.8939 86.781 28.8939 271.913
GPRESSAVG: 200000 97.3762 -53.9749 87.5977 66.4863 96.5647 114.182 126.444 120.826 310.261
ENERGY:  200000         4.1365         9.8925        16.1465         0.0000         -10687.8680      1465.9649         0.0000         0.0000      1782.9548          -7408.7728       302.6560     -9191.7276     -7497.4290       300.4679            238.5310       311.3490     30551.4157        -3.8502        41.4659
FEP:     200000        30.1755    -10687.8680      1465.7540

WRITING EXTENDED SYSTEM TO RESTART FILE AT STEP 200000
WRITING COORDINATES TO DCD FILE mobley_3589456_prod.dcd AT STEP 200000
WRITING COORDINATES TO RESTART FILE AT STEP 200000
FINISHED WRITING RESTART COORDINATES
WRITING VELOCITIES TO RESTART FILE AT STEP 200000
FINISHED WRITING RESTART VELOCITIES
PRESSURE: 300000 -739.184 412.535 379.982 412.535 -660.246 11.4326 379.984 11.4342 283.387
GPRESSURE: 300000 -624.103 321.4 614.699 479.352 -546.696 41.6294 38.1217 146.121 290.331
PRESSAVG: 300000 -49.571 34.7129 103.034 34.7129 5.62017 15.2955 103.034 15.2955 200.232
GPRESSAVG: 300000 51.095 -50.5666 124.388 72.3576 80.7405 98.7902 114.573 89.4062 234.686
ENERGY:  300000         1.9000        10.3644        16.0597         0.0000         -10670.4887      1422.4125         0.0000         0.0000      1775.4313          -7444.3207       301.3789     -9219.7520     -7484.1519       300.6957           -372.0143      -293.4894     30866.8045       -95.8912       -42.2729
FEP:     300000        28.3242    -10670.4887      1422.9407

WRITING EXTENDED SYSTEM TO RESTART FILE AT STEP 300000
WRITING COORDINATES TO DCD FILE mobley_3589456_prod.dcd AT STEP 300000
WRITING COORDINATES TO RESTART FILE AT STEP 300000
FINISHED WRITING RESTART COORDINATES
WRITING VELOCITIES TO RESTART FILE AT STEP 300000
FINISHED WRITING RESTART VELOCITIES
PRESSURE: 400000 241.141 691.215 -264.823 691.217 313.546 417.307 -264.822 417.312 -439.533
GPRESSURE: 400000 514.21 716.104 -97.7233 452.85 481.337 303.569 -436.73 377.046 -556.562
PRESSAVG: 400000 -44.9094 54.8705 84.1247 54.8705 23.7261 18.8449 84.1247 18.8449 101.355
GPRESSAVG: 400000 61.7584 -27.4324 125.641 76.875 116.261 96.6149 79.0542 69.6764 116.412
ENERGY:  400000         3.0933         8.0307        15.8599         0.0000         -10658.0784      1428.6251         0.0000         0.0000      1777.0197          -7425.4498       301.6485     -9202.4695     -7472.4115       300.8862             38.3849       146.3283     30260.3053       -69.0360        -4.5527
FEP:     400000        26.9838    -10658.0784      1429.1963

WRITING EXTENDED SYSTEM TO RESTART FILE AT STEP 400000
WRITING COORDINATES TO DCD FILE mobley_3589456_prod.dcd AT STEP 400000
WRITING COORDINATES TO RESTART FILE AT STEP 400000
FINISHED WRITING RESTART COORDINATES
WRITING VELOCITIES TO RESTART FILE AT STEP 400000
FINISHED WRITING RESTART VELOCITIES
PRESSURE: 500000 -846.12 -280.666 143.334 -280.665 920.732 125.623 143.333 125.624 390.327
GPRESSURE: 500000 -654.898 -413.572 -32.8146 -607.869 749.576 84.4252 225.499 134.357 362.812
PRESSAVG: 500000 -103.437 49.0052 115.841 49.0052 78.9921 55.0895 115.841 55.0895 90.3816
GPRESSAVG: 500000 4.64967 -42.3782 143.959 54.3828 162.003 121.864 115.34 104.171 101.635
ENERGY:  500000         2.4382         9.7988        15.3191         0.0000         -10764.4861      1448.7775         0.0000         0.0000      1763.2367          -7524.9159       299.3088     -9288.1525     -7481.1622       300.6233            154.9800       152.4966     30162.5338       -31.7000        21.6222
FEP:     500000        27.5561    -10764.4861      1449.5774

WRITING EXTENDED SYSTEM TO RESTART FILE AT STEP 500000
WRITING COORDINATES TO DCD FILE mobley_3589456_prod.dcd AT STEP 500000
WRITING COORDINATES TO RESTART FILE AT STEP 500000
FINISHED WRITING RESTART COORDINATES
WRITING VELOCITIES TO RESTART FILE AT STEP 500000
FINISHED WRITING RESTART VELOCITIES
PRESSURE: 600000 -273.148 -54.9552 313.669 -54.957 -572.758 567.2 313.669 567.203 -708.269
GPRESSURE: 600000 -84.7892 -112.96 252.966 -301.299 -715.261 486.419 208.311 424.849 -615.316
PRESSAVG: 600000 -112.114 63.2614 125.361 63.2614 -24.0969 97.8894 125.361 97.8894 20.7629
GPRESSAVG: 600000 -3.62304 -45.7423 163.595 50.1688 46.4647 160.812 114.578 141.542 35.5774
ENERGY:  600000         1.4737        11.5473        15.6639         0.0000         -10636.1594      1369.6779         0.0000         0.0000      1761.0407          -7476.7559       298.9361     -9237.7966     -7480.5327       300.3823           -518.0584      -471.7887     30309.5468      -101.1798       -48.8651
FEP:     600000        28.6849    -10636.1594      1370.0190

WRITING EXTENDED SYSTEM TO RESTART FILE AT STEP 600000
WRITING COORDINATES TO DCD FILE mobley_3589456_prod.dcd AT STEP 600000
WRITING COORDINATES TO RESTART FILE AT STEP 600000
FINISHED WRITING RESTART COORDINATES
WRITING VELOCITIES TO RESTART FILE AT STEP 600000
FINISHED WRITING RESTART VELOCITIES
PRESSURE: 700000 529.817 154.274 -142.979 154.274 960.657 169.883 -142.98 169.883 668.265
GPRESSURE: 700000 290.981 240.795 -331.609 186.48 1251.45 -110.13 -153.3 592.404 706.922
PRESSAVG: 700000 -96.112 48.5608 124.552 48.5608 0.39434 109.258 124.552 109.258 80.0897
GPRESSAVG: 700000 -2.73397 -30.8114 143.106 22.4663 85.9283 145.923 121.951 168.52 92.8832
ENERGY:  700000         2.9232         9.9474        15.9020         0.0000         -10785.7761      1502.5223         0.0000         0.0000      1754.4307          -7500.0504       297.8140     -9254.4812     -7482.9724       300.0613            719.5800       749.7843     29788.8831         1.4152        50.9661
FEP:     700000        28.7726    -10785.7761      1502.3760

WRITING EXTENDED SYSTEM TO RESTART FILE AT STEP 700000
WRITING COORDINATES TO DCD FILE mobley_3589456_prod.dcd AT STEP 700000
WRITING COORDINATES TO RESTART FILE AT STEP 700000
FINISHED WRITING RESTART COORDINATES
WRITING VELOCITIES TO RESTART FILE AT STEP 700000
FINISHED WRITING RESTART VELOCITIES
PRESSURE: 800000 -200.257 35.7399 575.087 35.7421 -717.501 -387.852 575.084 -387.851 408.439
GPRESSURE: 800000 -272.303 -260.922 491.213 154.164 -627.712 -453.555 738.599 -87.7151 497.69
PRESSAVG: 800000 -119.962 68.5451 134.549 68.5451 -27.6166 79.3552 134.549 79.3552 91.4907
GPRESSAVG: 800000 -31.8116 -10.8158 167.015 36.3887 51.5785 115.43 137.018 138.262 101.054
ENERGY:  800000         1.6659         8.8724        14.9672         0.0000         -10682.7066      1421.2833         0.0000         0.0000      1783.4830          -7452.4348       302.7456     -9235.9178     -7479.5794       300.3595           -169.7730      -134.1084     30223.2205       -17.6057        30.4023
FEP:     800000        25.5055    -10682.7066      1421.4911

WRITING EXTENDED SYSTEM TO RESTART FILE AT STEP 800000
WRITING COORDINATES TO DCD FILE mobley_3589456_prod.dcd AT STEP 800000
WRITING COORDINATES TO RESTART FILE AT STEP 800000
FINISHED WRITING RESTART COORDINATES
WRITING VELOCITIES TO RESTART FILE AT STEP 800000
FINISHED WRITING RESTART VELOCITIES
PRESSURE: 900000 226.078 -68.0583 235.107 -68.0576 202.035 -275.697 235.109 -275.697 494.654
GPRESSURE: 900000 257.476 -85.7935 -164.383 -158.304 197.889 -82.1795 387.814 -723.766 437.1
PRESSAVG: 900000 -76.9373 82.7599 151.083 82.7599 -6.08904 80.3668 151.083 80.3668 107.755
GPRESSAVG: 900000 9.35368 18.3294 160.867 31.4371 69.2511 124.818 165.475 125.178 116.39
ENERGY:  900000         2.2330        10.7323        15.8690         0.0000         -10820.7638      1473.2491         0.0000         0.0000      1811.0477          -7507.6327       307.4247     -9318.6804     -7482.3847       301.0660            307.5889       297.4881     30116.0261        14.9137        57.1109
FEP:     900000        28.8343    -10820.7638      1473.6167

WRITING EXTENDED SYSTEM TO RESTART FILE AT STEP 900000
WRITING COORDINATES TO DCD FILE mobley_3589456_prod.dcd AT STEP 900000
WRITING COORDINATES TO RESTART FILE AT STEP 900000
FINISHED WRITING RESTART COORDINATES
WRITING VELOCITIES TO RESTART FILE AT STEP 900000
FINISHED WRITING RESTART VELOCITIES
PRESSURE: 1000000 433.258 597.328 346.209 597.328 782.511 -235.901 346.211 -235.901 -324.194
GPRESSURE: 1000000 621.899 486.384 87.4549 614.869 684.415 -333.006 308.531 102.602 -248.286
PRESSAVG: 1000000 -69.9328 65.5948 152.836 65.5948 39.9435 64.6865 152.836 64.6865 81.6476
GPRESSAVG: 1000000 21.1233 -11.9022 140.615 21.9395 97.8194 109.483 160.555 126.911 91.9
TIMING: 1000000  CPU: 3695.66, 0.000374082/step  Wall: 3711.09, 0.000378565/step, 456.46 ns/days, 0.0525785 hours remaining, 0.000000 MB of memory in use.
PERFORMANCE: 1000000  averaging 465.176 ns/day, 0.000371472 sec/step with standard deviation 3.14661e-06
ETITLE:      TS           BOND          ANGLE          DIHED          IMPRP               ELECT            VDW       BOUNDARY           MISC        KINETIC               TOTAL           TEMP      POTENTIAL       TOTALAVG        TEMPAVG            PRESSURE      GPRESSURE         VOLUME       PRESSAVG      GPRESSAVG
FEPTITLE:    TS          BOND2         ELECT2           VDW2

ENERGY: 1000000         1.0098        10.6160        15.0685         0.0000         -10771.9331      1461.4337         0.0000         0.0000      1782.4706          -7501.3345       302.5738     -9283.8051     -7484.1074       301.2031            297.1916       352.6757     30156.9577        40.5754        83.9804
FEP:    1000000        26.6943    -10771.9331      1461.3202

WRITING EXTENDED SYSTEM TO RESTART FILE AT STEP 1000000
WRITING COORDINATES TO DCD FILE mobley_3589456_prod.dcd AT STEP 1000000
WRITING COORDINATES TO RESTART FILE AT STEP 1000000
FINISHED WRITING RESTART COORDINATES
WRITING VELOCITIES TO RESTART FILE AT STEP 1000000
FINISHED WRITING RESTART VELOCITIES
PRESSURE: 1100000 -147.167 7.98436 -122.082 7.98348 469.118 -460.952 -122.083 -460.948 639.134
GPRESSURE: 1100000 -309.508 -261.124 -110.795 210.892 405.137 -499.786 -137.645 -352.016 943.613
PRESSAVG: 1100000 -53.1697 73.3109 133.52 73.3109 51.7378 32.1551 133.52 32.1551 109.206
GPRESSAVG: 1100000 22.0805 -25.6595 117.048 30.1531 104.486 71.731 138.557 91.5008 131.324
ENERGY: 1100000         4.5831        11.3256        15.8244         0.0000         -10748.4203      1492.8372         0.0000         0.0000      1708.4149          -7515.4351       290.0029     -9223.8500     -7486.7181       300.2698            320.3618       346.4144     30447.7550        63.8909       105.8499
FEP:    1100000        31.7331    -10748.4203      1493.2459

WRITING EXTENDED SYSTEM TO RESTART FILE AT STEP 1100000
WRITING COORDINATES TO DCD FILE mobley_3589456_prod.dcd AT STEP 1100000
WRITING COORDINATES TO RESTART FILE AT STEP 1100000
FINISHED WRITING RESTART COORDINATES
WRITING VELOCITIES TO RESTART FILE AT STEP 1100000
FINISHED WRITING RESTART VELOCITIES
PRESSURE: 1200000 157.017 -211.22 4.31078 -211.222 -484.957 -166.116 4.31084 -166.115 -446.206
GPRESSURE: 1200000 -138.451 -444.344 91.2835 111.421 -274.929 -224.953 -54.7245 -77.8103 -258.829
PRESSAVG: 1200000 15.5714 94.6244 121.896 94.6244 91.8546 29.9213 121.896 29.9213 149.907
GPRESSAVG: 1200000 78.8285 -5.33164 110.274 65.4784 155.144 60.7273 130.603 83.0077 176.625
ENERGY: 1200000         4.3339         9.7354        16.7038         0.0000         -10664.9715      1403.0152         0.0000         0.0000      1778.0439          -7453.1394       301.8224     -9231.1833     -7484.1351       300.3892           -258.0486      -224.0694     30433.1495        39.1263        80.4715
FEP:    1200000        30.7731    -10664.9715      1402.7141

WRITING EXTENDED SYSTEM TO RESTART FILE AT STEP 1200000
WRITING COORDINATES TO DCD FILE mobley_3589456_prod.dcd AT STEP 1200000
WRITING COORDINATES TO RESTART FILE AT STEP 1200000
FINISHED WRITING RESTART COORDINATES
WRITING VELOCITIES TO RESTART FILE AT STEP 1200000
FINISHED WRITING RESTART VELOCITIES
PRESSURE: 1300000 376.481 -55.1197 -235.537 -55.1205 176.016 366.03 -235.535 366.028 1.69333
GPRESSURE: 1300000 493.481 10.2706 -410.07 22.7457 8.00512 469.735 -279.715 355.131 217.231
PRESSAVG: 1300000 0.276953 82.3224 98.4371 82.3224 44.0527 37.444 98.4371 37.444 78.5928
GPRESSAVG: 1300000 66.4677 -4.37291 84.0404 55.0838 100.09 58.2431 99.6728 84.2655 102.766
ENERGY: 1300000         1.3192        13.3659        15.3990         0.0000         -10950.3336      1518.0189         0.0000         0.0000      1801.5999          -7600.6308       305.8210     -9402.2307     -7492.4562       300.7772            184.7303       239.5726     30113.7155        49.5266        91.8358
FEP:    1300000        30.0840    -10950.3336      1518.2091

WRITING EXTENDED SYSTEM TO RESTART FILE AT STEP 1300000
WRITING COORDINATES TO DCD FILE mobley_3589456_prod.dcd AT STEP 1300000
WRITING COORDINATES TO RESTART FILE AT STEP 1300000
FINISHED WRITING RESTART COORDINATES
WRITING VELOCITIES TO RESTART FILE AT STEP 1300000
FINISHED WRITING RESTART VELOCITIES
PRESSURE: 1400000 345.462 410.634 333.802 410.636 -1.28832 353.309 333.801 353.309 948.128
GPRESSURE: 1400000 643.058 640.078 28.15 189.698 -145.959 362.71 439.689 336.773 1115.32
PRESSAVG: 1400000 54.4458 92.3998 125.41 92.3998 64.1219 48.4222 125.41 48.4222 140.016
GPRESSAVG: 1400000 130.806 23.3972 90.8069 44.812 104.683 65.2006 140.438 88.8757 177.253
ENERGY: 1400000         1.5816        14.3486        15.4441         0.0000         -10776.6847      1494.7034         0.0000         0.0000      1742.9714          -7507.6355       295.8688     -9250.6069     -7493.4682       300.4499            430.7671       537.4745     30259.5729        74.9426       121.5451
FEP:    1400000        31.3744    -10776.6847      1494.7903

WRITING EXTENDED SYSTEM TO RESTART FILE AT STEP 1400000
WRITING COORDINATES TO DCD FILE mobley_3589456_prod.dcd AT STEP 1400000
WRITING COORDINATES TO RESTART FILE AT STEP 1400000
FINISHED WRITING RESTART COORDINATES
WRITING VELOCITIES TO RESTART FILE AT STEP 1400000
FINISHED WRITING RESTART VELOCITIES
PRESSURE: 1500000 -597.898 -95.7336 698.544 -95.7328 -1415.88 125.732 698.543 125.733 -164.103
GPRESSURE: 1500000 -786.476 -197.654 908.952 231.307 -1375.07 13.2524 387.175 487.788 -64.9181
PRESSAVG: 1500000 35.1674 70.4703 167.839 70.4703 10.6248 49.006 167.839 49.006 74.7857
GPRESSAVG: 1500000 92.192 -7.23776 168.911 44.9953 36.9164 40.0757 142.262 118.356 124.404
ENERGY: 1500000         3.5202        11.1914        14.8754         0.0000         -10637.0778      1363.7588         0.0000         0.0000      1730.0992          -7513.6327       293.6838     -9243.7319     -7494.7284       300.0271           -725.9610      -742.1545     30785.8402        24.8862        67.5639
FEP:    1500000        29.5871    -10637.0778      1364.8919

WRITING EXTENDED SYSTEM TO RESTART FILE AT STEP 1500000
WRITING COORDINATES TO DCD FILE mobley_3589456_prod.dcd AT STEP 1500000
WRITING COORDINATES TO RESTART FILE AT STEP 1500000
FINISHED WRITING RESTART COORDINATES
WRITING VELOCITIES TO RESTART FILE AT STEP 1500000
FINISHED WRITING RESTART VELOCITIES
TCL: Running FEP window   8: Lambda1 0.35   Lambda2 0.39999999999999997 [dLambda 0.04999999999999999]
TCL: Setting parameter firsttimestep to 0
TCL: Setting parameter alchLambda to 0.35
Info: NONBONDED TABLE R-SQUARED SPACING: 0.0625
Info: NONBONDED TABLE SIZE: 705 POINTS
Info: INCONSISTENCY IN FAST TABLE ENERGY VS FORCE: 0.000290481 AT 0.251946
Info: INCONSISTENCY IN SCOR TABLE ENERGY VS FORCE: 0.000238233 AT 8.9687
Info: ABSOLUTE IMPRECISION IN VDWA TABLE ENERGY: 1.21169e-27 AT 8.99653
Info: ABSOLUTE IMPRECISION IN VDWA TABLE FORCE: 2.57484e-27 AT 8.99653
Info: INCONSISTENCY IN VDWA TABLE ENERGY VS FORCE: 0.0040507 AT 0.251946
Info: INCONSISTENCY IN VDWB TABLE ENERGY VS FORCE: 0.00150189 AT 0.251946
TCL: Setting parameter alchLambda2 to 0.39999999999999997
Info: NONBONDED TABLE R-SQUARED SPACING: 0.0625
Info: NONBONDED TABLE SIZE: 705 POINTS
Info: INCONSISTENCY IN FAST TABLE ENERGY VS FORCE: 0.000290481 AT 0.251946
Info: INCONSISTENCY IN SCOR TABLE ENERGY VS FORCE: 0.000238233 AT 8.9687
Info: ABSOLUTE IMPRECISION IN VDWA TABLE ENERGY: 1.21169e-27 AT 8.99653
Info: ABSOLUTE IMPRECISION IN VDWA TABLE FORCE: 2.57484e-27 AT 8.99653
Info: INCONSISTENCY IN VDWA TABLE ENERGY VS FORCE: 0.0040507 AT 0.251946
Info: INCONSISTENCY IN VDWB TABLE ENERGY VS FORCE: 0.00150189 AT 0.251946
TCL: Running for 1500000 steps
FEP: RESETTING FOR NEW FEP WINDOW LAMBDA SET TO 0.35 LAMBDA2 0.4
FEP: WINDOW TO HAVE 100000 STEPS OF EQUILIBRATION PRIOR TO FEP DATA COLLECTION.
FEP: USING CONSTANT TEMPERATURE OF 300 K FOR FEP CALCULATION
PRESSURE: 0 -762.498 -70.9253 708.422 -70.9263 -1482.59 105.12 708.422 105.121 -198.795
GPRESSURE: 0 -760.825 -200.335 909.975 226.974 -1367.69 16.2432 385.171 491.476 -61.9057
ETITLE:      TS           BOND          ANGLE          DIHED          IMPRP               ELECT            VDW       BOUNDARY           MISC        KINETIC               TOTAL           TEMP      POTENTIAL       TOTALAVG        TEMPAVG            PRESSURE      GPRESSURE         VOLUME       PRESSAVG      GPRESSAVG
FEPTITLE:    TS          BOND2         ELECT2           VDW2

ENERGY:       0         3.5202        11.1914        14.8754         0.0000         -10637.0773      1364.8918         0.0000         0.0000      1729.2070          -7513.3915       293.5323     -9242.5984     -7513.3915       293.5323           -814.6289      -730.1401     30785.8402      -814.6289      -730.1401
FEP:          0        29.5871    -10637.0773      1366.8941

PRESSURE: 100000 -206.355 237.921 -33.2249 237.918 586.04 -85.067 -33.2272 -85.0653 851.378
GPRESSURE: 100000 -332.04 525.885 -110.633 215.915 599.617 14.3173 -17.9144 -124.326 948.908
PRESSAVG: 100000 -8.31085 67.5181 236.247 67.5181 -71.1671 18.9905 236.247 18.9905 81.6918
GPRESSAVG: 100000 25.3239 8.26302 238.808 65.8941 -27.3045 14.4903 180.385 100.3 141.099
ENERGY:  100000         3.0218         9.9173        14.9695         0.0000         -10623.8151      1440.0043         0.0000         0.0000      1799.4442          -7356.4580       305.4551     -9155.9023     -7434.9247       299.4937            410.3543       405.4951     30417.0143      -202.1373      -162.3225
FEP:     100000        27.9086    -10623.8151      1440.1830

WRITING EXTENDED SYSTEM TO RESTART FILE AT STEP 100000
WRITING COORDINATES TO DCD FILE mobley_3589456_prod.dcd AT STEP 100000
WRITING COORDINATES TO RESTART FILE AT STEP 100000
FINISHED WRITING RESTART COORDINATES
WRITING VELOCITIES TO RESTART FILE AT STEP 100000
FINISHED WRITING RESTART VELOCITIES
PRESSURE: 200000 -322.903 -183.085 343.706 -183.083 -598.44 334.497 343.708 334.494 232.987
GPRESSURE: 200000 -359.958 -238.836 14.2068 -196.202 -404.842 47.8596 362.526 348.845 187.423
PRESSAVG: 200000 -17.2793 64.8912 261.369 64.8912 -93.9114 41.4591 261.369 41.4591 135.607
GPRESSAVG: 200000 2.3517 24.1554 255.668 56.1645 -27.6337 3.07651 201.667 114.752 178.955
ENERGY:  200000         2.1881         7.7746        18.7915         0.0000         -10599.1469      1415.5191         0.0000         0.0000      1802.7219          -7352.1517       306.0114     -9154.8736     -7407.3337       301.6663           -229.4519      -192.4592     31152.6182      -211.2422      -172.3681
FEP:     200000        28.7542    -10599.1469      1415.5336

WRITING EXTENDED SYSTEM TO RESTART FILE AT STEP 200000
WRITING COORDINATES TO DCD FILE mobley_3589456_prod.dcd AT STEP 200000
WRITING COORDINATES TO RESTART FILE AT STEP 200000
FINISHED WRITING RESTART COORDINATES
WRITING VELOCITIES TO RESTART FILE AT STEP 200000
FINISHED WRITING RESTART VELOCITIES
PRESSURE: 300000 -401.409 -556.966 -194.364 -556.967 -1298.49 11.3308 -194.364 11.33 -131.057
GPRESSURE: 300000 -246.337 -400.732 -323.559 -374.244 -1490.7 -44.0062 -176.411 -176.761 -42.4241
PRESSAVG: 300000 -58.2591 46.8008 209.541 46.8008 -147.084 46.3842 209.541 46.3842 78.4633
GPRESSAVG: 300000 -32.6564 7.27977 176.59 48.2496 -104.698 12.1446 157.935 103.929 132.969
ENERGY:  300000         3.0233        14.8859        14.9515         0.0000         -10746.1325      1388.0257         0.0000         0.0000      1838.7872          -7486.4588       312.1335     -9325.2460     -7427.1150       304.2831           -610.3196      -593.1532     30368.1739      -311.0115      -277.5643
FEP:     300000        32.8608    -10746.1325      1388.8841

WRITING EXTENDED SYSTEM TO RESTART FILE AT STEP 300000
WRITING COORDINATES TO DCD FILE mobley_3589456_prod.dcd AT STEP 300000
WRITING COORDINATES TO RESTART FILE AT STEP 300000
FINISHED WRITING RESTART COORDINATES
WRITING VELOCITIES TO RESTART FILE AT STEP 300000
FINISHED WRITING RESTART VELOCITIES
PRESSURE: 400000 -276.233 -201.574 -450.8 -201.575 -901.669 -170.211 -450.801 -170.209 -825.871
GPRESSURE: 400000 -201.031 -100.633 -339.678 -352.653 -944.601 -148.62 -398.481 -223.527 -692.779
PRESSAVG: 400000 -96.6357 45.4568 144.018 45.4568 -177.206 42.8743 144.018 42.8743 -11.4768
GPRESSAVG: 400000 -65.491 5.5189 96.873 41.4846 -154.814 16.1087 103.286 90.9287 53.9639
ENERGY:  400000         1.9715         8.1367        18.7320         0.0000         -10711.1563      1382.9946         0.0000         0.0000      1766.7675          -7532.5540       299.9082     -9299.3215     -7448.2028       303.4081           -667.9244      -612.8039     30847.5962      -382.3941      -344.6123
FEP:     400000        28.8402    -10711.1563      1383.3691

WRITING EXTENDED SYSTEM TO RESTART FILE AT STEP 400000
WRITING COORDINATES TO DCD FILE mobley_3589456_prod.dcd AT STEP 400000
WRITING COORDINATES TO RESTART FILE AT STEP 400000
FINISHED WRITING RESTART COORDINATES
WRITING VELOCITIES TO RESTART FILE AT STEP 400000
FINISHED WRITING RESTART VELOCITIES
PRESSURE: 500000 -508.644 -185.289 -329.735 -185.289 112.348 24.7017 -329.734 24.7022 516.811
GPRESSURE: 500000 -698.18 -474.499 -623.552 -95.7597 234.352 25.7441 -291.277 78.4692 843.948
PRESSAVG: 500000 -101.481 33.4729 126.161 33.4729 -168.265 43.3649 126.161 43.3649 86.2148
GPRESSAVG: 500000 -87.0305 -9.53492 56.162 30.6606 -139.268 13.9124 85.8268 88.3048 177.041
ENERGY:  500000         3.2092         9.9065        14.9838         0.0000         -10695.1266      1457.9819         0.0000         0.0000      1783.2139          -7425.8314       302.7000     -9209.0452     -7444.4742       303.2901             40.1719       126.7068     30909.3914      -311.9665      -266.0591
FEP:     500000        28.0995    -10695.1266      1459.3787

WRITING EXTENDED SYSTEM TO RESTART FILE AT STEP 500000
WRITING COORDINATES TO DCD FILE mobley_3589456_prod.dcd AT STEP 500000
WRITING COORDINATES TO RESTART FILE AT STEP 500000
FINISHED WRITING RESTART COORDINATES
WRITING VELOCITIES TO RESTART FILE AT STEP 500000
FINISHED WRITING RESTART VELOCITIES
PRESSURE: 600000 -298.646 120.324 -65.7882 120.322 -863.062 -177.041 -65.7873 -177.036 -539.262
GPRESSURE: 600000 -287.551 -44.8503 -72.886 65.2036 -713.528 -4.12788 126.042 -190.7 -478.532
PRESSAVG: 600000 -163.56 35.218 112.142 35.218 -223.694 32.6675 112.142 32.6675 82.8957
GPRESSAVG: 600000 -146.767 -14.7669 39.0599 53.7771 -199.76 -1.72289 83.0641 95.962 176.588
ENERGY:  600000         3.1421         7.1886        15.5598         0.0000         -10694.6805      1389.1716         0.0000         0.0000      1766.0192          -7513.5992       299.7812     -9279.6184     -7454.3492       302.7888           -566.9900      -493.2036     30407.7258      -348.3984      -298.5083
FEP:     600000        25.8905    -10694.6805      1389.1956

WRITING EXTENDED SYSTEM TO RESTART FILE AT STEP 600000
WRITING COORDINATES TO DCD FILE mobley_3589456_prod.dcd AT STEP 600000
WRITING COORDINATES TO RESTART FILE AT STEP 600000
FINISHED WRITING RESTART COORDINATES
WRITING VELOCITIES TO RESTART FILE AT STEP 600000
FINISHED WRITING RESTART VELOCITIES
PRESSURE: 700000 -603.666 -529.68 410.509 -529.682 355.101 350.599 410.508 350.599 239.918
GPRESSURE: 700000 -470.726 -170.451 580.865 -358.66 394.407 154.506 290.598 505.672 149.121
PRESSAVG: 700000 -156.784 -11.8929 113.668 -11.8929 -172.927 49.6258 113.668 49.6258 80.7223
GPRESSAVG: 700000 -139.098 -39.3594 37.3682 11.8765 -152.705 3.92092 95.6879 113.94 169.527
ENERGY:  700000         2.4910        12.7625        15.2519         0.0000         -10798.7180      1451.9746         0.0000         0.0000      1824.1259          -7492.1121       309.6448     -9316.2380     -7459.0696       303.6458             -2.8824        24.2673     30341.8414      -305.2089      -258.1613
FEP:     700000        30.5054    -10798.7180      1451.4564

WRITING EXTENDED SYSTEM TO RESTART FILE AT STEP 700000
WRITING COORDINATES TO DCD FILE mobley_3589456_prod.dcd AT STEP 700000
WRITING COORDINATES TO RESTART FILE AT STEP 700000
FINISHED WRITING RESTART COORDINATES
WRITING VELOCITIES TO RESTART FILE AT STEP 700000
FINISHED WRITING RESTART VELOCITIES
PRESSURE: 800000 -252.615 179.196 423.425 179.197 -172.589 294.204 423.425 294.204 -782.67
GPRESSURE: 800000 -163.182 548.071 248.411 -71.0795 -53.8559 440.435 726.711 392.349 -632.455
PRESSAVG: 800000 -181.472 -37.4939 148.081 -37.4939 -197.234 43.4704 148.081 43.4704 63.5654
GPRESSAVG: 800000 -172.968 -47.7611 54.6749 -14.32 -179.465 10.7642 153.86 114.705 165.732
ENERGY:  800000         1.9743        11.5478        15.5497         0.0000         -10715.7314      1403.3229         0.0000         0.0000      1769.1294          -7514.2073       300.3091     -9283.3367     -7465.1960       303.2751           -402.6248      -283.1642     30291.4581      -316.0329      -260.9394
FEP:     800000        29.0718    -10715.7314      1403.1437

WRITING EXTENDED SYSTEM TO RESTART FILE AT STEP 800000
WRITING COORDINATES TO DCD FILE mobley_3589456_prod.dcd AT STEP 800000
WRITING COORDINATES TO RESTART FILE AT STEP 800000
FINISHED WRITING RESTART COORDINATES
WRITING VELOCITIES TO RESTART FILE AT STEP 800000
FINISHED WRITING RESTART VELOCITIES
PRESSURE: 900000 86.7678 -276.976 43.198 -276.977 -3.58465 288.454 43.1954 288.457 376.227
GPRESSURE: 900000 134.406 -657.222 -3.23122 -114.109 126.34 356.029 -299.485 64.3811 342.67
PRESSAVG: 900000 -134.828 -37.3095 143.074 -37.3095 -243.45 51.612 143.074 51.612 62.8604
GPRESSAVG: 900000 -133.503 -59.9435 56.1541 10.368 -210.627 24.3444 127.611 111.206 164.725
ENERGY:  900000         2.2869        10.4779        15.7098         0.0000         -10830.1406      1473.8071         0.0000         0.0000      1740.1969          -7587.6620       295.3979     -9327.8589     -7477.4426       302.4873            153.1368       201.1385     30143.3360      -269.1159      -214.7316
FEP:     900000        28.4746    -10830.1406      1473.3121

WRITING EXTENDED SYSTEM TO RESTART FILE AT STEP 900000
WRITING COORDINATES TO DCD FILE mobley_3589456_prod.dcd AT STEP 900000
WRITING COORDINATES TO RESTART FILE AT STEP 900000
FINISHED WRITING RESTART COORDINATES
WRITING VELOCITIES TO RESTART FILE AT STEP 900000
FINISHED WRITING RESTART VELOCITIES
PRESSURE: 1000000 -609.267 -972.542 -292.829 -972.545 -1598.11 241.085 -292.826 241.087 -382.463
GPRESSURE: 1000000 -614.929 -913.677 -218.574 -709.698 -1674.01 1.36326 -206.601 247.808 -404.431
PRESSAVG: 1000000 -151.634 -83.1888 112.749 -83.1888 -294.717 35.3062 112.749 35.3062 79.1507
GPRESSAVG: 1000000 -160.01 -99.9794 32.5771 -10.052 -258.564 0.0915957 106.865 102.354 175.27
TIMING: 1000000  CPU: 4276.86, 0.000391899/step  Wall: 4299.28, 0.000397429/step, 434.794 ns/days, 0.0551985 hours remaining, 0.000000 MB of memory in use.
PERFORMANCE: 1000000  averaging 461.148 ns/day, 0.000374717 sec/step with standard deviation 9.62855e-06
ETITLE:      TS           BOND          ANGLE          DIHED          IMPRP               ELECT            VDW       BOUNDARY           MISC        KINETIC               TOTAL           TEMP      POTENTIAL       TOTALAVG        TEMPAVG            PRESSURE      GPRESSURE         VOLUME       PRESSAVG      GPRESSAVG
FEPTITLE:    TS          BOND2         ELECT2           VDW2

ENERGY: 1000000         4.5101        10.2418        15.8471         0.0000         -10676.3444      1325.6966         0.0000         0.0000      1813.0421          -7507.0067       307.7633     -9320.0488     -7480.1302       302.9670           -863.2807      -897.7905     29948.1398      -323.1309      -276.8279
FEP:    1000000        30.5990    -10676.3444      1325.4366

WRITING EXTENDED SYSTEM TO RESTART FILE AT STEP 1000000
WRITING COORDINATES TO DCD FILE mobley_3589456_prod.dcd AT STEP 1000000
WRITING COORDINATES TO RESTART FILE AT STEP 1000000
FINISHED WRITING RESTART COORDINATES
WRITING VELOCITIES TO RESTART FILE AT STEP 1000000
FINISHED WRITING RESTART VELOCITIES
PRESSURE: 1100000 -469.297 632.227 -225.363 632.226 -270.307 -186.16 -225.361 -186.161 625.815
GPRESSURE: 1100000 -295.037 418.096 -2.61504 748.384 -102.968 -107.007 -123.329 -213.052 605.786
PRESSAVG: 1100000 -201.59 -59.2913 108.63 -59.2913 -356.266 17.504 108.63 17.504 77.0281
GPRESSAVG: 1100000 -189.311 -91.1143 49.0268 18.0432 -326.285 0.247746 108.364 62.0811 170.213
ENERGY: 1100000         1.8545        10.9121        15.3884         0.0000         -10851.9014      1477.2293         0.0000         0.0000      1694.0678          -7652.4493       287.5674     -9346.5171     -7494.4902       301.6837            -37.9297        69.2600     30401.4544      -299.3641      -247.9872
FEP:    1100000        28.1550    -10851.9014      1478.1686

WRITING EXTENDED SYSTEM TO RESTART FILE AT STEP 1100000
WRITING COORDINATES TO DCD FILE mobley_3589456_prod.dcd AT STEP 1100000
WRITING COORDINATES TO RESTART FILE AT STEP 1100000
FINISHED WRITING RESTART COORDINATES
WRITING VELOCITIES TO RESTART FILE AT STEP 1100000
FINISHED WRITING RESTART VELOCITIES
PRESSURE: 1200000 174.734 82.9052 378.608 82.9038 580.38 428.108 378.606 428.11 967.128
GPRESSURE: 1200000 198.485 -85.6983 84.1171 246.04 758.918 388.774 636.046 490.848 887.494
PRESSAVG: 1200000 -182.84 -56.9332 98.8062 -56.9332 -291.371 58.3021 98.8062 58.3021 104.963
GPRESSAVG: 1200000 -165.771 -82.3531 28.672 22.637 -256.954 42.3642 103.236 91.0092 189.703
ENERGY: 1200000         3.1454        10.0110        14.5952         0.0000         -10807.3087      1513.5370         0.0000         0.0000      1814.7529          -7451.2672       308.0537     -9266.0201     -7491.1653       302.1737            574.0807       614.9659     30411.9046      -232.1761      -181.6062
FEP:    1200000        27.7516    -10807.3087      1513.8032

WRITING EXTENDED SYSTEM TO RESTART FILE AT STEP 1200000
WRITING COORDINATES TO DCD FILE mobley_3589456_prod.dcd AT STEP 1200000
WRITING COORDINATES TO RESTART FILE AT STEP 1200000
FINISHED WRITING RESTART COORDINATES
WRITING VELOCITIES TO RESTART FILE AT STEP 1200000
FINISHED WRITING RESTART VELOCITIES
PRESSURE: 1300000 667.673 864.606 -216.757 864.607 509.326 247.282 -216.761 247.287 1181.22
GPRESSURE: 1300000 617.547 1109.72 -468.613 477.239 527.033 -43.2978 70.3456 527.259 1260.09
PRESSAVG: 1300000 -160.76 -10.2999 76.2127 -10.2999 -276.007 84.4512 76.2127 84.4512 139.291
GPRESSAVG: 1300000 -147.768 -22.5775 13.4605 54.4142 -240.496 44.3083 87.3626 153.561 230.852
ENERGY: 1300000         2.6060         9.6411        15.2246         0.0000         -10831.9241      1534.2694         0.0000         0.0000      1752.2667          -7517.9163       297.4467     -9270.1830     -7493.0761       301.8360            786.0739       801.5567     30306.7463      -159.4439      -111.3803
FEP:    1300000        27.4717    -10831.9241      1535.2628

WRITING EXTENDED SYSTEM TO RESTART FILE AT STEP 1300000
WRITING COORDINATES TO DCD FILE mobley_3589456_prod.dcd AT STEP 1300000
WRITING COORDINATES TO RESTART FILE AT STEP 1300000
FINISHED WRITING RESTART COORDINATES
WRITING VELOCITIES TO RESTART FILE AT STEP 1300000
FINISHED WRITING RESTART VELOCITIES
PRESSURE: 1400000 934.454 366.892 -150.538 366.893 734.018 278.756 -150.532 278.754 402.584
GPRESSURE: 1400000 874.051 357.273 124.578 678.412 713.561 175.336 -418.255 180.301 589.439
PRESSAVG: 1400000 -135.7 -21.8217 51.3755 -21.8217 -278.431 110.184 51.3755 110.184 175.63
GPRESSAVG: 1400000 -135.16 -29.033 15.3167 57.5913 -239.039 69.7254 51.0233 157.445 272.739
ENERGY: 1400000         1.5161        12.4457        16.5309         0.0000         -10908.2486      1519.9667         0.0000         0.0000      1808.8673          -7548.9219       307.0546     -9357.7893     -7496.7992       302.1839            690.3522       725.6838     29581.4412      -102.7908       -55.5760
FEP:    1400000        30.4926    -10908.2486      1520.3236

WRITING EXTENDED SYSTEM TO RESTART FILE AT STEP 1400000
WRITING COORDINATES TO DCD FILE mobley_3589456_prod.dcd AT STEP 1400000
WRITING COORDINATES TO RESTART FILE AT STEP 1400000
FINISHED WRITING RESTART COORDINATES
WRITING VELOCITIES TO RESTART FILE AT STEP 1400000
FINISHED WRITING RESTART VELOCITIES
PRESSURE: 1500000 -223.783 906.877 199.113 906.875 -525.088 179.717 199.111 179.719 -914.337
GPRESSURE: 1500000 -146.897 859.64 229.955 756.69 -450.689 227.113 471.787 366.618 -851.523
PRESSAVG: 1500000 -139.531 23.1229 67.4352 23.1229 -328.142 142.217 67.4352 142.217 97.9564
GPRESSAVG: 1500000 -127.03 27.0052 32.3541 84.8812 -281.83 106.07 81.4949 193.377 182.982
ENERGY: 1500000         3.1881         8.8395        14.8210         0.0000         -10640.4917      1376.7965         0.0000         0.0000      1752.0425          -7484.8041       297.4086     -9236.8466     -7496.0495       301.8855           -554.4025      -483.0361     30632.4014      -131.0166       -82.2923
FEP:    1500000        26.8486    -10640.4917      1376.7804

WRITING EXTENDED SYSTEM TO RESTART FILE AT STEP 1500000
WRITING COORDINATES TO DCD FILE mobley_3589456_prod.dcd AT STEP 1500000
WRITING COORDINATES TO RESTART FILE AT STEP 1500000
FINISHED WRITING RESTART COORDINATES
WRITING VELOCITIES TO RESTART FILE AT STEP 1500000
FINISHED WRITING RESTART VELOCITIES
TCL: Running FEP window   9: Lambda1 0.39999999999999997 Lambda2 0.44999999999999996 [dLambda 0.04999999999999999]
TCL: Setting parameter firsttimestep to 0
TCL: Setting parameter alchLambda to 0.39999999999999997
Info: NONBONDED TABLE R-SQUARED SPACING: 0.0625
Info: NONBONDED TABLE SIZE: 705 POINTS
Info: INCONSISTENCY IN FAST TABLE ENERGY VS FORCE: 0.000290481 AT 0.251946
Info: INCONSISTENCY IN SCOR TABLE ENERGY VS FORCE: 0.000238233 AT 8.9687
Info: ABSOLUTE IMPRECISION IN VDWA TABLE ENERGY: 1.21169e-27 AT 8.99653
Info: ABSOLUTE IMPRECISION IN VDWA TABLE FORCE: 2.57484e-27 AT 8.99653
Info: INCONSISTENCY IN VDWA TABLE ENERGY VS FORCE: 0.0040507 AT 0.251946
Info: INCONSISTENCY IN VDWB TABLE ENERGY VS FORCE: 0.00150189 AT 0.251946
TCL: Setting parameter alchLambda2 to 0.44999999999999996
Info: NONBONDED TABLE R-SQUARED SPACING: 0.0625
Info: NONBONDED TABLE SIZE: 705 POINTS
Info: INCONSISTENCY IN FAST TABLE ENERGY VS FORCE: 0.000290481 AT 0.251946
Info: INCONSISTENCY IN SCOR TABLE ENERGY VS FORCE: 0.000238233 AT 8.9687
Info: ABSOLUTE IMPRECISION IN VDWA TABLE ENERGY: 1.21169e-27 AT 8.99653
Info: ABSOLUTE IMPRECISION IN VDWA TABLE FORCE: 2.57484e-27 AT 8.99653
Info: INCONSISTENCY IN VDWA TABLE ENERGY VS FORCE: 0.0040507 AT 0.251946
Info: INCONSISTENCY IN VDWB TABLE ENERGY VS FORCE: 0.00150189 AT 0.251946
TCL: Running for 1500000 steps
FEP: RESETTING FOR NEW FEP WINDOW LAMBDA SET TO 0.4 LAMBDA2 0.45
FEP: WINDOW TO HAVE 100000 STEPS OF EQUILIBRATION PRIOR TO FEP DATA COLLECTION.
FEP: USING CONSTANT TEMPERATURE OF 300 K FOR FEP CALCULATION
PRESSURE: 0 -203.958 864.802 285.807 864.798 -584.015 237.689 285.805 237.69 -916.305
GPRESSURE: 0 -137.366 857.414 231.396 754.515 -448.593 230.147 474.812 369.816 -847.74
ETITLE:      TS           BOND          ANGLE          DIHED          IMPRP               ELECT            VDW       BOUNDARY           MISC        KINETIC               TOTAL           TEMP      POTENTIAL       TOTALAVG        TEMPAVG            PRESSURE      GPRESSURE         VOLUME       PRESSAVG      GPRESSAVG
FEPTITLE:    TS          BOND2         ELECT2           VDW2

ENERGY:       0         3.1881         8.8395        14.8210         0.0000         -10640.4914      1376.7807         0.0000         0.0000      1751.1800          -7485.6821       297.2622     -9236.8621     -7485.6821       297.2622           -568.0929      -477.8995     30632.4014      -568.0929      -477.8995
FEP:          0        26.8486    -10640.4914      1377.1614

PRESSURE: 100000 269.917 -301.141 29.8879 -301.139 -818.561 435.415 29.8874 435.417 -540.25
GPRESSURE: 100000 477.939 -418.097 113.106 -59.4718 -830.927 295.401 -146.403 310.142 -512.472
PRESSAVG: 100000 -162.908 64.623 94.781 64.623 -382.824 165.877 94.781 165.877 47.3543
GPRESSAVG: 100000 -127.753 70.6747 65.5186 112.925 -332.46 120.109 114.637 213.509 117.051
ENERGY:  100000         4.8856         5.6811        14.4982         0.0000         -10620.2606      1398.3002         0.0000         0.0000      1734.1933          -7462.7023       294.3787     -9196.8956     -7474.1922       295.8205           -362.9649      -288.4867     30434.3620      -465.5289      -383.1931
FEP:     100000        25.0649    -10620.2606      1397.9656

WRITING EXTENDED SYSTEM TO RESTART FILE AT STEP 100000
WRITING COORDINATES TO DCD FILE mobley_3589456_prod.dcd AT STEP 100000
WRITING COORDINATES TO RESTART FILE AT STEP 100000
FINISHED WRITING RESTART COORDINATES
WRITING VELOCITIES TO RESTART FILE AT STEP 100000
FINISHED WRITING RESTART VELOCITIES
PRESSURE: 200000 936.697 -627.203 282.595 -627.2 1131.94 -93.7434 282.597 -93.7388 1150.73
GPRESSURE: 200000 1066.45 -487.02 494.006 -683.225 1100.75 -25.2156 561.093 -314.246 1340.26
PRESSAVG: 200000 -133.346 12.7312 92.2208 12.7312 -326.162 143.525 92.2208 143.525 57.4842
GPRESSAVG: 200000 -106.583 14.3197 88.8113 69.2789 -270.125 100.712 120.707 180.958 128.298
ENERGY:  200000         3.7383        15.0593        15.3529         0.0000         -10952.8199      1572.9501         0.0000         0.0000      1786.5766          -7559.1428       303.2708     -9345.7194     -7502.5091       298.3039           1073.1224      1169.1519     29594.4848        47.3549       134.2552
FEP:     200000        34.1504    -10952.8199      1574.1597

WRITING EXTENDED SYSTEM TO RESTART FILE AT STEP 200000
WRITING COORDINATES TO DCD FILE mobley_3589456_prod.dcd AT STEP 200000
WRITING COORDINATES TO RESTART FILE AT STEP 200000
FINISHED WRITING RESTART COORDINATES
WRITING VELOCITIES TO RESTART FILE AT STEP 200000
FINISHED WRITING RESTART VELOCITIES
PRESSURE: 300000 -36.5815 -0.35591 588.686 -0.356004 -948.393 443.683 588.689 443.682 12.2668
GPRESSURE: 300000 -38.9455 29.8971 590.568 -281.536 -750.505 647.579 607.257 187.469 67.3877
PRESSAVG: 300000 -105.281 17.5 86.7281 17.5 -302.788 159.422 86.7281 159.422 66.3027
GPRESSAVG: 300000 -69.2066 25.6973 72.8922 43.6367 -238.896 132.429 131.712 165.942 134.913
ENERGY:  300000         3.9838         8.6471        17.4176         0.0000         -10706.7877      1419.4985         0.0000         0.0000      1700.3015          -7556.9392       288.6256     -9257.2408     -7516.1166       295.8843           -324.2359      -240.6876     30339.3530       -45.5428        40.5195
FEP:     300000        30.0485    -10706.7877      1419.0717

WRITING EXTENDED SYSTEM TO RESTART FILE AT STEP 300000
WRITING COORDINATES TO DCD FILE mobley_3589456_prod.dcd AT STEP 300000
WRITING COORDINATES TO RESTART FILE AT STEP 300000
FINISHED WRITING RESTART COORDINATES
WRITING VELOCITIES TO RESTART FILE AT STEP 300000
FINISHED WRITING RESTART VELOCITIES
PRESSURE: 400000 662.511 -370.502 -343.341 -370.499 151.862 -648.137 -343.343 -648.133 -1147.29
GPRESSURE: 400000 930.74 -429.297 -165.857 -3.48398 56.9895 -870.087 -631.935 -159.378 -966.967
PRESSAVG: 400000 -34.0302 2.52139 34.1398 2.52139 -221.065 121.759 34.1398 121.759 18.8777
GPRESSAVG: 400000 15.3716 14.2492 19.1006 32.1138 -167.663 88.1122 80.8562 133.399 89.6603
ENERGY:  400000         4.0890        11.0340        16.2204         0.0000         -10740.1746      1442.1014         0.0000         0.0000      1806.1733          -7460.5564       306.5973     -9266.7297     -7505.0046       298.0269           -110.9741         6.9210     30416.5689       -58.6291        33.7998
FEP:     400000        31.3434    -10740.1746      1441.8870

WRITING EXTENDED SYSTEM TO RESTART FILE AT STEP 400000
WRITING COORDINATES TO DCD FILE mobley_3589456_prod.dcd AT STEP 400000
WRITING COORDINATES TO RESTART FILE AT STEP 400000
FINISHED WRITING RESTART COORDINATES
WRITING VELOCITIES TO RESTART FILE AT STEP 400000
FINISHED WRITING RESTART VELOCITIES
PRESSURE: 500000 642.868 -420.776 -57.2369 -420.775 55.1759 -442.667 -57.2365 -442.665 409.978
GPRESSURE: 500000 709.299 -269.426 -28.1671 -443.767 -10.756 -613.243 122.743 -174.394 541.897
PRESSAVG: 500000 8.43091 -30.4133 32.9394 -30.4133 -247.608 103.879 32.9394 103.879 -3.19226
GPRESSAVG: 500000 67.4386 -25.5163 23.2239 -0.870288 -198.181 56.7342 87.8891 130.896 69.3097
ENERGY:  500000         1.5801        17.6014        15.0062         0.0000         -10894.7943      1508.8497         0.0000         0.0000      1802.2887          -7549.4681       305.9379     -9351.7568     -7512.4152       299.3454            369.3407       413.4800     30318.9604        12.6992        97.0799
FEP:     500000        34.1877    -10894.7943      1509.3830

WRITING EXTENDED SYSTEM TO RESTART FILE AT STEP 500000
WRITING COORDINATES TO DCD FILE mobley_3589456_prod.dcd AT STEP 500000
WRITING COORDINATES TO RESTART FILE AT STEP 500000
FINISHED WRITING RESTART COORDINATES
WRITING VELOCITIES TO RESTART FILE AT STEP 500000
FINISHED WRITING RESTART VELOCITIES
PRESSURE: 600000 -355.469 -168.054 4.63853 -168.056 -361.536 -295.706 4.63868 -295.71 -271.041
GPRESSURE: 600000 -409.686 -387.239 174.068 -194.929 -208.8 -34.7337 -261.641 -569.957 13.0691
PRESSAVG: 600000 6.8026 -29.6619 15.9859 -29.6619 -235.763 72.3692 15.9859 72.3692 -28.3936
GPRESSAVG: 600000 64.9522 -32.9365 31.2169 -0.806636 -188.379 52.6045 56.6808 84.956 60.5921
ENERGY:  600000         6.8039        10.2809        16.9552         0.0000         -10735.9676      1428.4220         0.0000         0.0000      1761.9207          -7511.5848       299.0855     -9273.5055     -7512.2965       299.3083           -329.3484      -201.8059     30176.3215       -36.1647        54.3819
FEP:     600000        34.0401    -10735.9676      1428.9558

WRITING EXTENDED SYSTEM TO RESTART FILE AT STEP 600000
WRITING COORDINATES TO DCD FILE mobley_3589456_prod.dcd AT STEP 600000
WRITING COORDINATES TO RESTART FILE AT STEP 600000
FINISHED WRITING RESTART COORDINATES
WRITING VELOCITIES TO RESTART FILE AT STEP 600000
FINISHED WRITING RESTART VELOCITIES
PRESSURE: 700000 -1081.14 -11.8905 -344.069 -11.8929 -489.072 13.8508 -344.071 13.8507 -1204.25
GPRESSURE: 700000 -968.157 -263.3 -19.1973 76.9134 -489.286 -104.785 -370.856 -73.6892 -1225.76
PRESSAVG: 700000 -27.184 -2.40823 8.50054 -2.40823 -195.292 72.4952 8.50054 72.4952 -82.0531
GPRESSAVG: 700000 28.8612 -26.0649 46.435 21.7513 -138.309 49.5656 46.9585 90.1096 1.42508
ENERGY:  700000         3.1230        11.4949        15.6113         0.0000         -10567.9852      1317.0824         0.0000         0.0000      1767.2897          -7453.3839       299.9968     -9220.6736     -7504.9325       299.3944           -924.8196      -894.4024     30639.2110      -147.2466       -64.2161
FEP:     700000        30.2292    -10567.9852      1319.1112

WRITING EXTENDED SYSTEM TO RESTART FILE AT STEP 700000
WRITING COORDINATES TO DCD FILE mobley_3589456_prod.dcd AT STEP 700000
WRITING COORDINATES TO RESTART FILE AT STEP 700000
FINISHED WRITING RESTART COORDINATES
WRITING VELOCITIES TO RESTART FILE AT STEP 700000
FINISHED WRITING RESTART VELOCITIES
PRESSURE: 800000 784.329 -175.591 787.69 -175.592 -106.555 -379.327 787.694 -379.328 -368.371
GPRESSURE: 800000 685.047 41.0111 805.096 -702.708 -148.038 -15.0611 543.485 -584.237 -53.5106
PRESSAVG: 800000 25.844 -1.10908 70.4253 -1.10908 -155.536 62.0393 70.4253 62.0393 -59.1781
GPRESSAVG: 800000 73.1651 -18.9827 103.674 4.24854 -98.4804 56.2435 94.0568 72.074 33.3885
ENERGY:  800000         2.3576         8.6139        15.5917         0.0000         -10793.6970      1475.4972         0.0000         0.0000      1762.7879          -7528.8486       299.2327     -9291.6365     -7507.5898       299.3764            103.1341       161.1662     30386.9621      -119.4265       -39.1737
FEP:     800000        26.5633    -10793.6970      1475.4807

WRITING EXTENDED SYSTEM TO RESTART FILE AT STEP 800000
WRITING COORDINATES TO DCD FILE mobley_3589456_prod.dcd AT STEP 800000
WRITING COORDINATES TO RESTART FILE AT STEP 800000
FINISHED WRITING RESTART COORDINATES
WRITING VELOCITIES TO RESTART FILE AT STEP 800000
FINISHED WRITING RESTART VELOCITIES
PRESSURE: 900000 -228.743 473.441 -712.474 473.44 936.215 -49.1431 -712.474 -49.1429 -559.764
GPRESSURE: 900000 -13.8405 213.896 -938.703 314.984 923.51 189.446 -722.358 -141.638 -501.294
PRESSAVG: 900000 39.8391 31.8274 51.2883 31.8274 -114.343 58.347 51.2883 58.347 -113.007
GPRESSAVG: 900000 107.382 15.437 87.9161 24.7857 -64.0224 64.4286 72.5028 61.0687 -33.8736
ENERGY:  900000         1.9381        10.2382        15.3526         0.0000         -10692.3068      1442.2592         0.0000         0.0000      1751.4686          -7471.0501       297.3112     -9222.5187     -7503.9358       299.1699             49.2364       136.1255     30509.2326      -102.5602       -21.6437
FEP:     900000        27.5289    -10692.3068      1441.9812

WRITING EXTENDED SYSTEM TO RESTART FILE AT STEP 900000
WRITING COORDINATES TO DCD FILE mobley_3589456_prod.dcd AT STEP 900000
WRITING COORDINATES TO RESTART FILE AT STEP 900000
FINISHED WRITING RESTART COORDINATES
WRITING VELOCITIES TO RESTART FILE AT STEP 900000
FINISHED WRITING RESTART VELOCITIES
PRESSURE: 1000000 285.492 -91.7447 -424.267 -91.7468 490.591 -155.966 -424.266 -155.964 -187.348
GPRESSURE: 1000000 365.368 22.6958 -191.291 35.6101 531.676 -21.4609 -215.831 -208.74 -360.88
PRESSAVG: 1000000 69.046 21.224 33.3643 21.224 -46.6599 59.4007 33.3643 59.4007 -95.4112
GPRESSAVG: 1000000 140.028 18.8143 81.9959 23.3061 -1.76225 63.5619 55.4091 60.1667 -27.991
TIMING: 1000000  CPU: 4861.81, 0.000391061/step  Wall: 4894.98, 0.000397259/step, 434.98 ns/days, 0.0551749 hours remaining, 0.000000 MB of memory in use.
PERFORMANCE: 1000000  averaging 458.086 ns/day, 0.000377222 sec/step with standard deviation 1.17296e-05
ETITLE:      TS           BOND          ANGLE          DIHED          IMPRP               ELECT            VDW       BOUNDARY           MISC        KINETIC               TOTAL           TEMP      POTENTIAL       TOTALAVG        TEMPAVG            PRESSURE      GPRESSURE         VOLUME       PRESSAVG      GPRESSAVG
FEPTITLE:    TS          BOND2         ELECT2           VDW2

ENERGY: 1000000         2.4207        10.6706        15.9250         0.0000         -10793.3914      1470.3652         0.0000         0.0000      1771.4389          -7522.5710       300.7012     -9294.0099     -7505.6299       299.3091            196.2447       178.7213     30458.4407       -75.3961        -3.4287
FEP:    1000000        29.0162    -10793.3914      1471.2312

WRITING EXTENDED SYSTEM TO RESTART FILE AT STEP 1000000
WRITING COORDINATES TO DCD FILE mobley_3589456_prod.dcd AT STEP 1000000
WRITING COORDINATES TO RESTART FILE AT STEP 1000000
FINISHED WRITING RESTART COORDINATES
WRITING VELOCITIES TO RESTART FILE AT STEP 1000000
FINISHED WRITING RESTART VELOCITIES
PRESSURE: 1100000 428.209 -97.2151 182.142 -97.2151 -298.817 61.0083 182.144 61.0046 -223.964
GPRESSURE: 1100000 476.226 -7.27407 358.451 49.3952 -337.548 239.343 268.221 -252.601 -103.027
PRESSAVG: 1100000 120.64 42.8473 21.9461 42.8473 -79.3558 44.9209 21.9461 44.9209 -118.605
GPRESSAVG: 1100000 187.376 26.9731 70.8751 43.7088 -38.36 67.8038 54.2903 22.253 -40.5984
ENERGY: 1100000         1.9641        11.5294        15.5619         0.0000         -10722.1207      1421.4606         0.0000         0.0000      1744.6456          -7526.9592       296.1530     -9271.6048     -7507.4074       299.0461            -31.5239        11.8839     30054.0770       -71.7401        -2.1527
FEP:    1100000        29.0554    -10722.1207      1421.7453

WRITING EXTENDED SYSTEM TO RESTART FILE AT STEP 1100000
WRITING COORDINATES TO DCD FILE mobley_3589456_prod.dcd AT STEP 1100000
WRITING COORDINATES TO RESTART FILE AT STEP 1100000
FINISHED WRITING RESTART COORDINATES
WRITING VELOCITIES TO RESTART FILE AT STEP 1100000
FINISHED WRITING RESTART VELOCITIES
PRESSURE: 1200000 -901.558 504.405 -265.413 504.405 -1103.2 322.421 -265.409 322.422 -94.3127
GPRESSURE: 1200000 -1040.83 -62.0703 -367.801 1057.54 -921.368 405.251 -122.581 563.474 56.363
PRESSAVG: 1200000 88.1926 59.1077 -12.4956 59.1077 -125.886 46.3318 -12.4956 46.3318 -84.1874
GPRESSAVG: 1200000 143.493 -3.53395 40.0645 100.14 -81.7356 66.0446 11.8256 30.8093 -6.15747
ENERGY: 1200000         4.3620        12.1406        15.7344         0.0000         -10649.3894      1377.1027         0.0000         0.0000      1753.5233          -7486.5264       297.6600     -9240.0497     -7505.8011       298.9395           -699.6892      -635.2787     30723.3662      -120.0439       -50.8547
FEP:    1200000        32.2370    -10649.3894      1376.9657

WRITING EXTENDED SYSTEM TO RESTART FILE AT STEP 1200000
WRITING COORDINATES TO DCD FILE mobley_3589456_prod.dcd AT STEP 1200000
WRITING COORDINATES TO RESTART FILE AT STEP 1200000
FINISHED WRITING RESTART COORDINATES
WRITING VELOCITIES TO RESTART FILE AT STEP 1200000
FINISHED WRITING RESTART VELOCITIES
PRESSURE: 1300000 -474.255 -213.744 -192.167 -213.741 439.988 194.447 -192.17 194.447 364.076
GPRESSURE: 1300000 -480.923 -83.1211 -207.248 -275.63 482.133 -44.7033 158.592 83.5204 468.928
PRESSAVG: 1300000 60.1414 62.2695 -24.2639 62.2695 -103.708 41.6314 -24.2639 41.6314 -84.7949
GPRESSAVG: 1300000 112.727 25.1711 29.8637 92.0637 -63.9459 46.008 34.7295 31.7663 0.155414
ENERGY: 1300000         1.5547         9.4251        15.1552         0.0000         -10700.1024      1455.8889         0.0000         0.0000      1774.8723          -7443.2061       301.2840     -9218.0784     -7501.3301       299.1069            109.9363       156.7129     30607.3468      -103.6167       -36.0284
FEP:    1300000        26.1351    -10700.1024      1456.6801

WRITING EXTENDED SYSTEM TO RESTART FILE AT STEP 1300000
WRITING COORDINATES TO DCD FILE mobley_3589456_prod.dcd AT STEP 1300000
WRITING COORDINATES TO RESTART FILE AT STEP 1300000
FINISHED WRITING RESTART COORDINATES
WRITING VELOCITIES TO RESTART FILE AT STEP 1300000
FINISHED WRITING RESTART VELOCITIES
PRESSURE: 1400000 -426.063 151.949 653.398 151.949 87.3206 652.607 653.396 652.605 -570.45
GPRESSURE: 1400000 -274.289 169.592 678.186 -21.9104 156.642 634.158 514.147 520.522 -517.609
PRESSAVG: 1400000 69.3017 118.494 23.0472 118.494 -19.436 62.2073 23.0472 62.2073 -94.1942
GPRESSAVG: 1400000 129.759 79.3345 74.7016 126.453 27.5867 77.6477 70.7669 45.402 -5.50348
ENERGY: 1400000         4.8723        17.6881        16.5064         0.0000         -10687.9422      1404.8227         0.0000         0.0000      1711.3024          -7532.7504       290.4930     -9244.0527     -7503.4248       298.5327           -303.0641      -211.7521     30465.8569      -116.9132       -47.7433
FEP:    1400000        39.0668    -10687.9422      1404.5492

WRITING EXTENDED SYSTEM TO RESTART FILE AT STEP 1400000
WRITING COORDINATES TO DCD FILE mobley_3589456_prod.dcd AT STEP 1400000
WRITING COORDINATES TO RESTART FILE AT STEP 1400000
FINISHED WRITING RESTART COORDINATES
WRITING VELOCITIES TO RESTART FILE AT STEP 1400000
FINISHED WRITING RESTART VELOCITIES
PRESSURE: 1500000 275.132 177.526 415.159 177.527 -948.373 561.012 415.16 561.013 507.827
GPRESSURE: 1500000 330.159 370.899 247.206 113.489 -668.857 762.458 373.601 416.104 266.098
PRESSAVG: 1500000 106.523 95.7592 55.0732 95.7592 -53.3393 99.5659 55.0732 99.5659 -100.094
GPRESSAVG: 1500000 161.019 76.9747 87.1927 94.7083 -0.707721 121.121 95.6134 76.8598 -22.4879
ENERGY: 1500000         3.5600         5.9501        15.6464         0.0000         -10775.3125      1460.6997         0.0000         0.0000      1798.4633          -7490.9930       305.2886     -9289.4564     -7502.6478       298.9549            -55.1381       -24.1998     30514.8587      -113.0523       -46.2719
FEP:    1500000        25.1564    -10775.3125      1460.7855

WRITING EXTENDED SYSTEM TO RESTART FILE AT STEP 1500000
WRITING COORDINATES TO DCD FILE mobley_3589456_prod.dcd AT STEP 1500000
WRITING COORDINATES TO RESTART FILE AT STEP 1500000
FINISHED WRITING RESTART COORDINATES
WRITING VELOCITIES TO RESTART FILE AT STEP 1500000
FINISHED WRITING RESTART VELOCITIES
TCL: Running FEP window  10: Lambda1 0.44999999999999996 Lambda2 0.49999999999999994 [dLambda 0.04999999999999999]
TCL: Setting parameter firsttimestep to 0
TCL: Setting parameter alchLambda to 0.44999999999999996
Info: NONBONDED TABLE R-SQUARED SPACING: 0.0625
Info: NONBONDED TABLE SIZE: 705 POINTS
Info: INCONSISTENCY IN FAST TABLE ENERGY VS FORCE: 0.000290481 AT 0.251946
Info: INCONSISTENCY IN SCOR TABLE ENERGY VS FORCE: 0.000238233 AT 8.9687
Info: ABSOLUTE IMPRECISION IN VDWA TABLE ENERGY: 1.21169e-27 AT 8.99653
Info: ABSOLUTE IMPRECISION IN VDWA TABLE FORCE: 2.57484e-27 AT 8.99653
Info: INCONSISTENCY IN VDWA TABLE ENERGY VS FORCE: 0.0040507 AT 0.251946
Info: INCONSISTENCY IN VDWB TABLE ENERGY VS FORCE: 0.00150189 AT 0.251946
TCL: Setting parameter alchLambda2 to 0.49999999999999994
Info: NONBONDED TABLE R-SQUARED SPACING: 0.0625
Info: NONBONDED TABLE SIZE: 705 POINTS
Info: INCONSISTENCY IN FAST TABLE ENERGY VS FORCE: 0.000290481 AT 0.251946
Info: INCONSISTENCY IN SCOR TABLE ENERGY VS FORCE: 0.000238233 AT 8.9687
Info: ABSOLUTE IMPRECISION IN VDWA TABLE ENERGY: 1.21169e-27 AT 8.99653
Info: ABSOLUTE IMPRECISION IN VDWA TABLE FORCE: 2.57484e-27 AT 8.99653
Info: INCONSISTENCY IN VDWA TABLE ENERGY VS FORCE: 0.0040507 AT 0.251946
Info: INCONSISTENCY IN VDWB TABLE ENERGY VS FORCE: 0.00150189 AT 0.251946
TCL: Running for 1500000 steps
FEP: RESETTING FOR NEW FEP WINDOW LAMBDA SET TO 0.45 LAMBDA2 0.5
FEP: WINDOW TO HAVE 100000 STEPS OF EQUILIBRATION PRIOR TO FEP DATA COLLECTION.
FEP: USING CONSTANT TEMPERATURE OF 300 K FOR FEP CALCULATION
PRESSURE: 0 173.281 216.849 435.143 216.849 -950.917 518.762 435.144 518.757 478.689
GPRESSURE: 0 332.664 367.718 253.059 109.306 -666.277 762.082 380.259 417.87 274.399
ETITLE:      TS           BOND          ANGLE          DIHED          IMPRP               ELECT            VDW       BOUNDARY           MISC        KINETIC               TOTAL           TEMP      POTENTIAL       TOTALAVG        TEMPAVG            PRESSURE      GPRESSURE         VOLUME       PRESSAVG      GPRESSAVG
FEPTITLE:    TS          BOND2         ELECT2           VDW2

ENERGY:       0         3.5600         5.9501        15.6464         0.0000         -10775.3123      1460.7854         0.0000         0.0000      1797.5753          -7491.7951       305.1378     -9289.3705     -7491.7951       305.1378            -99.6494       -19.7378     30514.8587       -99.6494       -19.7378
FEP:          0        25.1564    -10775.3123      1461.2737

PRESSURE: 100000 812.263 601.569 -179.574 601.57 1054.35 -395.096 -179.573 -395.096 926.36
GPRESSURE: 100000 871.541 666.136 -313.608 815.9 1211.12 -235.041 -440.365 -364.007 837.541
PRESSAVG: 100000 113.68 89.3046 59.7596 89.3046 -102.653 71.9792 59.7596 71.9792 -137.259
GPRESSAVG: 100000 180.427 77.4663 103.39 104.805 -37.7632 130.199 57.2885 28.6475 -74.2701
ENERGY:  100000         1.6884         4.2939        15.5589         0.0000         -10812.5201      1548.7515         0.0000         0.0000      1712.7690          -7529.4585       290.7420     -9242.2275     -7510.6268       297.9399            930.9920       973.4000     30057.6884       415.6713       476.8311
FEP:     100000        21.5411    -10812.5201      1548.8493

WRITING EXTENDED SYSTEM TO RESTART FILE AT STEP 100000
WRITING COORDINATES TO DCD FILE mobley_3589456_prod.dcd AT STEP 100000
WRITING COORDINATES TO RESTART FILE AT STEP 100000
FINISHED WRITING RESTART COORDINATES
WRITING VELOCITIES TO RESTART FILE AT STEP 100000
FINISHED WRITING RESTART VELOCITIES
PRESSURE: 200000 324.751 375.729 469.037 375.73 -994.822 25.2427 469.037 25.2436 -334.863
GPRESSURE: 200000 290.838 434.401 558.192 130.668 -876.19 238.443 451.417 177.506 -296.598
PRESSAVG: 200000 83.1948 89.7465 90.738 89.7465 -189.095 59.3036 90.738 59.3036 -174.131
GPRESSAVG: 200000 151.267 81.3227 125.071 77.4174 -117.251 133.355 100.772 28.5078 -118.572
ENERGY:  200000         6.7957         5.8298        15.0489         0.0000         -10832.5519      1452.6157         0.0000         0.0000      1753.9504          -7598.3113       297.7325     -9352.2617     -7539.8550       297.8708           -334.9782      -293.9831     30224.3197       165.4548       219.8931
FEP:     200000        27.6745    -10832.5519      1452.1465

WRITING EXTENDED SYSTEM TO RESTART FILE AT STEP 200000
WRITING COORDINATES TO DCD FILE mobley_3589456_prod.dcd AT STEP 200000
WRITING COORDINATES TO RESTART FILE AT STEP 200000
FINISHED WRITING RESTART COORDINATES
WRITING VELOCITIES TO RESTART FILE AT STEP 200000
FINISHED WRITING RESTART VELOCITIES
PRESSURE: 300000 -208.323 -1134.67 -405.211 -1134.67 518.151 210.417 -405.206 210.42 348.286
GPRESSURE: 300000 -170.787 -924.522 -487.894 -1103.2 522.847 405.072 -694.725 -193.246 372.571
PRESSAVG: 300000 83.9678 -12.3308 60.5222 -12.3308 -136.933 60.8387 60.5222 60.8387 -111
GPRESSAVG: 300000 150.072 -7.88535 89.1784 -15.577 -68.574 142.253 42.4466 0.514559 -57.3672
ENERGY:  300000         3.1774        13.8350        15.4197         0.0000         -10776.9611      1459.9615         0.0000         0.0000      1787.7330          -7496.8346       303.4671     -9284.5677     -7529.0999       299.2698            219.3716       241.5437     30196.1811       178.9340       225.3057
FEP:     300000        32.4320    -10776.9611      1459.8989

WRITING EXTENDED SYSTEM TO RESTART FILE AT STEP 300000
WRITING COORDINATES TO DCD FILE mobley_3589456_prod.dcd AT STEP 300000
WRITING COORDINATES TO RESTART FILE AT STEP 300000
FINISHED WRITING RESTART COORDINATES
WRITING VELOCITIES TO RESTART FILE AT STEP 300000
FINISHED WRITING RESTART VELOCITIES
PRESSURE: 400000 -574.408 -80.6665 -159.387 -80.6661 -443.641 85.1161 -159.387 85.1191 129.591
GPRESSURE: 400000 -527.036 -24.2115 -106.271 -7.10813 -593.222 -65.8505 15.7665 102.385 130.38
PRESSAVG: 400000 65.4453 -59.604 38.2626 -59.604 -129.914 53.2101 38.2626 53.2101 -58.7051
GPRESSAVG: 400000 130.589 -51.9666 72.295 -53.6581 -75.8054 127.453 19.4943 -12.857 -8.46123
ENERGY:  400000         4.6307         5.8661        14.5690         0.0000         -10734.0137      1418.3321         0.0000         0.0000      1690.6537          -7599.9621       286.9879     -9290.6158     -7543.2723       296.8135           -296.1525      -329.9590     30547.2359        83.9167       114.2528
FEP:     400000        25.0658    -10734.0137      1417.8873

WRITING EXTENDED SYSTEM TO RESTART FILE AT STEP 400000
WRITING COORDINATES TO DCD FILE mobley_3589456_prod.dcd AT STEP 400000
WRITING COORDINATES TO RESTART FILE AT STEP 400000
FINISHED WRITING RESTART COORDINATES
WRITING VELOCITIES TO RESTART FILE AT STEP 400000
FINISHED WRITING RESTART VELOCITIES
PRESSURE: 500000 -10.3991 403.564 -272.011 403.563 581.209 -149.329 -272.01 -149.328 359.025
GPRESSURE: 500000 29.03 269.992 -123.233 401.969 620.742 -83.331 -108.047 -119.959 339.178
PRESSAVG: 500000 51.4295 -24.3689 23.1677 -24.3689 -59.9256 23.9729 23.1677 23.9729 -13.7414
GPRESSAVG: 500000 108.143 -17.5622 60.4781 -30.5861 -3.222 108.516 21.4121 -34.3621 34.1213
ENERGY:  500000         2.4866         9.5942        15.3512         0.0000         -10903.4523      1525.9325         0.0000         0.0000      1759.4397          -7590.6480       298.6643     -9350.0877     -7551.1683       297.1219            309.9448       329.6499     30384.6324       121.5881       150.1523
FEP:     500000        27.4321    -10903.4523      1526.7414

WRITING EXTENDED SYSTEM TO RESTART FILE AT STEP 500000
WRITING COORDINATES TO DCD FILE mobley_3589456_prod.dcd AT STEP 500000
WRITING COORDINATES TO RESTART FILE AT STEP 500000
FINISHED WRITING RESTART COORDINATES
WRITING VELOCITIES TO RESTART FILE AT STEP 500000
FINISHED WRITING RESTART VELOCITIES
PRESSURE: 600000 -1134.83 507.895 -533.139 507.895 -595.277 -266.226 -533.137 -266.226 -825.206
GPRESSURE: 600000 -1084.63 305.617 -438.574 15.7125 -722.259 -524.355 -754.611 -529.802 -591.919
PRESSAVG: 600000 -52.1469 32.3859 -17.619 32.3859 -146.287 15.3485 -17.619 15.3485 -112.538
GPRESSAVG: 600000 0.589572 22.0697 13.849 4.36081 -94.3724 83.5591 -44.3731 -45.1399 -62.4877
ENERGY:  600000         3.0938        11.3836        15.1992         0.0000         -10563.3318      1344.8772         0.0000         0.0000      1732.9804          -7455.7976       294.1729     -9188.7780     -7537.5439       296.7006           -851.7714      -799.6018     30967.3940       -17.4633        14.4731
FEP:     600000        29.6766    -10563.3318      1344.6309

WRITING EXTENDED SYSTEM TO RESTART FILE AT STEP 600000
WRITING COORDINATES TO DCD FILE mobley_3589456_prod.dcd AT STEP 600000
WRITING COORDINATES TO RESTART FILE AT STEP 600000
FINISHED WRITING RESTART COORDINATES
WRITING VELOCITIES TO RESTART FILE AT STEP 600000
FINISHED WRITING RESTART VELOCITIES
PRESSURE: 700000 -275.228 240.61 624.765 240.609 -326.568 -3.71637 624.767 -3.71812 621.224
GPRESSURE: 700000 134.903 32.2173 387.849 249.702 -248.339 -493.816 670.224 -81.2856 422.774
PRESSAVG: 700000 -64.0793 44.4341 -15.8151 44.4341 -115.195 -7.02146 -15.8151 -7.02146 -82.0902
GPRESSAVG: 700000 9.28199 22.1857 3.71308 30.9227 -69.2641 26.4893 -41.2248 -58.5777 -44.7184
ENERGY:  700000         2.0629        14.3666        15.8978         0.0000         -10737.6316      1452.0364         0.0000         0.0000      1680.2583          -7573.0096       285.2233     -9253.2680     -7541.9771       295.2660              6.4761       103.1127     30322.1390       -14.4709        25.5531
FEP:     700000        32.3273    -10737.6316      1452.1130

WRITING EXTENDED SYSTEM TO RESTART FILE AT STEP 700000
WRITING COORDINATES TO DCD FILE mobley_3589456_prod.dcd AT STEP 700000
WRITING COORDINATES TO RESTART FILE AT STEP 700000
FINISHED WRITING RESTART COORDINATES
WRITING VELOCITIES TO RESTART FILE AT STEP 700000
FINISHED WRITING RESTART VELOCITIES
PRESSURE: 800000 639.079 428.098 300.561 428.095 378.675 -121.462 300.563 -121.462 626.92
GPRESSURE: 800000 686.953 772.281 218.094 310.457 350.496 -17.1344 206.714 -74.1721 612.056
PRESSAVG: 800000 -65.2508 84.3638 16.3802 84.3638 -103.855 19.3121 16.3802 19.3121 6.62056
GPRESSAVG: 800000 -2.90738 82.2646 22.9106 46.6198 -54.5888 69.137 0.707712 -54.3173 34.2327
ENERGY:  800000         1.6692        13.6186        15.0513         0.0000         -10854.1429      1520.3128         0.0000         0.0000      1762.0589          -7541.4321       299.1089     -9303.4910     -7541.9165       295.6930            548.2248       549.8349     30220.9381        48.0509        83.8066
FEP:     800000        30.3391    -10854.1429      1520.0677

WRITING EXTENDED SYSTEM TO RESTART FILE AT STEP 800000
WRITING COORDINATES TO DCD FILE mobley_3589456_prod.dcd AT STEP 800000
WRITING COORDINATES TO RESTART FILE AT STEP 800000
FINISHED WRITING RESTART COORDINATES
WRITING VELOCITIES TO RESTART FILE AT STEP 800000
FINISHED WRITING RESTART VELOCITIES
PRESSURE: 900000 -299.414 415.632 352.493 415.631 848.235 -872.493 352.492 -872.491 664.98
GPRESSURE: 900000 -309.807 476.977 333.926 547.593 991.275 -475.197 313.498 -892.694 621.194
PRESSAVG: 900000 -112.365 126.184 36.8666 126.184 -64.2018 -2.17924 36.8666 -2.17924 19.3706
GPRESSAVG: 900000 -53.8627 119.585 41.0153 96.1878 -4.48722 76.0393 10.2455 -90.2323 38.1976
ENERGY:  900000         0.8920         8.9251        15.4860         0.0000         -10811.2811      1490.8214         0.0000         0.0000      1780.7244          -7514.4322       302.2774     -9295.1566     -7539.1681       296.3514            404.6003       434.2209     30197.4645        83.7058       118.8480
FEP:     900000        25.3031    -10811.2811      1490.3342

WRITING EXTENDED SYSTEM TO RESTART FILE AT STEP 900000
WRITING COORDINATES TO DCD FILE mobley_3589456_prod.dcd AT STEP 900000
WRITING COORDINATES TO RESTART FILE AT STEP 900000
FINISHED WRITING RESTART COORDINATES
WRITING VELOCITIES TO RESTART FILE AT STEP 900000
FINISHED WRITING RESTART VELOCITIES
PRESSURE: 1000000 -262.266 761.483 250.426 761.484 -412.767 488.74 250.425 488.737 -405.019
GPRESSURE: 1000000 -332.108 662.561 174.665 438.424 -367.763 320.579 191.544 156.764 -265.114
PRESSAVG: 1000000 -107.705 172.661 49.1559 172.661 -66.7633 37.0431 49.1559 37.0431 12.6717
GPRESSAVG: 1000000 -49.9838 172.075 41.0451 127.855 -12.4354 93.8049 32.9047 -53.8963 24.2885
TIMING: 1000000  CPU: 5438.88, 0.000388023/step  Wall: 5478.92, 0.000392975/step, 439.723 ns/days, 0.0545798 hours remaining, 0.000000 MB of memory in use.
PERFORMANCE: 1000000  averaging 456.181 ns/day, 0.000378797 sec/step with standard deviation 1.2129e-05
ETITLE:      TS           BOND          ANGLE          DIHED          IMPRP               ELECT            VDW       BOUNDARY           MISC        KINETIC               TOTAL           TEMP      POTENTIAL       TOTALAVG        TEMPAVG            PRESSURE      GPRESSURE         VOLUME       PRESSAVG      GPRESSAVG
FEPTITLE:    TS          BOND2         ELECT2           VDW2

ENERGY: 1000000         1.7826         8.4753        14.9173         0.0000         -10739.0501      1402.1500         0.0000         0.0000      1749.0815          -7562.6435       296.9060     -9311.7249     -7541.3022       296.4018           -360.0172      -321.6620     30280.0712        43.3674        78.8017
FEP:    1000000        25.1751    -10739.0501      1402.0283

WRITING EXTENDED SYSTEM TO RESTART FILE AT STEP 1000000
WRITING COORDINATES TO DCD FILE mobley_3589456_prod.dcd AT STEP 1000000
WRITING COORDINATES TO RESTART FILE AT STEP 1000000
FINISHED WRITING RESTART COORDINATES
WRITING VELOCITIES TO RESTART FILE AT STEP 1000000
FINISHED WRITING RESTART VELOCITIES
PRESSURE: 1100000 182.785 49.9687 -58.6907 49.9683 351.803 368.866 -58.6926 368.865 146.038
GPRESSURE: 1100000 233.7 -130.297 5.71738 170.784 490.01 485.201 -22.5553 424.956 297.846
PRESSAVG: 1100000 -44.5084 175.754 63.4248 175.754 -24.7196 54.7938 63.4248 54.7938 80.1859
GPRESSAVG: 1100000 10.1091 178.725 42.2909 132.549 36.5294 123.304 50.3198 -28.964 100.469
ENERGY: 1100000         3.2244        15.9596        14.7890         0.0000         -10807.2526      1459.7372         0.0000         0.0000      1769.4167          -7544.1257       300.3579     -9313.5425     -7541.5375       296.7315            226.8753       340.5187     29728.4571        58.6597       100.6114
FEP:    1100000        33.9730    -10807.2526      1459.5370

WRITING EXTENDED SYSTEM TO RESTART FILE AT STEP 1100000
WRITING COORDINATES TO DCD FILE mobley_3589456_prod.dcd AT STEP 1100000
WRITING COORDINATES TO RESTART FILE AT STEP 1100000
FINISHED WRITING RESTART COORDINATES
WRITING VELOCITIES TO RESTART FILE AT STEP 1100000
FINISHED WRITING RESTART VELOCITIES
PRESSURE: 1200000 -372.482 -109.316 340.423 -109.311 279.472 177.508 340.424 177.503 313.417
GPRESSURE: 1200000 -222.508 -113.582 428.532 -345.621 226.163 -44.2765 237.246 166.5 377.692
PRESSAVG: 1200000 -102.349 179.068 41.0613 179.068 -5.41824 82.6354 41.0613 82.6354 114.275
GPRESSAVG: 1200000 -35.2687 170.995 23.4627 150.403 55.2395 121.843 35.0078 8.57284 122.029
ENERGY: 1200000         4.0498         6.2055        15.8359         0.0000         -10712.1800      1468.8617         0.0000         0.0000      1731.0034          -7486.2238       293.8372     -9217.2272     -7537.2826       296.5089             73.4692       127.1159     30824.3182        59.7989       102.6502
FEP:    1200000        26.0912    -10712.1800      1468.7827

WRITING EXTENDED SYSTEM TO RESTART FILE AT STEP 1200000
WRITING COORDINATES TO DCD FILE mobley_3589456_prod.dcd AT STEP 1200000
WRITING COORDINATES TO RESTART FILE AT STEP 1200000
FINISHED WRITING RESTART COORDINATES
WRITING VELOCITIES TO RESTART FILE AT STEP 1200000
FINISHED WRITING RESTART VELOCITIES
PRESSURE: 1300000 616.888 553.765 -458.442 553.765 397.142 253.139 -458.442 253.138 152.767
GPRESSURE: 1300000 667.011 428.706 -600.709 476.823 240.773 593.795 -206.131 -81.4278 331.643
PRESSAVG: 1300000 -60.0674 183.084 53.763 183.084 -32.3719 97.7494 53.763 97.7494 149.902
GPRESSAVG: 1300000 -1.22611 181.736 40.3624 158.495 21.1026 142.061 60.8191 11.5833 163.676
ENERGY: 1300000         1.1726        12.7467        16.0366         0.0000         -10728.4034      1447.8343         0.0000         0.0000      1781.6583          -7468.9550       302.4359     -9250.6133     -7532.4021       296.9322            388.9323       413.1422     29900.3808        83.3084       124.8282
FEP:    1300000        29.9559    -10728.4034      1447.7037

WRITING EXTENDED SYSTEM TO RESTART FILE AT STEP 1300000
WRITING COORDINATES TO DCD FILE mobley_3589456_prod.dcd AT STEP 1300000
WRITING COORDINATES TO RESTART FILE AT STEP 1300000
FINISHED WRITING RESTART COORDINATES
WRITING VELOCITIES TO RESTART FILE AT STEP 1300000
FINISHED WRITING RESTART VELOCITIES
PRESSURE: 1400000 -171.515 128.005 238.12 128.007 -127.459 -52.2701 238.12 -52.27 -268.418
GPRESSURE: 1400000 9.84558 181.963 178.515 141.879 95.4106 56.8063 487.479 -487.375 -334.68
PRESSAVG: 1400000 -82.9178 194.072 86.8823 194.072 -63.2744 102.934 86.8823 102.934 145.848
GPRESSAVG: 1400000 -19.0022 189.699 58.8527 163.809 -0.710685 145.974 95.9846 -2.34847 164.986
ENERGY: 1400000         1.6600         8.3827        14.4516         0.0000         -10663.2081      1421.9307         0.0000         0.0000      1695.9666          -7520.8164       287.8898     -9216.7830     -7531.6297       296.3294           -189.1307       -76.4746     30429.4429        65.1458       111.4080
FEP:    1400000        24.4944    -10663.2081      1422.4056

WRITING EXTENDED SYSTEM TO RESTART FILE AT STEP 1400000
WRITING COORDINATES TO DCD FILE mobley_3589456_prod.dcd AT STEP 1400000
WRITING COORDINATES TO RESTART FILE AT STEP 1400000
FINISHED WRITING RESTART COORDINATES
WRITING VELOCITIES TO RESTART FILE AT STEP 1400000
FINISHED WRITING RESTART VELOCITIES
PRESSURE: 1500000 8.26758 -250.805 -104.428 -250.803 -148.835 -182.888 -104.427 -182.888 -41.97
GPRESSURE: 1500000 49.1646 -68.4488 63.9142 -291.978 69.8077 -528.35 -128.872 -153.456 -123.494
PRESSAVG: 1500000 -103.915 186.393 72.5537 186.393 -55.7753 90.7395 72.5537 90.7395 154.948
GPRESSAVG: 1500000 -40.3553 186.64 44.1259 146.74 19.6571 107.59 76.13 2.60878 163.963
ENERGY: 1500000         1.9430         8.6322        15.2919         0.0000         -10694.6531      1407.2903         0.0000         0.0000      1781.0280          -7480.4678       302.3289     -9261.4957     -7528.4321       296.7044            -60.8458        -1.5072     30214.9229        57.2713       104.3508
FEP:    1500000        25.8671    -10694.6531      1406.8832

WRITING EXTENDED SYSTEM TO RESTART FILE AT STEP 1500000
WRITING COORDINATES TO DCD FILE mobley_3589456_prod.dcd AT STEP 1500000
WRITING COORDINATES TO RESTART FILE AT STEP 1500000
FINISHED WRITING RESTART COORDINATES
WRITING VELOCITIES TO RESTART FILE AT STEP 1500000
FINISHED WRITING RESTART VELOCITIES
TCL: Running FEP window  11: Lambda1 0.49999999999999994 Lambda2 0.5499999999999999 [dLambda 0.04999999999999999]
TCL: Setting parameter firsttimestep to 0
TCL: Setting parameter alchLambda to 0.49999999999999994
Info: NONBONDED TABLE R-SQUARED SPACING: 0.0625
Info: NONBONDED TABLE SIZE: 705 POINTS
Info: INCONSISTENCY IN FAST TABLE ENERGY VS FORCE: 0.000290481 AT 0.251946
Info: INCONSISTENCY IN SCOR TABLE ENERGY VS FORCE: 0.000238233 AT 8.9687
Info: ABSOLUTE IMPRECISION IN VDWA TABLE ENERGY: 1.21169e-27 AT 8.99653
Info: ABSOLUTE IMPRECISION IN VDWA TABLE FORCE: 2.57484e-27 AT 8.99653
Info: INCONSISTENCY IN VDWA TABLE ENERGY VS FORCE: 0.0040507 AT 0.251946
Info: INCONSISTENCY IN VDWB TABLE ENERGY VS FORCE: 0.00150189 AT 0.251946
TCL: Setting parameter alchLambda2 to 0.5499999999999999
Info: NONBONDED TABLE R-SQUARED SPACING: 0.0625
Info: NONBONDED TABLE SIZE: 705 POINTS
Info: INCONSISTENCY IN FAST TABLE ENERGY VS FORCE: 0.000290481 AT 0.251946
Info: INCONSISTENCY IN SCOR TABLE ENERGY VS FORCE: 0.000238233 AT 8.9687
Info: ABSOLUTE IMPRECISION IN VDWA TABLE ENERGY: 1.21169e-27 AT 8.99653
Info: ABSOLUTE IMPRECISION IN VDWA TABLE FORCE: 2.57484e-27 AT 8.99653
Info: INCONSISTENCY IN VDWA TABLE ENERGY VS FORCE: 0.0040507 AT 0.251946
Info: INCONSISTENCY IN VDWB TABLE ENERGY VS FORCE: 0.00150189 AT 0.251946
TCL: Running for 1500000 steps
FEP: RESETTING FOR NEW FEP WINDOW LAMBDA SET TO 0.5 LAMBDA2 0.55
FEP: WINDOW TO HAVE 100000 STEPS OF EQUILIBRATION PRIOR TO FEP DATA COLLECTION.
FEP: USING CONSTANT TEMPERATURE OF 300 K FOR FEP CALCULATION
PRESSURE: 0 -55.0773 -219.705 -121.681 -219.702 -71.2289 -193.323 -121.682 -193.325 -120.064
GPRESSURE: 0 46.6098 -69.354 70.4267 -292.092 73.3193 -530.084 -124.872 -155.869 -113.59
ETITLE:      TS           BOND          ANGLE          DIHED          IMPRP               ELECT            VDW       BOUNDARY           MISC        KINETIC               TOTAL           TEMP      POTENTIAL       TOTALAVG        TEMPAVG            PRESSURE      GPRESSURE         VOLUME       PRESSAVG      GPRESSAVG
FEPTITLE:    TS          BOND2         ELECT2           VDW2

ENERGY:       0         1.9430         8.6322        15.2919         0.0000         -10694.6528      1406.8832         0.0000         0.0000      1780.1870          -7481.7155       302.1862     -9261.9026     -7481.7155       302.1862            -82.1234         2.1130     30214.9229       -82.1234         2.1130
FEP:          0        25.8671    -10694.8400      1406.6706

PRESSURE: 100000 -119.575 92.6155 220.476 92.6183 -626.058 -283.776 220.477 -283.774 -324.595
GPRESSURE: 100000 -78.0653 -53.3703 128.035 53.6712 -579.569 -35.7975 232.431 -52.4923 -263.651
PRESSAVG: 100000 -43.8568 165.505 100.372 165.505 -57.4792 41.0411 100.372 41.0411 119.227
GPRESSAVG: 100000 34.1596 187.764 82.8014 95.7236 16.3063 61.2681 79.7074 -40.159 118.836
ENERGY:  100000         3.9847         7.9873        14.5321         0.0000         -10560.5556      1364.6120         0.0000         0.0000      1802.2929          -7367.1467       305.9386     -9169.4396     -7424.4311       304.0624           -356.7426      -307.0953     30630.9914      -219.4330      -152.4911
FEP:     100000        26.5040    -10560.6480      1364.2663

WRITING EXTENDED SYSTEM TO RESTART FILE AT STEP 100000
WRITING COORDINATES TO DCD FILE mobley_3589456_prod.dcd AT STEP 100000
WRITING COORDINATES TO RESTART FILE AT STEP 100000
FINISHED WRITING RESTART COORDINATES
WRITING VELOCITIES TO RESTART FILE AT STEP 100000
FINISHED WRITING RESTART VELOCITIES
PRESSURE: 200000 -683.339 -40.0296 -265.001 -40.0274 115.114 688.39 -265.005 688.391 -1093.28
GPRESSURE: 200000 -743.152 20.6843 -73.4456 -499.422 365.947 637.825 -414.621 521.514 -1018.94
PRESSAVG: 200000 -56.7206 155.907 54.4524 155.907 -56.0896 42.8304 54.4524 42.8304 93.0853
GPRESSAVG: 200000 10.7165 180.318 45.2199 71.848 26.7716 61.4514 33.269 -40.1094 93.7693
ENERGY:  200000         1.5275         8.5918        16.4736         0.0000         -10535.2025      1347.5605         0.0000         0.0000      1776.9547          -7384.0944       301.6375     -9161.0491     -7410.9855       303.2541           -553.8362      -465.3821     30451.5411      -330.9008      -256.7881
FEP:     200000        26.5930    -10536.5414      1348.9589

WRITING EXTENDED SYSTEM TO RESTART FILE AT STEP 200000
WRITING COORDINATES TO DCD FILE mobley_3589456_prod.dcd AT STEP 200000
WRITING COORDINATES TO RESTART FILE AT STEP 200000
FINISHED WRITING RESTART COORDINATES
WRITING VELOCITIES TO RESTART FILE AT STEP 200000
FINISHED WRITING RESTART VELOCITIES
PRESSURE: 300000 -228.373 -56.7807 -289.894 -56.7827 302.751 503.515 -289.893 503.518 274.886
GPRESSURE: 300000 -66.1774 -274.773 -231.901 58.4897 311.295 262.791 -415.818 302.151 262.789
PRESSAVG: 300000 -81.8958 144.191 19.1997 144.191 6.46658 39.9557 19.1997 39.9557 81.4382
GPRESSAVG: 300000 -9.10037 148.035 21.2645 69.0981 75.7792 36.4681 -6.20189 -45.8071 93.6039
ENERGY:  300000         1.1100         8.1303        15.6063         0.0000         -10727.2843      1468.9032         0.0000         0.0000      1775.8029          -7457.7317       301.4419     -9233.5346     -7422.6721       302.8010            116.4212       169.3024     30704.0579      -219.0703      -150.2655
FEP:     300000        24.8465    -10727.2319      1468.6855

WRITING EXTENDED SYSTEM TO RESTART FILE AT STEP 300000
WRITING COORDINATES TO DCD FILE mobley_3589456_prod.dcd AT STEP 300000
WRITING COORDINATES TO RESTART FILE AT STEP 300000
FINISHED WRITING RESTART COORDINATES
WRITING VELOCITIES TO RESTART FILE AT STEP 300000
FINISHED WRITING RESTART VELOCITIES
PRESSURE: 400000 150.228 -75.7523 -481.817 -75.7507 1007.98 -309.418 -481.818 -309.417 345.452
GPRESSURE: 400000 324.343 282.823 -258.114 -88.4227 1187.63 24.71 -632.638 -288.535 294.332
PRESSAVG: 400000 -83.0484 129.561 -26.6484 129.561 104.411 -1.45305 -26.6484 -1.45305 74.7764
GPRESSAVG: 400000 -9.51642 143.79 -4.29419 59.2116 168.474 -0.400537 -56.8468 -81.1273 94.6005
ENERGY:  400000         1.5113         9.9641        16.1283         0.0000         -10682.3487      1475.9020         0.0000         0.0000      1784.8080          -7394.0351       302.9706     -9178.8431     -7416.9447       302.8350            501.2189       602.1010     30244.7250       -75.0124         0.2078
FEP:     400000        27.6036    -10682.6034      1476.8030

WRITING EXTENDED SYSTEM TO RESTART FILE AT STEP 400000
WRITING COORDINATES TO DCD FILE mobley_3589456_prod.dcd AT STEP 400000
WRITING COORDINATES TO RESTART FILE AT STEP 400000
FINISHED WRITING RESTART COORDINATES
WRITING VELOCITIES TO RESTART FILE AT STEP 400000
FINISHED WRITING RESTART VELOCITIES
PRESSURE: 500000 -163.439 111.885 -835.511 111.885 -1037 -316.971 -835.509 -316.972 -34.1554
GPRESSURE: 500000 46.4224 49.7261 -770.553 238.103 -921.351 -406.223 -604.627 -69.2641 -110.643
PRESSAVG: 500000 -131.833 105.077 -59.4452 105.077 -0.156188 2.45315 -59.4452 2.45315 26.7506
GPRESSAVG: 500000 -50.7724 112.97 -27.1415 30.3218 61.851 -8.95965 -65.0599 -66.3901 47.1913
ENERGY:  500000         1.8234         7.6142        16.8592         0.0000         -10724.1279      1407.8078         0.0000         0.0000      1726.2943          -7563.7291       293.0379     -9290.0233     -7441.4087       301.2021           -411.5301      -328.5238     30117.6976      -131.0987       -54.5808
FEP:     500000        26.2968    -10724.9326      1407.6637

WRITING EXTENDED SYSTEM TO RESTART FILE AT STEP 500000
WRITING COORDINATES TO DCD FILE mobley_3589456_prod.dcd AT STEP 500000
WRITING COORDINATES TO RESTART FILE AT STEP 500000
FINISHED WRITING RESTART COORDINATES
WRITING VELOCITIES TO RESTART FILE AT STEP 500000
FINISHED WRITING RESTART VELOCITIES
PRESSURE: 600000 -261.935 -293.909 -110.391 -293.91 -847.573 68.7089 -110.392 68.7071 -416.27
GPRESSURE: 600000 -226.66 -384.098 -276.991 -95.7091 -667.216 -68.0516 64.6011 122.683 -459.601
PRESSAVG: 600000 -161.168 71.5949 -88.4166 71.5949 7.20626 4.62632 -88.4166 4.62632 22.6803
GPRESSAVG: 600000 -76.6473 72.0446 -68.9006 19.0029 72.2997 -24.2844 -84.4007 -69.1313 39.0412
ENERGY:  600000         4.0120         8.9739        16.5353         0.0000         -10767.7009      1419.0035         0.0000         0.0000      1770.6551          -7548.5211       300.5681     -9319.1762     -7456.7105       301.1115           -508.5924      -451.1592     30367.3480      -185.0264      -111.2349
FEP:     600000        29.5213    -10768.0661      1418.2963

WRITING EXTENDED SYSTEM TO RESTART FILE AT STEP 600000
WRITING COORDINATES TO DCD FILE mobley_3589456_prod.dcd AT STEP 600000
WRITING COORDINATES TO RESTART FILE AT STEP 600000
FINISHED WRITING RESTART COORDINATES
WRITING VELOCITIES TO RESTART FILE AT STEP 600000
FINISHED WRITING RESTART VELOCITIES
PRESSURE: 700000 704.425 -108.951 252.825 -108.954 -739.581 -340.568 252.827 -340.569 564.169
GPRESSURE: 700000 815.437 249.935 177.823 -128.539 -716.763 -676.046 123.264 -293.46 486.839
PRESSAVG: 700000 -115.53 122.881 -55.515 122.881 -55.6804 -22.9231 -55.515 -22.9231 33.4744
GPRESSAVG: 700000 -27.3361 130.767 -35.6148 67.7358 10.3192 -78.3403 -43.5013 -74.142 44.7545
ENERGY:  700000         1.5429         7.9992        15.5480         0.0000         -10720.1481      1414.2585         0.0000         0.0000      1836.2085          -7444.5911       311.6958     -9280.7996     -7455.1956       302.4346            176.3373       195.1710     29827.9682      -139.8559       -72.9341
FEP:     700000        25.0900    -10720.0209      1414.4501

WRITING EXTENDED SYSTEM TO RESTART FILE AT STEP 700000
WRITING COORDINATES TO DCD FILE mobley_3589456_prod.dcd AT STEP 700000
WRITING COORDINATES TO RESTART FILE AT STEP 700000
FINISHED WRITING RESTART COORDINATES
WRITING VELOCITIES TO RESTART FILE AT STEP 700000
FINISHED WRITING RESTART VELOCITIES
PRESSURE: 800000 101.594 35.8705 -606.606 35.8704 -59.0192 448.24 -606.604 448.238 -503.373
GPRESSURE: 800000 102.458 -133.577 -101.153 -321.326 67.581 131.837 -779.341 386.5 -269.6
PRESSAVG: 800000 -81.7303 128.708 -77.8758 128.708 -36.4493 -4.7672 -77.8758 -4.7672 1.82623
GPRESSAVG: 800000 4.13859 125.299 -35.3589 52.0249 43.3593 -68.456 -83.2566 -59.9363 24.7555
ENERGY:  800000         1.7098         8.9870        16.0457         0.0000         -10706.6461      1420.7870         0.0000         0.0000      1770.4009          -7488.7156       300.5250     -9259.1165     -7458.9200       302.2224           -153.5995       -33.1870     30426.0327      -141.3830       -68.5178
FEP:     800000        26.7426    -10706.6031      1420.3614

WRITING EXTENDED SYSTEM TO RESTART FILE AT STEP 800000
WRITING COORDINATES TO DCD FILE mobley_3589456_prod.dcd AT STEP 800000
WRITING COORDINATES TO RESTART FILE AT STEP 800000
FINISHED WRITING RESTART COORDINATES
WRITING VELOCITIES TO RESTART FILE AT STEP 800000
FINISHED WRITING RESTART VELOCITIES
PRESSURE: 900000 -625.268 120.604 174.928 120.603 43.1493 -225.278 174.932 -225.277 -519.907
GPRESSURE: 900000 -469.367 -24.209 79.6611 572.225 111.325 -158.655 195.83 -280.283 -414.893
PRESSAVG: 900000 -112.474 114.559 -55.5287 114.559 -63.3523 -8.56463 -55.5287 -8.56463 -42.1203
GPRESSAVG: 900000 -20.7813 110.589 -25.2141 60.5377 17.8885 -72.2222 -68.0627 -67.9525 -12.948
ENERGY:  900000         2.0664        12.3841        15.7364         0.0000         -10616.8812      1380.5527         0.0000         0.0000      1779.7591          -7426.3824       302.1135     -9206.1415     -7455.6663       302.2115           -367.3418      -257.6452     30405.5910      -163.9789       -87.4305
FEP:     900000        30.1869    -10616.5349      1380.9162

WRITING EXTENDED SYSTEM TO RESTART FILE AT STEP 900000
WRITING COORDINATES TO DCD FILE mobley_3589456_prod.dcd AT STEP 900000
WRITING COORDINATES TO RESTART FILE AT STEP 900000
FINISHED WRITING RESTART COORDINATES
WRITING VELOCITIES TO RESTART FILE AT STEP 900000
FINISHED WRITING RESTART VELOCITIES
PRESSURE: 1000000 165.71 99.6962 1.9557 99.697 31.9829 762.234 1.95528 762.235 -103.088
GPRESSURE: 1000000 180.659 374.905 -124.65 23.6737 286.351 622.259 41.2125 1058.03 -276.395
PRESSAVG: 1000000 -47.4467 94.1496 -28.7741 94.1496 -31.9893 42.8584 -28.7741 42.8584 -6.01445
GPRESSAVG: 1000000 42.4831 114.054 -9.51794 60.9358 68.319 -14.8915 -28.2716 11.4392 2.82814
TIMING: 1000000  CPU: 6028.89, 0.000400579/step  Wall: 6078.81, 0.000408449/step, 423.064 ns/days, 0.056729 hours remaining, 0.000000 MB of memory in use.
PERFORMANCE: 1000000  averaging 452.958 ns/day, 0.000381492 sec/step with standard deviation 1.45716e-05
ETITLE:      TS           BOND          ANGLE          DIHED          IMPRP               ELECT            VDW       BOUNDARY           MISC        KINETIC               TOTAL           TEMP      POTENTIAL       TOTALAVG        TEMPAVG            PRESSURE      GPRESSURE         VOLUME       PRESSAVG      GPRESSAVG
FEPTITLE:    TS          BOND2         ELECT2           VDW2

ENERGY: 1000000         2.1203         9.4357        15.0152         0.0000         -10725.8933      1418.2549         0.0000         0.0000      1743.9959          -7537.0712       296.0427     -9281.0671     -7463.0667       301.6507             31.5349        63.5383     30236.5178      -146.2049       -73.7061
FEP:    1000000        26.5713    -10727.3648      1418.9999

WRITING EXTENDED SYSTEM TO RESTART FILE AT STEP 1000000
WRITING COORDINATES TO DCD FILE mobley_3589456_prod.dcd AT STEP 1000000
WRITING COORDINATES TO RESTART FILE AT STEP 1000000
FINISHED WRITING RESTART COORDINATES
WRITING VELOCITIES TO RESTART FILE AT STEP 1000000
FINISHED WRITING RESTART VELOCITIES
PRESSURE: 1100000 616.219 -495.657 -233.423 -495.658 -344.767 332.139 -233.425 332.136 31.5514
GPRESSURE: 1100000 725.152 -290.086 -335.725 -701.669 -496.795 473.216 -413.687 267.847 193.03
PRESSAVG: 1100000 -2.87433 57.3362 -71.6837 57.3362 -32.8992 59.6511 -71.6837 59.6511 -35.4981
GPRESSAVG: 1100000 71.9955 97.9384 -45.6967 13.3672 55.8962 33.4601 -82.4671 28.8958 -8.65904
ENERGY: 1100000         4.6167         8.9987        15.0976         0.0000         -10819.7258      1480.6417         0.0000         0.0000      1797.4354          -7512.9356       305.1141     -9310.3711     -7467.2225       301.9393            101.0012       140.4625     30350.8310      -125.6044       -55.8587
FEP:    1100000        28.7131    -10819.5736      1480.4106

WRITING EXTENDED SYSTEM TO RESTART FILE AT STEP 1100000
WRITING COORDINATES TO DCD FILE mobley_3589456_prod.dcd AT STEP 1100000
WRITING COORDINATES TO RESTART FILE AT STEP 1100000
FINISHED WRITING RESTART COORDINATES
WRITING VELOCITIES TO RESTART FILE AT STEP 1100000
FINISHED WRITING RESTART VELOCITIES
PRESSURE: 1200000 236.172 -307.291 -87.1212 -307.292 -4.83973 264.297 -87.1251 264.296 106.238
GPRESSURE: 1200000 349.345 -62.1372 -185.723 -444.916 -152.309 261.885 211.238 238.647 313.845
PRESSAVG: 1200000 -23.0197 20.5669 -91.0681 20.5669 -52.075 78.9391 -91.0681 78.9391 -61.5322
GPRESSAVG: 1200000 55.1151 56.2175 -65.8875 -24.4014 30.7559 47.4111 -82.2409 44.5368 -23.5696
ENERGY: 1200000         2.2334        16.2011        15.8604         0.0000         -10769.2509      1479.4715         0.0000         0.0000      1776.9332          -7478.5512       301.6338     -9255.4844     -7468.0939       301.9158            112.5235       170.2935     30776.7808      -107.2868       -38.4624
FEP:    1200000        34.2949    -10768.9049      1479.0640

WRITING EXTENDED SYSTEM TO RESTART FILE AT STEP 1200000
WRITING COORDINATES TO DCD FILE mobley_3589456_prod.dcd AT STEP 1200000
WRITING COORDINATES TO RESTART FILE AT STEP 1200000
FINISHED WRITING RESTART COORDINATES
WRITING VELOCITIES TO RESTART FILE AT STEP 1200000
FINISHED WRITING RESTART VELOCITIES
PRESSURE: 1300000 -845.93 192.371 -111.034 192.369 410.528 -433.244 -111.034 -433.243 -866.515
GPRESSURE: 1300000 -774.275 218.718 80.5598 24.2494 447.414 -168.791 -398.548 -221.778 -784.04
PRESSAVG: 1300000 -50.3455 9.40375 -114.244 9.40375 -73.9603 100.901 -114.244 100.901 -138.107
GPRESSAVG: 1300000 31.8917 43.3045 -78.5558 -50.5686 3.56286 62.7314 -117.843 78.0826 -93.8313
ENERGY: 1300000         3.3180        15.7295        14.5651         0.0000         -10610.1956      1357.8690         0.0000         0.0000      1746.1820          -7472.5318       296.4138     -9218.7139     -7468.4109       301.5228           -433.9723      -370.3002     30282.0777      -130.6215       -62.1651
FEP:    1300000        33.6127    -10610.3574      1358.5102

WRITING EXTENDED SYSTEM TO RESTART FILE AT STEP 1300000
WRITING COORDINATES TO DCD FILE mobley_3589456_prod.dcd AT STEP 1300000
WRITING COORDINATES TO RESTART FILE AT STEP 1300000
FINISHED WRITING RESTART COORDINATES
WRITING VELOCITIES TO RESTART FILE AT STEP 1300000
FINISHED WRITING RESTART VELOCITIES
PRESSURE: 1400000 -451.218 -369.871 64.6746 -369.87 -309.966 -300.761 64.6723 -300.76 -802.2
GPRESSURE: 1400000 -451.486 -433.751 72.6103 -222.192 -236.357 -193.572 -239.794 -389.158 -748.616
PRESSAVG: 1400000 -59.7931 -47.1639 -123.532 -47.1639 -68.8203 61.4266 -123.532 61.4266 -157.966
GPRESSAVG: 1400000 25.9229 -11.5111 -83.6586 -83.5994 10.1332 37.0238 -139.41 50.7865 -118.006
ENERGY: 1400000         7.6715        11.1497        15.4534         0.0000         -10734.9518      1418.7594         0.0000         0.0000      1732.9187          -7548.9991       294.1624     -9281.9178     -7473.7834       301.0321           -521.1282      -478.8193     30790.9787      -156.6553       -89.9420
FEP:    1400000        34.2746    -10734.5985      1418.3057

WRITING EXTENDED SYSTEM TO RESTART FILE AT STEP 1400000
WRITING COORDINATES TO DCD FILE mobley_3589456_prod.dcd AT STEP 1400000
WRITING COORDINATES TO RESTART FILE AT STEP 1400000
FINISHED WRITING RESTART COORDINATES
WRITING VELOCITIES TO RESTART FILE AT STEP 1400000
FINISHED WRITING RESTART VELOCITIES
PRESSURE: 1500000 35.2911 243.65 48.4012 243.646 -413.726 39.3946 48.4022 39.3929 465.315
GPRESSURE: 1500000 217.479 468.909 -101.687 479.683 -194.645 -10.6926 -214.612 16.0802 252.862
PRESSAVG: 1500000 -67.1678 -37.48 -118.177 -37.48 -107.097 44.953 -118.177 44.953 -142.002
GPRESSAVG: 1500000 25.1118 18.4492 -89.0288 -68.1544 -24.0995 12.2291 -149.013 30.3427 -120.256
ENERGY: 1500000         3.2203         9.4541        16.8971         0.0000         -10716.5418      1444.1603         0.0000         0.0000      1768.7733          -7474.0366       300.2487     -9242.8099     -7473.7993       300.9832             28.9600        91.8987     30297.9286      -145.0543       -78.5770
FEP:    1500000        29.5715    -10717.6145      1443.9098

WRITING EXTENDED SYSTEM TO RESTART FILE AT STEP 1500000
WRITING COORDINATES TO DCD FILE mobley_3589456_prod.dcd AT STEP 1500000
WRITING COORDINATES TO RESTART FILE AT STEP 1500000
FINISHED WRITING RESTART COORDINATES
WRITING VELOCITIES TO RESTART FILE AT STEP 1500000
FINISHED WRITING RESTART VELOCITIES
TCL: Running FEP window  12: Lambda1 0.5499999999999999 Lambda2 0.6    [dLambda 0.050000000000000044]
TCL: Setting parameter firsttimestep to 0
TCL: Setting parameter alchLambda to 0.5499999999999999
Info: NONBONDED TABLE R-SQUARED SPACING: 0.0625
Info: NONBONDED TABLE SIZE: 705 POINTS
Info: INCONSISTENCY IN FAST TABLE ENERGY VS FORCE: 0.000290481 AT 0.251946
Info: INCONSISTENCY IN SCOR TABLE ENERGY VS FORCE: 0.000238233 AT 8.9687
Info: ABSOLUTE IMPRECISION IN VDWA TABLE ENERGY: 1.21169e-27 AT 8.99653
Info: ABSOLUTE IMPRECISION IN VDWA TABLE FORCE: 2.57484e-27 AT 8.99653
Info: INCONSISTENCY IN VDWA TABLE ENERGY VS FORCE: 0.0040507 AT 0.251946
Info: INCONSISTENCY IN VDWB TABLE ENERGY VS FORCE: 0.00150189 AT 0.251946
TCL: Setting parameter alchLambda2 to 0.6
Info: NONBONDED TABLE R-SQUARED SPACING: 0.0625
Info: NONBONDED TABLE SIZE: 705 POINTS
Info: INCONSISTENCY IN FAST TABLE ENERGY VS FORCE: 0.000290481 AT 0.251946
Info: INCONSISTENCY IN SCOR TABLE ENERGY VS FORCE: 0.000238233 AT 8.9687
Info: ABSOLUTE IMPRECISION IN VDWA TABLE ENERGY: 1.21169e-27 AT 8.99653
Info: ABSOLUTE IMPRECISION IN VDWA TABLE FORCE: 2.57484e-27 AT 8.99653
Info: INCONSISTENCY IN VDWA TABLE ENERGY VS FORCE: 0.0040507 AT 0.251946
Info: INCONSISTENCY IN VDWB TABLE ENERGY VS FORCE: 0.00150189 AT 0.251946
TCL: Running for 1500000 steps
FEP: RESETTING FOR NEW FEP WINDOW LAMBDA SET TO 0.55 LAMBDA2 0.6
FEP: WINDOW TO HAVE 100000 STEPS OF EQUILIBRATION PRIOR TO FEP DATA COLLECTION.
FEP: USING CONSTANT TEMPERATURE OF 300 K FOR FEP CALCULATION
PRESSURE: 0 118.29 252.755 39.9813 252.759 -506.843 66.1898 39.9818 66.1915 395.671
GPRESSURE: 0 220.24 471.844 -99.6487 483.634 -201.749 -11.5041 -211.023 17.6198 263.598
ETITLE:      TS           BOND          ANGLE          DIHED          IMPRP               ELECT            VDW       BOUNDARY           MISC        KINETIC               TOTAL           TEMP      POTENTIAL       TOTALAVG        TEMPAVG            PRESSURE      GPRESSURE         VOLUME       PRESSAVG      GPRESSAVG
FEPTITLE:    TS          BOND2         ELECT2           VDW2

ENERGY:       0         3.2203         9.4541        16.8971         0.0000         -10717.6138      1443.9100         0.0000         0.0000      1767.9057          -7476.2266       300.1014     -9244.1323     -7476.2266       300.1014              2.3726        94.0295     30297.9286         2.3726        94.0295
FEP:          0        29.5715    -10718.6863      1443.9352

PRESSURE: 100000 -608.582 80.5402 -307.068 80.5381 -713.22 161.998 -307.07 161.998 -1117.33
GPRESSURE: 100000 -500.205 88.888 -474.109 72.9997 -697.827 493.196 51.3343 -68.6239 -1062.41
PRESSAVG: 100000 -103.903 -43.0379 -125.631 -43.0379 -201.931 34.8304 -125.631 34.8304 -201.394
GPRESSAVG: 100000 -11.1116 30.7296 -109.108 -46.8828 -92.4251 8.83783 -158.553 23.5389 -195.663
ENERGY:  100000         0.8684         8.6711        15.4580         0.0000         -10623.3720      1348.5339         0.0000         0.0000      1714.7732          -7535.0674       291.0822     -9249.8406     -7505.6470       295.5918           -813.0430      -753.4801     30700.7464      -405.3352      -329.7253
FEP:     100000        24.9975    -10623.3006      1349.2384

WRITING EXTENDED SYSTEM TO RESTART FILE AT STEP 100000
WRITING COORDINATES TO DCD FILE mobley_3589456_prod.dcd AT STEP 100000
WRITING COORDINATES TO RESTART FILE AT STEP 100000
FINISHED WRITING RESTART COORDINATES
WRITING VELOCITIES TO RESTART FILE AT STEP 100000
FINISHED WRITING RESTART VELOCITIES
PRESSURE: 200000 -285.73 430.201 214.898 430.201 451.842 9.29652 214.898 9.29954 -1000.42
GPRESSURE: 200000 -84.1367 386.723 361.522 294.797 634.989 156.583 -197.428 -258.827 -1004.78
PRESSAVG: 200000 -109.613 -27.9282 -126.792 -27.9282 -172.966 37.9089 -126.792 37.9089 -237.994
GPRESSAVG: 200000 -15.8107 40.9676 -99.9575 -39.237 -65.4462 13.8267 -192.798 34.9663 -229.168
ENERGY:  200000         1.4219         9.4360        16.2053         0.0000         -10683.1331      1398.2857         0.0000         0.0000      1756.7325          -7501.0517       298.2048     -9257.7842     -7504.1152       296.4628           -278.1019      -151.3099     30138.8757      -362.9241      -270.2535
FEP:     200000        27.0632    -10683.4830      1398.8497

WRITING EXTENDED SYSTEM TO RESTART FILE AT STEP 200000
WRITING COORDINATES TO DCD FILE mobley_3589456_prod.dcd AT STEP 200000
WRITING COORDINATES TO RESTART FILE AT STEP 200000
FINISHED WRITING RESTART COORDINATES
WRITING VELOCITIES TO RESTART FILE AT STEP 200000
FINISHED WRITING RESTART VELOCITIES
PRESSURE: 300000 -242.078 -57.2084 -276.872 -57.2075 16.2651 -416.986 -276.871 -416.987 357.929
GPRESSURE: 300000 103.011 239.323 -47.2623 -228.073 85.7297 -282.641 -542.489 -546.874 255.774
PRESSAVG: 300000 -122.131 -18.2484 -135.414 -18.2484 -164.711 26.2039 -135.414 26.2039 -217.999
GPRESSAVG: 300000 -13.1184 56.3561 -105.516 -36.0417 -64.6501 26.1121 -213.479 15.2954 -210.205
ENERGY:  300000         5.2386        10.2218        15.0665         0.0000         -10827.5578      1474.4632         0.0000         0.0000      1817.4627          -7505.1049       308.5137     -9322.5677     -7504.3627       299.4755             44.0387       148.1717     30115.7373      -261.1834      -165.6472
FEP:     300000        30.5269    -10827.4910      1474.4357

WRITING EXTENDED SYSTEM TO RESTART FILE AT STEP 300000
WRITING COORDINATES TO DCD FILE mobley_3589456_prod.dcd AT STEP 300000
WRITING COORDINATES TO RESTART FILE AT STEP 300000
FINISHED WRITING RESTART COORDINATES
WRITING VELOCITIES TO RESTART FILE AT STEP 300000
FINISHED WRITING RESTART VELOCITIES
PRESSURE: 400000 -443.395 -410.481 -28.675 -410.481 -583.676 -42.4231 -28.6796 -42.4233 -794.499
GPRESSURE: 400000 -311.747 -652.638 -131.611 -3.77432 -546.418 73.1474 18.0742 -195.872 -783.368
PRESSAVG: 400000 -141.547 -27.7874 -130.764 -27.7874 -190.333 33.749 -130.764 33.749 -251.721
GPRESSAVG: 400000 -31.0362 27.1919 -115.618 -21.6258 -95.6369 56.2737 -206.332 13.2953 -243.694
ENERGY:  400000         1.2559        11.7104        15.2906         0.0000         -10669.0342      1358.2591         0.0000         0.0000      1717.8277          -7564.6904       291.6007     -9282.5181     -7516.4282       297.9005           -607.1899      -547.1777     30356.2027      -330.3847      -241.9533
FEP:     400000        28.2569    -10668.8111      1358.9943

WRITING EXTENDED SYSTEM TO RESTART FILE AT STEP 400000
WRITING COORDINATES TO DCD FILE mobley_3589456_prod.dcd AT STEP 400000
WRITING COORDINATES TO RESTART FILE AT STEP 400000
FINISHED WRITING RESTART COORDINATES
WRITING VELOCITIES TO RESTART FILE AT STEP 400000
FINISHED WRITING RESTART VELOCITIES
PRESSURE: 500000 -68.0252 -593.774 -72.6131 -593.773 46.3702 -248.849 -72.6124 -248.85 54.6582
GPRESSURE: 500000 222.521 -329.996 325.765 -646.816 104.786 -336.954 -566.837 -51.1571 -196.298
PRESSAVG: 500000 -138.969 -62.1069 -145.418 -62.1069 -156.711 35.4952 -145.418 35.4952 -232.758
GPRESSAVG: 500000 -16.0069 13.3607 -105.732 -56.6502 -61.4192 41.2158 -246.295 13.362 -240.326
ENERGY:  500000         1.8476         8.0797        16.1910         0.0000         -10724.6508      1420.4746         0.0000         0.0000      1779.5250          -7498.5329       302.0738     -9278.0579     -7513.4457       298.5961             11.0011        43.6695     30465.1213      -273.4871      -194.3495
FEP:     500000        26.1183    -10725.3096      1419.8807

WRITING EXTENDED SYSTEM TO RESTART FILE AT STEP 500000
WRITING COORDINATES TO DCD FILE mobley_3589456_prod.dcd AT STEP 500000
WRITING COORDINATES TO RESTART FILE AT STEP 500000
FINISHED WRITING RESTART COORDINATES
WRITING VELOCITIES TO RESTART FILE AT STEP 500000
FINISHED WRITING RESTART VELOCITIES
PRESSURE: 600000 -348.635 -108.563 204.191 -108.566 32.656 -29.4492 204.194 -29.4511 -36.7605
GPRESSURE: 600000 -321.864 -277.169 479.846 5.82509 200.689 214.971 24.9991 -189.162 -193.692
PRESSAVG: 600000 -122.234 -65.5338 -121.959 -65.5338 -160.834 -0.396878 -121.959 -0.396878 -179.932
GPRESSAVG: 600000 5.05746 -1.53198 -78.0671 -31.3879 -69.6821 20.0731 -224.314 -22.1718 -199.063
ENERGY:  600000         1.2403        13.1468        14.6083         0.0000         -10780.5472      1419.1078         0.0000         0.0000      1783.7363          -7548.7076       302.7886     -9332.4439     -7518.4831       299.1950           -117.5799      -104.9555     30083.4117      -251.2146      -181.5789
FEP:     600000        28.9954    -10780.6781      1419.6346

WRITING EXTENDED SYSTEM TO RESTART FILE AT STEP 600000
WRITING COORDINATES TO DCD FILE mobley_3589456_prod.dcd AT STEP 600000
WRITING COORDINATES TO RESTART FILE AT STEP 600000
FINISHED WRITING RESTART COORDINATES
WRITING VELOCITIES TO RESTART FILE AT STEP 600000
FINISHED WRITING RESTART VELOCITIES
PRESSURE: 700000 232.758 -219.012 205.417 -219.013 -692.254 -455.064 205.419 -455.066 296.195
GPRESSURE: 700000 102.949 94.3482 186.17 -590.094 -520.476 -311.197 89.986 -358.546 271.359
PRESSAVG: 700000 -99.1774 -73.6454 -97.1929 -73.6454 -210.585 -48.3261 -97.1929 -48.3261 -178.867
GPRESSAVG: 700000 13.5138 16.9241 -57.1636 -63.817 -111.271 -8.62629 -199.024 -55.2066 -198.635
ENERGY:  700000         1.0481         8.7092        15.3548         0.0000         -10730.3563      1438.2509         0.0000         0.0000      1724.9069          -7542.0863       292.8024     -9266.9932     -7521.4335       298.3959            -54.4338       -48.7226     30681.5254      -226.6170      -164.9719
FEP:     700000        25.1122    -10730.5285      1438.1513

WRITING EXTENDED SYSTEM TO RESTART FILE AT STEP 700000
WRITING COORDINATES TO DCD FILE mobley_3589456_prod.dcd AT STEP 700000
WRITING COORDINATES TO RESTART FILE AT STEP 700000
FINISHED WRITING RESTART COORDINATES
WRITING VELOCITIES TO RESTART FILE AT STEP 700000
FINISHED WRITING RESTART VELOCITIES
PRESSURE: 800000 -58.9336 -167.457 53.2295 -167.456 -748.986 381.878 53.2295 381.878 16.8209
GPRESSURE: 800000 17.0131 1.02008 -40.44 -241.582 -659.783 588.587 64.9027 478.743 -46.3075
PRESSAVG: 800000 -109.635 -78.2306 -70.4406 -78.2306 -298.433 -13.7613 -70.4406 -13.7613 -195.298
GPRESSAVG: 800000 -1.85272 2.83392 -46.2799 -71.475 -203.641 19.5676 -164.147 -16.8428 -215.667
ENERGY:  800000         1.2896        10.0492        14.6640         0.0000         -10735.3499      1415.0712         0.0000         0.0000      1732.5011          -7561.7749       294.0915     -9294.2760     -7525.9159       297.9177           -263.6996      -229.6925     30206.3785      -230.7373      -172.1631
FEP:     800000        26.0027    -10736.0982      1415.6793

WRITING EXTENDED SYSTEM TO RESTART FILE AT STEP 800000
WRITING COORDINATES TO DCD FILE mobley_3589456_prod.dcd AT STEP 800000
WRITING COORDINATES TO RESTART FILE AT STEP 800000
FINISHED WRITING RESTART COORDINATES
WRITING VELOCITIES TO RESTART FILE AT STEP 800000
FINISHED WRITING RESTART VELOCITIES
PRESSURE: 900000 969.849 -47.37 204.557 -47.3674 173.176 -38.9478 204.558 -38.9469 -312.944
GPRESSURE: 900000 998.743 262.834 85.928 -471.986 219.219 144.853 279.526 265.221 -263.685
PRESSAVG: 900000 -52.9711 -86.1933 -18.4372 -86.1933 -237.924 0.13992 -18.4372 0.13992 -209.238
GPRESSAVG: 900000 45.7633 13.4893 -3.4558 -106.979 -146.613 47.1214 -119.94 -0.118539 -223.319
ENERGY:  900000         2.7045        11.0194        15.0065         0.0000         -10732.8779      1470.3064         0.0000         0.0000      1749.5121          -7484.3291       296.9791     -9233.8412     -7521.7572       297.8238            276.6937       318.0922     30436.8354      -179.9942      -123.1375
FEP:     900000        28.7304    -10733.0746      1469.5591

WRITING EXTENDED SYSTEM TO RESTART FILE AT STEP 900000
WRITING COORDINATES TO DCD FILE mobley_3589456_prod.dcd AT STEP 900000
WRITING COORDINATES TO RESTART FILE AT STEP 900000
FINISHED WRITING RESTART COORDINATES
WRITING VELOCITIES TO RESTART FILE AT STEP 900000
FINISHED WRITING RESTART VELOCITIES
PRESSURE: 1000000 369.345 43.3419 212.883 43.3429 405.082 564.985 212.878 564.985 1431.95
GPRESSURE: 1000000 599.746 219.339 241.505 -246.398 313.87 534.04 180.354 555.904 1567.61
PRESSAVG: 1000000 -21.4072 -69.3306 -2.27371 -69.3306 -175.291 24.9538 -2.27371 24.9538 -116.827
GPRESSAVG: 1000000 87.0836 43.6612 22.469 -114.514 -97.5584 77.226 -114.152 21.5425 -121.958
TIMING: 1000000  CPU: 6608.67, 0.000387523/step  Wall: 6664.92, 0.000391677/step, 441.18 ns/days, 0.0543996 hours remaining, 0.000000 MB of memory in use.
PERFORMANCE: 1000000  averaging 451.952 ns/day, 0.000382341 sec/step with standard deviation 1.42011e-05
ETITLE:      TS           BOND          ANGLE          DIHED          IMPRP               ELECT            VDW       BOUNDARY           MISC        KINETIC               TOTAL           TEMP      POTENTIAL       TOTALAVG        TEMPAVG            PRESSURE      GPRESSURE         VOLUME       PRESSAVG      GPRESSAVG
FEPTITLE:    TS          BOND2         ELECT2           VDW2

ENERGY: 1000000         1.8797         9.8877        16.2954         0.0000         -10728.0479      1483.3618         0.0000         0.0000      1762.0543          -7454.5690       299.1081     -9216.6233     -7515.6492       297.9406            735.4575       827.0748     30043.6496       -96.7713       -36.7546
FEP:    1000000        28.0628    -10728.1943      1483.7873

WRITING EXTENDED SYSTEM TO RESTART FILE AT STEP 1000000
WRITING COORDINATES TO DCD FILE mobley_3589456_prod.dcd AT STEP 1000000
WRITING COORDINATES TO RESTART FILE AT STEP 1000000
FINISHED WRITING RESTART COORDINATES
WRITING VELOCITIES TO RESTART FILE AT STEP 1000000
FINISHED WRITING RESTART VELOCITIES
PRESSURE: 1100000 -570.303 -456.555 664.657 -456.555 169.981 -158.011 664.659 -158.012 347.758
GPRESSURE: 1100000 -382.62 -420.277 823.017 -343.01 57.2112 -459.559 612.475 -204.633 288.781
PRESSAVG: 1100000 -85.1435 -86.7107 18.3179 -86.7107 -129.813 34.0817 18.3179 34.0817 -127.647
GPRESSAVG: 1100000 27.1808 10.1506 54.7288 -125.237 -58.8597 88.0503 -89.6914 25.9839 -131.861
ENERGY: 1100000         3.7893        10.2007        15.2748         0.0000         -10713.6879      1429.0271         0.0000         0.0000      1762.0878          -7493.3082       299.1138     -9255.3960     -7513.7874       298.0383            -17.5213       -12.2093     30414.0513       -90.1672       -34.7092
FEP:    1100000        29.2648    -10713.5559      1429.1068

WRITING EXTENDED SYSTEM TO RESTART FILE AT STEP 1100000
WRITING COORDINATES TO DCD FILE mobley_3589456_prod.dcd AT STEP 1100000
WRITING COORDINATES TO RESTART FILE AT STEP 1100000
FINISHED WRITING RESTART COORDINATES
WRITING VELOCITIES TO RESTART FILE AT STEP 1100000
FINISHED WRITING RESTART VELOCITIES
PRESSURE: 1200000 49.5223 -241.635 -180.178 -241.635 -435.124 261.837 -180.179 261.838 230.142
GPRESSURE: 1200000 94.9804 72.9575 376.889 -310.518 -389.667 48.307 -284.283 443.853 280.342
PRESSAVG: 1200000 -87.7471 -100.586 39.6391 -100.586 -148.618 24.7617 39.6391 24.7617 -90.9717
GPRESSAVG: 1200000 26.8069 20.4773 78.6308 -124.697 -81.7221 83.8738 -64.9385 28.8516 -104.364
ENERGY: 1200000         3.5688         8.9002        15.2074         0.0000         -10694.6276      1413.2009         0.0000         0.0000      1748.5484          -7505.2018       296.8155     -9253.7502     -7513.1270       297.9443            -51.8198        -4.7816     30159.2850       -87.2174       -32.4070
FEP:    1200000        27.6765    -10695.3056      1413.1151

WRITING EXTENDED SYSTEM TO RESTART FILE AT STEP 1200000
WRITING COORDINATES TO DCD FILE mobley_3589456_prod.dcd AT STEP 1200000
WRITING COORDINATES TO RESTART FILE AT STEP 1200000
FINISHED WRITING RESTART COORDINATES
WRITING VELOCITIES TO RESTART FILE AT STEP 1200000
FINISHED WRITING RESTART VELOCITIES
PRESSURE: 1300000 -14.4364 206.206 695.526 206.204 1096.94 641.427 695.523 641.428 -613.531
GPRESSURE: 1300000 173.785 -60.5749 624.931 430.28 1036.27 678.423 746.696 275.533 -642.96
PRESSAVG: 1300000 -57.2055 -96.3059 65.6686 -96.3059 -95.929 68.097 65.6686 68.097 -95.6529
GPRESSAVG: 1300000 58.9645 18.659 105.894 -131.794 -35.4746 125.728 -37.3952 56.6424 -115.768
ENERGY: 1300000         3.2434        11.3683        15.5804         0.0000         -10845.4571      1489.3687         0.0000         0.0000      1785.2918          -7540.6045       303.0527     -9325.8963     -7515.0897       298.3092            156.3235       189.0328     30388.4491       -69.8216       -16.5899
FEP:    1300000        30.1921    -10845.5640      1489.7691

WRITING EXTENDED SYSTEM TO RESTART FILE AT STEP 1300000
WRITING COORDINATES TO DCD FILE mobley_3589456_prod.dcd AT STEP 1300000
WRITING COORDINATES TO RESTART FILE AT STEP 1300000
FINISHED WRITING RESTART COORDINATES
WRITING VELOCITIES TO RESTART FILE AT STEP 1300000
FINISHED WRITING RESTART VELOCITIES
PRESSURE: 1400000 -479.918 -764.327 609.503 -764.326 -294.146 5.67456 609.502 5.67679 -538.723
GPRESSURE: 1400000 -489.527 -917.973 804.107 -591.863 -544.814 491.64 170.219 -132.811 -464.695
PRESSAVG: 1400000 -89.4869 -139.507 96.046 -139.507 -112.235 30.2691 96.046 30.2691 -117.435
GPRESSAVG: 1400000 25.4552 -45.9849 152.332 -162.571 -77.0329 119.197 -30.9449 -2.89966 -125.183
ENERGY: 1400000         5.8846         8.4659        16.0945         0.0000         -10734.4663      1398.1780         0.0000         0.0000      1782.3627          -7523.4805       302.5555     -9305.8432     -7515.6491       298.5922           -437.5955      -499.6786     30140.4069       -94.3398       -48.7958
FEP:    1400000        30.4450    -10734.9061      1398.0899

WRITING EXTENDED SYSTEM TO RESTART FILE AT STEP 1400000
WRITING COORDINATES TO DCD FILE mobley_3589456_prod.dcd AT STEP 1400000
WRITING COORDINATES TO RESTART FILE AT STEP 1400000
FINISHED WRITING RESTART COORDINATES
WRITING VELOCITIES TO RESTART FILE AT STEP 1400000
FINISHED WRITING RESTART VELOCITIES
PRESSURE: 1500000 507.469 -46.5768 -155.145 -46.5759 817.158 488.31 -155.147 488.313 721.228
GPRESSURE: 1500000 602.819 124.57 -438.308 -71.618 861.683 505.854 -278.683 538.123 786.723
PRESSAVG: 1500000 -94.9244 -117.053 99.9599 -117.053 -54.1392 38.0779 99.9599 38.0779 -82.9508
GPRESSAVG: 1500000 19.3386 -25.2521 147.203 -131.069 -9.10902 120.829 -24.1947 10.6142 -95.498
ENERGY: 1500000         2.3013         8.2041        14.9581         0.0000         -10878.2718      1526.7762         0.0000         0.0000      1763.2323          -7562.7998       299.3081     -9326.0321     -7518.5960       298.6370            681.9518       750.4082     30288.4192       -45.8216         1.1544
FEP:    1500000        25.4635    -10878.3245      1526.6181

WRITING EXTENDED SYSTEM TO RESTART FILE AT STEP 1500000
WRITING COORDINATES TO DCD FILE mobley_3589456_prod.dcd AT STEP 1500000
WRITING COORDINATES TO RESTART FILE AT STEP 1500000
FINISHED WRITING RESTART COORDINATES
WRITING VELOCITIES TO RESTART FILE AT STEP 1500000
FINISHED WRITING RESTART VELOCITIES
TCL: Running FEP window  13: Lambda1 0.6    Lambda2 0.65   [dLambda 0.050000000000000044]
TCL: Setting parameter firsttimestep to 0
TCL: Setting parameter alchLambda to 0.6
Info: NONBONDED TABLE R-SQUARED SPACING: 0.0625
Info: NONBONDED TABLE SIZE: 705 POINTS
Info: INCONSISTENCY IN FAST TABLE ENERGY VS FORCE: 0.000290481 AT 0.251946
Info: INCONSISTENCY IN SCOR TABLE ENERGY VS FORCE: 0.000238233 AT 8.9687
Info: ABSOLUTE IMPRECISION IN VDWA TABLE ENERGY: 1.21169e-27 AT 8.99653
Info: ABSOLUTE IMPRECISION IN VDWA TABLE FORCE: 2.57484e-27 AT 8.99653
Info: INCONSISTENCY IN VDWA TABLE ENERGY VS FORCE: 0.0040507 AT 0.251946
Info: INCONSISTENCY IN VDWB TABLE ENERGY VS FORCE: 0.00150189 AT 0.251946
TCL: Setting parameter alchLambda2 to 0.65
Info: NONBONDED TABLE R-SQUARED SPACING: 0.0625
Info: NONBONDED TABLE SIZE: 705 POINTS
Info: INCONSISTENCY IN FAST TABLE ENERGY VS FORCE: 0.000290481 AT 0.251946
Info: INCONSISTENCY IN SCOR TABLE ENERGY VS FORCE: 0.000238233 AT 8.9687
Info: ABSOLUTE IMPRECISION IN VDWA TABLE ENERGY: 1.21169e-27 AT 8.99653
Info: ABSOLUTE IMPRECISION IN VDWA TABLE FORCE: 2.57484e-27 AT 8.99653
Info: INCONSISTENCY IN VDWA TABLE ENERGY VS FORCE: 0.0040507 AT 0.251946
Info: INCONSISTENCY IN VDWB TABLE ENERGY VS FORCE: 0.00150189 AT 0.251946
TCL: Running for 1500000 steps
FEP: RESETTING FOR NEW FEP WINDOW LAMBDA SET TO 0.6 LAMBDA2 0.65
FEP: WINDOW TO HAVE 100000 STEPS OF EQUILIBRATION PRIOR TO FEP DATA COLLECTION.
FEP: USING CONSTANT TEMPERATURE OF 300 K FOR FEP CALCULATION
PRESSURE: 0 521.033 -119.204 -145.733 -119.205 844.714 460.373 -145.733 460.379 662.843
GPRESSURE: 0 607.949 126.463 -440.037 -70.4897 861.788 509.12 -280.044 542.983 799.974
ETITLE:      TS           BOND          ANGLE          DIHED          IMPRP               ELECT            VDW       BOUNDARY           MISC        KINETIC               TOTAL           TEMP      POTENTIAL       TOTALAVG        TEMPAVG            PRESSURE      GPRESSURE         VOLUME       PRESSAVG      GPRESSAVG
FEPTITLE:    TS          BOND2         ELECT2           VDW2

ENERGY:       0         2.3013         8.2041        14.9581         0.0000         -10878.3247      1526.6180         0.0000         0.0000      1762.3700          -7563.8732       299.1617     -9326.2432     -7563.8732       299.1617            676.1965       756.5703     30288.4192       676.1965       756.5703
FEP:          0        25.4635    -10878.3774      1526.7787

PRESSURE: 100000 1188.58 -4.75839 -411.95 -4.75667 967.669 -131.757 -411.95 -131.761 217.854
GPRESSURE: 100000 1238.27 446.392 -557.113 -94.5545 974.534 -151.762 -243.871 -526.403 207.653
PRESSAVG: 100000 21.0442 -117.505 81.9837 -117.505 16.1956 62.9561 81.9837 62.9561 -0.902143
GPRESSAVG: 100000 132.896 -4.43835 102.604 -118.287 67.9518 134.042 -41.0249 10.5997 -21.607
ENERGY:  100000         3.6333        11.3669        16.2567         0.0000         -10790.9694      1543.5800         0.0000         0.0000      1799.0065          -7417.1260       305.3808     -9216.1325     -7490.4996       302.2712            791.3686       806.8182     30944.2958       733.7826       781.6943
FEP:     100000        31.2569    -10791.7840      1543.9685

WRITING EXTENDED SYSTEM TO RESTART FILE AT STEP 100000
WRITING COORDINATES TO DCD FILE mobley_3589456_prod.dcd AT STEP 100000
WRITING COORDINATES TO RESTART FILE AT STEP 100000
FINISHED WRITING RESTART COORDINATES
WRITING VELOCITIES TO RESTART FILE AT STEP 100000
FINISHED WRITING RESTART VELOCITIES
PRESSURE: 200000 884.866 265.291 290.843 265.292 802.794 258.721 290.841 258.724 675.281
GPRESSURE: 200000 875.903 20.3966 260.756 41.9307 896.803 422.325 500.478 130.83 699.085
PRESSAVG: 200000 87.8484 -85.7467 93.2922 -85.7467 71.8336 90.9303 93.2922 90.9303 72.9719
GPRESSAVG: 200000 199.265 18.269 112.011 -105.081 124.61 164.837 -4.01131 36.5991 50.7781
ENERGY:  200000         0.9979         8.9940        15.4734         0.0000         -10804.0882      1516.3192         0.0000         0.0000      1752.2609          -7510.0429       297.4457     -9262.3038     -7497.0140       300.6627            787.6470       823.9304     30037.4453       751.7374       795.7730
FEP:     200000        25.4652    -10803.8837      1515.9450

WRITING EXTENDED SYSTEM TO RESTART FILE AT STEP 200000
WRITING COORDINATES TO DCD FILE mobley_3589456_prod.dcd AT STEP 200000
WRITING COORDINATES TO RESTART FILE AT STEP 200000
FINISHED WRITING RESTART COORDINATES
WRITING VELOCITIES TO RESTART FILE AT STEP 200000
FINISHED WRITING RESTART VELOCITIES
PRESSURE: 300000 -14.4156 435.909 -697.415 435.91 876.679 -256.373 -697.414 -256.373 49.0835
GPRESSURE: 300000 179.192 198.08 -295.788 502.763 950.579 -249.877 -587.155 -96.2302 142.552
PRESSAVG: 300000 85.3631 -76.1335 56.0014 -76.1335 136.354 76.142 56.0014 76.142 52.1603
GPRESSAVG: 300000 197.351 4.72758 102.306 -103.927 181.871 152.877 -22.6384 30.9836 45.2626
ENERGY:  300000         2.3772        10.3506        17.3393         0.0000         -10761.6564      1470.0941         0.0000         0.0000      1765.2311          -7496.2641       299.6474     -9261.4952     -7496.8265       300.4089            303.7822       424.1076     30079.8193       639.7486       702.8566
FEP:     300000        30.0671    -10761.8168      1470.2096

WRITING EXTENDED SYSTEM TO RESTART FILE AT STEP 300000
WRITING COORDINATES TO DCD FILE mobley_3589456_prod.dcd AT STEP 300000
WRITING COORDINATES TO RESTART FILE AT STEP 300000
FINISHED WRITING RESTART COORDINATES
WRITING VELOCITIES TO RESTART FILE AT STEP 300000
FINISHED WRITING RESTART VELOCITIES
PRESSURE: 400000 -794.698 19.4798 -285.851 19.4806 -778.098 1024.41 -285.852 1024.41 -572.599
GPRESSURE: 400000 -800.937 -225.34 -143.797 76.3015 -708.778 1368.69 -125.229 569.456 -655.6
PRESSAVG: 400000 39.7137 -87.7975 39.7097 -87.7975 122.791 124.053 39.7097 124.053 3.74686
GPRESSAVG: 400000 146.292 -30.1316 100.098 -124.294 156.52 221.887 -18.3488 58.5754 -0.697349
ENERGY:  400000         2.9877        12.0940        15.3195         0.0000         -10642.5798      1373.0045         0.0000         0.0000      1832.4750          -7406.6991       311.0620     -9239.1741     -7478.8011       302.5395           -715.1313      -721.7719     30899.6818       368.7726       417.9309
FEP:     400000        30.4012    -10643.1344      1373.6541

WRITING EXTENDED SYSTEM TO RESTART FILE AT STEP 400000
WRITING COORDINATES TO DCD FILE mobley_3589456_prod.dcd AT STEP 400000
WRITING COORDINATES TO RESTART FILE AT STEP 400000
FINISHED WRITING RESTART COORDINATES
WRITING VELOCITIES TO RESTART FILE AT STEP 400000
FINISHED WRITING RESTART VELOCITIES
PRESSURE: 500000 -129.787 131.044 388.451 131.043 107.011 336.491 388.451 336.493 -325.275
GPRESSURE: 500000 -205.496 195.266 362.545 413.379 292.874 282.423 84.2475 384.585 -341.179
PRESSAVG: 500000 63.6535 -85.2722 74.4857 -85.2722 163.803 132.778 74.4857 132.778 43.3494
GPRESSAVG: 500000 161.028 -24.8127 141.931 -107.275 206.055 211.349 -16.7031 81.2358 35.3641
ENERGY:  500000         0.9079        12.1434        14.7661         0.0000         -10700.3862      1422.7064         0.0000         0.0000      1764.4655          -7485.3969       299.5174     -9249.8623     -7479.9004       302.0358           -116.0170       -84.6002     30662.3499       287.9743       334.1757
FEP:     500000        27.8174    -10700.4456      1423.1743

WRITING EXTENDED SYSTEM TO RESTART FILE AT STEP 500000
WRITING COORDINATES TO DCD FILE mobley_3589456_prod.dcd AT STEP 500000
WRITING COORDINATES TO RESTART FILE AT STEP 500000
FINISHED WRITING RESTART COORDINATES
WRITING VELOCITIES TO RESTART FILE AT STEP 500000
FINISHED WRITING RESTART VELOCITIES
PRESSURE: 600000 -217.349 -37.9035 -240.906 -37.9048 -215.175 65.3393 -240.909 65.3398 -650.365
GPRESSURE: 600000 -170.03 -129.954 -465.962 153.159 -101.008 -257.623 -43.7674 -98.3843 -500.551
PRESSAVG: 600000 67.0725 -108.677 51.6954 -108.677 130.452 135.58 51.6954 135.58 60.8521
GPRESSAVG: 600000 156.733 -50.6465 100.557 -114.357 169.255 190.638 -9.02006 89.258 60.5757
ENERGY:  600000         4.5193        16.2840        15.8062         0.0000         -10695.1094      1422.0636         0.0000         0.0000      1747.4966          -7488.9397       296.6370     -9236.4363     -7481.1917       301.2646           -360.9630      -257.1960     30588.6460       195.2690       249.6941
FEP:     600000        36.6095    -10695.2051      1421.5851

WRITING EXTENDED SYSTEM TO RESTART FILE AT STEP 600000
WRITING COORDINATES TO DCD FILE mobley_3589456_prod.dcd AT STEP 600000
WRITING COORDINATES TO RESTART FILE AT STEP 600000
FINISHED WRITING RESTART COORDINATES
WRITING VELOCITIES TO RESTART FILE AT STEP 600000
FINISHED WRITING RESTART VELOCITIES
PRESSURE: 700000 -544.813 698.426 393.331 698.426 -467.258 -497.96 393.329 -497.963 -245.428
GPRESSURE: 700000 -490.586 614.831 329.612 502.661 -452.933 -648.762 513.12 -473.775 -97.8153
PRESSAVG: 700000 51.9357 -70.8958 85.2054 -70.8958 106.276 131.531 85.2054 131.531 30.6842
GPRESSAVG: 700000 127.053 -31.8711 119.401 -77.8202 142.322 172.332 43.7604 92.9129 42.8962
ENERGY:  700000         6.0426        14.8935        15.7592         0.0000         -10750.2648      1380.9506         0.0000         0.0000      1747.0508          -7585.5681       296.5613     -9332.6190     -7494.2387       300.6767           -419.1664      -347.1115     29862.5068       118.4646       175.0934
FEP:     700000        36.6953    -10750.6003      1380.5142

WRITING EXTENDED SYSTEM TO RESTART FILE AT STEP 700000
WRITING COORDINATES TO DCD FILE mobley_3589456_prod.dcd AT STEP 700000
WRITING COORDINATES TO RESTART FILE AT STEP 700000
FINISHED WRITING RESTART COORDINATES
WRITING VELOCITIES TO RESTART FILE AT STEP 700000
FINISHED WRITING RESTART VELOCITIES
PRESSURE: 800000 -419.833 -198.877 -458.229 -198.88 -913.07 -162.282 -458.234 -162.281 -1596.52
GPRESSURE: 800000 -465.488 -365.989 -711.088 -154.939 -832.96 75.421 -475.769 -312.603 -1568.88
PRESSAVG: 800000 53.1138 -60.3158 63.7277 -60.3158 89.806 125.538 63.7277 125.538 -9.41679
GPRESSAVG: 800000 119.366 -17.5387 90.4268 -85.3785 127.994 172.446 19.0683 87.0764 3.62074
ENERGY:  800000         1.0577         9.2566        14.2643         0.0000         -10592.6843      1307.6627         0.0000         0.0000      1830.3969          -7430.0461       310.7093     -9260.4430     -7487.1062       301.7914           -976.4742      -955.7753     30724.2393        -3.1953        49.4413
FEP:     800000        24.5787    -10592.9583      1307.0837

WRITING EXTENDED SYSTEM TO RESTART FILE AT STEP 800000
WRITING COORDINATES TO DCD FILE mobley_3589456_prod.dcd AT STEP 800000
WRITING COORDINATES TO RESTART FILE AT STEP 800000
FINISHED WRITING RESTART COORDINATES
WRITING VELOCITIES TO RESTART FILE AT STEP 800000
FINISHED WRITING RESTART VELOCITIES
PRESSURE: 900000 -203.453 49.4011 -210.893 49.3988 51.4178 173.743 -210.893 173.745 697.681
GPRESSURE: 900000 127.728 -14.352 -445.481 -187.536 6.95464 74.7069 14.1204 6.39104 699.058
PRESSAVG: 900000 46.3424 -28.1572 56.8136 -28.1572 90.0584 146.668 56.8136 146.668 22.7344
GPRESSAVG: 900000 114.627 -1.75647 51.8645 -62.4145 123.103 193.029 48.1162 89.9538 48.3885
ENERGY:  900000         2.2178        11.4471        15.6740         0.0000         -10882.4283      1508.2336         0.0000         0.0000      1700.2017          -7644.6542       288.6087     -9344.8558     -7502.8610       300.4731            181.8820       277.9136     30211.2743        15.3124        72.2885
FEP:     900000        29.3389    -10883.7358      1508.9259

WRITING EXTENDED SYSTEM TO RESTART FILE AT STEP 900000
WRITING COORDINATES TO DCD FILE mobley_3589456_prod.dcd AT STEP 900000
WRITING COORDINATES TO RESTART FILE AT STEP 900000
FINISHED WRITING RESTART COORDINATES
WRITING VELOCITIES TO RESTART FILE AT STEP 900000
FINISHED WRITING RESTART VELOCITIES
PRESSURE: 1000000 449.294 -292.992 -464.591 -292.991 698.899 -92.5147 -464.594 -92.5116 -458.745
GPRESSURE: 1000000 441.047 -304.137 -512.559 -411.704 644.517 -3.72406 -433.135 -34.1015 -150.488
PRESSAVG: 1000000 86.2389 -37.3784 23.3742 -37.3784 123.371 143.515 23.3742 143.515 1.63513
GPRESSAVG: 1000000 152.772 -3.10487 2.24426 -83.2909 145.294 182.094 25.2094 97.7068 50.5487
TIMING: 1000000  CPU: 7180.88, 0.000379919/step  Wall: 7243.18, 0.000384073/step, 449.915 ns/days, 0.0533435 hours remaining, 0.000000 MB of memory in use.
PERFORMANCE: 1000000  averaging 451.795 ns/day, 0.000382474 sec/step with standard deviation 1.3605e-05
ETITLE:      TS           BOND          ANGLE          DIHED          IMPRP               ELECT            VDW       BOUNDARY           MISC        KINETIC               TOTAL           TEMP      POTENTIAL       TOTALAVG        TEMPAVG            PRESSURE      GPRESSURE         VOLUME       PRESSAVG      GPRESSAVG
FEPTITLE:    TS          BOND2         ELECT2           VDW2

ENERGY: 1000000         1.3013        12.1924        16.3894         0.0000         -10846.4621      1464.4729         0.0000         0.0000      1749.5707          -7602.5354       296.9890     -9352.1061     -7511.9223       300.1564            229.8160       311.6917     29918.3039        34.8128        94.0524
FEP:    1000000        29.8831    -10846.4724      1464.4677

WRITING EXTENDED SYSTEM TO RESTART FILE AT STEP 1000000
WRITING COORDINATES TO DCD FILE mobley_3589456_prod.dcd AT STEP 1000000
WRITING COORDINATES TO RESTART FILE AT STEP 1000000
FINISHED WRITING RESTART COORDINATES
WRITING VELOCITIES TO RESTART FILE AT STEP 1000000
FINISHED WRITING RESTART VELOCITIES
PRESSURE: 1100000 -729.253 -495.816 492.364 -495.815 -29.8189 -251.859 492.361 -251.859 76.0248
GPRESSURE: 1100000 -706.451 -320.987 133.848 -565.333 111.349 -138.527 278.168 -162.874 -14.4641
PRESSAVG: 1100000 38.1383 -51.2185 37.7213 -51.2185 156.492 153.675 37.7213 153.675 -9.37339
GPRESSAVG: 1100000 112.302 -23.8716 -0.371848 -82.0529 176.886 190.728 34.6186 107.49 36.2575
ENERGY: 1100000         3.7154        12.3761        15.7046         0.0000         -10710.8883      1447.6428         0.0000         0.0000      1810.4056          -7421.0438       307.3157     -9231.4494     -7504.3491       300.7530           -227.6824      -203.1888     30959.9402        12.9382        69.2823
FEP:    1100000        31.7961    -10711.0619      1447.4004

WRITING EXTENDED SYSTEM TO RESTART FILE AT STEP 1100000
WRITING COORDINATES TO DCD FILE mobley_3589456_prod.dcd AT STEP 1100000
WRITING COORDINATES TO RESTART FILE AT STEP 1100000
FINISHED WRITING RESTART COORDINATES
WRITING VELOCITIES TO RESTART FILE AT STEP 1100000
FINISHED WRITING RESTART VELOCITIES
PRESSURE: 1200000 -691.858 -162.23 25.0244 -162.231 478.874 -293.565 25.0257 -293.564 -985.009
GPRESSURE: 1200000 -723.146 -131.408 435.866 -102.355 376.024 28.0991 -37.9917 -387.083 -740.819
PRESSAVG: 1200000 6.49208 -50.9573 36.3111 -50.9573 217.885 119.903 36.3111 119.903 -59.4649
GPRESSAVG: 1200000 75.294 -30.4931 23.4434 -75.0916 228.676 162.703 29.4738 64.1991 1.53193
ENERGY: 1200000         0.9490        12.6011        14.8379         0.0000         -10658.0002      1391.8543         0.0000         0.0000      1832.9707          -7404.7873       311.1462     -9237.7579     -7496.6905       301.5525           -399.3310      -362.6472     30944.5529       -18.7749        36.0570
FEP:    1200000        28.3880    -10658.6706      1392.2327

WRITING EXTENDED SYSTEM TO RESTART FILE AT STEP 1200000
WRITING COORDINATES TO DCD FILE mobley_3589456_prod.dcd AT STEP 1200000
WRITING COORDINATES TO RESTART FILE AT STEP 1200000
FINISHED WRITING RESTART COORDINATES
WRITING VELOCITIES TO RESTART FILE AT STEP 1200000
FINISHED WRITING RESTART VELOCITIES
PRESSURE: 1300000 53.6437 -23.4713 239.039 -23.4679 -1021.43 90.0908 239.037 90.0919 -121.043
GPRESSURE: 1300000 302.463 -280.418 416.555 371.356 -974.349 -56.5287 292.69 10.2893 -118.292
PRESSAVG: 1300000 -39.3182 -49.7623 38.0351 -49.7623 158.155 126.355 38.0351 126.355 -49.8698
GPRESSAVG: 1300000 40.4801 -57.6557 39.9748 -32.9245 168.997 152.634 30.132 51.4526 8.80158
ENERGY: 1300000         2.7115        12.5422        14.9801         0.0000         -10712.2809      1421.6020         0.0000         0.0000      1710.4433          -7550.0019       290.3472     -9260.4452     -7500.4985       300.7521           -362.9436      -263.3928     30762.8727       -43.3583        14.6677
FEP:    1300000        30.2337    -10711.9879      1421.1478

WRITING EXTENDED SYSTEM TO RESTART FILE AT STEP 1300000
WRITING COORDINATES TO DCD FILE mobley_3589456_prod.dcd AT STEP 1300000
WRITING COORDINATES TO RESTART FILE AT STEP 1300000
FINISHED WRITING RESTART COORDINATES
WRITING VELOCITIES TO RESTART FILE AT STEP 1300000
FINISHED WRITING RESTART VELOCITIES
PRESSURE: 1400000 -111.7 -499.664 -78.9298 -499.667 -151.637 196.241 -78.9306 196.239 193.554
GPRESSURE: 1400000 25.0921 -571.312 -93.1865 -529.022 -66.9389 534.983 -359.657 349.497 122.003
PRESSAVG: 1400000 -63.3704 -76.9128 23.4447 -76.9128 130.319 107.918 23.4447 107.918 -111.789
GPRESSAVG: 1400000 11.7474 -97.1882 23.2402 -47.0557 149.957 152.682 3.13152 41.1322 -63.4787
ENERGY: 1400000         2.4956         9.6658        14.9750         0.0000         -10703.6213      1425.6338         0.0000         0.0000      1749.0394          -7501.8117       296.8989     -9250.8511     -7500.5860       300.4952            -23.2608        26.7189     30337.9234       -42.0185        15.4711
FEP:    1400000        27.1364    -10704.3239      1425.0657

WRITING EXTENDED SYSTEM TO RESTART FILE AT STEP 1400000
WRITING COORDINATES TO DCD FILE mobley_3589456_prod.dcd AT STEP 1400000
WRITING COORDINATES TO RESTART FILE AT STEP 1400000
FINISHED WRITING RESTART COORDINATES
WRITING VELOCITIES TO RESTART FILE AT STEP 1400000
FINISHED WRITING RESTART VELOCITIES
PRESSURE: 1500000 -629.725 53.8035 -100.841 53.8008 -361.762 512.241 -100.843 512.238 -197.228
GPRESSURE: 1500000 -619.246 97.7912 116.44 166.463 -311.34 519.24 -421.43 316.923 -264.914
PRESSAVG: 1500000 -66.3415 -51.395 -14.8304 -51.395 103.732 141.43 -14.8304 141.43 -139.039
GPRESSAVG: 1500000 -0.0839457 -71.2848 -12.0887 -21.5821 131.529 201.621 -48.5637 67.21 -91.1634
ENERGY: 1500000         4.5528         9.8057        16.0042         0.0000         -10691.2518      1409.6217         0.0000         0.0000      1760.4517          -7490.8157       298.8361     -9251.2674     -7499.9754       300.3915           -396.2385      -398.4998     30796.0480       -64.1572       -10.4021
FEP:    1500000        30.3626    -10691.3281      1409.9909

WRITING EXTENDED SYSTEM TO RESTART FILE AT STEP 1500000
WRITING COORDINATES TO DCD FILE mobley_3589456_prod.dcd AT STEP 1500000
WRITING COORDINATES TO RESTART FILE AT STEP 1500000
FINISHED WRITING RESTART COORDINATES
WRITING VELOCITIES TO RESTART FILE AT STEP 1500000
FINISHED WRITING RESTART VELOCITIES
TCL: Running FEP window  14: Lambda1 0.65   Lambda2 0.7000000000000001 [dLambda 0.050000000000000044]
TCL: Setting parameter firsttimestep to 0
TCL: Setting parameter alchLambda to 0.65
Info: NONBONDED TABLE R-SQUARED SPACING: 0.0625
Info: NONBONDED TABLE SIZE: 705 POINTS
Info: INCONSISTENCY IN FAST TABLE ENERGY VS FORCE: 0.000290481 AT 0.251946
Info: INCONSISTENCY IN SCOR TABLE ENERGY VS FORCE: 0.000238233 AT 8.9687
Info: ABSOLUTE IMPRECISION IN VDWA TABLE ENERGY: 1.21169e-27 AT 8.99653
Info: ABSOLUTE IMPRECISION IN VDWA TABLE FORCE: 2.57484e-27 AT 8.99653
Info: INCONSISTENCY IN VDWA TABLE ENERGY VS FORCE: 0.0040507 AT 0.251946
Info: INCONSISTENCY IN VDWB TABLE ENERGY VS FORCE: 0.00150189 AT 0.251946
TCL: Setting parameter alchLambda2 to 0.7000000000000001
Info: NONBONDED TABLE R-SQUARED SPACING: 0.0625
Info: NONBONDED TABLE SIZE: 705 POINTS
Info: INCONSISTENCY IN FAST TABLE ENERGY VS FORCE: 0.000290481 AT 0.251946
Info: INCONSISTENCY IN SCOR TABLE ENERGY VS FORCE: 0.000238233 AT 8.9687
Info: ABSOLUTE IMPRECISION IN VDWA TABLE ENERGY: 1.21169e-27 AT 8.99653
Info: ABSOLUTE IMPRECISION IN VDWA TABLE FORCE: 2.57484e-27 AT 8.99653
Info: INCONSISTENCY IN VDWA TABLE ENERGY VS FORCE: 0.0040507 AT 0.251946
Info: INCONSISTENCY IN VDWB TABLE ENERGY VS FORCE: 0.00150189 AT 0.251946
TCL: Running for 1500000 steps
FEP: RESETTING FOR NEW FEP WINDOW LAMBDA SET TO 0.65 LAMBDA2 0.7
FEP: WINDOW TO HAVE 100000 STEPS OF EQUILIBRATION PRIOR TO FEP DATA COLLECTION.
FEP: USING CONSTANT TEMPERATURE OF 300 K FOR FEP CALCULATION
PRESSURE: 0 -680.879 83.4022 -46.7778 83.4042 -457.413 551.95 -46.7772 551.951 -248.965
GPRESSURE: 0 -609.937 102.152 111.66 172.701 -294.966 520.096 -421.315 315.356 -247.242
ETITLE:      TS           BOND          ANGLE          DIHED          IMPRP               ELECT            VDW       BOUNDARY           MISC        KINETIC               TOTAL           TEMP      POTENTIAL       TOTALAVG        TEMPAVG            PRESSURE      GPRESSURE         VOLUME       PRESSAVG      GPRESSAVG
FEPTITLE:    TS          BOND2         ELECT2           VDW2

ENERGY:       0         4.5528         9.8057        16.0042         0.0000         -10691.3265      1409.9910         0.0000         0.0000      1759.5512          -7491.4216       298.6832     -9250.9728     -7491.4216       298.6832           -462.4192      -384.0481     30796.0480      -462.4192      -384.0481
FEP:          0        30.3626    -10691.4027      1410.9675

PRESSURE: 100000 532.389 -694.458 588.253 -694.457 -206.864 -134.143 588.249 -134.145 -109.567
GPRESSURE: 100000 675.833 -906.199 419.84 -533.638 -110.78 -129.253 1024.11 -382.402 -114.793
PRESSAVG: 100000 -75.5203 -80.1761 -13.524 -80.1761 37.4273 117.157 -13.524 117.157 -137.796
GPRESSAVG: 100000 -10.2274 -112.106 -35.6046 -45.617 78.9119 184.827 -41.5444 27.8883 -91.1342
ENERGY:  100000         2.0940        10.5032        15.1969         0.0000         -10774.5018      1447.9400         0.0000         0.0000      1809.5174          -7489.2503       307.1650     -9298.7677     -7490.3360       302.9241             71.9862       150.0866     30108.9241      -195.2165      -116.9808
FEP:     100000        27.7941    -10775.8504      1447.8439

WRITING EXTENDED SYSTEM TO RESTART FILE AT STEP 100000
WRITING COORDINATES TO DCD FILE mobley_3589456_prod.dcd AT STEP 100000
WRITING COORDINATES TO RESTART FILE AT STEP 100000
FINISHED WRITING RESTART COORDINATES
WRITING VELOCITIES TO RESTART FILE AT STEP 100000
FINISHED WRITING RESTART VELOCITIES
PRESSURE: 200000 -344.461 254.803 192.43 254.806 -40.5449 311.137 192.433 311.133 -192.018
GPRESSURE: 200000 -388.861 402.236 206.146 88.4694 -89.6724 557.285 422.218 444.341 -156.47
PRESSAVG: 200000 -68.7475 -29.2195 -34.3775 -29.2195 50.1073 132.43 -34.3775 132.43 -120.461
GPRESSAVG: 200000 -5.19412 -46.0958 -65.5027 -11.6003 101.669 188.109 -28.9445 56.7459 -75.723
ENERGY:  200000         2.9208        10.3833        15.1183         0.0000         -10787.0261      1439.1811         0.0000         0.0000      1748.3455          -7571.0771       296.7811     -9319.4225     -7517.2497       300.8764           -192.3413      -211.6678     30341.3750      -194.2581      -148.5431
FEP:     200000        28.4225    -10787.6554      1439.9647

WRITING EXTENDED SYSTEM TO RESTART FILE AT STEP 200000
WRITING COORDINATES TO DCD FILE mobley_3589456_prod.dcd AT STEP 200000
WRITING COORDINATES TO RESTART FILE AT STEP 200000
FINISHED WRITING RESTART COORDINATES
WRITING VELOCITIES TO RESTART FILE AT STEP 200000
FINISHED WRITING RESTART VELOCITIES
PRESSURE: 300000 683.927 343.551 418.63 343.549 466.038 308.798 418.63 308.798 -947.404
GPRESSURE: 300000 858.111 375.22 463.287 198.887 469.469 288.341 559.404 498.809 -956.552
PRESSAVG: 300000 -59.9246 -9.71328 -5.68862 -9.71328 32.5513 123.454 -5.68862 123.454 -203.892
GPRESSAVG: 300000 7.57046 -33.5634 -20.423 1.92492 82.0582 177.234 12.9599 54.7802 -162.887
ENERGY:  300000         3.1440        10.8479        16.1297         0.0000         -10711.8436      1461.6798         0.0000         0.0000      1759.8185          -7460.2238       298.7286     -9220.0423     -7502.9932       300.3395             67.5204       123.6757     30733.3742      -128.8135       -80.4884
FEP:     300000        30.1215    -10712.4413      1461.7972

WRITING EXTENDED SYSTEM TO RESTART FILE AT STEP 300000
WRITING COORDINATES TO DCD FILE mobley_3589456_prod.dcd AT STEP 300000
WRITING COORDINATES TO RESTART FILE AT STEP 300000
FINISHED WRITING RESTART COORDINATES
WRITING VELOCITIES TO RESTART FILE AT STEP 300000
FINISHED WRITING RESTART VELOCITIES
PRESSURE: 400000 352.618 187.398 230.076 187.398 93.6964 -108.168 230.077 -108.169 163.77
GPRESSURE: 400000 490.846 116.055 91.2491 193.333 265.287 157.838 3.73563 -220.68 121.645
PRESSAVG: 400000 -68.3453 5.61684 13.1019 5.61684 -4.99959 95.0269 13.1019 95.0269 -228.846
GPRESSAVG: 400000 1.71529 -34.0838 6.14134 15.116 52.2332 159.67 27.1488 16.597 -196.803
ENERGY:  400000         1.3272        13.8266        16.1741         0.0000         -10799.1540      1441.0531         0.0000         0.0000      1772.6363          -7554.1368       300.9044     -9326.7731     -7513.2219       300.4525            203.3614       292.5926     29725.6571       -62.3785        -5.8722
FEP:     400000        31.3279    -10799.5631      1441.1432

WRITING EXTENDED SYSTEM TO RESTART FILE AT STEP 400000
WRITING COORDINATES TO DCD FILE mobley_3589456_prod.dcd AT STEP 400000
WRITING COORDINATES TO RESTART FILE AT STEP 400000
FINISHED WRITING RESTART COORDINATES
WRITING VELOCITIES TO RESTART FILE AT STEP 400000
FINISHED WRITING RESTART VELOCITIES
PRESSURE: 500000 -92.0174 -47.6833 -574.003 -47.6813 465.252 -123.728 -574.001 -123.727 420.671
GPRESSURE: 500000 -202.67 -175.92 -819.777 42.4714 640.952 -4.79073 -421.315 -518.012 514.306
PRESSAVG: 500000 -132.375 3.47061 4.99933 3.47061 -30.1204 95.4286 4.99933 95.4286 -218.705
GPRESSAVG: 500000 -70.3316 -65.1994 -6.99185 21.9673 35.5541 167.018 18.2766 17.0166 -181.47
ENERGY:  500000         2.4510         7.9039        15.7759         0.0000         -10707.4784      1481.0089         0.0000         0.0000      1703.6418          -7496.6968       289.1926     -9200.3386     -7510.4677       298.5758            264.6354       317.5294     30886.6169        -7.8762        48.0280
FEP:     500000        26.1309    -10708.1317      1481.8984

WRITING EXTENDED SYSTEM TO RESTART FILE AT STEP 500000
WRITING COORDINATES TO DCD FILE mobley_3589456_prod.dcd AT STEP 500000
WRITING COORDINATES TO RESTART FILE AT STEP 500000
FINISHED WRITING RESTART COORDINATES
WRITING VELOCITIES TO RESTART FILE AT STEP 500000
FINISHED WRITING RESTART VELOCITIES
PRESSURE: 600000 104.658 -222.243 356.682 -222.243 -16.7693 196.116 356.683 196.119 99.784
GPRESSURE: 600000 362.061 -100.398 288.035 -192.165 -82.1679 344.041 690.442 141.598 186.122
PRESSAVG: 600000 -171.386 -20.9061 8.29143 -20.9061 -71.0986 92.2984 8.29143 92.2984 -247.48
GPRESSAVG: 600000 -96.0237 -71.2391 -5.62789 10.2625 -13.3945 163.104 27.7748 17.555 -207.119
ENERGY:  600000         2.3561        13.3047        17.1082         0.0000         -10576.7862      1410.9262         0.0000         0.0000      1804.1912          -7328.8999       306.2609     -9133.0911     -7484.5295       299.6737             62.5575       155.3381     31069.8915         2.1858        63.3580
FEP:     600000        32.7690    -10577.1591      1412.0881

WRITING EXTENDED SYSTEM TO RESTART FILE AT STEP 600000
WRITING COORDINATES TO DCD FILE mobley_3589456_prod.dcd AT STEP 600000
WRITING COORDINATES TO RESTART FILE AT STEP 600000
FINISHED WRITING RESTART COORDINATES
WRITING VELOCITIES TO RESTART FILE AT STEP 600000
FINISHED WRITING RESTART VELOCITIES
PRESSURE: 700000 1541.04 77.5337 511.894 77.5353 567.862 469.86 511.892 469.86 1078.11
GPRESSURE: 700000 1449.32 140.648 595.345 -165.685 670.973 231.27 619.591 637.101 1281.12
PRESSAVG: 700000 -93.6131 -38.8248 68.7567 -38.8248 -86.5395 128.61 68.7567 128.61 -196.029
GPRESSAVG: 700000 -32.5173 -74.1107 38.9288 -23.1598 -27.3748 187.161 88.1121 54.2215 -150.19
ENERGY:  700000         3.2474        13.0630        15.5613         0.0000         -10753.2325      1536.3971         0.0000         0.0000      1733.2447          -7451.7190       294.2177     -9184.9637     -7480.4282       298.9917           1062.3350      1133.8038     30251.1045       134.7044       197.1638
FEP:     700000        31.8717    -10753.9858      1537.6225

WRITING EXTENDED SYSTEM TO RESTART FILE AT STEP 700000
WRITING COORDINATES TO DCD FILE mobley_3589456_prod.dcd AT STEP 700000
WRITING COORDINATES TO RESTART FILE AT STEP 700000
FINISHED WRITING RESTART COORDINATES
WRITING VELOCITIES TO RESTART FILE AT STEP 700000
FINISHED WRITING RESTART VELOCITIES
PRESSURE: 800000 -765.802 -422.141 -290.356 -422.141 -1151.47 -223.664 -290.355 -223.663 180.455
GPRESSURE: 800000 -745.805 -811.573 57.4427 -37.5372 -1005.15 -121.473 -420.701 -297.425 134.286
PRESSAVG: 800000 -92.1683 -60.9059 68.5316 -60.9059 -105.208 66.2063 68.5316 66.2063 -158.376
GPRESSAVG: 800000 -29.7607 -103.422 48.9908 -28.8518 -42.1931 112.653 73.3385 10.8774 -110.696
ENERGY:  800000         4.4708         8.0835        15.9862         0.0000         -10718.4998      1383.1646         0.0000         0.0000      1813.2958          -7493.4990       307.8064     -9306.7948     -7481.8805       299.9711           -578.9381      -538.8880     30510.5235        55.4108       115.3802
FEP:     800000        28.5405    -10718.6751      1384.2141

WRITING EXTENDED SYSTEM TO RESTART FILE AT STEP 800000
WRITING COORDINATES TO DCD FILE mobley_3589456_prod.dcd AT STEP 800000
WRITING COORDINATES TO RESTART FILE AT STEP 800000
FINISHED WRITING RESTART COORDINATES
WRITING VELOCITIES TO RESTART FILE AT STEP 800000
FINISHED WRITING RESTART VELOCITIES
PRESSURE: 900000 -1231.97 -287.724 148.256 -287.724 -829.551 -820.865 148.253 -820.864 1352.97
GPRESSURE: 900000 -1152.81 -72.1961 158.14 -234.117 -701.538 -693.388 -58.1974 -932.841 1327.49
PRESSAVG: 900000 -147.277 -81.8443 56.5217 -81.8443 -152.036 8.33846 56.5217 8.33846 -74.4639
GPRESSAVG: 900000 -77.1266 -116.796 38.7705 -61.2265 -91.9137 63.8626 66.2162 -54.9939 -27.2625
ENERGY:  900000         3.1979        13.1045        14.6467         0.0000         -10777.1464      1428.3024         0.0000         0.0000      1790.2413          -7527.6537       303.8929     -9317.8950     -7486.4578       300.3633           -236.1835      -175.6201     30486.9896        26.2514        86.2802
FEP:     900000        30.9491    -10777.3597      1427.6934

WRITING EXTENDED SYSTEM TO RESTART FILE AT STEP 900000
WRITING COORDINATES TO DCD FILE mobley_3589456_prod.dcd AT STEP 900000
WRITING COORDINATES TO RESTART FILE AT STEP 900000
FINISHED WRITING RESTART COORDINATES
WRITING VELOCITIES TO RESTART FILE AT STEP 900000
FINISHED WRITING RESTART VELOCITIES
PRESSURE: 1000000 153.566 392.833 -401.128 392.834 -840.95 860.764 -401.131 860.762 -324.663
GPRESSURE: 1000000 220.619 22.1966 -472.481 631.668 -639.492 792.446 -514.596 844.511 -266.766
PRESSAVG: 1000000 -128.732 -60.3073 48.5106 -60.3073 -183.325 48.1096 48.5106 48.1096 -58.1788
GPRESSAVG: 1000000 -57.5941 -109.188 38.4446 -37.3011 -118.838 116.366 42.6748 -7.84909 -15.5733
TIMING: 1000000  CPU: 7787.81, 0.000404214/step  Wall: 7862.63, 0.000411295/step, 420.136 ns/days, 0.0571244 hours remaining, 0.000000 MB of memory in use.
PERFORMANCE: 1000000  averaging 449.376 ns/day, 0.000384533 sec/step with standard deviation 1.5172e-05
ETITLE:      TS           BOND          ANGLE          DIHED          IMPRP               ELECT            VDW       BOUNDARY           MISC        KINETIC               TOTAL           TEMP      POTENTIAL       TOTALAVG        TEMPAVG            PRESSURE      GPRESSURE         VOLUME       PRESSAVG      GPRESSAVG
FEPTITLE:    TS          BOND2         ELECT2           VDW2

ENERGY: 1000000         2.8518        10.2324        15.3436         0.0000         -10711.2073      1419.8367         0.0000         0.0000      1763.5858          -7499.3569       299.3681     -9262.9428     -7487.6304       300.2728           -337.3492      -228.5462     30666.8486        -6.8032        57.6596
FEP:    1000000        28.4279    -10713.0366      1420.1372

WRITING EXTENDED SYSTEM TO RESTART FILE AT STEP 1000000
WRITING COORDINATES TO DCD FILE mobley_3589456_prod.dcd AT STEP 1000000
WRITING COORDINATES TO RESTART FILE AT STEP 1000000
FINISHED WRITING RESTART COORDINATES
WRITING VELOCITIES TO RESTART FILE AT STEP 1000000
FINISHED WRITING RESTART VELOCITIES
PRESSURE: 1100000 -82.5343 -312.614 -299.363 -312.614 -0.149118 -115.662 -299.365 -115.66 699.081
GPRESSURE: 1100000 -39.4577 18.5834 -273.209 243.565 77.3768 -102.532 -239.991 -407.851 742.637
PRESSAVG: 1100000 -105.618 -110.859 13.8759 -110.859 -159.969 67.2247 13.8759 67.2247 -10.9534
GPRESSAVG: 1100000 -35.0377 -139 8.30348 -50.2559 -92.3224 143.677 5.01917 -4.55293 26.4494
ENERGY: 1100000         1.8850         6.6471        15.2133         0.0000         -10827.0089      1454.6563         0.0000         0.0000      1774.0862          -7574.5212       301.1505     -9348.6074     -7494.8713       300.3459            205.4657       260.1854     29748.4403        10.8859        74.5368
FEP:    1100000        23.7453    -10827.7627      1454.2733

WRITING EXTENDED SYSTEM TO RESTART FILE AT STEP 1100000
WRITING COORDINATES TO DCD FILE mobley_3589456_prod.dcd AT STEP 1100000
WRITING COORDINATES TO RESTART FILE AT STEP 1100000
FINISHED WRITING RESTART COORDINATES
WRITING VELOCITIES TO RESTART FILE AT STEP 1100000
FINISHED WRITING RESTART VELOCITIES
PRESSURE: 1200000 293.541 21.9973 -480.121 21.9992 -694.511 164.548 -480.122 164.546 -712.994
GPRESSURE: 1200000 163.277 -49.6974 -231.403 185.404 -719.683 -0.664149 -643.925 163.904 -491.018
PRESSAVG: 1200000 -69.9489 -99.8153 12.7815 -99.8153 -149.041 83.5661 12.7815 83.5661 33.2229
GPRESSAVG: 1200000 -3.59945 -123.186 32.2877 -33.2387 -86.6585 139.873 -3.38864 19.2724 80.3424
ENERGY: 1200000         3.9673         9.8410        14.9934         0.0000         -10680.1327      1394.4479         0.0000         0.0000      1734.5581          -7522.3251       294.4407     -9256.8832     -7496.9832       299.8917           -371.3212      -349.1409     30418.0000       -18.5147        41.9462
FEP:    1200000        28.8017    -10680.8285      1394.7717

WRITING EXTENDED SYSTEM TO RESTART FILE AT STEP 1200000
WRITING COORDINATES TO DCD FILE mobley_3589456_prod.dcd AT STEP 1200000
WRITING COORDINATES TO RESTART FILE AT STEP 1200000
FINISHED WRITING RESTART COORDINATES
WRITING VELOCITIES TO RESTART FILE AT STEP 1200000
FINISHED WRITING RESTART VELOCITIES
PRESSURE: 1300000 307.163 212.052 -617.549 212.053 -755.618 -187.184 -617.549 -187.185 143.097
GPRESSURE: 1300000 74.6685 283.226 -624.253 320.016 -501.814 -171.161 -613.545 -32.3312 432.113
PRESSAVG: 1300000 -44.418 -91.6827 -7.55123 -91.6827 -189.393 65.5196 -7.55123 65.5196 5.4937
GPRESSAVG: 1300000 -6.25245 -108.307 23.3492 -7.86108 -112.097 127.58 -34.7719 17.3363 66.9952
ENERGY: 1300000         3.0789        16.1258        15.5011         0.0000         -10697.4576      1417.3714         0.0000         0.0000      1773.2498          -7472.1305       301.0086     -9245.3803     -7495.2080       299.9715           -101.7857         1.6559     30301.8060       -24.4626        39.0683
FEP:    1300000        34.7058    -10698.0466      1417.1879

WRITING EXTENDED SYSTEM TO RESTART FILE AT STEP 1300000
WRITING COORDINATES TO DCD FILE mobley_3589456_prod.dcd AT STEP 1300000
WRITING COORDINATES TO RESTART FILE AT STEP 1300000
FINISHED WRITING RESTART COORDINATES
WRITING VELOCITIES TO RESTART FILE AT STEP 1300000
FINISHED WRITING RESTART VELOCITIES
PRESSURE: 1400000 794.889 -292.932 -31.9111 -292.931 684.837 88.3042 -31.9112 88.2996 917.023
GPRESSURE: 1400000 796.092 -29.9328 -484.238 -144.62 523.589 211.236 28.3836 -126.886 982.637
PRESSAVG: 1400000 -27.1383 -91.6796 14.0829 -91.6796 -190.096 74.5601 14.0829 74.5601 74.2821
GPRESSAVG: 1400000 11.4998 -94.5967 24.7653 5.49312 -118.143 138.328 -11.696 12.6971 123.651
ENERGY: 1400000         3.3102         8.0959        14.9710         0.0000         -10959.2059      1556.8070         0.0000         0.0000      1732.2921          -7643.7297       294.0560     -9376.0218     -7505.1094       299.5771            798.9160       767.4395     30100.7542        30.4293        87.6264
FEP:    1400000        26.3771    -10959.6981      1557.2174

WRITING EXTENDED SYSTEM TO RESTART FILE AT STEP 1400000
WRITING COORDINATES TO DCD FILE mobley_3589456_prod.dcd AT STEP 1400000
WRITING COORDINATES TO RESTART FILE AT STEP 1400000
FINISHED WRITING RESTART COORDINATES
WRITING VELOCITIES TO RESTART FILE AT STEP 1400000
FINISHED WRITING RESTART VELOCITIES
PRESSURE: 1500000 286.867 57.5592 148.571 57.5588 -321.892 374.291 148.57 374.292 -256.023
GPRESSURE: 1500000 368.244 -20.8303 -64.4496 -24.197 -570.224 286.114 107.257 251.152 -183.07
PRESSAVG: 1500000 23.6677 -64.0109 -3.10664 -64.0109 -204.7 105.868 -3.10664 105.868 57.6797
GPRESSAVG: 1500000 65.2346 -79.5889 14.8504 32.5499 -152.222 159.56 -20.2415 33.3984 115.221
ENERGY: 1500000         1.5690        14.8202        15.9766         0.0000         -10631.8838      1388.8312         0.0000         0.0000      1739.1694          -7471.5174       295.2234     -9210.6868     -7503.0099       299.3050            -97.0160      -128.3502     30151.7683        22.4640        74.1279
FEP:    1500000        32.3658    -10631.9021      1388.1705

WRITING EXTENDED SYSTEM TO RESTART FILE AT STEP 1500000
WRITING COORDINATES TO DCD FILE mobley_3589456_prod.dcd AT STEP 1500000
WRITING COORDINATES TO RESTART FILE AT STEP 1500000
FINISHED WRITING RESTART COORDINATES
WRITING VELOCITIES TO RESTART FILE AT STEP 1500000
FINISHED WRITING RESTART VELOCITIES
TCL: Running FEP window  15: Lambda1 0.7000000000000001 Lambda2 0.7500000000000001 [dLambda 0.050000000000000044]
TCL: Setting parameter firsttimestep to 0
TCL: Setting parameter alchLambda to 0.7000000000000001
Info: NONBONDED TABLE R-SQUARED SPACING: 0.0625
Info: NONBONDED TABLE SIZE: 705 POINTS
Info: INCONSISTENCY IN FAST TABLE ENERGY VS FORCE: 0.000290481 AT 0.251946
Info: INCONSISTENCY IN SCOR TABLE ENERGY VS FORCE: 0.000238233 AT 8.9687
Info: ABSOLUTE IMPRECISION IN VDWA TABLE ENERGY: 1.21169e-27 AT 8.99653
Info: ABSOLUTE IMPRECISION IN VDWA TABLE FORCE: 2.57484e-27 AT 8.99653
Info: INCONSISTENCY IN VDWA TABLE ENERGY VS FORCE: 0.0040507 AT 0.251946
Info: INCONSISTENCY IN VDWB TABLE ENERGY VS FORCE: 0.00150189 AT 0.251946
TCL: Setting parameter alchLambda2 to 0.7500000000000001
Info: NONBONDED TABLE R-SQUARED SPACING: 0.0625
Info: NONBONDED TABLE SIZE: 705 POINTS
Info: INCONSISTENCY IN FAST TABLE ENERGY VS FORCE: 0.000290481 AT 0.251946
Info: INCONSISTENCY IN SCOR TABLE ENERGY VS FORCE: 0.000238233 AT 8.9687
Info: ABSOLUTE IMPRECISION IN VDWA TABLE ENERGY: 1.21169e-27 AT 8.99653
Info: ABSOLUTE IMPRECISION IN VDWA TABLE FORCE: 2.57484e-27 AT 8.99653
Info: INCONSISTENCY IN VDWA TABLE ENERGY VS FORCE: 0.0040507 AT 0.251946
Info: INCONSISTENCY IN VDWB TABLE ENERGY VS FORCE: 0.00150189 AT 0.251946
TCL: Running for 1500000 steps
FEP: RESETTING FOR NEW FEP WINDOW LAMBDA SET TO 0.7 LAMBDA2 0.75
FEP: WINDOW TO HAVE 100000 STEPS OF EQUILIBRATION PRIOR TO FEP DATA COLLECTION.
FEP: USING CONSTANT TEMPERATURE OF 300 K FOR FEP CALCULATION
PRESSURE: 0 261.794 44.6018 133.479 44.6017 -539.677 320.195 133.481 320.192 -348.135
GPRESSURE: 0 379.305 -27.4386 -58.8448 -30.8465 -565.48 287.471 114.503 250.176 -181.009
ETITLE:      TS           BOND          ANGLE          DIHED          IMPRP               ELECT            VDW       BOUNDARY           MISC        KINETIC               TOTAL           TEMP      POTENTIAL       TOTALAVG        TEMPAVG            PRESSURE      GPRESSURE         VOLUME       PRESSAVG      GPRESSAVG
FEPTITLE:    TS          BOND2         ELECT2           VDW2

ENERGY:       0         1.5690        14.8202        15.9766         0.0000         -10631.9011      1388.1709         0.0000         0.0000      1738.3155          -7473.0489       295.0785     -9211.3644     -7473.0489       295.0785           -208.6727      -122.3948     30151.7683      -208.6727      -122.3948
FEP:          0        32.3658    -10631.9193      1387.6583

PRESSURE: 100000 428.956 -294.423 -327.887 -294.425 -1559.49 191.453 -327.885 191.456 -211.848
GPRESSURE: 100000 220.183 -178.522 -278.876 -42.7331 -1344.75 87.0036 -397.631 202.871 -102.968
PRESSAVG: 100000 90.116 -67.2171 -26.03 -67.2171 -282.53 141.624 -26.03 141.624 84.9831
GPRESSAVG: 100000 116.243 -69.2956 -44.6567 15.4209 -217.817 179.705 -47.1329 74.8904 143.978
ENERGY:  100000         1.5665        12.6569        14.8031         0.0000         -10627.2869      1381.8216         0.0000         0.0000      1774.1446          -7442.2942       301.1605     -9216.4387     -7457.6715       298.1195           -447.4597      -409.1778     30733.5167      -328.0662      -265.7863
FEP:     100000        29.0266    -10628.2407      1382.1302

WRITING EXTENDED SYSTEM TO RESTART FILE AT STEP 100000
WRITING COORDINATES TO DCD FILE mobley_3589456_prod.dcd AT STEP 100000
WRITING COORDINATES TO RESTART FILE AT STEP 100000
FINISHED WRITING RESTART COORDINATES
WRITING VELOCITIES TO RESTART FILE AT STEP 100000
FINISHED WRITING RESTART VELOCITIES
PRESSURE: 200000 620.763 -105.623 -400.123 -105.625 -396.918 -117.644 -400.127 -117.646 155.391
GPRESSURE: 200000 628.334 -9.03165 -196.031 -2.10798 -485.538 57.1411 -167.833 -84.2267 467.406
PRESSAVG: 200000 126.739 -47.515 -42.0898 -47.515 -294.794 125.929 -42.0898 125.929 83.075
GPRESSAVG: 200000 146.405 -41.1816 -49.7989 41.7666 -238.747 155.813 -37.5417 53.2042 161.248
ENERGY:  200000         0.8216        13.3228        15.2672         0.0000         -10649.8627      1437.8877         0.0000         0.0000      1797.3088          -7385.2547       305.0926     -9182.5635     -7433.5326       300.4438            126.4120       203.4010     30792.0081      -176.5735      -109.3905
FEP:     200000        29.4115    -10650.6310      1438.2730

WRITING EXTENDED SYSTEM TO RESTART FILE AT STEP 200000
WRITING COORDINATES TO DCD FILE mobley_3589456_prod.dcd AT STEP 200000
WRITING COORDINATES TO RESTART FILE AT STEP 200000
FINISHED WRITING RESTART COORDINATES
WRITING VELOCITIES TO RESTART FILE AT STEP 200000
FINISHED WRITING RESTART VELOCITIES
PRESSURE: 300000 216.82 -81.8406 -432.004 -81.8401 763.59 -384.878 -432.004 -384.876 -633.921
GPRESSURE: 300000 317.017 -187.062 -252.207 -294.434 852.096 -350.682 -651.382 -343.711 -536.449
PRESSAVG: 300000 169.066 -54.2971 -58.6478 -54.2971 -238.527 81.0737 -58.6478 81.0737 61.2403
GPRESSAVG: 300000 193.218 -55.4243 -68.2313 18.7218 -180.575 112.317 -49.0393 20.1726 147.671
ENERGY:  300000         3.9320         9.1128        15.9029         0.0000         -10794.0103      1481.5486         0.0000         0.0000      1727.9991          -7555.5149       293.3273     -9283.5140     -7464.0282       298.6647            115.4964       210.8883     30422.4012      -103.5560       -29.3208
FEP:     300000        28.9477    -10795.3874      1482.6151

WRITING EXTENDED SYSTEM TO RESTART FILE AT STEP 300000
WRITING COORDINATES TO DCD FILE mobley_3589456_prod.dcd AT STEP 300000
WRITING COORDINATES TO RESTART FILE AT STEP 300000
FINISHED WRITING RESTART COORDINATES
WRITING VELOCITIES TO RESTART FILE AT STEP 300000
FINISHED WRITING RESTART VELOCITIES
PRESSURE: 400000 -852.278 -319.293 -332.76 -319.293 -406.769 5.95057 -332.757 5.95141 -892.832
GPRESSURE: 400000 -951.224 -449.499 -493.636 -44.6568 -168.888 -47.9508 -305.05 23.1215 -904.281
PRESSAVG: 400000 160.496 -74.4319 -72.9468 -74.4319 -235.995 53.7737 -72.9468 53.7737 29.047
GPRESSAVG: 400000 176.154 -83.0068 -98.4961 7.85387 -174.271 83.9146 -43.2261 5.56088 114.819
ENERGY:  400000         6.1088        10.3158        15.9947         0.0000         -10639.5589      1356.8153         0.0000         0.0000      1759.2619          -7491.0624       298.6341     -9250.3243     -7469.4350       298.6586           -717.2930      -674.7978     30609.5128      -226.3034      -158.4162
FEP:     400000        32.4193    -10640.6012      1356.7404

WRITING EXTENDED SYSTEM TO RESTART FILE AT STEP 400000
WRITING COORDINATES TO DCD FILE mobley_3589456_prod.dcd AT STEP 400000
WRITING COORDINATES TO RESTART FILE AT STEP 400000
FINISHED WRITING RESTART COORDINATES
WRITING VELOCITIES TO RESTART FILE AT STEP 400000
FINISHED WRITING RESTART VELOCITIES
PRESSURE: 500000 -448.031 -22.6506 168.279 -22.6472 -394.588 48.1814 168.276 48.1827 -652.728
GPRESSURE: 500000 -760.513 87.6406 214.903 -125.486 -249.819 -135.84 126.778 243.058 -468.961
PRESSAVG: 500000 111.475 -40.8414 -93.9455 -40.8414 -245.381 62.8901 -93.9455 62.8901 1.88891
GPRESSAVG: 500000 104.337 -33.3148 -108.743 28.2615 -181.223 83.5852 -88.0929 36.8339 97.1109
ENERGY:  500000         2.9874        13.6584        15.2077         0.0000         -10700.8489      1381.9334         0.0000         0.0000      1734.7958          -7552.2662       294.4810     -9287.0619     -7483.2402       297.9623           -498.4490      -493.0978     30555.2056      -271.6610      -214.1965
FEP:     500000        31.8536    -10701.7504      1381.8516

WRITING EXTENDED SYSTEM TO RESTART FILE AT STEP 500000
WRITING COORDINATES TO DCD FILE mobley_3589456_prod.dcd AT STEP 500000
WRITING COORDINATES TO RESTART FILE AT STEP 500000
FINISHED WRITING RESTART COORDINATES
WRITING VELOCITIES TO RESTART FILE AT STEP 500000
FINISHED WRITING RESTART VELOCITIES
PRESSURE: 600000 -838.098 -318.632 -180.378 -318.635 -131.786 85.8003 -180.377 85.8014 299.358
GPRESSURE: 600000 -881.34 -12.0471 -469.611 -189.253 90.1077 257.429 -36.3968 49.6936 276.932
PRESSAVG: 600000 86.7936 -69.5135 -112.586 -69.5135 -249.943 51.6235 -112.586 51.6235 26.4577
GPRESSAVG: 600000 79.7128 -54.029 -142.531 14.3753 -172.234 68.5924 -111.024 17.1015 118.781
ENERGY:  600000         2.0341        16.9896        15.5845         0.0000         -10776.2835      1427.9673         0.0000         0.0000      1781.9585          -7531.7495       302.4869     -9313.7081     -7490.1701       298.6087           -223.5088      -171.4334     30241.5004      -264.7821      -208.0875
FEP:     600000        34.6081    -10776.0961      1427.2963

WRITING EXTENDED SYSTEM TO RESTART FILE AT STEP 600000
WRITING COORDINATES TO DCD FILE mobley_3589456_prod.dcd AT STEP 600000
WRITING COORDINATES TO RESTART FILE AT STEP 600000
FINISHED WRITING RESTART COORDINATES
WRITING VELOCITIES TO RESTART FILE AT STEP 600000
FINISHED WRITING RESTART VELOCITIES
PRESSURE: 700000 440.863 -628.431 500.327 -628.432 278.706 -411.494 500.324 -411.494 675.428
GPRESSURE: 700000 652.659 -157.731 102.162 -783.616 360.32 -1071.22 612.659 -72.0167 625.39
PRESSAVG: 700000 74.6404 -118.113 -108.501 -118.113 -259.31 15.6089 -108.501 15.6089 107.599
GPRESSAVG: 700000 69.4402 -80.6766 -160.587 -34.7498 -177.692 0.614366 -108.361 -11.4398 197.878
ENERGY:  700000         0.9906        10.8642        14.7998         0.0000         -10692.7284      1478.8591         0.0000         0.0000      1727.3690          -7459.8457       293.2203     -9187.2147     -7486.3796       297.9351            464.9989       546.1230     30362.1786      -173.5595      -113.8112
FEP:     700000        26.6547    -10692.9494      1478.5798

WRITING EXTENDED SYSTEM TO RESTART FILE AT STEP 700000
WRITING COORDINATES TO DCD FILE mobley_3589456_prod.dcd AT STEP 700000
WRITING COORDINATES TO RESTART FILE AT STEP 700000
FINISHED WRITING RESTART COORDINATES
WRITING VELOCITIES TO RESTART FILE AT STEP 700000
FINISHED WRITING RESTART VELOCITIES
PRESSURE: 800000 33.3178 -319.4 -362.266 -319.399 -35.359 -276.47 -362.263 -276.469 -1165.72
GPRESSURE: 800000 -179.185 -162.761 -337.165 -798.894 203.881 -153.004 -413.609 -425.23 -1061.57
PRESSAVG: 800000 58.6754 -143.452 -138.118 -143.452 -265.762 7.19398 -138.118 7.19398 41.1248
GPRESSAVG: 800000 35.9386 -94.6174 -182.008 -84.3612 -180.762 -14.9277 -129.228 -21.6673 138.717
ENERGY:  800000         4.6216        10.3466        15.5688         0.0000         -10701.8061      1405.0389         0.0000         0.0000      1745.4308          -7520.7994       296.2863     -9266.2301     -7490.2040       297.7519           -389.2534      -345.6254     30421.9550      -197.5255      -139.5683
FEP:     800000        30.5370    -10703.3849      1405.3110

WRITING EXTENDED SYSTEM TO RESTART FILE AT STEP 800000
WRITING COORDINATES TO DCD FILE mobley_3589456_prod.dcd AT STEP 800000
WRITING COORDINATES TO RESTART FILE AT STEP 800000
FINISHED WRITING RESTART COORDINATES
WRITING VELOCITIES TO RESTART FILE AT STEP 800000
FINISHED WRITING RESTART VELOCITIES
PRESSURE: 900000 -59.2191 -3.71294 -447.118 -3.71328 -726.265 44.3288 -447.116 44.3282 -208.644
GPRESSURE: 900000 -74.0783 -403.294 -340.277 194.157 -536.187 40.7558 -80.0496 -96.0341 -171.966
PRESSAVG: 900000 60.3153 -141.254 -131.774 -141.254 -325.338 15.5967 -131.774 15.5967 9.65908
GPRESSAVG: 900000 42.3682 -105.986 -158.033 -76.7769 -239.619 -12.6504 -112.165 -0.568421 104.404
ENERGY:  900000         4.3569         6.9247        15.4111         0.0000         -10746.6712      1420.9211         0.0000         0.0000      1741.8251          -7557.2324       295.6742     -9299.0574     -7496.9068       297.5442           -331.3761      -260.7439     30439.6541      -210.9105      -151.6859
FEP:     900000        26.6926    -10746.6688      1420.8266

WRITING EXTENDED SYSTEM TO RESTART FILE AT STEP 900000
WRITING COORDINATES TO DCD FILE mobley_3589456_prod.dcd AT STEP 900000
WRITING COORDINATES TO RESTART FILE AT STEP 900000
FINISHED WRITING RESTART COORDINATES
WRITING VELOCITIES TO RESTART FILE AT STEP 900000
FINISHED WRITING RESTART VELOCITIES
PRESSURE: 1000000 1244.17 267.25 398.174 267.252 731.299 -147.043 398.171 -147.045 211.462
GPRESSURE: 1000000 1280.79 -31.1147 363.331 -14.2031 802.482 194.219 438.115 -473.333 385.223
PRESSAVG: 1000000 117.291 -116.779 -129.7 -116.779 -287.935 -1.56148 -129.7 -1.56148 15.243
GPRESSAVG: 1000000 88.3045 -102.522 -154.268 -67.8788 -195.387 -20.1415 -124.781 -31.3149 114.359
TIMING: 1000000  CPU: 8363.81, 0.000385624/step  Wall: 8443.36, 0.000389033/step, 444.178 ns/days, 0.0540323 hours remaining, 0.000000 MB of memory in use.
PERFORMANCE: 1000000  averaging 449.026 ns/day, 0.000384833 sec/step with standard deviation 1.46662e-05
ETITLE:      TS           BOND          ANGLE          DIHED          IMPRP               ELECT            VDW       BOUNDARY           MISC        KINETIC               TOTAL           TEMP      POTENTIAL       TOTALAVG        TEMPAVG            PRESSURE      GPRESSURE         VOLUME       PRESSAVG      GPRESSAVG
FEPTITLE:    TS          BOND2         ELECT2           VDW2

ENERGY: 1000000         2.1232         7.5035        15.7837         0.0000         -10807.4056      1512.8702         0.0000         0.0000      1751.8977          -7517.2273       297.3840     -9269.1250     -7498.7541       297.5296            728.9777       822.8303     29935.8752      -125.4662       -63.0935
FEP:    1000000        25.4104    -10808.1225      1513.7586

WRITING EXTENDED SYSTEM TO RESTART FILE AT STEP 1000000
WRITING COORDINATES TO DCD FILE mobley_3589456_prod.dcd AT STEP 1000000
WRITING COORDINATES TO RESTART FILE AT STEP 1000000
FINISHED WRITING RESTART COORDINATES
WRITING VELOCITIES TO RESTART FILE AT STEP 1000000
FINISHED WRITING RESTART VELOCITIES
PRESSURE: 1100000 -934.197 385.846 -582.752 385.846 -361.223 -422.573 -582.756 -422.572 -589.099
GPRESSURE: 1100000 -694.972 466.945 -264.354 385.683 -343.812 -278.759 -713.717 -535.082 -548.771
PRESSAVG: 1100000 -6.47063 -101.364 -184.432 -101.364 -334.389 -46.1831 -184.432 -46.1831 -68.1173
GPRESSAVG: 1100000 -18.9101 -86.207 -197.253 -40.3104 -246.126 -45.6429 -191.447 -89.9241 22.8642
ENERGY: 1100000         0.9496         8.7088        15.4537         0.0000         -10665.1708      1373.2305         0.0000         0.0000      1768.0084          -7498.8197       300.1188     -9266.8282     -7498.7596       297.7454           -628.1730      -529.1851     30446.2321      -167.3584      -101.9345
FEP:    1100000        25.1122    -10665.1172      1373.3331

WRITING EXTENDED SYSTEM TO RESTART FILE AT STEP 1100000
WRITING COORDINATES TO DCD FILE mobley_3589456_prod.dcd AT STEP 1100000
WRITING COORDINATES TO RESTART FILE AT STEP 1100000
FINISHED WRITING RESTART COORDINATES
WRITING VELOCITIES TO RESTART FILE AT STEP 1100000
FINISHED WRITING RESTART VELOCITIES
PRESSURE: 1200000 -623.006 -195.465 -155.715 -195.464 -235.227 602.753 -155.715 602.752 20.5969
GPRESSURE: 1200000 -465.765 -21.4651 -92.4806 -330.87 -193.217 443.166 -222.315 476.367 29.6831
PRESSAVG: 1200000 0.66921 -90.0299 -177.7 -90.0299 -288.577 -4.86228 -177.7 -4.86228 -76.1102
GPRESSAVG: 1200000 -4.90814 -46.7016 -204.749 -54.9771 -205.529 -17.411 -181.527 -51.2344 17.6341
ENERGY: 1200000         4.6948        11.2355        16.4914         0.0000         -10790.3152      1447.6823         0.0000         0.0000      1731.4337          -7578.7775       293.9103     -9310.2112     -7504.9148       297.4504           -279.2121      -209.7664     30637.3621      -175.9625      -110.2292
FEP:    1200000        32.4217    -10791.4309      1448.9604

WRITING EXTENDED SYSTEM TO RESTART FILE AT STEP 1200000
WRITING COORDINATES TO DCD FILE mobley_3589456_prod.dcd AT STEP 1200000
WRITING COORDINATES TO RESTART FILE AT STEP 1200000
FINISHED WRITING RESTART COORDINATES
WRITING VELOCITIES TO RESTART FILE AT STEP 1200000
FINISHED WRITING RESTART VELOCITIES
PRESSURE: 1300000 -623.552 525.973 59.3882 525.972 -556.492 45.7546 59.387 45.7535 -1540.39
GPRESSURE: 1300000 -610.208 308.79 178.933 427.92 -453.348 363.883 -349.423 -284.056 -1391.28
PRESSAVG: 1300000 31.0899 -49.3451 -182.143 -49.3451 -274.924 38.4686 -182.143 38.4686 -220.778
GPRESSAVG: 1300000 22.2221 -27.6523 -203.709 -21.8752 -193.12 35.4526 -196.089 -18.7951 -118.305
ENERGY: 1300000         3.3669         9.9716        14.9158         0.0000         -10637.4700      1335.0561         0.0000         0.0000      1837.8130          -7436.3466       311.9681     -9274.1596     -7500.0171       298.4874           -906.8114      -818.2792     30567.5845      -228.1660      -160.8042
FEP:    1300000        28.2543    -10638.6508      1337.1937

WRITING EXTENDED SYSTEM TO RESTART FILE AT STEP 1300000
WRITING COORDINATES TO DCD FILE mobley_3589456_prod.dcd AT STEP 1300000
WRITING COORDINATES TO RESTART FILE AT STEP 1300000
FINISHED WRITING RESTART COORDINATES
WRITING VELOCITIES TO RESTART FILE AT STEP 1300000
FINISHED WRITING RESTART VELOCITIES
PRESSURE: 1400000 -878.205 640.716 150.193 640.718 -822.627 -21.5278 150.194 -21.5258 -893.989
GPRESSURE: 1400000 -597.951 310.066 -91.146 473.418 -925.83 -158.211 421.897 -24.2273 -800.092
PRESSAVG: 1400000 -20.4986 -36.9509 -154.577 -36.9509 -274.008 -5.6458 -154.577 -5.6458 -249.244
GPRESSAVG: 1400000 -18.7064 -13.2588 -184.643 -29.7877 -207.437 -12.0803 -149.264 -62.2321 -144.971
ENERGY: 1400000         2.5136        10.7780        14.7716         0.0000         -10605.1628      1343.8933         0.0000         0.0000      1789.7187          -7443.4878       303.8041     -9233.2065     -7496.2485       298.8418           -864.9401      -774.6246     30870.3400      -270.6176      -201.7256
FEP:    1400000        28.0631    -10606.1920      1343.6811

WRITING EXTENDED SYSTEM TO RESTART FILE AT STEP 1400000
WRITING COORDINATES TO DCD FILE mobley_3589456_prod.dcd AT STEP 1400000
WRITING COORDINATES TO RESTART FILE AT STEP 1400000
FINISHED WRITING RESTART COORDINATES
WRITING VELOCITIES TO RESTART FILE AT STEP 1400000
FINISHED WRITING RESTART VELOCITIES
PRESSURE: 1500000 -713.787 -101.36 37.4171 -101.359 -103.319 -47.7377 37.4175 -47.7358 356.968
GPRESSURE: 1500000 -717.131 -51.2083 184.171 -90.8441 -168.299 -247.978 54.5823 208.374 522.941
PRESSAVG: 1500000 -52.0613 -26.3881 -137.738 -26.3881 -279.166 -2.24958 -137.738 -2.24958 -266.35
GPRESSAVG: 1500000 -52.5901 -16.7484 -161.774 -46.5081 -219.721 -19.3525 -134.535 -31.4208 -155.956
ENERGY: 1500000         0.8330        12.1174        15.5237         0.0000         -10761.6256      1402.5402         0.0000         0.0000      1769.0446          -7561.5667       300.2947     -9330.6113     -7500.3309       298.9326           -153.3794      -120.8299     30087.8177      -263.2902      -196.6696
FEP:    1500000        28.4741    -10761.9745      1402.3208

WRITING EXTENDED SYSTEM TO RESTART FILE AT STEP 1500000
WRITING COORDINATES TO DCD FILE mobley_3589456_prod.dcd AT STEP 1500000
WRITING COORDINATES TO RESTART FILE AT STEP 1500000
FINISHED WRITING RESTART COORDINATES
WRITING VELOCITIES TO RESTART FILE AT STEP 1500000
FINISHED WRITING RESTART VELOCITIES
TCL: Running FEP window  16: Lambda1 0.7500000000000001 Lambda2 0.8000000000000002 [dLambda 0.050000000000000044]
TCL: Setting parameter firsttimestep to 0
TCL: Setting parameter alchLambda to 0.7500000000000001
Info: NONBONDED TABLE R-SQUARED SPACING: 0.0625
Info: NONBONDED TABLE SIZE: 705 POINTS
Info: INCONSISTENCY IN FAST TABLE ENERGY VS FORCE: 0.000290481 AT 0.251946
Info: INCONSISTENCY IN SCOR TABLE ENERGY VS FORCE: 0.000238233 AT 8.9687
Info: ABSOLUTE IMPRECISION IN VDWA TABLE ENERGY: 1.21169e-27 AT 8.99653
Info: ABSOLUTE IMPRECISION IN VDWA TABLE FORCE: 2.57484e-27 AT 8.99653
Info: INCONSISTENCY IN VDWA TABLE ENERGY VS FORCE: 0.0040507 AT 0.251946
Info: INCONSISTENCY IN VDWB TABLE ENERGY VS FORCE: 0.00150189 AT 0.251946
TCL: Setting parameter alchLambda2 to 0.8000000000000002
Info: NONBONDED TABLE R-SQUARED SPACING: 0.0625
Info: NONBONDED TABLE SIZE: 705 POINTS
Info: INCONSISTENCY IN FAST TABLE ENERGY VS FORCE: 0.000290481 AT 0.251946
Info: INCONSISTENCY IN SCOR TABLE ENERGY VS FORCE: 0.000238233 AT 8.9687
Info: ABSOLUTE IMPRECISION IN VDWA TABLE ENERGY: 1.21169e-27 AT 8.99653
Info: ABSOLUTE IMPRECISION IN VDWA TABLE FORCE: 2.57484e-27 AT 8.99653
Info: INCONSISTENCY IN VDWA TABLE ENERGY VS FORCE: 0.0040507 AT 0.251946
Info: INCONSISTENCY IN VDWB TABLE ENERGY VS FORCE: 0.00150189 AT 0.251946
TCL: Running for 1500000 steps
FEP: RESETTING FOR NEW FEP WINDOW LAMBDA SET TO 0.75 LAMBDA2 0.8
FEP: WINDOW TO HAVE 100000 STEPS OF EQUILIBRATION PRIOR TO FEP DATA COLLECTION.
FEP: USING CONSTANT TEMPERATURE OF 300 K FOR FEP CALCULATION
PRESSURE: 0 -688.724 -36.0397 44.4546 -36.0388 -116.073 -62.0259 44.4559 -62.0254 281.86
GPRESSURE: 0 -697.222 -49.1351 180.977 -88.9337 -160.174 -240.983 54.8244 215.926 527.339
ETITLE:      TS           BOND          ANGLE          DIHED          IMPRP               ELECT            VDW       BOUNDARY           MISC        KINETIC               TOTAL           TEMP      POTENTIAL       TOTALAVG        TEMPAVG            PRESSURE      GPRESSURE         VOLUME       PRESSAVG      GPRESSAVG
FEPTITLE:    TS          BOND2         ELECT2           VDW2

ENERGY:       0         0.8330        12.1174        15.5237         0.0000         -10761.9742      1402.3205         0.0000         0.0000      1768.1418          -7563.0378       300.1415     -9331.1796     -7563.0378       300.1415           -174.3123      -110.0190     30087.8177      -174.3123      -110.0190
FEP:          0        28.4741    -10762.3231      1402.4594

PRESSURE: 100000 -330.449 -346.782 593.193 -346.782 -719.284 574.195 593.191 574.195 -552.799
GPRESSURE: 100000 -339.054 -127.905 779.507 -241.299 -701.303 523.221 552.476 469.668 -370.95
PRESSAVG: 100000 -133.055 -57.2318 -50.9722 -57.2318 -248.428 24.4908 -50.9722 24.4908 -251.402
GPRESSAVG: 100000 -116.301 -37.2768 -70.9666 -88.2908 -201.72 3.35064 -41.2966 -3.71971 -145.191
ENERGY:  100000         1.3284        11.9165        15.1054         0.0000         -10655.0129      1387.1357         0.0000         0.0000      1786.9848          -7452.5422       303.3401     -9239.5269     -7507.7900       301.7408           -534.1773      -470.4354     31082.5088      -354.2448      -290.2272
FEP:     100000        28.3503    -10655.7991      1388.8435

WRITING EXTENDED SYSTEM TO RESTART FILE AT STEP 100000
WRITING COORDINATES TO DCD FILE mobley_3589456_prod.dcd AT STEP 100000
WRITING COORDINATES TO RESTART FILE AT STEP 100000
FINISHED WRITING RESTART COORDINATES
WRITING VELOCITIES TO RESTART FILE AT STEP 100000
FINISHED WRITING RESTART VELOCITIES
PRESSURE: 200000 294.799 160.758 472.38 160.757 18.106 474.151 472.377 474.152 744.046
GPRESSURE: 200000 337.757 173.975 523.907 2.55739 140.288 650.021 219.125 20.1956 815.731
PRESSAVG: 200000 -158.06 -34.5474 -25.7578 -34.5474 -281.764 43.7834 -25.7578 43.7834 -260.051
GPRESSAVG: 200000 -139.218 -27.0815 -20.5593 -80.9319 -220.885 25.2899 -31.7595 3.63438 -153.536
ENERGY:  200000         3.2087         8.8813        15.9069         0.0000         -10772.3925      1474.0851         0.0000         0.0000      1776.5481          -7493.7624       301.5685     -9270.3105     -7503.1141       301.6833            352.3170       431.2586     30370.8701      -118.7242       -49.7319
FEP:     200000        27.9968    -10773.7661      1475.0462

WRITING EXTENDED SYSTEM TO RESTART FILE AT STEP 200000
WRITING COORDINATES TO DCD FILE mobley_3589456_prod.dcd AT STEP 200000
WRITING COORDINATES TO RESTART FILE AT STEP 200000
FINISHED WRITING RESTART COORDINATES
WRITING VELOCITIES TO RESTART FILE AT STEP 200000
FINISHED WRITING RESTART VELOCITIES
PRESSURE: 300000 198.769 -34.9651 488.48 -34.9649 99.082 -458.064 488.483 -458.064 963.763
GPRESSURE: 300000 304.789 -476.117 278.759 203.941 -14.9638 -87.0114 413.537 -593.297 1130.69
PRESSAVG: 300000 -162.465 -39.1735 -8.76214 -39.1735 -260.716 2.16558 -8.76214 2.16558 -199.062
GPRESSAVG: 300000 -142.391 -49.8458 -3.39889 -69.525 -193.122 6.63362 -16.4455 -38.5881 -87.8484
ENERGY:  300000         1.7044        11.0903        16.0269         0.0000         -10766.9093      1459.2933         0.0000         0.0000      1790.4918          -7488.3024       303.9354     -9278.7943     -7499.4112       302.2464            420.5382       473.5041     30079.4576        16.0914        81.0771
FEP:     300000        28.8216    -10767.4718      1460.3469

WRITING EXTENDED SYSTEM TO RESTART FILE AT STEP 300000
WRITING COORDINATES TO DCD FILE mobley_3589456_prod.dcd AT STEP 300000
WRITING COORDINATES TO RESTART FILE AT STEP 300000
FINISHED WRITING RESTART COORDINATES
WRITING VELOCITIES TO RESTART FILE AT STEP 300000
FINISHED WRITING RESTART VELOCITIES
PRESSURE: 400000 -257.66 209.437 -683.621 209.436 83.7847 163.979 -683.622 163.981 -126.405
GPRESSURE: 400000 -72.8509 200.685 -507.7 83.1772 98.8827 156.259 -570.259 267.536 -87.2649
PRESSAVG: 400000 -188.437 -30.9318 -49.6173 -30.9318 -229.542 -5.64499 -49.6173 -5.64499 -187.975
GPRESSAVG: 400000 -164.998 -38.4396 -25.8417 -63.8238 -159.904 0.0729887 -50.6836 -37.7201 -83.1612
ENERGY:  400000         3.1310         8.3370        16.4717         0.0000         -10863.0470      1457.7809         0.0000         0.0000      1740.5575          -7636.7688       295.4591     -9377.3263     -7526.8827       300.8889           -100.0933       -20.4110     30309.4298        -7.1456        60.7795
FEP:     400000        27.9398    -10864.3817      1457.8307

WRITING EXTENDED SYSTEM TO RESTART FILE AT STEP 400000
WRITING COORDINATES TO DCD FILE mobley_3589456_prod.dcd AT STEP 400000
WRITING COORDINATES TO RESTART FILE AT STEP 400000
FINISHED WRITING RESTART COORDINATES
WRITING VELOCITIES TO RESTART FILE AT STEP 400000
FINISHED WRITING RESTART VELOCITIES
PRESSURE: 500000 -636.212 56.8677 -120.044 56.8698 -795.831 -203.501 -120.047 -203.505 -679.829
GPRESSURE: 500000 -520.7 322.349 -270.574 -201.652 -610.612 -380.256 -98.7944 -40.3111 -715.931
PRESSAVG: 500000 -241.696 -13.3671 -39.2254 -13.3671 -191.36 -25.393 -39.2254 -25.393 -211.374
GPRESSAVG: 500000 -202.043 -13.396 -25.4266 -71.7698 -123.197 -23.29 -35.7418 -49.8792 -113.809
ENERGY:  500000         4.7664        10.8942        15.2714         0.0000         -10562.6883      1351.5063         0.0000         0.0000      1813.1796          -7367.0703       307.7866     -9180.2499     -7500.2473       302.0385           -703.9572      -615.7476     30709.0036      -123.2808       -51.9750
FEP:     500000        30.9321    -10563.8033      1351.3595

WRITING EXTENDED SYSTEM TO RESTART FILE AT STEP 500000
WRITING COORDINATES TO DCD FILE mobley_3589456_prod.dcd AT STEP 500000
WRITING COORDINATES TO RESTART FILE AT STEP 500000
FINISHED WRITING RESTART COORDINATES
WRITING VELOCITIES TO RESTART FILE AT STEP 500000
FINISHED WRITING RESTART VELOCITIES
PRESSURE: 600000 -48.2191 -152.772 245.138 -152.772 -692.862 293.161 245.135 293.161 -626.826
GPRESSURE: 600000 59.8186 -430.187 -150.169 29.8564 -448.911 144.937 318.699 246.014 -527.815
PRESSAVG: 600000 -275.145 -15.7244 -6.96235 -15.7244 -206.157 -4.85268 -6.96235 -4.85268 -250.485
GPRESSAVG: 600000 -230.468 -34.4538 -23.1335 -70.1715 -121.365 -18.9002 -11.4152 -33.3672 -163.57
ENERGY:  600000         1.9050        11.6789        17.1055         0.0000         -10665.6345      1370.6854         0.0000         0.0000      1783.6376          -7480.6221       302.7719     -9264.2597     -7497.4437       302.1433           -455.9691      -305.6359     30317.2659      -170.8077       -88.2123
FEP:     600000        30.6894    -10666.2080      1370.4312

WRITING EXTENDED SYSTEM TO RESTART FILE AT STEP 600000
WRITING COORDINATES TO DCD FILE mobley_3589456_prod.dcd AT STEP 600000
WRITING COORDINATES TO RESTART FILE AT STEP 600000
FINISHED WRITING RESTART COORDINATES
WRITING VELOCITIES TO RESTART FILE AT STEP 600000
FINISHED WRITING RESTART VELOCITIES
PRESSURE: 700000 -348.615 508.507 -213.509 508.508 109.983 -323.072 -213.512 -323.072 263.733
GPRESSURE: 700000 -374.949 549.039 -359.537 211.773 34.3371 -442.786 73.1147 -165.225 531.906
PRESSAVG: 700000 -303.417 13.793 3.96225 13.793 -238.837 -1.76245 3.96225 -1.76245 -205.602
GPRESSAVG: 700000 -265.067 2.35126 -28.4999 -44.8612 -162.253 -23.5053 24.8096 -24.4429 -110.153
ENERGY:  700000         1.7064        11.6802        15.3657         0.0000         -10693.8934      1425.9161         0.0000         0.0000      1776.3666          -7462.8583       301.5376     -9239.2250     -7493.1205       302.0676              8.3672        63.7647     30482.3627      -148.4109       -69.2152
FEP:     700000        28.7523    -10694.9809      1426.5665

WRITING EXTENDED SYSTEM TO RESTART FILE AT STEP 700000
WRITING COORDINATES TO DCD FILE mobley_3589456_prod.dcd AT STEP 700000
WRITING COORDINATES TO RESTART FILE AT STEP 700000
FINISHED WRITING RESTART COORDINATES
WRITING VELOCITIES TO RESTART FILE AT STEP 700000
FINISHED WRITING RESTART VELOCITIES
PRESSURE: 800000 942.732 -224.319 -52.9906 -224.319 -476.767 106.093 -52.9915 106.094 278.385
GPRESSURE: 800000 1027.82 -208.415 17.0759 -70.058 -342.978 -76.9482 -13.4226 144.299 237.714
PRESSAVG: 800000 -213.666 18.5417 17.9505 18.5417 -242.337 3.2447 17.9505 3.2447 -147.041
GPRESSAVG: 800000 -166.115 14.4055 -2.96436 -46.1313 -170.958 -24.9552 39.391 -18.3841 -53.0529
ENERGY:  800000         5.7147        11.7977        16.9523         0.0000         -10759.5997      1473.4155         0.0000         0.0000      1803.0099          -7448.7095       306.0603     -9251.7194     -7488.1860       302.5112            248.1168       307.5177     30393.5418      -104.3522       -27.3560
FEP:     800000        34.4647    -10759.4103      1473.7965

WRITING EXTENDED SYSTEM TO RESTART FILE AT STEP 800000
WRITING COORDINATES TO DCD FILE mobley_3589456_prod.dcd AT STEP 800000
WRITING COORDINATES TO RESTART FILE AT STEP 800000
FINISHED WRITING RESTART COORDINATES
WRITING VELOCITIES TO RESTART FILE AT STEP 800000
FINISHED WRITING RESTART VELOCITIES
PRESSURE: 900000 -430.18 178.103 369.295 178.101 -235.375 279.464 369.297 279.462 358.418
GPRESSURE: 900000 -285.614 -184.979 587.398 343.653 -149.905 90.7231 583.188 302.476 289.089
PRESSAVG: 900000 -212.774 28.5791 28.0016 28.5791 -234.376 14.8086 28.0016 14.8086 -96.4841
GPRESSAVG: 900000 -142.37 0.774499 15.6604 -22.6743 -165.962 -13.627 62.2115 -15.4131 -15.1504
ENERGY:  900000         2.7886         9.5611        14.8725         0.0000         -10718.6823      1415.1357         0.0000         0.0000      1745.0776          -7531.2469       296.2263     -9276.3245     -7492.4921       301.8827           -102.3791       -48.8099     30488.1787      -104.1549       -29.5014
FEP:     900000        27.2221    -10719.4488      1414.7186

WRITING EXTENDED SYSTEM TO RESTART FILE AT STEP 900000
WRITING COORDINATES TO DCD FILE mobley_3589456_prod.dcd AT STEP 900000
WRITING COORDINATES TO RESTART FILE AT STEP 900000
FINISHED WRITING RESTART COORDINATES
WRITING VELOCITIES TO RESTART FILE AT STEP 900000
FINISHED WRITING RESTART VELOCITIES
PRESSURE: 1000000 -813.369 -470.514 429.623 -470.515 98.5928 -7.8024 429.623 -7.80109 -920.391
GPRESSURE: 1000000 -713.902 -538.493 253.147 -333.391 -85.7642 99.9921 220.835 257.598 -738.358
PRESSAVG: 1000000 -211.537 20.9851 58.5016 20.9851 -222.858 10.1285 58.5016 10.1285 -157.471
GPRESSAVG: 1000000 -133.998 -25.5478 51.7983 -29.8812 -174.756 -21.4989 75.0731 -5.01793 -65.9149
TIMING: 1000000  CPU: 8935.21, 0.000381646/step  Wall: 9019.92, 0.000385145/step, 448.662 ns/days, 0.0534923 hours remaining, 0.000000 MB of memory in use.
PERFORMANCE: 1000000  averaging 449.003 ns/day, 0.000384853 sec/step with standard deviation 1.41691e-05
ETITLE:      TS           BOND          ANGLE          DIHED          IMPRP               ELECT            VDW       BOUNDARY           MISC        KINETIC               TOTAL           TEMP      POTENTIAL       TOTALAVG        TEMPAVG            PRESSURE      GPRESSURE         VOLUME       PRESSAVG      GPRESSAVG
FEPTITLE:    TS          BOND2         ELECT2           VDW2

ENERGY: 1000000         2.9284        10.5970        16.6464         0.0000         -10563.4244      1353.1949         0.0000         0.0000      1772.2420          -7407.8157       300.8375     -9180.0577     -7484.7942       301.7877           -545.0557      -512.6746     31117.6760      -144.2368       -73.4262
FEP:    1000000        30.1718    -10564.2528      1353.4714

WRITING EXTENDED SYSTEM TO RESTART FILE AT STEP 1000000
WRITING COORDINATES TO DCD FILE mobley_3589456_prod.dcd AT STEP 1000000
WRITING COORDINATES TO RESTART FILE AT STEP 1000000
FINISHED WRITING RESTART COORDINATES
WRITING VELOCITIES TO RESTART FILE AT STEP 1000000
FINISHED WRITING RESTART VELOCITIES
PRESSURE: 1100000 -459.019 -193.23 -233.605 -193.228 -145.738 -82.1019 -233.605 -82.1026 -60.9077
GPRESSURE: 1100000 -241.532 26.9457 -336.228 -482.377 17.0217 73.3036 204.188 -247.312 -9.14903
PRESSAVG: 1100000 -256.531 42.7453 21.8052 42.7453 -244.08 26.5981 21.8052 26.5981 -194.288
GPRESSAVG: 1100000 -178.707 -16.314 29.8788 -14.8193 -191.921 35.7273 54.6496 -13.7827 -97.6419
ENERGY: 1100000         2.1778         9.0457        14.9966         0.0000         -10781.3535      1441.7000         0.0000         0.0000      1754.1099          -7559.3235       297.7596     -9313.4334     -7491.0050       301.4520           -221.8880       -77.8865     30418.9602      -150.7077       -73.7979
FEP:    1100000        26.2202    -10783.2360      1442.5703

WRITING EXTENDED SYSTEM TO RESTART FILE AT STEP 1100000
WRITING COORDINATES TO DCD FILE mobley_3589456_prod.dcd AT STEP 1100000
WRITING COORDINATES TO RESTART FILE AT STEP 1100000
FINISHED WRITING RESTART COORDINATES
WRITING VELOCITIES TO RESTART FILE AT STEP 1100000
FINISHED WRITING RESTART VELOCITIES
PRESSURE: 1200000 212.338 129.272 465.839 129.27 277.927 284.969 465.835 284.969 -362.537
GPRESSURE: 1200000 262.68 234.844 472.747 130.409 377.801 -1.56538 388.882 536.091 -333.522
PRESSAVG: 1200000 -247.58 65.1787 63.2101 65.1787 -228.415 54.6699 63.2101 54.6699 -154.129
GPRESSAVG: 1200000 -156.614 3.5663 70.3743 31.6458 -183.225 43.2992 94.7741 34.2833 -61.2394
ENERGY: 1200000         0.7398        10.0230        15.1107         0.0000         -10751.8354      1436.3070         0.0000         0.0000      1789.4447          -7500.2103       303.7576     -9289.6550     -7491.7131       301.6294             42.5759       102.3198     30349.7890      -135.8398       -60.2504
FEP:    1200000        25.8735    -10752.5001      1436.4361

WRITING EXTENDED SYSTEM TO RESTART FILE AT STEP 1200000
WRITING COORDINATES TO DCD FILE mobley_3589456_prod.dcd AT STEP 1200000
WRITING COORDINATES TO RESTART FILE AT STEP 1200000
FINISHED WRITING RESTART COORDINATES
WRITING VELOCITIES TO RESTART FILE AT STEP 1200000
FINISHED WRITING RESTART VELOCITIES
PRESSURE: 1300000 255.749 -241.728 75.3743 -241.728 -371.628 -790.299 75.3727 -790.299 -49.5977
GPRESSURE: 1300000 264.135 7.23879 -117.187 -145.451 -368.602 -707.27 409.388 -1086.64 67.9118
PRESSAVG: 1300000 -231.832 53.278 89.3345 53.278 -210.684 12.9386 89.3345 12.9386 -146.177
GPRESSAVG: 1300000 -139.703 24.0929 81.5288 14.6655 -174.845 5.89794 119.246 -15.2471 -49.2455
ENERGY: 1300000         0.8045         8.0894        16.5199         0.0000         -10730.4817      1398.2494         0.0000         0.0000      1763.9001          -7542.9185       299.4215     -9306.8186     -7495.3706       301.4717            -55.1590       -12.1850     29917.0839      -130.0769       -56.8171
FEP:    1300000        25.4138    -10731.3281      1398.7207

WRITING EXTENDED SYSTEM TO RESTART FILE AT STEP 1300000
WRITING COORDINATES TO DCD FILE mobley_3589456_prod.dcd AT STEP 1300000
WRITING COORDINATES TO RESTART FILE AT STEP 1300000
FINISHED WRITING RESTART COORDINATES
WRITING VELOCITIES TO RESTART FILE AT STEP 1300000
FINISHED WRITING RESTART VELOCITIES
PRESSURE: 1400000 -546.468 533.876 -34.4627 533.879 -59.0614 63.5026 -34.4634 63.501 -404.545
GPRESSURE: 1400000 -312.33 153.749 43.9119 657.66 -35.5369 206.157 372.054 108.638 -470.737
PRESSAVG: 1400000 -321.364 66.6093 67.7028 66.6093 -250.202 23.4659 67.7028 23.4659 -176.977
GPRESSAVG: 1400000 -219.359 33.3361 65.5579 48.2586 -216.746 6.49486 115.943 13.8514 -92.0434
ENERGY: 1400000         2.6910         6.9363        16.8009         0.0000         -10709.4465      1416.1818         0.0000         0.0000      1747.7160          -7519.1205       296.6742     -9266.8365     -7496.9539       301.1518           -336.6914      -272.8678     30757.0471      -143.8512       -71.2205
FEP:    1400000        26.4281    -10710.0088      1415.9440

WRITING EXTENDED SYSTEM TO RESTART FILE AT STEP 1400000
WRITING COORDINATES TO DCD FILE mobley_3589456_prod.dcd AT STEP 1400000
WRITING COORDINATES TO RESTART FILE AT STEP 1400000
FINISHED WRITING RESTART COORDINATES
WRITING VELOCITIES TO RESTART FILE AT STEP 1400000
FINISHED WRITING RESTART VELOCITIES
PRESSURE: 1500000 -229.219 -241.538 -475.147 -241.542 -120.046 -585.458 -475.146 -585.459 311.42
GPRESSURE: 1500000 -162.905 -272.192 -530.947 -205.403 -9.11379 -253.267 -276.674 -205.307 257.676
PRESSAVG: 1500000 -286.115 35.2399 73.0833 35.2399 -238.143 15.3215 73.0833 15.3215 -131.951
GPRESSAVG: 1500000 -192.756 -3.62071 52.2283 18.7043 -200.011 7.76945 137.795 30.3401 -51.7211
ENERGY: 1500000         5.7292         8.4125        17.2784         0.0000         -10580.7559      1397.7215         0.0000         0.0000      1819.6413          -7331.9730       308.8835     -9151.6143     -7486.6426       301.6351            -12.6154        28.5522     30350.2070      -135.6489       -64.9847
FEP:    1500000        31.4201    -10582.0330      1398.2864

WRITING EXTENDED SYSTEM TO RESTART FILE AT STEP 1500000
WRITING COORDINATES TO DCD FILE mobley_3589456_prod.dcd AT STEP 1500000
WRITING COORDINATES TO RESTART FILE AT STEP 1500000
FINISHED WRITING RESTART COORDINATES
WRITING VELOCITIES TO RESTART FILE AT STEP 1500000
FINISHED WRITING RESTART VELOCITIES
TCL: Running FEP window  17: Lambda1 0.8000000000000002 Lambda2 0.8500000000000002 [dLambda 0.050000000000000044]
TCL: Setting parameter firsttimestep to 0
TCL: Setting parameter alchLambda to 0.8000000000000002
Info: NONBONDED TABLE R-SQUARED SPACING: 0.0625
Info: NONBONDED TABLE SIZE: 705 POINTS
Info: INCONSISTENCY IN FAST TABLE ENERGY VS FORCE: 0.000290481 AT 0.251946
Info: INCONSISTENCY IN SCOR TABLE ENERGY VS FORCE: 0.000238233 AT 8.9687
Info: ABSOLUTE IMPRECISION IN VDWA TABLE ENERGY: 1.21169e-27 AT 8.99653
Info: ABSOLUTE IMPRECISION IN VDWA TABLE FORCE: 2.57484e-27 AT 8.99653
Info: INCONSISTENCY IN VDWA TABLE ENERGY VS FORCE: 0.0040507 AT 0.251946
Info: INCONSISTENCY IN VDWB TABLE ENERGY VS FORCE: 0.00150189 AT 0.251946
TCL: Setting parameter alchLambda2 to 0.8500000000000002
Info: NONBONDED TABLE R-SQUARED SPACING: 0.0625
Info: NONBONDED TABLE SIZE: 705 POINTS
Info: INCONSISTENCY IN FAST TABLE ENERGY VS FORCE: 0.000290481 AT 0.251946
Info: INCONSISTENCY IN SCOR TABLE ENERGY VS FORCE: 0.000238233 AT 8.9687
Info: ABSOLUTE IMPRECISION IN VDWA TABLE ENERGY: 1.21169e-27 AT 8.99653
Info: ABSOLUTE IMPRECISION IN VDWA TABLE FORCE: 2.57484e-27 AT 8.99653
Info: INCONSISTENCY IN VDWA TABLE ENERGY VS FORCE: 0.0040507 AT 0.251946
Info: INCONSISTENCY IN VDWB TABLE ENERGY VS FORCE: 0.00150189 AT 0.251946
TCL: Running for 1500000 steps
FEP: RESETTING FOR NEW FEP WINDOW LAMBDA SET TO 0.8 LAMBDA2 0.85
FEP: WINDOW TO HAVE 100000 STEPS OF EQUILIBRATION PRIOR TO FEP DATA COLLECTION.
FEP: USING CONSTANT TEMPERATURE OF 300 K FOR FEP CALCULATION
PRESSURE: 0 -244.366 -205.321 -463.985 -205.322 -162.659 -517.685 -463.985 -517.683 296.128
GPRESSURE: 0 -151.356 -277.241 -531.559 -211.778 11.0993 -252.927 -280.299 -205.25 277.999
ETITLE:      TS           BOND          ANGLE          DIHED          IMPRP               ELECT            VDW       BOUNDARY           MISC        KINETIC               TOTAL           TEMP      POTENTIAL       TOTALAVG        TEMPAVG            PRESSURE      GPRESSURE         VOLUME       PRESSAVG      GPRESSAVG
FEPTITLE:    TS          BOND2         ELECT2           VDW2

ENERGY:       0         5.7292         8.4125        17.2784         0.0000         -10582.0316      1398.2866         0.0000         0.0000      1818.7876          -7333.5374       308.7386     -9152.3250     -7333.5374       308.7386            -36.9658        45.9141     30350.2070       -36.9658        45.9141
FEP:          0        31.4201    -10583.3088      1399.4949

PRESSURE: 100000 209.82 -345.017 276.353 -345.018 853.173 -374.987 276.352 -374.987 -418.615
GPRESSURE: 100000 296.494 -644.806 461.143 -434.908 862.529 -165.678 4.33279 -90.2249 -311.136
PRESSAVG: 100000 -225.514 -8.8025 68.518 -8.8025 -164.031 -61.7373 68.518 -61.7373 -62.086
GPRESSAVG: 100000 -131.7 -64.0893 44.3848 -18.4825 -124.002 -53.5133 152.584 5.95082 14.702
ENERGY:  100000         2.2192        13.2227        15.6131         0.0000         -10833.7230      1498.3071         0.0000         0.0000      1803.1833          -7501.1776       306.0898     -9304.3609     -7417.3575       307.4142            214.7926       282.6291     30588.9342        88.9134       164.2716
FEP:     100000        31.0550    -10834.8510      1498.5380

WRITING EXTENDED SYSTEM TO RESTART FILE AT STEP 100000
WRITING COORDINATES TO DCD FILE mobley_3589456_prod.dcd AT STEP 100000
WRITING COORDINATES TO RESTART FILE AT STEP 100000
FINISHED WRITING RESTART COORDINATES
WRITING VELOCITIES TO RESTART FILE AT STEP 100000
FINISHED WRITING RESTART VELOCITIES
PRESSURE: 200000 -736.972 106.292 -152.545 106.293 -11.4645 218.186 -152.55 218.188 488.096
GPRESSURE: 200000 -768.531 37.7693 -60.1593 182.629 119.667 542.671 36.7495 38.9285 562.246
PRESSAVG: 200000 -218.453 -35.5238 53.3809 -35.5238 -123.473 -49.7515 53.3809 -49.7515 7.01826
GPRESSAVG: 200000 -140.229 -77.7041 45.9342 -33.022 -71.7269 -18.4692 133.326 9.10861 82.8189
ENERGY:  200000         4.1185         8.7303        14.2837         0.0000         -10662.3603      1412.3457         0.0000         0.0000      1766.0876          -7456.7945       299.7928     -9222.8821     -7430.5032       304.8737            -86.7803       -28.8729     30342.8984        30.3488        99.8901
FEP:     200000        27.1325    -10663.7442      1413.2018

WRITING EXTENDED SYSTEM TO RESTART FILE AT STEP 200000
WRITING COORDINATES TO DCD FILE mobley_3589456_prod.dcd AT STEP 200000
WRITING COORDINATES TO RESTART FILE AT STEP 200000
FINISHED WRITING RESTART COORDINATES
WRITING VELOCITIES TO RESTART FILE AT STEP 200000
FINISHED WRITING RESTART VELOCITIES
PRESSURE: 300000 -103.706 -25.5463 -299.222 -25.5461 -478.219 -14.522 -299.221 -14.5229 -41.1471
GPRESSURE: 300000 -257.601 -82.9184 -147.803 -158.879 -220.08 179.183 -400.547 65.9505 -182.272
PRESSAVG: 300000 -187.949 -31.7331 36.5489 -31.7331 -142.218 -48.0909 36.5489 -48.0909 -12.8875
GPRESSAVG: 300000 -117.253 -79.2896 29.3354 -36.4237 -74.3159 2.88883 110.57 1.98745 47.5583
ENERGY:  300000         3.3641        11.9371        14.8366         0.0000         -10835.2834      1448.1606         0.0000         0.0000      1710.4875          -7646.4976       290.3547     -9356.9850     -7484.5018       301.2440           -207.6909      -219.9844     30449.9019       -29.1611        19.9215
FEP:     300000        30.1378    -10836.3158      1448.0131

WRITING EXTENDED SYSTEM TO RESTART FILE AT STEP 300000
WRITING COORDINATES TO DCD FILE mobley_3589456_prod.dcd AT STEP 300000
WRITING COORDINATES TO RESTART FILE AT STEP 300000
FINISHED WRITING RESTART COORDINATES
WRITING VELOCITIES TO RESTART FILE AT STEP 300000
FINISHED WRITING RESTART VELOCITIES
PRESSURE: 400000 -325.621 -15.9978 806.577 -15.9979 -543.113 -350.332 806.58 -350.334 232.825
GPRESSURE: 400000 -206.137 -322.033 744.221 79.7953 -430.899 -345.652 723.933 -259.404 165.24
PRESSAVG: 400000 -169.793 -30.731 74.6551 -30.731 -163.57 -62.5063 74.6551 -62.5063 -15.3393
GPRESSAVG: 400000 -92.6985 -92.9345 57.4977 -27.9873 -87.8522 -2.34464 144.025 -21.7791 29.4533
ENERGY:  400000         2.1314        15.6187        15.2313         0.0000         -10719.6401      1402.1124         0.0000         0.0000      1749.6165          -7534.9298       296.9968     -9284.5462     -7494.5874       300.3945           -211.9698      -157.2654     30618.3109       -65.7229       -15.5159
FEP:     400000        32.9814    -10720.7258      1402.5651

WRITING EXTENDED SYSTEM TO RESTART FILE AT STEP 400000
WRITING COORDINATES TO DCD FILE mobley_3589456_prod.dcd AT STEP 400000
WRITING COORDINATES TO RESTART FILE AT STEP 400000
FINISHED WRITING RESTART COORDINATES
WRITING VELOCITIES TO RESTART FILE AT STEP 400000
FINISHED WRITING RESTART VELOCITIES
PRESSURE: 500000 -543.309 -55.8383 77.7116 -55.8401 -801.487 -100.615 77.7151 -100.613 -808.01
GPRESSURE: 500000 -469.869 10.7465 157.417 -222.524 -850.685 -75.0131 71.2242 -359.099 -665.509
PRESSAVG: 500000 -180.436 -16.184 48.8813 -16.184 -167.68 -96.2467 48.8813 -96.2467 -28.0998
GPRESSAVG: 500000 -99.2393 -86.0019 26.3932 -27.0485 -95.3213 -32.2564 119.963 -63.2175 14.7254
ENERGY:  500000         2.8208         7.1594        15.6920         0.0000         -10727.8584      1384.7229         0.0000         0.0000      1749.4743          -7567.9888       296.9727     -9317.4631     -7506.8210       299.8242           -717.6021      -662.0208     30842.4687      -174.3694      -123.2667
FEP:     500000        25.6723    -10729.3671      1385.9220

WRITING EXTENDED SYSTEM TO RESTART FILE AT STEP 500000
WRITING COORDINATES TO DCD FILE mobley_3589456_prod.dcd AT STEP 500000
WRITING COORDINATES TO RESTART FILE AT STEP 500000
FINISHED WRITING RESTART COORDINATES
WRITING VELOCITIES TO RESTART FILE AT STEP 500000
FINISHED WRITING RESTART VELOCITIES
PRESSURE: 600000 148.588 30.9575 192.196 30.9571 899.874 -551.076 192.194 -551.074 123.163
GPRESSURE: 600000 354.696 -362.537 132.993 383.653 828.757 -713.398 138.87 -633.87 280.487
PRESSAVG: 600000 -187.747 -22.674 34.8722 -22.674 -123.592 -147.508 34.8722 -147.508 -59.144
GPRESSAVG: 600000 -98.3923 -112.828 6.84746 -7.99377 -60.8979 -100.427 115.95 -95.9207 -12.0368
ENERGY:  600000         1.1103        14.2243        16.0450         0.0000         -10686.0024      1457.1854         0.0000         0.0000      1818.3115          -7379.1259       308.6578     -9197.4374     -7488.5788       301.0862            390.5414       487.9801     30093.1141       -93.6679       -35.9457
FEP:     600000        31.3796    -10687.7666      1457.4895

WRITING EXTENDED SYSTEM TO RESTART FILE AT STEP 600000
WRITING COORDINATES TO DCD FILE mobley_3589456_prod.dcd AT STEP 600000
WRITING COORDINATES TO RESTART FILE AT STEP 600000
FINISHED WRITING RESTART COORDINATES
WRITING VELOCITIES TO RESTART FILE AT STEP 600000
FINISHED WRITING RESTART VELOCITIES
PRESSURE: 700000 331.169 -170.505 10.573 -170.506 -117.023 621.139 10.5725 621.138 1123.55
GPRESSURE: 700000 384.129 -71.9013 -10.3829 -345.382 87.0615 516.532 -46.7476 339.056 1154.2
PRESSAVG: 700000 -181.127 -29.451 10.9766 -29.451 -134.397 -93.5479 10.9766 -93.5479 -51.1546
GPRESSAVG: 700000 -94.4253 -92.6167 -7.60965 -35.4599 -55.7966 -70.2501 92.9358 -49.3031 -10.8613
ENERGY:  700000         2.9110        14.6581        15.2756         0.0000         -10752.5114      1487.4605         0.0000         0.0000      1733.2796          -7498.9268       294.2236     -9232.2063     -7489.8723       300.2283            445.8989       541.7958     30194.6119       -26.2220        36.2720
FEP:     700000        32.8446    -10753.0858      1487.3698

WRITING EXTENDED SYSTEM TO RESTART FILE AT STEP 700000
WRITING COORDINATES TO DCD FILE mobley_3589456_prod.dcd AT STEP 700000
WRITING COORDINATES TO RESTART FILE AT STEP 700000
FINISHED WRITING RESTART COORDINATES
WRITING VELOCITIES TO RESTART FILE AT STEP 700000
FINISHED WRITING RESTART VELOCITIES
PRESSURE: 800000 -112.461 -25.2151 168.342 -25.2144 14.0234 500.66 168.341 500.655 -992.552
GPRESSURE: 800000 98.3199 291.189 62.3241 -249.141 -16.324 224.371 431.102 581.115 -1115.64
PRESSAVG: 800000 -173.867 -41.1836 53.5748 -41.1836 -137.885 -76.7142 53.5748 -76.7142 -94.4619
GPRESSAVG: 800000 -85.8668 -88.0916 20.8916 -52.0759 -61.5569 -66.8445 143.004 -33.6241 -62.2802
ENERGY:  800000         1.6522         9.2439        14.9676         0.0000         -10568.0765      1339.5929         0.0000         0.0000      1770.1308          -7432.4891       300.4791     -9202.6198     -7483.4964       300.2562           -363.6630      -344.5487     30274.6371       -63.7155        -6.0414
FEP:     800000        25.8637    -10569.2223      1339.5421

WRITING EXTENDED SYSTEM TO RESTART FILE AT STEP 800000
WRITING COORDINATES TO DCD FILE mobley_3589456_prod.dcd AT STEP 800000
WRITING COORDINATES TO RESTART FILE AT STEP 800000
FINISHED WRITING RESTART COORDINATES
WRITING VELOCITIES TO RESTART FILE AT STEP 800000
FINISHED WRITING RESTART VELOCITIES
PRESSURE: 900000 -355.801 -245.25 -69.6322 -245.249 491.564 -442.948 -69.6328 -442.95 -1006.24
GPRESSURE: 900000 -217.766 -762.633 189.611 131.739 530.758 -452.066 -56.5879 -172.729 -943.295
PRESSAVG: 900000 -159.847 -56.2895 56.0955 -56.2895 -73.5153 -88.6864 56.0955 -88.6864 -110.782
GPRESSAVG: 900000 -70.7201 -142.341 43.9008 -35.4063 -4.48841 -70.435 145.114 -40.245 -73.6484
ENERGY:  900000         3.5072         9.0452        15.0528         0.0000         -10699.7587      1416.0126         0.0000         0.0000      1760.2710          -7495.8699       298.8054     -9256.1409     -7484.7337       300.1111           -290.1572      -210.1010     30690.2583       -86.3596       -26.4474
FEP:     900000        27.6052    -10700.3469      1415.4356

WRITING EXTENDED SYSTEM TO RESTART FILE AT STEP 900000
WRITING COORDINATES TO DCD FILE mobley_3589456_prod.dcd AT STEP 900000
WRITING COORDINATES TO RESTART FILE AT STEP 900000
FINISHED WRITING RESTART COORDINATES
WRITING VELOCITIES TO RESTART FILE AT STEP 900000
FINISHED WRITING RESTART VELOCITIES
PRESSURE: 1000000 -119.868 320.414 -632.606 320.414 -1128.73 262.836 -632.609 262.836 -427.917
GPRESSURE: 1000000 -95.7285 16.5345 -688.613 285.777 -1046.35 144.305 -439.73 215.534 -627.207
PRESSAVG: 1000000 -163.429 -32.6302 12.2083 -32.6302 -95.3087 -90.2027 12.2083 -90.2027 -100.837
GPRESSAVG: 1000000 -78.4974 -120.005 16.9786 -22.6103 -34.3604 -70.4667 107.193 -41.769 -78.618
TIMING: 1000000  CPU: 9507.63, 0.000382165/step  Wall: 9597.75, 0.000385892/step, 447.794 ns/days, 0.053596 hours remaining, 0.000000 MB of memory in use.
PERFORMANCE: 1000000  averaging 448.932 ns/day, 0.000384914 sec/step with standard deviation 1.37215e-05
ETITLE:      TS           BOND          ANGLE          DIHED          IMPRP               ELECT            VDW       BOUNDARY           MISC        KINETIC               TOTAL           TEMP      POTENTIAL       TOTALAVG        TEMPAVG            PRESSURE      GPRESSURE         VOLUME       PRESSAVG      GPRESSAVG
FEPTITLE:    TS          BOND2         ELECT2           VDW2

ENERGY: 1000000         2.3164        11.3784        16.6733         0.0000         -10664.7380      1370.5725         0.0000         0.0000      1786.2099          -7477.5875       303.2085     -9263.7974     -7484.0841       300.3927           -558.8384      -589.7618     30687.2866      -129.3123       -77.6578
FEP:    1000000        30.3681    -10666.1466      1371.6483

WRITING EXTENDED SYSTEM TO RESTART FILE AT STEP 1000000
WRITING COORDINATES TO DCD FILE mobley_3589456_prod.dcd AT STEP 1000000
WRITING COORDINATES TO RESTART FILE AT STEP 1000000
FINISHED WRITING RESTART COORDINATES
WRITING VELOCITIES TO RESTART FILE AT STEP 1000000
FINISHED WRITING RESTART VELOCITIES
PRESSURE: 1100000 -196.952 -309.233 -148.524 -309.234 -712.415 -350.429 -148.522 -350.431 21.9883
GPRESSURE: 1100000 12.8935 -81.7669 317.368 -401.79 -458.53 -413.439 -246.392 -428.786 -88.8221
PRESSAVG: 1100000 -155.846 -73.5173 15.4578 -73.5173 -136.429 -91.5707 15.4578 -91.5707 -112.924
GPRESSAVG: 1100000 -59.1053 -151.545 50.8239 -53.2884 -59.0037 -68.9993 91.2173 -54.9471 -109.654
ENERGY: 1100000         3.1439        18.5498        15.4573         0.0000         -10729.6397      1420.9168         0.0000         0.0000      1786.1435          -7485.4285       303.1973     -9271.5720     -7484.1961       300.6264           -295.7930      -178.1527     30621.0041      -143.1856       -86.0324
FEP:    1100000        37.1510    -10731.1106      1421.5288

WRITING EXTENDED SYSTEM TO RESTART FILE AT STEP 1100000
WRITING COORDINATES TO DCD FILE mobley_3589456_prod.dcd AT STEP 1100000
WRITING COORDINATES TO RESTART FILE AT STEP 1100000
FINISHED WRITING RESTART COORDINATES
WRITING VELOCITIES TO RESTART FILE AT STEP 1100000
FINISHED WRITING RESTART VELOCITIES
PRESSURE: 1200000 316.903 -414.503 -334.142 -414.503 497.485 219.925 -334.142 219.93 213.529
GPRESSURE: 1200000 280.31 -610.438 -360.634 -307.373 639.099 362.399 -342.757 233.863 405.474
PRESSAVG: 1200000 -187.137 -83.0265 1.40028 -83.0265 -87.7161 -85.8789 1.40028 -85.8789 -116.167
GPRESSAVG: 1200000 -96.4806 -171.646 31.9384 -65.1542 -9.89981 -47.032 74.7506 -50.4689 -101.266
ENERGY: 1200000         2.9797        12.1892        15.5645         0.0000         -10783.0968      1467.1048         0.0000         0.0000      1779.5488          -7505.7098       302.0778     -9285.2585     -7485.8510       300.7381            342.6391       441.6278     29970.4998      -105.8145       -45.4431
FEP:    1200000        30.7335    -10784.4185      1467.5968

WRITING EXTENDED SYSTEM TO RESTART FILE AT STEP 1200000
WRITING COORDINATES TO DCD FILE mobley_3589456_prod.dcd AT STEP 1200000
WRITING COORDINATES TO RESTART FILE AT STEP 1200000
FINISHED WRITING RESTART COORDINATES
WRITING VELOCITIES TO RESTART FILE AT STEP 1200000
FINISHED WRITING RESTART VELOCITIES
PRESSURE: 1300000 -779.791 -547.457 -75.9566 -547.459 -1346.01 -29.9632 -75.9555 -29.963 -821.957
GPRESSURE: 1300000 -551.984 -247.942 -171.003 -991.402 -1151.67 69.5011 232.42 -172.047 -832.568
PRESSAVG: 1300000 -204.618 -119.304 -20.8623 -119.304 -143.248 -101.35 -20.8623 -101.35 -175.186
GPRESSAVG: 1300000 -109.799 -174.794 -5.98169 -131.907 -59.9881 -48.0931 57.2122 -74.195 -157.349
ENERGY: 1300000         2.8353        11.5017        15.4392         0.0000         -10596.9983      1322.9843         0.0000         0.0000      1749.2026          -7495.0353       296.9266     -9244.2379     -7486.5070       300.4658           -982.5848      -845.4075     30631.0364      -168.4410      -102.5834
FEP:    1300000        29.7761    -10598.1098      1323.7137

WRITING EXTENDED SYSTEM TO RESTART FILE AT STEP 1300000
WRITING COORDINATES TO DCD FILE mobley_3589456_prod.dcd AT STEP 1300000
WRITING COORDINATES TO RESTART FILE AT STEP 1300000
FINISHED WRITING RESTART COORDINATES
WRITING VELOCITIES TO RESTART FILE AT STEP 1300000
FINISHED WRITING RESTART VELOCITIES
PRESSURE: 1400000 -147.181 -478.574 338.721 -478.574 -164.078 -541.722 338.72 -541.721 -508.68
GPRESSURE: 1400000 -10.4405 -647.21 438.155 44.4113 147.861 -539.311 50.6073 -370.282 -720.691
PRESSAVG: 1400000 -171.308 -119.707 -25.4075 -119.707 -156.381 -128.046 -25.4075 -128.046 -154.6
GPRESSAVG: 1400000 -74.6261 -180.23 3.26872 -113.017 -48.3068 -80.0582 48.7008 -105.589 -156.466
ENERGY: 1400000         1.6866        12.6171        14.9503         0.0000         -10679.8088      1372.8082         0.0000         0.0000      1730.1996          -7547.5470       293.7008     -9277.7466     -7490.5764       300.0148           -273.3130      -194.4235     29903.6163      -175.4324      -108.7061
FEP:    1400000        29.2540    -10680.5006      1372.9100

WRITING EXTENDED SYSTEM TO RESTART FILE AT STEP 1400000
WRITING COORDINATES TO DCD FILE mobley_3589456_prod.dcd AT STEP 1400000
WRITING COORDINATES TO RESTART FILE AT STEP 1400000
FINISHED WRITING RESTART COORDINATES
WRITING VELOCITIES TO RESTART FILE AT STEP 1400000
FINISHED WRITING RESTART VELOCITIES
PRESSURE: 1500000 111.279 14.4432 -271.068 14.4447 -185.723 -268.727 -271.068 -268.728 -562.865
GPRESSURE: 1500000 228.29 -170.389 -477.107 -114.438 -85.0232 -475.75 38.7252 -61.4534 -517.698
PRESSAVG: 1500000 -142.794 -109.324 -27.2806 -109.324 -158.38 -137.377 -27.2806 -137.377 -179.698
GPRESSAVG: 1500000 -51.135 -190.097 -3.77526 -94.6199 -53.409 -107.511 40.4277 -96.2961 -181.893
ENERGY: 1500000         1.7933         7.1343        16.4541         0.0000         -10642.2650      1415.9584         0.0000         0.0000      1701.7689          -7499.1559       288.8747     -9200.9248     -7491.1126       299.3186           -212.4360      -124.8104     30846.9471      -177.7452      -109.7126
FEP:    1500000        25.3817    -10642.3421      1416.2310

WRITING EXTENDED SYSTEM TO RESTART FILE AT STEP 1500000
WRITING COORDINATES TO DCD FILE mobley_3589456_prod.dcd AT STEP 1500000
WRITING COORDINATES TO RESTART FILE AT STEP 1500000
FINISHED WRITING RESTART COORDINATES
WRITING VELOCITIES TO RESTART FILE AT STEP 1500000
FINISHED WRITING RESTART VELOCITIES
TCL: Running FEP window  18: Lambda1 0.8500000000000002 Lambda2 0.9000000000000002 [dLambda 0.050000000000000044]
TCL: Setting parameter firsttimestep to 0
TCL: Setting parameter alchLambda to 0.8500000000000002
Info: NONBONDED TABLE R-SQUARED SPACING: 0.0625
Info: NONBONDED TABLE SIZE: 705 POINTS
Info: INCONSISTENCY IN FAST TABLE ENERGY VS FORCE: 0.000290481 AT 0.251946
Info: INCONSISTENCY IN SCOR TABLE ENERGY VS FORCE: 0.000238233 AT 8.9687
Info: ABSOLUTE IMPRECISION IN VDWA TABLE ENERGY: 1.21169e-27 AT 8.99653
Info: ABSOLUTE IMPRECISION IN VDWA TABLE FORCE: 2.57484e-27 AT 8.99653
Info: INCONSISTENCY IN VDWA TABLE ENERGY VS FORCE: 0.0040507 AT 0.251946
Info: INCONSISTENCY IN VDWB TABLE ENERGY VS FORCE: 0.00150189 AT 0.251946
TCL: Setting parameter alchLambda2 to 0.9000000000000002
Info: NONBONDED TABLE R-SQUARED SPACING: 0.0625
Info: NONBONDED TABLE SIZE: 705 POINTS
Info: INCONSISTENCY IN FAST TABLE ENERGY VS FORCE: 0.000290481 AT 0.251946
Info: INCONSISTENCY IN SCOR TABLE ENERGY VS FORCE: 0.000238233 AT 8.9687
Info: ABSOLUTE IMPRECISION IN VDWA TABLE ENERGY: 1.21169e-27 AT 8.99653
Info: ABSOLUTE IMPRECISION IN VDWA TABLE FORCE: 2.57484e-27 AT 8.99653
Info: INCONSISTENCY IN VDWA TABLE ENERGY VS FORCE: 0.0040507 AT 0.251946
Info: INCONSISTENCY IN VDWB TABLE ENERGY VS FORCE: 0.00150189 AT 0.251946
TCL: Running for 1500000 steps
FEP: RESETTING FOR NEW FEP WINDOW LAMBDA SET TO 0.85 LAMBDA2 0.9
FEP: WINDOW TO HAVE 100000 STEPS OF EQUILIBRATION PRIOR TO FEP DATA COLLECTION.
FEP: USING CONSTANT TEMPERATURE OF 300 K FOR FEP CALCULATION
PRESSURE: 0 175.483 48.4598 -198.041 48.4591 -208.353 -338.894 -198.043 -338.893 -550.262
GPRESSURE: 0 236.462 -179.736 -475.972 -124.558 -60.4638 -487.564 38.1644 -70.9381 -501.562
ETITLE:      TS           BOND          ANGLE          DIHED          IMPRP               ELECT            VDW       BOUNDARY           MISC        KINETIC               TOTAL           TEMP      POTENTIAL       TOTALAVG        TEMPAVG            PRESSURE      GPRESSURE         VOLUME       PRESSAVG      GPRESSAVG
FEPTITLE:    TS          BOND2         ELECT2           VDW2

ENERGY:       0         1.7933         7.1343        16.4541         0.0000         -10642.3425      1416.2310         0.0000         0.0000      1700.8841          -7499.8457       288.7245     -9200.7298     -7499.8457       288.7245           -194.3772      -108.5212     30846.9471      -194.3772      -108.5212
FEP:          0        25.3817    -10642.4197      1417.0401

PRESSURE: 100000 -741.543 -427.455 381.654 -427.453 -255.279 163.021 381.655 163.021 -285.151
GPRESSURE: 100000 -790.827 -616.251 695.796 -296.666 -138.809 200.143 182.384 227.675 -44.9843
PRESSAVG: 100000 -194.501 -122.651 -45.1604 -122.651 -176.877 -120.904 -45.1604 -120.904 -200.862
GPRESSAVG: 100000 -105.194 -242 -10.562 -114.929 -63.8326 -86.4402 11.5416 -60.9316 -195.94
ENERGY:  100000         1.8533        12.1461        15.4125         0.0000         -10627.8377      1378.0330         0.0000         0.0000      1824.3528          -7396.0400       309.6833     -9220.3928     -7447.9428       299.2039           -427.3243      -324.8734     30717.8430      -310.8507      -216.6973
FEP:     100000        29.4119    -10628.6845      1377.7318

WRITING EXTENDED SYSTEM TO RESTART FILE AT STEP 100000
WRITING COORDINATES TO DCD FILE mobley_3589456_prod.dcd AT STEP 100000
WRITING COORDINATES TO RESTART FILE AT STEP 100000
FINISHED WRITING RESTART COORDINATES
WRITING VELOCITIES TO RESTART FILE AT STEP 100000
FINISHED WRITING RESTART VELOCITIES
PRESSURE: 200000 112.818 295.95 190.403 295.949 669.872 -38.8935 190.405 -38.8937 196.295
GPRESSURE: 200000 73.7566 455.853 80.2046 426.597 861.877 -2.61917 353.937 -5.64043 360.828
PRESSAVG: 200000 -161.537 -134.547 -33.917 -134.547 -140.43 -126.024 -33.917 -126.024 -170.82
GPRESSAVG: 200000 -85.8897 -226.895 -8.74739 -126.482 -18.9619 -96.879 10.6357 -66.6455 -154.362
ENERGY:  200000         5.1706        12.4903        15.8919         0.0000         -10758.9950      1498.1704         0.0000         0.0000      1756.8592          -7470.4125       298.2263     -9227.2718     -7455.4327       298.8780            326.3282       432.1538     30525.2236       -98.4578        -0.4136
FEP:     200000        33.5529    -10759.9606      1499.2669

WRITING EXTENDED SYSTEM TO RESTART FILE AT STEP 200000
WRITING COORDINATES TO DCD FILE mobley_3589456_prod.dcd AT STEP 200000
WRITING COORDINATES TO RESTART FILE AT STEP 200000
FINISHED WRITING RESTART COORDINATES
WRITING VELOCITIES TO RESTART FILE AT STEP 200000
FINISHED WRITING RESTART VELOCITIES
PRESSURE: 300000 -872.131 -111.247 -280.62 -111.245 439.44 -270.353 -280.621 -270.354 -641.705
GPRESSURE: 300000 -763.054 -152.98 -400.392 -15.6381 500.477 -348.682 -83.8042 -172.429 -597.485
PRESSAVG: 300000 -193.682 -128.032 -24.1907 -128.032 -112.456 -110.269 -24.1907 -110.269 -218.476
GPRESSAVG: 300000 -115.897 -220.935 -2.21965 -116.994 6.51762 -101.65 20.2792 -65.0016 -197.12
ENERGY:  300000         4.7562         9.4581        17.2687         0.0000         -10613.7988      1380.0253         0.0000         0.0000      1765.5249          -7436.7656       299.6973     -9202.2905     -7450.7660       299.0828           -358.1320      -286.6875     30513.6993      -163.3763       -71.9821
FEP:     300000        31.4829    -10614.9389      1379.8039

WRITING EXTENDED SYSTEM TO RESTART FILE AT STEP 300000
WRITING COORDINATES TO DCD FILE mobley_3589456_prod.dcd AT STEP 300000
WRITING COORDINATES TO RESTART FILE AT STEP 300000
FINISHED WRITING RESTART COORDINATES
WRITING VELOCITIES TO RESTART FILE AT STEP 300000
FINISHED WRITING RESTART VELOCITIES
PRESSURE: 400000 -844.308 231.366 192.306 231.367 512.838 -264.667 192.307 -264.666 -276.627
GPRESSURE: 400000 -850.76 363.355 -46.1157 339.499 689.383 -342.62 414.809 -416.841 -128.482
PRESSAVG: 400000 -223.679 -106.198 8.6239 -106.198 -78.6812 -97.6181 8.6239 -97.6181 -247.114
GPRESSAVG: 400000 -150.867 -188.905 22.0525 -89.43 40.4318 -106.134 55.0346 -75.5811 -217.444
ENERGY:  400000         2.4342        19.3176        15.2911         0.0000         -10710.3305      1432.5754         0.0000         0.0000      1761.8310          -7478.8811       299.0702     -9240.7121     -7456.3890       299.0803           -202.6991       -96.6198     30654.3828      -171.2409       -76.9096
FEP:     400000        37.0429    -10711.5454      1434.1995

WRITING EXTENDED SYSTEM TO RESTART FILE AT STEP 400000
WRITING COORDINATES TO DCD FILE mobley_3589456_prod.dcd AT STEP 400000
WRITING COORDINATES TO RESTART FILE AT STEP 400000
FINISHED WRITING RESTART COORDINATES
WRITING VELOCITIES TO RESTART FILE AT STEP 400000
FINISHED WRITING RESTART VELOCITIES
PRESSURE: 500000 -490.951 -277.165 508.68 -277.164 361.084 277.529 508.677 277.525 -1274.02
GPRESSURE: 500000 -728.316 -74.069 515.497 -376.119 519.466 310.121 567.509 417.108 -1168.66
PRESSAVG: 500000 -258.718 -102.805 20.2402 -102.805 -103.286 -64.9925 20.2402 -64.9925 -289.884
GPRESSAVG: 500000 -202.108 -160.368 24.7702 -86.4905 23.2786 -82.3444 83.1934 -50.2145 -260.32
ENERGY:  500000         1.6193        12.3075        14.8068         0.0000         -10688.0127      1372.8152         0.0000         0.0000      1758.2027          -7528.2612       298.4543     -9286.4638     -7468.3677       298.9760           -467.9604      -459.1714     30419.0318      -220.6941      -140.6199
FEP:     500000        28.7337    -10688.6280      1373.0346

WRITING EXTENDED SYSTEM TO RESTART FILE AT STEP 500000
WRITING COORDINATES TO DCD FILE mobley_3589456_prod.dcd AT STEP 500000
WRITING COORDINATES TO RESTART FILE AT STEP 500000
FINISHED WRITING RESTART COORDINATES
WRITING VELOCITIES TO RESTART FILE AT STEP 500000
FINISHED WRITING RESTART VELOCITIES
PRESSURE: 600000 881.392 -20.5322 431.453 -20.5352 142.675 -328.077 431.451 -328.073 373.105
GPRESSURE: 600000 949.512 -30.2179 266.107 -2.5511 318.499 -238.124 229.439 -522.562 383.467
PRESSAVG: 600000 -177.8 -109.146 49.4402 -109.146 -95.5787 -92.3056 49.4402 -92.3056 -295.633
GPRESSAVG: 600000 -116.206 -163.767 41.0835 -95.7495 33.2202 -121.384 92.8279 -78.289 -269.259
ENERGY:  600000         1.6653        10.4521        15.8629         0.0000         -10821.4667      1495.1701         0.0000         0.0000      1731.0688          -7567.2475       293.8484     -9298.3163     -7482.4934       298.2435            465.7239       550.4927     30281.2249      -122.6344       -41.8895
FEP:     600000        27.9802    -10822.6875      1495.3436

WRITING EXTENDED SYSTEM TO RESTART FILE AT STEP 600000
WRITING COORDINATES TO DCD FILE mobley_3589456_prod.dcd AT STEP 600000
WRITING COORDINATES TO RESTART FILE AT STEP 600000
FINISHED WRITING RESTART COORDINATES
WRITING VELOCITIES TO RESTART FILE AT STEP 600000
FINISHED WRITING RESTART VELOCITIES
PRESSURE: 700000 259.8 -553.136 -239.424 -553.135 -114.012 514.572 -239.421 514.57 108.283
GPRESSURE: 700000 250.719 -480.951 -283.331 -667.038 -19.7639 335.099 -134.872 559.642 117.524
PRESSAVG: 700000 -159.624 -135.526 52.4302 -135.526 -77.3683 -65.851 52.4302 -65.851 -288.162
GPRESSAVG: 700000 -90.7896 -183.669 34.3072 -121.157 43.2361 -113.588 106.112 -53.6044 -254.27
ENERGY:  700000         2.7121        11.8038        16.2892         0.0000         -10726.2684      1446.7021         0.0000         0.0000      1800.7779          -7447.9835       305.6814     -9248.7613     -7478.1796       299.1732             84.6902       116.1596     30475.9204       -96.7189       -22.1334
FEP:     700000        30.8050    -10727.8123      1447.6903

WRITING EXTENDED SYSTEM TO RESTART FILE AT STEP 700000
WRITING COORDINATES TO DCD FILE mobley_3589456_prod.dcd AT STEP 700000
WRITING COORDINATES TO RESTART FILE AT STEP 700000
FINISHED WRITING RESTART COORDINATES
WRITING VELOCITIES TO RESTART FILE AT STEP 700000
FINISHED WRITING RESTART VELOCITIES
PRESSURE: 800000 95.9467 499.8 -89.0515 499.799 827.814 -627.384 -89.0498 -627.384 -270.724
GPRESSURE: 800000 -69.2326 149.312 -418.742 645.104 856.816 -451.353 163.75 -704.966 -276.48
PRESSAVG: 800000 -138.546 -109.736 7.64872 -109.736 -8.82194 -79.7035 7.64872 -79.7035 -313.339
GPRESSAVG: 800000 -83.9444 -160.102 -23.841 -92.8921 107.622 -118.873 78.1025 -75.8825 -276.356
ENERGY:  800000         1.6046        12.8720        15.1081         0.0000         -10781.2125      1475.8354         0.0000         0.0000      1808.8727          -7466.9197       307.0555     -9275.7924     -7476.9285       300.0490            217.6788       170.3680     30921.1356       -61.7858        -0.7443
FEP:     800000        29.5848    -10782.4042      1477.9357

WRITING EXTENDED SYSTEM TO RESTART FILE AT STEP 800000
WRITING COORDINATES TO DCD FILE mobley_3589456_prod.dcd AT STEP 800000
WRITING COORDINATES TO RESTART FILE AT STEP 800000
FINISHED WRITING RESTART COORDINATES
WRITING VELOCITIES TO RESTART FILE AT STEP 800000
FINISHED WRITING RESTART VELOCITIES
PRESSURE: 900000 1081.35 -258.031 -71.8299 -258.029 1578.41 201.725 -71.8315 201.724 2219.07
GPRESSURE: 900000 1232.77 -129.494 -58.1369 -449.605 1674.9 455.631 -112.637 64.2836 2266.03
PRESSAVG: 900000 -57.3129 -119.846 0.17139 -119.846 110.173 -64.5867 0.17139 -64.5867 -161.985
GPRESSAVG: 900000 1.18758 -167.114 -34.6187 -104.246 233.901 -92.3412 68.9095 -54.7134 -129.779
ENERGY:  900000         2.0005        11.2102        16.8810         0.0000         -11003.3464      1616.7760         0.0000         0.0000      1731.2881          -7625.1906       293.8856     -9356.4786     -7491.7547       299.4327           1626.2736      1724.5644     29613.1959       107.0202       171.7865
FEP:     900000        30.0917    -11004.0239      1617.2077

WRITING EXTENDED SYSTEM TO RESTART FILE AT STEP 900000
WRITING COORDINATES TO DCD FILE mobley_3589456_prod.dcd AT STEP 900000
WRITING COORDINATES TO RESTART FILE AT STEP 900000
FINISHED WRITING RESTART COORDINATES
WRITING VELOCITIES TO RESTART FILE AT STEP 900000
FINISHED WRITING RESTART VELOCITIES
PRESSURE: 1000000 461.585 229.695 -19.0344 229.693 -484.389 -220.536 -19.0371 -220.535 468.613
GPRESSURE: 1000000 484.87 184.721 76.2362 224.688 -380.744 -297.647 -46.3949 -20.895 602.647
PRESSAVG: 1000000 -41.663 -109.909 -10.3902 -109.909 40.9596 -48.0597 -10.3902 -48.0597 -144.713
GPRESSAVG: 1000000 7.69625 -139.751 -37.4566 -112.194 173.426 -71.5537 59.6463 -24.0646 -113.671
TIMING: 1000000  CPU: 10099.2, 0.000393201/step  Wall: 10201.6, 0.000401392/step, 430.501 ns/days, 0.0557489 hours remaining, 0.000000 MB of memory in use.
PERFORMANCE: 1000000  averaging 447.867 ns/day, 0.000385829 sec/step with standard deviation 1.38669e-05
ETITLE:      TS           BOND          ANGLE          DIHED          IMPRP               ELECT            VDW       BOUNDARY           MISC        KINETIC               TOTAL           TEMP      POTENTIAL       TOTALAVG        TEMPAVG            PRESSURE      GPRESSURE         VOLUME       PRESSAVG      GPRESSAVG
FEPTITLE:    TS          BOND2         ELECT2           VDW2

ENERGY: 1000000         3.1703        10.4923        16.1561         0.0000         -10826.9117      1477.5890         0.0000         0.0000      1756.9777          -7562.5262       298.2464     -9319.5039     -7498.1885       299.3248            148.6029       235.5912     30505.7728       110.8004       177.5870
FEP:    1000000        29.8188    -10827.8366      1478.2085

WRITING EXTENDED SYSTEM TO RESTART FILE AT STEP 1000000
WRITING COORDINATES TO DCD FILE mobley_3589456_prod.dcd AT STEP 1000000
WRITING COORDINATES TO RESTART FILE AT STEP 1000000
FINISHED WRITING RESTART COORDINATES
WRITING VELOCITIES TO RESTART FILE AT STEP 1000000
FINISHED WRITING RESTART VELOCITIES
PRESSURE: 1100000 332.12 -374.725 -603.728 -374.724 399.054 -290.305 -603.731 -290.307 179.315
GPRESSURE: 1100000 416.601 -557.929 -257.469 -342.757 229.232 50.3313 -976.006 -420.795 242.202
PRESSAVG: 1100000 -41.6154 -120.12 -41.1053 -120.12 66.7634 -93.6319 -41.1053 -93.6319 -191.925
GPRESSAVG: 1100000 9.31984 -164.052 -49.8109 -112.063 180.534 -94.8637 13.1834 -62.0572 -159.271
ENERGY: 1100000         3.9339         9.7153        17.6420         0.0000         -10860.0140      1511.8323         0.0000         0.0000      1774.4349          -7542.4556       301.2097     -9316.8905     -7501.8774       299.4819            303.4965       296.0118     30501.7494       126.8584       187.4557
FEP:    1100000        31.2912    -10861.0811      1511.8279

WRITING EXTENDED SYSTEM TO RESTART FILE AT STEP 1100000
WRITING COORDINATES TO DCD FILE mobley_3589456_prod.dcd AT STEP 1100000
WRITING COORDINATES TO RESTART FILE AT STEP 1100000
FINISHED WRITING RESTART COORDINATES
WRITING VELOCITIES TO RESTART FILE AT STEP 1100000
FINISHED WRITING RESTART VELOCITIES
PRESSURE: 1200000 -91.1585 -74.9527 -355.21 -74.9517 541.813 88.0313 -355.207 88.0301 -215.874
GPRESSURE: 1200000 151.339 -228.988 -231.396 86.4163 614.604 -182.281 -610.21 248.331 -276.388
PRESSAVG: 1200000 -40.5503 -122.607 -67.2827 -122.607 93.1529 -114.263 -67.2827 -114.263 -153.091
GPRESSAVG: 1200000 11.9708 -190.061 -64.4969 -95.2852 212.081 -115.196 -38.8822 -78.6963 -117.308
ENERGY: 1200000         3.9267         9.2460        15.5872         0.0000         -10727.7319      1475.5007         0.0000         0.0000      1714.4705          -7509.0007       291.0308     -9223.4712     -7502.4254       298.8318             78.2601       163.1848     30917.8346       123.1201       185.5887
FEP:    1200000        28.7599    -10728.8795      1476.3631

WRITING EXTENDED SYSTEM TO RESTART FILE AT STEP 1200000
WRITING COORDINATES TO DCD FILE mobley_3589456_prod.dcd AT STEP 1200000
WRITING COORDINATES TO RESTART FILE AT STEP 1200000
FINISHED WRITING RESTART COORDINATES
WRITING VELOCITIES TO RESTART FILE AT STEP 1200000
FINISHED WRITING RESTART VELOCITIES
PRESSURE: 1300000 37.5555 -74.2206 123.783 -74.2207 577.039 -122.59 123.781 -122.592 -6.58963
GPRESSURE: 1300000 37.255 147.409 352.064 -97.4507 590.144 162.454 132.205 -334.695 109.391
PRESSAVG: 1300000 -20.8825 -114.055 -57.612 -114.055 97.4266 -98.2453 -57.612 -98.2453 -103.109
GPRESSAVG: 1300000 24.7218 -144.559 -56.3742 -106.745 215.05 -84.4703 -29.4426 -86.7947 -64.6736
ENERGY: 1300000         0.9587        10.7534        17.5525         0.0000         -10831.5592      1457.7008         0.0000         0.0000      1769.2100          -7575.3837       300.3228     -9344.5937     -7507.6367       298.9383            202.6683       245.5967     30085.7223       128.8021       189.8750
FEP:    1300000        29.2646    -10832.1729      1457.8014

WRITING EXTENDED SYSTEM TO RESTART FILE AT STEP 1300000
WRITING COORDINATES TO DCD FILE mobley_3589456_prod.dcd AT STEP 1300000
WRITING COORDINATES TO RESTART FILE AT STEP 1300000
FINISHED WRITING RESTART COORDINATES
WRITING VELOCITIES TO RESTART FILE AT STEP 1300000
FINISHED WRITING RESTART VELOCITIES
PRESSURE: 1400000 451.3 -171.502 -91.9447 -171.503 150.018 173.371 -91.9444 173.37 626.196
GPRESSURE: 1400000 360.03 -194.543 -237.29 -94.5692 103.41 191.946 -26.7755 228.547 907.369
PRESSAVG: 1400000 7.67585 -138.651 -30.5788 -138.651 161.364 -102.719 -30.5788 -102.719 -50.403
GPRESSAVG: 1400000 47.5098 -155.113 -33.8081 -125.762 272.538 -82.0883 -8.79489 -86.144 12.0552
ENERGY: 1400000         3.0905         9.3337        16.1401         0.0000         -10817.6587      1497.7047         0.0000         0.0000      1775.1479          -7516.2418       301.3308     -9291.3897     -7508.2104       299.0978            409.1713       456.9363     30235.4634       147.4934       207.6791
FEP:    1400000        28.5643    -10818.8063      1497.7872

WRITING EXTENDED SYSTEM TO RESTART FILE AT STEP 1400000
WRITING COORDINATES TO DCD FILE mobley_3589456_prod.dcd AT STEP 1400000
WRITING COORDINATES TO RESTART FILE AT STEP 1400000
FINISHED WRITING RESTART COORDINATES
WRITING VELOCITIES TO RESTART FILE AT STEP 1400000
FINISHED WRITING RESTART VELOCITIES
PRESSURE: 1500000 -2284.58 359.933 -298.5 359.933 -1637.71 -454.23 -298.499 -454.23 -1011.97
GPRESSURE: 1500000 -2258.7 -26.0916 -336.398 510.296 -1536.71 -434.201 -134.816 -208.349 -1158.07
PRESSAVG: 1500000 -96.7056 -105.193 -38.0776 -105.193 115.099 -107.909 -38.0776 -107.909 -102.101
GPRESSAVG: 1500000 -66.0697 -152.329 -66.4964 -80.1578 218.629 -83.1264 -3.21609 -75.1222 -41.4074
ENERGY: 1500000         4.7695         7.4827        15.4204         0.0000         -10558.4363      1242.7445         0.0000         0.0000      1729.2910          -7558.7282       293.5466     -9288.0191     -7511.3677       298.7509          -1644.7532     -1651.1620     30387.9786        35.4780        91.5015
FEP:    1500000        27.6727    -10558.9698      1242.6788

WRITING EXTENDED SYSTEM TO RESTART FILE AT STEP 1500000
WRITING COORDINATES TO DCD FILE mobley_3589456_prod.dcd AT STEP 1500000
WRITING COORDINATES TO RESTART FILE AT STEP 1500000
FINISHED WRITING RESTART COORDINATES
WRITING VELOCITIES TO RESTART FILE AT STEP 1500000
FINISHED WRITING RESTART VELOCITIES
TCL: Running FEP window  19: Lambda1 0.9000000000000002 Lambda2 0.9500000000000003 [dLambda 0.050000000000000044]
TCL: Setting parameter firsttimestep to 0
TCL: Setting parameter alchLambda to 0.9000000000000002
Info: NONBONDED TABLE R-SQUARED SPACING: 0.0625
Info: NONBONDED TABLE SIZE: 705 POINTS
Info: INCONSISTENCY IN FAST TABLE ENERGY VS FORCE: 0.000290481 AT 0.251946
Info: INCONSISTENCY IN SCOR TABLE ENERGY VS FORCE: 0.000238233 AT 8.9687
Info: ABSOLUTE IMPRECISION IN VDWA TABLE ENERGY: 1.21169e-27 AT 8.99653
Info: ABSOLUTE IMPRECISION IN VDWA TABLE FORCE: 2.57484e-27 AT 8.99653
Info: INCONSISTENCY IN VDWA TABLE ENERGY VS FORCE: 0.0040507 AT 0.251946
Info: INCONSISTENCY IN VDWB TABLE ENERGY VS FORCE: 0.00150189 AT 0.251946
TCL: Setting parameter alchLambda2 to 0.9500000000000003
Info: NONBONDED TABLE R-SQUARED SPACING: 0.0625
Info: NONBONDED TABLE SIZE: 705 POINTS
Info: INCONSISTENCY IN FAST TABLE ENERGY VS FORCE: 0.000290481 AT 0.251946
Info: INCONSISTENCY IN SCOR TABLE ENERGY VS FORCE: 0.000238233 AT 8.9687
Info: ABSOLUTE IMPRECISION IN VDWA TABLE ENERGY: 1.21169e-27 AT 8.99653
Info: ABSOLUTE IMPRECISION IN VDWA TABLE FORCE: 2.57484e-27 AT 8.99653
Info: INCONSISTENCY IN VDWA TABLE ENERGY VS FORCE: 0.0040507 AT 0.251946
Info: INCONSISTENCY IN VDWB TABLE ENERGY VS FORCE: 0.00150189 AT 0.251946
TCL: Running for 1500000 steps
FEP: RESETTING FOR NEW FEP WINDOW LAMBDA SET TO 0.9 LAMBDA2 0.95
FEP: WINDOW TO HAVE 100000 STEPS OF EQUILIBRATION PRIOR TO FEP DATA COLLECTION.
FEP: USING CONSTANT TEMPERATURE OF 300 K FOR FEP CALCULATION
PRESSURE: 0 -2407.84 410.508 -307.986 410.506 -1752.38 -385.404 -307.986 -385.404 -1014.07
GPRESSURE: 0 -2248.8 -23.835 -329.992 515.939 -1526.78 -428.962 -128.396 -201.675 -1140.71
ETITLE:      TS           BOND          ANGLE          DIHED          IMPRP               ELECT            VDW       BOUNDARY           MISC        KINETIC               TOTAL           TEMP      POTENTIAL       TOTALAVG        TEMPAVG            PRESSURE      GPRESSURE         VOLUME       PRESSAVG      GPRESSAVG
FEPTITLE:    TS          BOND2         ELECT2           VDW2

ENERGY:       0         4.7695         7.4827        15.4204         0.0000         -10558.9692      1242.6788         0.0000         0.0000      1728.4139          -7560.2038       293.3977     -9288.6177     -7560.2038       293.3977          -1724.7645     -1638.7643     30387.9786     -1724.7645     -1638.7643
FEP:          0        27.6727    -10559.5027      1243.0538

PRESSURE: 100000 -27.5616 -113.649 -448.091 -113.647 231.121 -109.482 -448.091 -109.484 552.544
GPRESSURE: 100000 268.605 -143.522 -556.746 -174.032 102.63 -8.78634 -358.882 189.912 741.32
PRESSAVG: 100000 -195.331 -42.2516 -55.3766 -42.2516 81.4622 -142.151 -55.3766 -142.151 -94.7557
GPRESSAVG: 100000 -151.496 -117.778 -84.2515 1.87637 173.05 -126.609 -22.0632 -78.8011 -40.0223
ENERGY:  100000         4.6346        20.6320        16.9538         0.0000         -10835.7060      1513.8425         0.0000         0.0000      1768.9373          -7510.7057       300.2765     -9279.6430     -7535.4547       296.8371            252.0345       370.8515     30505.3794      -736.3650      -633.9564
FEP:     100000        42.2205    -10837.9435      1515.0476

WRITING EXTENDED SYSTEM TO RESTART FILE AT STEP 100000
WRITING COORDINATES TO DCD FILE mobley_3589456_prod.dcd AT STEP 100000
WRITING COORDINATES TO RESTART FILE AT STEP 100000
FINISHED WRITING RESTART COORDINATES
WRITING VELOCITIES TO RESTART FILE AT STEP 100000
FINISHED WRITING RESTART VELOCITIES
PRESSURE: 200000 -314.654 -180.58 10.4703 -180.58 -548.31 221.411 10.4713 221.41 -337.401
GPRESSURE: 200000 -311.646 -270.555 409.424 -97.0125 -418.339 97.2418 -447.12 266.054 -400.111
PRESSAVG: 200000 -203.705 -27.3519 -71.7891 -27.3519 62.2506 -103.995 -71.7891 -103.995 -86.1917
GPRESSAVG: 200000 -166.556 -98.9451 -85.688 -5.19482 144.74 -94.7812 -46.9495 -46.9843 -23.9933
ENERGY:  200000         2.8180        10.7653        15.3042         0.0000         -10666.8179      1363.4673         0.0000         0.0000      1813.8853          -7460.5778       307.9064     -9274.4631     -7510.4958       300.5269           -400.1214      -376.6990     30284.7287      -624.2838      -548.2039
FEP:     200000        28.8875    -10667.5767      1363.8770

WRITING EXTENDED SYSTEM TO RESTART FILE AT STEP 200000
WRITING COORDINATES TO DCD FILE mobley_3589456_prod.dcd AT STEP 200000
WRITING COORDINATES TO RESTART FILE AT STEP 200000
FINISHED WRITING RESTART COORDINATES
WRITING VELOCITIES TO RESTART FILE AT STEP 200000
FINISHED WRITING RESTART VELOCITIES
PRESSURE: 300000 -1104.69 -236.011 -74.8079 -236.009 -6.19767 339.878 -74.811 339.878 -413.698
GPRESSURE: 300000 -1130.42 -61.0603 187.84 -276.112 -53.1783 258.684 136.775 358.239 -107.237
PRESSAVG: 300000 -264.503 -39.8746 -61.9762 -39.8746 71.2268 -73.5645 -61.9762 -73.5645 -78.7334
GPRESSAVG: 300000 -234.492 -93.4786 -52.4407 -13.2785 146.332 -58.0595 -42.047 -25.9996 -3.47026
ENERGY:  300000         1.3840         8.2102        15.0300         0.0000         -10688.0044      1387.9598         0.0000         0.0000      1770.1709          -7505.2495       300.4859     -9275.4204     -7509.1842       300.5166           -508.1959      -430.2783     30739.5594      -595.2618      -518.7225
FEP:     300000        24.6242    -10689.2503      1388.8451

WRITING EXTENDED SYSTEM TO RESTART FILE AT STEP 300000
WRITING COORDINATES TO DCD FILE mobley_3589456_prod.dcd AT STEP 300000
WRITING COORDINATES TO RESTART FILE AT STEP 300000
FINISHED WRITING RESTART COORDINATES
WRITING VELOCITIES TO RESTART FILE AT STEP 300000
FINISHED WRITING RESTART VELOCITIES
PRESSURE: 400000 -462.587 45.3191 648.297 45.318 -576.957 236.678 648.297 236.68 -1042.9
GPRESSURE: 400000 -415.211 143.451 433.77 182.19 -430.999 455.539 615.294 -92.3045 -858.44
PRESSAVG: 400000 -296.407 -40.0317 -19.6592 -40.0317 52.7966 -44.7858 -19.6592 -44.7858 -103.365
GPRESSAVG: 400000 -267.075 -77.3193 -6.95358 2.0589 127.805 -10.9043 -13.1905 -27.068 -21.3141
ENERGY:  400000         1.9507         9.1565        14.7984         0.0000         -10631.2973      1366.1369         0.0000         0.0000      1821.3420          -7417.9128       309.1722     -9239.2547     -7490.9299       302.2478           -694.1467      -568.2166     31181.7196      -615.0388      -528.6213
FEP:     400000        25.9056    -10632.5182      1366.6682

WRITING EXTENDED SYSTEM TO RESTART FILE AT STEP 400000
WRITING COORDINATES TO DCD FILE mobley_3589456_prod.dcd AT STEP 400000
WRITING COORDINATES TO RESTART FILE AT STEP 400000
FINISHED WRITING RESTART COORDINATES
WRITING VELOCITIES TO RESTART FILE AT STEP 400000
FINISHED WRITING RESTART VELOCITIES
PRESSURE: 500000 -102.048 579.057 -488.085 579.059 1364.82 -207.788 -488.087 -207.79 -388.861
GPRESSURE: 500000 -40.2301 274.747 -505.275 664.085 1516.9 -185.033 -226.281 -156.725 -472.815
PRESSAVG: 500000 -264.432 10.2939 -63.1463 10.2939 133.802 -63.3263 -63.1463 -63.3263 -108.551
GPRESSAVG: 500000 -229.545 -32.7694 -67.0072 50.0965 210.591 -30.1631 -33.6238 -46.288 -42.7057
ENERGY:  500000         3.8568         9.1794        16.7265         0.0000         -10760.9337      1455.7022         0.0000         0.0000      1852.5044          -7422.9645       314.4620     -9275.4689     -7479.6023       304.2835            291.3042       334.6194     30579.3331      -463.9816      -384.7479
FEP:     500000        29.7626    -10761.9395      1456.1609

WRITING EXTENDED SYSTEM TO RESTART FILE AT STEP 500000
WRITING COORDINATES TO DCD FILE mobley_3589456_prod.dcd AT STEP 500000
WRITING COORDINATES TO RESTART FILE AT STEP 500000
FINISHED WRITING RESTART COORDINATES
WRITING VELOCITIES TO RESTART FILE AT STEP 500000
FINISHED WRITING RESTART VELOCITIES
PRESSURE: 600000 148.568 300.617 -178.056 300.618 994.627 292.598 -178.06 292.595 831.324
GPRESSURE: 600000 238.852 -180.78 -362.538 161.354 1259.46 506.725 -29.7204 393.748 693.008
PRESSAVG: 600000 -262.645 10.5274 -81.5695 10.5274 150.039 -46.7519 -81.5695 -46.7519 -76.7992
GPRESSAVG: 600000 -221.291 -64.601 -89.1443 36.8343 230.47 -4.69593 -52.8066 -26.3185 -26.0967
ENERGY:  600000         4.9233         9.6023        14.8537         0.0000         -10913.0313      1547.6428         0.0000         0.0000      1722.8913          -7613.1179       292.4602     -9336.0092     -7498.6760       302.5944            658.1732       730.4403     30243.3323      -303.6738      -225.4353
FEP:     600000        29.3793    -10914.2274      1547.6956

WRITING EXTENDED SYSTEM TO RESTART FILE AT STEP 600000
WRITING COORDINATES TO DCD FILE mobley_3589456_prod.dcd AT STEP 600000
WRITING COORDINATES TO RESTART FILE AT STEP 600000
FINISHED WRITING RESTART COORDINATES
WRITING VELOCITIES TO RESTART FILE AT STEP 600000
FINISHED WRITING RESTART VELOCITIES
PRESSURE: 700000 -148.753 17.6237 83.6865 17.6226 -50.7778 -109.219 83.6843 -109.221 617.827
GPRESSURE: 700000 187.643 -308.116 -324.587 345.167 -21.283 -261.747 273.832 78.9489 375.038
PRESSAVG: 700000 -226.476 16.9708 -63.3543 16.9708 125.529 -38.6952 -63.3543 -38.6952 -13.8226
GPRESSAVG: 700000 -173.756 -72.3578 -85.3541 54.8745 204.382 -0.349165 -34.9248 -13.7497 22.5294
ENERGY:  700000         4.2297         6.1309        16.1829         0.0000         -10679.2195      1429.2351         0.0000         0.0000      1769.1610          -7454.2798       300.3145     -9223.4408     -7493.1264       302.3094            139.4321       180.4659     30562.4328      -248.2856      -174.6976
FEP:     700000        26.5435    -10680.5580      1429.6755

WRITING EXTENDED SYSTEM TO RESTART FILE AT STEP 700000
WRITING COORDINATES TO DCD FILE mobley_3589456_prod.dcd AT STEP 700000
WRITING COORDINATES TO RESTART FILE AT STEP 700000
FINISHED WRITING RESTART COORDINATES
WRITING VELOCITIES TO RESTART FILE AT STEP 700000
FINISHED WRITING RESTART VELOCITIES
PRESSURE: 800000 1073.52 -119.942 135.363 -119.945 453.437 -105.389 135.362 -105.386 -121.282
GPRESSURE: 800000 793.773 -166.038 -341.382 161.006 606.921 91.4328 355.379 -291.401 -82.3586
PRESSAVG: 800000 -130.584 -0.594844 -66.2015 -0.594844 122.559 -30.7312 -66.2015 -30.7312 -6.05536
GPRESSAVG: 800000 -91.5291 -98.8275 -100.117 45.9499 200.259 21.3535 -37.8963 -7.4777 24.8356
ENERGY:  800000         2.8625        14.4788        15.1296         0.0000         -10840.0056      1465.7559         0.0000         0.0000      1802.3103          -7539.4685       305.9416     -9341.7788     -7498.2756       302.7130            468.5576       439.4450     29820.6966      -168.6363      -106.4596
FEP:     800000        32.4709    -10841.4812      1466.0066

WRITING EXTENDED SYSTEM TO RESTART FILE AT STEP 800000
WRITING COORDINATES TO DCD FILE mobley_3589456_prod.dcd AT STEP 800000
WRITING COORDINATES TO RESTART FILE AT STEP 800000
FINISHED WRITING RESTART COORDINATES
WRITING VELOCITIES TO RESTART FILE AT STEP 800000
FINISHED WRITING RESTART VELOCITIES
PRESSURE: 900000 594.508 -289.888 260.105 -289.886 309.471 482.604 260.104 482.602 284.282
GPRESSURE: 900000 649.634 -109.794 179.889 -504.008 450.177 492.264 448.946 278.556 310.139
PRESSAVG: 900000 -76.3115 -1.23094 -78.6302 -1.23094 119.978 -20.4774 -78.6302 -20.4774 71.8595
GPRESSAVG: 900000 -22.6316 -100.614 -116.898 39.5554 196.795 30.4606 -43.8245 -14.4053 98.7757
ENERGY:  900000         2.8430         8.9591        15.3204         0.0000         -10743.5468      1452.3618         0.0000         0.0000      1775.6019          -7488.4606       301.4078     -9264.0625     -7497.2941       302.5825            396.0872       469.9832     30102.4422      -112.1640       -48.8153
FEP:     900000        27.1225    -10744.5819      1451.9090

WRITING EXTENDED SYSTEM TO RESTART FILE AT STEP 900000
WRITING COORDINATES TO DCD FILE mobley_3589456_prod.dcd AT STEP 900000
WRITING COORDINATES TO RESTART FILE AT STEP 900000
FINISHED WRITING RESTART COORDINATES
WRITING VELOCITIES TO RESTART FILE AT STEP 900000
FINISHED WRITING RESTART VELOCITIES
PRESSURE: 1000000 -182.108 -105.479 -339.375 -105.483 -576.221 190.892 -339.373 190.89 -856.735
GPRESSURE: 1000000 -45.0412 135.667 -257.877 -261.471 -470.848 111.609 -251.753 280.979 -929.018
PRESSAVG: 1000000 -129.487 -5.47835 -117.171 -5.47835 84.0331 5.47078 -117.171 5.47078 10.3675
GPRESSAVG: 1000000 -72.3593 -92.3195 -143.097 26.6094 157.327 47.9473 -67.8841 25.7718 33.1515
TIMING: 1000000  CPU: 10681.1, 0.000388783/step  Wall: 10790.1, 0.000393102/step, 439.581 ns/days, 0.0545975 hours remaining, 0.000000 MB of memory in use.
PERFORMANCE: 1000000  averaging 447.423 ns/day, 0.000386212 sec/step with standard deviation 1.35791e-05
ETITLE:      TS           BOND          ANGLE          DIHED          IMPRP               ELECT            VDW       BOUNDARY           MISC        KINETIC               TOTAL           TEMP      POTENTIAL       TOTALAVG        TEMPAVG            PRESSURE      GPRESSURE         VOLUME       PRESSAVG      GPRESSAVG
FEPTITLE:    TS          BOND2         ELECT2           VDW2

ENERGY: 1000000         1.9773         9.2684        15.4565         0.0000         -10660.4439      1363.1950         0.0000         0.0000      1734.6535          -7535.8932       294.4569     -9270.5467     -7500.8031       301.8438           -538.3546      -481.6359     30443.7897      -150.9086       -88.1626
FEP:    1000000        26.7022    -10661.2975      1363.1235

WRITING EXTENDED SYSTEM TO RESTART FILE AT STEP 1000000
WRITING COORDINATES TO DCD FILE mobley_3589456_prod.dcd AT STEP 1000000
WRITING COORDINATES TO RESTART FILE AT STEP 1000000
FINISHED WRITING RESTART COORDINATES
WRITING VELOCITIES TO RESTART FILE AT STEP 1000000
FINISHED WRITING RESTART VELOCITIES
PRESSURE: 1100000 -26.2921 224.359 -294.21 224.359 1348.44 117.977 -294.212 117.981 -173.443
GPRESSURE: 1100000 84.9256 135.523 -472.486 335.461 1689.75 357.984 -171.123 -45.8221 -306.957
PRESSAVG: 1100000 -143.791 33.3963 -119.911 33.3963 157.155 -14.3586 -119.911 -14.3586 -3.71877
GPRESSAVG: 1100000 -80.649 -61.4958 -152.555 76.7344 242.803 49.0915 -69.6967 -4.50144 11.9274
ENERGY: 1100000         2.6641        11.3082        15.6459         0.0000         -10850.5290      1497.3899         0.0000         0.0000      1764.1021          -7559.4189       299.4557     -9323.5209     -7505.6877       301.6448            382.9002       489.2390     30160.9728      -106.4245       -40.0458
FEP:    1100000        29.6182    -10852.3592      1498.5755

WRITING EXTENDED SYSTEM TO RESTART FILE AT STEP 1100000
WRITING COORDINATES TO DCD FILE mobley_3589456_prod.dcd AT STEP 1100000
WRITING COORDINATES TO RESTART FILE AT STEP 1100000
FINISHED WRITING RESTART COORDINATES
WRITING VELOCITIES TO RESTART FILE AT STEP 1100000
FINISHED WRITING RESTART VELOCITIES
PRESSURE: 1200000 -78.8165 -266.068 -236.556 -266.069 -756.479 76.8272 -236.556 76.8297 -662.833
GPRESSURE: 1200000 -141.978 -65.9946 -84.0824 -111.536 -530.675 17.3485 -184.629 -7.50892 -793.847
PRESSAVG: 1200000 -152.529 -4.89704 -127.286 -4.89704 77.9409 20.8521 -127.286 20.8521 -23.3242
GPRESSAVG: 1200000 -84.2863 -72.2611 -135.822 38.9024 173.428 72.5266 -87.1156 30.3714 -13.9409
ENERGY: 1200000         1.7933        14.2796        14.6792         0.0000         -10622.2302      1365.5919         0.0000         0.0000      1768.1727          -7457.7135       300.1467     -9225.8862     -7501.9974       301.5296           -499.3760      -488.8332     30974.7439      -136.6516       -74.5679
FEP:    1200000        30.7521    -10623.4245      1366.0796

WRITING EXTENDED SYSTEM TO RESTART FILE AT STEP 1200000
WRITING COORDINATES TO DCD FILE mobley_3589456_prod.dcd AT STEP 1200000
WRITING COORDINATES TO RESTART FILE AT STEP 1200000
FINISHED WRITING RESTART COORDINATES
WRITING VELOCITIES TO RESTART FILE AT STEP 1200000
FINISHED WRITING RESTART VELOCITIES
PRESSURE: 1300000 -949.943 -144.131 -460.873 -144.132 -510.24 -576.691 -460.875 -576.689 -785.286
GPRESSURE: 1300000 -812.492 245.18 -498.798 11.8988 -595.478 -359.116 -275.802 -716.459 -706.959
PRESSAVG: 1300000 -254.094 0.797831 -146.738 0.797831 -26.4914 -18.0686 -146.738 -18.0686 -173.542
GPRESSAVG: 1300000 -186.549 -53.5275 -157.855 61.9776 59.9095 31.7893 -95.2739 -8.66568 -162.59
ENERGY: 1300000         2.1034        14.4099        16.3782         0.0000         -10593.3686      1337.5668         0.0000         0.0000      1717.2798          -7505.6304       291.5077     -9222.9103     -7502.2569       300.8137           -748.4896      -704.9762     30719.4521      -180.3543      -119.5971
FEP:    1300000        32.8915    -10594.2602      1337.6181

WRITING EXTENDED SYSTEM TO RESTART FILE AT STEP 1300000
WRITING COORDINATES TO DCD FILE mobley_3589456_prod.dcd AT STEP 1300000
WRITING COORDINATES TO RESTART FILE AT STEP 1300000
FINISHED WRITING RESTART COORDINATES
WRITING VELOCITIES TO RESTART FILE AT STEP 1300000
FINISHED WRITING RESTART VELOCITIES
PRESSURE: 1400000 -907.554 -579.843 -86.886 -579.842 -1731.58 113.867 -86.8849 113.866 -1254.91
GPRESSURE: 1400000 -930.583 -573.894 227.101 -399.693 -1512.96 -25.4092 -303.856 300.612 -1314.39
PRESSAVG: 1400000 -322.551 -39.6789 -150.131 -39.6789 -88.8512 -1.34848 -150.131 -1.34848 -259.718
GPRESSAVG: 1400000 -257.322 -91.4582 -150.312 30.7585 3.29892 45.4012 -108.147 7.40969 -258.442
ENERGY: 1400000         4.4548        12.1645        14.7261         0.0000         -10647.4995      1314.1119         0.0000         0.0000      1812.8926          -7489.1496       307.7379     -9302.0422     -7501.3831       301.2753          -1298.0170     -1252.6423     31106.1505      -254.8651      -195.1334
FEP:    1400000        31.3454    -10648.7029      1313.6122

WRITING EXTENDED SYSTEM TO RESTART FILE AT STEP 1400000
WRITING COORDINATES TO DCD FILE mobley_3589456_prod.dcd AT STEP 1400000
WRITING COORDINATES TO RESTART FILE AT STEP 1400000
FINISHED WRITING RESTART COORDINATES
WRITING VELOCITIES TO RESTART FILE AT STEP 1400000
FINISHED WRITING RESTART VELOCITIES
PRESSURE: 1500000 -748.83 225.034 172.182 225.033 -1132.3 -393.327 172.184 -393.331 -938.889
GPRESSURE: 1500000 -627.815 239.656 35.9547 180.814 -1142.2 -49.9394 302.027 -368.051 -705.268
PRESSAVG: 1500000 -376.598 -9.69102 -111.335 -9.69102 -165.419 -6.49969 -111.335 -6.49969 -315.628
GPRESSAVG: 1500000 -309.543 -51.579 -135.64 56.9371 -65.2729 40.3876 -44.2454 10.0469 -305.815
ENERGY: 1500000         0.8374        11.5767        15.0538         0.0000         -10636.2973      1353.3826         0.0000         0.0000      1805.5934          -7449.8533       306.4989     -9255.4467     -7498.1625       301.6018           -940.0068      -825.0957     31039.2987      -297.6865      -234.5061
FEP:    1500000        27.4680    -10637.2885      1353.0914

WRITING EXTENDED SYSTEM TO RESTART FILE AT STEP 1500000
WRITING COORDINATES TO DCD FILE mobley_3589456_prod.dcd AT STEP 1500000
WRITING COORDINATES TO RESTART FILE AT STEP 1500000
FINISHED WRITING RESTART COORDINATES
WRITING VELOCITIES TO RESTART FILE AT STEP 1500000
FINISHED WRITING RESTART VELOCITIES
TCL: Running FEP window  20: Lambda1 0.9500000000000003 Lambda2 1.0    [dLambda 0.04999999999999971]
TCL: Setting parameter firsttimestep to 0
TCL: Setting parameter alchLambda to 0.9500000000000003
Info: NONBONDED TABLE R-SQUARED SPACING: 0.0625
Info: NONBONDED TABLE SIZE: 705 POINTS
Info: INCONSISTENCY IN FAST TABLE ENERGY VS FORCE: 0.000290481 AT 0.251946
Info: INCONSISTENCY IN SCOR TABLE ENERGY VS FORCE: 0.000238233 AT 8.9687
Info: ABSOLUTE IMPRECISION IN VDWA TABLE ENERGY: 1.21169e-27 AT 8.99653
Info: ABSOLUTE IMPRECISION IN VDWA TABLE FORCE: 2.57484e-27 AT 8.99653
Info: INCONSISTENCY IN VDWA TABLE ENERGY VS FORCE: 0.0040507 AT 0.251946
Info: INCONSISTENCY IN VDWB TABLE ENERGY VS FORCE: 0.00150189 AT 0.251946
TCL: Setting parameter alchLambda2 to 1.0
Info: NONBONDED TABLE R-SQUARED SPACING: 0.0625
Info: NONBONDED TABLE SIZE: 705 POINTS
Info: INCONSISTENCY IN FAST TABLE ENERGY VS FORCE: 0.000290481 AT 0.251946
Info: INCONSISTENCY IN SCOR TABLE ENERGY VS FORCE: 0.000238233 AT 8.9687
Info: ABSOLUTE IMPRECISION IN VDWA TABLE ENERGY: 1.21169e-27 AT 8.99653
Info: ABSOLUTE IMPRECISION IN VDWA TABLE FORCE: 2.57484e-27 AT 8.99653
Info: INCONSISTENCY IN VDWA TABLE ENERGY VS FORCE: 0.0040507 AT 0.251946
Info: INCONSISTENCY IN VDWB TABLE ENERGY VS FORCE: 0.00150189 AT 0.251946
TCL: Running for 1500000 steps
FEP: RESETTING FOR NEW FEP WINDOW LAMBDA SET TO 0.95 LAMBDA2 1
FEP: WINDOW TO HAVE 100000 STEPS OF EQUILIBRATION PRIOR TO FEP DATA COLLECTION.
FEP: USING CONSTANT TEMPERATURE OF 300 K FOR FEP CALCULATION
PRESSURE: 0 -681.104 270.554 172.27 270.553 -1120.34 -317.861 172.268 -317.861 -885.692
GPRESSURE: 0 -619.907 240.536 39.0903 183.253 -1128.35 -51.1052 306.722 -370.774 -702.287
ETITLE:      TS           BOND          ANGLE          DIHED          IMPRP               ELECT            VDW       BOUNDARY           MISC        KINETIC               TOTAL           TEMP      POTENTIAL       TOTALAVG        TEMPAVG            PRESSURE      GPRESSURE         VOLUME       PRESSAVG      GPRESSAVG
FEPTITLE:    TS          BOND2         ELECT2           VDW2

ENERGY:       0         0.8374        11.5767        15.0538         0.0000         -10637.2875      1353.0914         0.0000         0.0000      1804.7604          -7451.9677       306.3575     -9256.7281     -7451.9677       306.3575           -895.7127      -816.8469     31039.2987      -895.7127      -816.8469
FEP:          0        27.4680    -10638.2784      1353.0947

PRESSURE: 100000 -1080.36 -332.88 -485.349 -332.881 -535.491 409.736 -485.347 409.738 -329.132
GPRESSURE: 100000 -996.283 -288.925 -461.176 -405.042 -601.421 583.15 -819.871 504.881 -338.294
PRESSAVG: 100000 -461.991 -5.3488 -115.418 -5.3488 -304.153 -0.177758 -115.418 -0.177758 -365.246
GPRESSAVG: 100000 -399.782 -49.9195 -162.778 46.3994 -211.999 67.9812 -46.0025 21.0704 -349.495
ENERGY:  100000         3.0886        13.9814        15.8524         0.0000         -10661.0859      1375.0555         0.0000         0.0000      1762.5334          -7490.5746       299.1895     -9253.1080     -7471.2711       302.7735           -648.3273      -645.3329     30958.0986      -772.0200      -731.0899
FEP:     100000        32.9223    -10662.9527      1376.6231

WRITING EXTENDED SYSTEM TO RESTART FILE AT STEP 100000
WRITING COORDINATES TO DCD FILE mobley_3589456_prod.dcd AT STEP 100000
WRITING COORDINATES TO RESTART FILE AT STEP 100000
FINISHED WRITING RESTART COORDINATES
WRITING VELOCITIES TO RESTART FILE AT STEP 100000
FINISHED WRITING RESTART VELOCITIES
PRESSURE: 200000 811.129 138.234 397.942 138.235 382.814 -1.82775 397.945 -1.82427 538.902
GPRESSURE: 200000 751.645 149.016 306.978 205.886 574.377 132.023 108.113 -107.721 663.185
PRESSAVG: 200000 -444 10.1381 -90.9233 10.1381 -292.513 -8.93747 -90.9233 -8.93747 -369.611
GPRESSAVG: 200000 -380.201 -32.7416 -135.565 61.4221 -188.45 64.9851 -39.2581 4.25707 -361.704
ENERGY:  200000         3.6184         9.9948        16.6266         0.0000         -10735.7772      1490.9204         0.0000         0.0000      1768.8001          -7445.8170       300.2532     -9214.6171     -7462.7864       301.9334            577.6147       663.0690     30249.9357      -322.1418      -266.3703
FEP:     200000        30.2398    -10737.2946      1492.0039

WRITING EXTENDED SYSTEM TO RESTART FILE AT STEP 200000
WRITING COORDINATES TO DCD FILE mobley_3589456_prod.dcd AT STEP 200000
WRITING COORDINATES TO RESTART FILE AT STEP 200000
FINISHED WRITING RESTART COORDINATES
WRITING VELOCITIES TO RESTART FILE AT STEP 200000
FINISHED WRITING RESTART VELOCITIES
PRESSURE: 300000 -571.276 -427.917 -64.5 -427.915 294.135 291.106 -64.5015 291.104 -648.694
GPRESSURE: 300000 -457.71 -275.113 62.2753 -425.96 132.312 585.793 -141.32 248.81 -591.141
PRESSAVG: 300000 -358.335 -29.2543 -79.2234 -29.2543 -195.921 28.3292 -79.2234 28.3292 -351.447
GPRESSAVG: 300000 -290.152 -45.1926 -115.631 14.6093 -104.999 115.985 -39.5833 27.115 -333.357
ENERGY:  300000         2.3066         7.3538        15.5124         0.0000         -10653.4929      1399.3929         0.0000         0.0000      1731.2009          -7497.7264       293.8708     -9228.9273     -7471.5214       299.9177           -308.6115      -305.5131     30674.7372      -318.7592      -276.1560
FEP:     300000        25.1728    -10654.4262      1401.6178

WRITING EXTENDED SYSTEM TO RESTART FILE AT STEP 300000
WRITING COORDINATES TO DCD FILE mobley_3589456_prod.dcd AT STEP 300000
WRITING COORDINATES TO RESTART FILE AT STEP 300000
FINISHED WRITING RESTART COORDINATES
WRITING VELOCITIES TO RESTART FILE AT STEP 300000
FINISHED WRITING RESTART VELOCITIES
PRESSURE: 400000 -565.468 -761.766 -604.789 -761.766 -616.006 24.5668 -604.791 24.5681 46.044
GPRESSURE: 400000 -563.359 -422.528 -510.317 -832.505 -519.886 -314.214 -654.92 286.394 33.0911
PRESSAVG: 400000 -266.216 -87.8679 -94.0637 -87.8679 -139.102 48.8278 -94.0637 48.8278 -298.442
GPRESSAVG: 400000 -205.88 -65.1273 -124.647 -52.8129 -54.6542 121.722 -65.9095 51.5184 -274.667
ENERGY:  400000         1.9835         8.5599        15.5508         0.0000         -10616.8358      1349.0934         0.0000         0.0000      1800.6782          -7440.9700       305.6645     -9241.6482     -7465.4111       301.0671           -378.4767      -350.0514     30058.0150      -330.7027      -290.9351
FEP:     400000        26.0942    -10618.2604      1349.9775

WRITING EXTENDED SYSTEM TO RESTART FILE AT STEP 400000
WRITING COORDINATES TO DCD FILE mobley_3589456_prod.dcd AT STEP 400000
WRITING COORDINATES TO RESTART FILE AT STEP 400000
FINISHED WRITING RESTART COORDINATES
WRITING VELOCITIES TO RESTART FILE AT STEP 400000
FINISHED WRITING RESTART VELOCITIES
PRESSURE: 500000 317.21 123.443 -223.523 123.444 -57.7183 -545.766 -223.523 -545.769 -188.114
GPRESSURE: 500000 193.094 193.794 -475.291 -89.1443 38.3511 -351.451 -162.028 -665.181 154.641
PRESSAVG: 500000 -248.978 -76.0133 -82.8353 -76.0133 -153.544 27.0136 -82.8353 27.0136 -335.474
GPRESSAVG: 500000 -209.656 -48.2615 -120.574 -48.5685 -57.8682 104.589 -56.0667 8.76377 -304.001
ENERGY:  500000         6.7540         9.3290        15.7234         0.0000         -10722.5121      1435.2628         0.0000         0.0000      1842.4788          -7412.9642       312.7602     -9255.4430     -7456.6700       303.0159             23.7927       128.6956     30268.4375      -271.6201      -220.9966
FEP:     500000        31.8063    -10724.9252      1438.5780

WRITING EXTENDED SYSTEM TO RESTART FILE AT STEP 500000
WRITING COORDINATES TO DCD FILE mobley_3589456_prod.dcd AT STEP 500000
WRITING COORDINATES TO RESTART FILE AT STEP 500000
FINISHED WRITING RESTART COORDINATES
WRITING VELOCITIES TO RESTART FILE AT STEP 500000
FINISHED WRITING RESTART VELOCITIES
PRESSURE: 600000 -6.68593 -346.256 426.06 -346.256 -1215.54 -195.945 426.059 -195.945 -460.192
GPRESSURE: 600000 -127.758 -350.191 -35.99 -295.164 -993.107 -322.294 279.995 14.2285 -443.765
PRESSAVG: 600000 -233.579 -84.2971 -62.0559 -84.2971 -186.906 6.14579 -62.0559 6.14579 -341.614
GPRESSAVG: 600000 -200.461 -52.2433 -142.845 -58.476 -86.6065 83.6122 -19.711 -3.82751 -306.184
ENERGY:  600000         0.9420        11.9275        14.1909         0.0000         -10686.3945      1372.8177         0.0000         0.0000      1741.1659          -7545.3506       295.5623     -9286.5164     -7469.3386       301.9511           -560.8050      -521.5435     30604.0549      -312.9323      -263.9319
FEP:     600000        27.0604    -10688.3623      1373.0827

WRITING EXTENDED SYSTEM TO RESTART FILE AT STEP 600000
WRITING COORDINATES TO DCD FILE mobley_3589456_prod.dcd AT STEP 600000
WRITING COORDINATES TO RESTART FILE AT STEP 600000
FINISHED WRITING RESTART COORDINATES
WRITING VELOCITIES TO RESTART FILE AT STEP 600000
FINISHED WRITING RESTART VELOCITIES
PRESSURE: 700000 -655.771 -693.168 65.4348 -693.17 -501.327 432.617 65.4332 432.62 41.1145
GPRESSURE: 700000 -584.17 -748.726 60.9074 -784.997 -162.075 810.782 33.4427 -105.396 -120.18
PRESSAVG: 700000 -211.133 -107.155 -55.0437 -107.155 -211.662 10.7829 -55.0437 10.7829 -318.873
GPRESSAVG: 700000 -173.149 -86.6266 -149.192 -83.9203 -92.0514 111.217 -24.8776 -27.0093 -306.831
ENERGY:  700000         1.1284        10.6488        15.5848         0.0000         -10706.9768      1402.9535         0.0000         0.0000      1756.3905          -7520.2709       298.1467     -9276.6613     -7475.7052       301.4756           -371.9946      -288.8082     30636.9698      -320.3150      -267.0414
FEP:     700000        27.3619    -10708.1807      1403.4323

WRITING EXTENDED SYSTEM TO RESTART FILE AT STEP 700000
WRITING COORDINATES TO DCD FILE mobley_3589456_prod.dcd AT STEP 700000
WRITING COORDINATES TO RESTART FILE AT STEP 700000
FINISHED WRITING RESTART COORDINATES
WRITING VELOCITIES TO RESTART FILE AT STEP 700000
FINISHED WRITING RESTART VELOCITIES
PRESSURE: 800000 619.587 63.8495 399.818 63.8489 1134.04 -153.619 399.818 -153.618 -179.924
GPRESSURE: 800000 493.8 265.757 426.213 32.0299 1176.91 -128.251 481.244 -316.911 -119.704
PRESSAVG: 800000 -157.024 -106.229 -67.4677 -106.229 -126.112 -8.73204 -67.4677 -8.73204 -275.725
GPRESSAVG: 800000 -127.698 -80.5113 -149.57 -91.4283 -11.6562 82.0276 -31.5801 -38.2396 -269.894
ENERGY:  800000         4.3117        10.4489        15.1220         0.0000         -10820.9203      1507.6025         0.0000         0.0000      1729.1010          -7554.3341       293.5143     -9283.4352     -7484.4417       300.5910            524.5675       517.0004     30417.6822      -226.4392      -179.9257
FEP:     800000        29.8827    -10822.3646      1508.2760

WRITING EXTENDED SYSTEM TO RESTART FILE AT STEP 800000
WRITING COORDINATES TO DCD FILE mobley_3589456_prod.dcd AT STEP 800000
WRITING COORDINATES TO RESTART FILE AT STEP 800000
FINISHED WRITING RESTART COORDINATES
WRITING VELOCITIES TO RESTART FILE AT STEP 800000
FINISHED WRITING RESTART VELOCITIES
PRESSURE: 900000 779.73 -58.3594 -267.022 -58.3607 -545.452 451.985 -267.022 451.986 -807.769
GPRESSURE: 900000 748.808 -186.752 89.0939 -216.784 -631.13 333.574 -365.713 529.116 -561.795
PRESSAVG: 900000 -112.936 -138.1 -56.4144 -138.1 -221.626 24.2568 -56.4144 24.2568 -296.67
GPRESSAVG: 900000 -88.2462 -103.586 -119.851 -135.472 -119.058 107.958 -38.5517 -3.94751 -274.343
ENERGY:  900000         2.7993         8.7024        15.3888         0.0000         -10794.4341      1448.8956         0.0000         0.0000      1727.7170          -7590.9311       293.2794     -9318.6481     -7495.0907       299.8598           -191.1640      -148.0389     30578.7022      -222.9117      -176.7370
FEP:     900000        26.8904    -10796.3584      1449.8506

WRITING EXTENDED SYSTEM TO RESTART FILE AT STEP 900000
WRITING COORDINATES TO DCD FILE mobley_3589456_prod.dcd AT STEP 900000
WRITING COORDINATES TO RESTART FILE AT STEP 900000
FINISHED WRITING RESTART COORDINATES
WRITING VELOCITIES TO RESTART FILE AT STEP 900000
FINISHED WRITING RESTART VELOCITIES
PRESSURE: 1000000 -62.3832 -651.938 25.8874 -651.937 54.0842 -576.132 25.8879 -576.132 -182.76
GPRESSURE: 1000000 -62.4208 -564.196 -169.943 -487.369 57.8175 -339.674 363.086 -679.793 -93.2967
PRESSAVG: 1000000 -123.483 -185.727 -46.2171 -185.727 -268.653 -19.1795 -46.2171 -19.1795 -347.374
GPRESSAVG: 1000000 -103.31 -122.757 -110.221 -167.908 -179.14 65.638 -18.9114 -57.6246 -313.658
TIMING: 1000000  CPU: 11265.4, 0.000391892/step  Wall: 11383.5, 0.000399375/step, 432.676 ns/days, 0.0554688 hours remaining, 0.000000 MB of memory in use.
PERFORMANCE: 1000000  averaging 446.662 ns/day, 0.00038687 sec/step with standard deviation 1.35407e-05
ETITLE:      TS           BOND          ANGLE          DIHED          IMPRP               ELECT            VDW       BOUNDARY           MISC        KINETIC               TOTAL           TEMP      POTENTIAL       TOTALAVG        TEMPAVG            PRESSURE      GPRESSURE         VOLUME       PRESSAVG      GPRESSAVG
FEPTITLE:    TS          BOND2         ELECT2           VDW2

ENERGY: 1000000         1.3789         9.6738        15.9324         0.0000         -10775.7706      1439.3798         0.0000         0.0000      1790.9630          -7518.4426       304.0154     -9309.4056     -7497.2136       300.2376            -63.6864       -32.6333     30779.7380      -208.4367      -163.6367
FEP:    1000000        26.9851    -10777.3848      1440.6827

WRITING EXTENDED SYSTEM TO RESTART FILE AT STEP 1000000
WRITING COORDINATES TO DCD FILE mobley_3589456_prod.dcd AT STEP 1000000
WRITING COORDINATES TO RESTART FILE AT STEP 1000000
FINISHED WRITING RESTART COORDINATES
WRITING VELOCITIES TO RESTART FILE AT STEP 1000000
FINISHED WRITING RESTART VELOCITIES
PRESSURE: 1100000 -828.17 -51.7045 -110.724 -51.706 280.921 291.25 -110.726 291.249 968.246
GPRESSURE: 1100000 -934.08 -53.635 -305.569 131.548 411.489 228.201 -47.979 -33.1672 938.159
PRESSAVG: 1100000 -157.454 -189.194 -55.9376 -189.194 -252.068 0.843965 -55.9376 0.843965 -329.853
GPRESSAVG: 1100000 -159.396 -110.033 -109.27 -178.589 -157.501 90.1354 -35.002 -63.2304 -285.502
ENERGY: 1100000         3.5659        10.1165        15.8004         0.0000         -10743.9891      1458.9068         0.0000         0.0000      1747.2242          -7508.3753       296.5907     -9255.5995     -7498.1437       299.9337            140.3322       138.5228     30558.9389      -179.3726      -138.4567
FEP:    1100000        29.4828    -10744.8853      1458.9422

WRITING EXTENDED SYSTEM TO RESTART FILE AT STEP 1100000
WRITING COORDINATES TO DCD FILE mobley_3589456_prod.dcd AT STEP 1100000
WRITING COORDINATES TO RESTART FILE AT STEP 1100000
FINISHED WRITING RESTART COORDINATES
WRITING VELOCITIES TO RESTART FILE AT STEP 1100000
FINISHED WRITING RESTART VELOCITIES
PRESSURE: 1200000 131.83 -355.052 -369.004 -355.052 -591.498 283.041 -369.007 283.039 -870.705
GPRESSURE: 1200000 489.536 -115.98 -257.038 -107.611 -581.114 117.697 -458.535 293.617 -837.444
PRESSAVG: 1200000 -204.538 -200.949 -81.156 -200.949 -304.315 20.2652 -81.156 20.2652 -367.325
GPRESSAVG: 1200000 -174.608 -107.53 -105.053 -192.02 -216.903 91.4486 -75.6977 -33.9795 -323.256
ENERGY: 1200000         3.2321        13.0823        15.4280         0.0000         -10697.5004      1394.6907         0.0000         0.0000      1772.6216          -7498.4459       300.9019     -9271.0674     -7498.1670       300.0082           -443.4579      -309.6739     30515.1647      -199.6868      -151.6273
FEP:    1200000        31.7423    -10698.6335      1394.7038

WRITING EXTENDED SYSTEM TO RESTART FILE AT STEP 1200000
WRITING COORDINATES TO DCD FILE mobley_3589456_prod.dcd AT STEP 1200000
WRITING COORDINATES TO RESTART FILE AT STEP 1200000
FINISHED WRITING RESTART COORDINATES
WRITING VELOCITIES TO RESTART FILE AT STEP 1200000
FINISHED WRITING RESTART VELOCITIES
PRESSURE: 1300000 -477.395 394.163 171.082 394.162 286.34 -282.502 171.083 -282.502 -299.945
GPRESSURE: 1300000 -417.083 820.472 229.214 201.006 327.753 -346.35 201.791 -228.571 -337.257
PRESSAVG: 1300000 -258.134 -166.747 -85.6071 -166.747 -305.471 -17.9899 -85.6071 -17.9899 -396.536
GPRESSAVG: 1300000 -227.944 -61.0167 -102.587 -156.769 -223.024 49.5179 -88.0554 -59.3358 -355.626
ENERGY: 1300000         5.5927        11.9996        15.2985         0.0000         -10794.5829      1449.6578         0.0000         0.0000      1782.1691          -7529.8651       302.5226     -9312.0342     -7500.4311       300.1878           -163.6665      -142.1955     30666.9267      -197.1140      -150.9536
FEP:    1300000        32.8908    -10795.4436      1449.3209

WRITING EXTENDED SYSTEM TO RESTART FILE AT STEP 1300000
WRITING COORDINATES TO DCD FILE mobley_3589456_prod.dcd AT STEP 1300000
WRITING COORDINATES TO RESTART FILE AT STEP 1300000
FINISHED WRITING RESTART COORDINATES
WRITING VELOCITIES TO RESTART FILE AT STEP 1300000
FINISHED WRITING RESTART VELOCITIES
PRESSURE: 1400000 569.125 -323.962 -72.0109 -323.961 380.164 131.921 -72.0116 131.919 41.8373
GPRESSURE: 1400000 521.116 -403.092 -161.53 -419.446 346.487 388.113 128.486 122.294 199.244
PRESSAVG: 1400000 -220.572 -177.671 -72.239 -177.671 -257.652 -20.9385 -72.239 -20.9385 -351.607
GPRESSAVG: 1400000 -199.636 -87.9547 -97.7696 -164.668 -182.158 63.3431 -69.0435 -67.2701 -299.213
ENERGY: 1400000         1.1333        14.0173        15.4924         0.0000         -10783.7842      1462.8653         0.0000         0.0000      1750.8726          -7539.4033       297.2101     -9290.2760     -7503.0293       299.9893            330.3754       355.6154     30074.4053      -161.9480      -117.1823
FEP:    1400000        30.6430    -10784.5747      1463.2071

WRITING EXTENDED SYSTEM TO RESTART FILE AT STEP 1400000
WRITING COORDINATES TO DCD FILE mobley_3589456_prod.dcd AT STEP 1400000
WRITING COORDINATES TO RESTART FILE AT STEP 1400000
FINISHED WRITING RESTART COORDINATES
WRITING VELOCITIES TO RESTART FILE AT STEP 1400000
FINISHED WRITING RESTART VELOCITIES
PRESSURE: 1500000 -515.002 -26.0165 -491.148 -26.0161 378.981 -788.933 -491.152 -788.937 -1289.35
GPRESSURE: 1500000 -521.279 -70.4013 -674.941 -160.749 95.7217 -745.912 -85.1913 -380.875 -1071.35
PRESSAVG: 1500000 -245.007 -190.189 -82.086 -190.189 -306.125 -66.2844 -82.086 -66.2844 -407.402
GPRESSAVG: 1500000 -229.946 -98.2509 -107.892 -189.478 -261.859 8.14824 -64.7469 -84.0228 -337.433
ENERGY: 1500000         1.8407         9.7330        14.7294         0.0000         -10594.4862      1355.3532         0.0000         0.0000      1755.8862          -7456.9437       298.0611     -9212.8299     -7500.1489       299.8688           -475.1223      -498.9699     30760.8988      -181.5214      -141.0440
FEP:    1500000        26.3031    -10595.7164      1356.4693

WRITING EXTENDED SYSTEM TO RESTART FILE AT STEP 1500000
WRITING COORDINATES TO DCD FILE mobley_3589456_prod.dcd AT STEP 1500000
WRITING COORDINATES TO RESTART FILE AT STEP 1500000
FINISHED WRITING RESTART COORDINATES
WRITING VELOCITIES TO RESTART FILE AT STEP 1500000
FINISHED WRITING RESTART VELOCITIES
TCL: Exiting due to exit command.
WRITING EXTENDED SYSTEM TO OUTPUT FILE AT STEP 1500000
CLOSING EXTENDED SYSTEM TRAJECTORY FILE
WRITING COORDINATES TO OUTPUT FILE AT STEP 1500000
CLOSING COORDINATE DCD FILE mobley_3589456_prod.dcd
WRITING VELOCITIES TO OUTPUT FILE AT STEP 1500000
====================================================

WallClock: 11577.434570  CPUTime: 11519.810547  Memory: 0.000000 MB
[Partition 0][Node 0] End of program
