{
    "partname": "prescreening",
    "runtime": 11.863090572878718,
    "results": {
        "CONF1": {
            "xtb_gsolv": {
                "gsolv": -0.015924600731999305,
                "energy_xtb_gas": -29.784786923904,
                "energy_xtb_solv": -29.800711524636
            },
            "sp": {
                "energy": -491.134904632036
            },
            "gtot": -491.150829232768,
            "bmw": 1.0
        }
    },
    "settings": {
        "threshold": 4.0,
        "func": "pbe-d4",
        "basis": "def2-sv(p)",
        "prog": "orca",
        "gfnv": "gfn2",
        "run": true,
        "template": false
    },
    "nconf_in": 1,
    "nconf_out": 1
}