{
   "temperature":     298.150000000000,
   "unit": "hartree",
   "energy":     -19.131727373627,
   "free energy":     -19.066187943185,
   "G(T)":       0.065539430442,
   "ZPVE":       0.095961381213,
   "number of imags":0,
   "point group": "cs",
   "gradient norm":       0.000016082761
}
