{
   "temperature":     298.150000000000,
   "unit": "hartree",
   "energy":     -26.555335072117,
   "free energy":     -26.443976539183,
   "G(T)":       0.111358532935,
   "ZPVE":       0.144311589359,
   "number of imags":0,
   "point group": "c1",
   "gradient norm":       0.000065828896
}
