{
    "partname": "prescreening",
    "runtime": 6.753352354280651,
    "results": {
        "CONF1": {
            "xtb_gsolv": {
                "gsolv": -0.003782136801998348,
                "energy_xtb_gas": -19.316642837103,
                "energy_xtb_solv": -19.320424973905
            },
            "sp": {
                "energy": -286.963546402037
            },
            "gtot": -286.967328538839,
            "bmw": 1.0
        }
    },
    "settings": {
        "threshold": 4.0,
        "func": "pbe-d4",
        "basis": "def2-sv(p)",
        "prog": "orca",
        "gfnv": "gfn2",
        "run": true,
        "template": false
    },
    "nconf_in": 1,
    "nconf_out": 1
}