{
   "temperature":     298.150000000000,
   "unit": "hartree",
   "energy":     -24.015291203994,
   "free energy":     -23.955210699873,
   "G(T)":       0.060080504121,
   "ZPVE":       0.091473460861,
   "number of imags":0,
   "point group": "cs",
   "gradient norm":       0.000043256375
}
