{
   "temperature":     298.150000000000,
   "unit": "hartree",
   "energy":     -26.326037271057,
   "free energy":     -26.118858187712,
   "G(T)":       0.207179083345,
   "ZPVE":       0.242447998708,
   "number of imags":0,
   "point group": "c1",
   "gradient norm":       0.000021180026
}
