{
    "partname": "prescreening",
    "runtime": 4.704685998149216,
    "results": {
        "CONF1": {
            "xtb_gsolv": {
                "gsolv": 0.0019215834769994444,
                "energy_xtb_gas": -20.321876779281,
                "energy_xtb_solv": -20.319955195804
            },
            "sp": {
                "energy": -1877.471301295821
            },
            "gtot": -1877.4693797123439,
            "bmw": 1.0
        }
    },
    "settings": {
        "threshold": 4.0,
        "func": "pbe-d4",
        "basis": "def2-sv(p)",
        "prog": "orca",
        "gfnv": "gfn2",
        "run": true,
        "template": false
    },
    "nconf_in": 1,
    "nconf_out": 1
}