{
   "temperature":     298.150000000000,
   "unit": "hartree",
   "energy":     -22.153804042077,
   "free energy":     -21.988574001189,
   "G(T)":       0.165230040889,
   "ZPVE":       0.195841029906,
   "number of imags":0,
   "point group": "cs",
   "gradient norm":       0.000057490733
}
