{
   "temperature":     298.150000000000,
   "unit": "hartree",
   "energy":     -11.390593872372,
   "free energy":     -11.338316929012,
   "G(T)":       0.052276943360,
   "ZPVE":       0.077067033948,
   "number of imags":0,
   "point group": "c2v",
   "gradient norm":       0.000017099068
}
