{
    "partname": "prescreening",
    "runtime": 10.130329582840204,
    "results": {
        "CONF2": {
            "xtb_gsolv": {
                "gsolv": -0.005403489786999671,
                "energy_xtb_gas": -26.28670830768,
                "energy_xtb_solv": -26.292111797467
            },
            "sp": {
                "energy": -385.234266896441
            },
            "gtot": -385.239670386228,
            "bmw": 0.19032943868376995
        },
        "CONF1": {
            "xtb_gsolv": {
                "gsolv": -0.005322042153999007,
                "energy_xtb_gas": -26.288860916956,
                "energy_xtb_solv": -26.29418295911
            },
            "sp": {
                "energy": -385.235715400397
            },
            "gtot": -385.241037442551,
            "bmw": 0.8096705613162302
        }
    },
    "settings": {
        "threshold": 4.0,
        "func": "pbe-d4",
        "basis": "def2-sv(p)",
        "prog": "orca",
        "gfnv": "gfn2",
        "run": true,
        "template": false
    },
    "nconf_in": 2,
    "nconf_out": 2
}