{
    "partname": "screening",
    "runtime": 64.62263236381114,
    "results": {
        "CONF2": {
            "gsolv": {
                "gsolv": -0.008423922340000445,
                "energy_gas": -385.99938183691,
                "energy_solv": -386.00780575925
            },
            "gtot": -386.00780575925,
            "bmw": 0.1903296475979713
        },
        "CONF1": {
            "gsolv": {
                "gsolv": -0.008374854669000342,
                "energy_gas": -386.000797959624,
                "energy_solv": -386.009172814293
            },
            "gtot": -386.009172814293,
            "bmw": 0.8096703524020288
        }
    },
    "settings": {
        "threshold": 3.5,
        "func": "r2scan-3c",
        "basis": "def2-tzvp",
        "prog": "orca",
        "sm": "smd",
        "gfnv": "gfn2",
        "run": true,
        "implicit": false,
        "template": false
    },
    "nconf_in": 2,
    "nconf_out": 2
}