{
    "partname": "refinement",
    "runtime": 441.5681792534888,
    "results": {
        "CONF1": {
            "gsolv": {
                "gsolv": -0.008720638849979423,
                "energy_gas": -386.118177196669,
                "energy_solv": -386.126897835519
            },
            "gtot": -386.126897835519,
            "bmw": 0.8146322070528157
        },
        "CONF2": {
            "gsolv": {
                "gsolv": -0.008784642833006728,
                "energy_gas": -386.116715427901,
                "energy_solv": -386.125500070734
            },
            "gtot": -386.125500070734,
            "bmw": 0.18536779294718422
        }
    },
    "settings": {
        "threshold": 0.95,
        "func": "wb97x-v",
        "basis": "def2-tzvp",
        "prog": "orca",
        "sm": "smd",
        "gfnv": "gfn2",
        "run": true,
        "implicit": false,
        "template": false
    },
    "nconf_in": 2,
    "nconf_out": 2
}