{
    "partname": "prescreening",
    "runtime": 5.566816241946071,
    "results": {
        "CONF1": {
            "xtb_gsolv": {
                "gsolv": -0.002871779598002888,
                "energy_xtb_gas": -19.500398029068,
                "energy_xtb_solv": -19.503269808666
            },
            "sp": {
                "energy": -267.288012619586
            },
            "gtot": -267.29088439918405,
            "bmw": 0.01980219590937773
        },
        "CONF2": {
            "xtb_gsolv": {
                "gsolv": -0.002597630287997532,
                "energy_xtb_gas": -19.498676266924,
                "energy_xtb_solv": -19.501273897212
            },
            "sp": {
                "energy": -267.290386210572
            },
            "gtot": -267.29298384086,
            "bmw": 0.18297412492131107
        },
        "CONF3": {
            "xtb_gsolv": {
                "gsolv": -0.002582395964999762,
                "energy_xtb_gas": -19.496791746699,
                "energy_xtb_solv": -19.499374142664
            },
            "sp": {
                "energy": -267.291791077491
            },
            "gtot": -267.294373473456,
            "bmw": 0.7972167738610049
        },
        "CONF4": {
            "xtb_gsolv": {
                "gsolv": -0.0026943005339994386,
                "energy_xtb_gas": -19.492172782519,
                "energy_xtb_solv": -19.494867083053
            },
            "sp": {
                "energy": -267.278796152844
            },
            "gtot": -267.281490453378,
            "bmw": 9.457957965847265e-07
        },
        "CONF5": {
            "xtb_gsolv": {
                "gsolv": -0.0024416346229969577,
                "energy_xtb_gas": -19.492031720959,
                "energy_xtb_solv": -19.494473355582
            },
            "sp": {
                "energy": -267.280786794173
            },
            "gtot": -267.283228428796,
            "bmw": 5.959512509639393e-06
        }
    },
    "settings": {
        "threshold": 4.0,
        "func": "pbe-d4",
        "basis": "def2-sv(p)",
        "prog": "orca",
        "gfnv": "gfn2",
        "run": true,
        "template": false
    },
    "nconf_in": 5,
    "nconf_out": 3
}