{
    "partname": "screening",
    "runtime": 28.467169666662812,
    "results": {
        "CONF3": {
            "gsolv": {
                "gsolv": -0.014122919421026836,
                "energy_gas": -267.845025735339,
                "energy_solv": -267.85914865476
            },
            "gtot": -267.85914865476,
            "bmw": 0.16318953939289574
        },
        "CONF2": {
            "gsolv": {
                "gsolv": -0.015234434404021613,
                "energy_gas": -267.844455495131,
                "energy_solv": -267.859689929535
            },
            "gtot": -267.859689929535,
            "bmw": 0.28950860670840023
        },
        "CONF1": {
            "gsolv": {
                "gsolv": -0.01711829536299092,
                "energy_gas": -267.843172905007,
                "energy_solv": -267.86029120037
            },
            "gtot": -267.86029120037,
            "bmw": 0.547301853898704
        }
    },
    "settings": {
        "threshold": 3.5,
        "func": "r2scan-3c",
        "basis": "def2-tzvp",
        "prog": "orca",
        "sm": "smd",
        "gfnv": "gfn2",
        "run": true,
        "implicit": false,
        "template": false
    },
    "nconf_in": 3,
    "nconf_out": 3
}