{
    "partname": "refinement",
    "runtime": 145.06023830221966,
    "results": {
        "CONF2": {
            "gsolv": {
                "gsolv": -0.01767733187699605,
                "energy_gas": -267.94485732097,
                "energy_solv": -267.962534652847
            },
            "gtot": -267.962534652847,
            "bmw": 0.3795315766758161
        },
        "CONF3": {
            "gsolv": {
                "gsolv": -0.016213609914018434,
                "energy_gas": -267.945885740939,
                "energy_solv": -267.962099350853
            },
            "gtot": -267.962099350853,
            "bmw": 0.23934417211626668
        },
        "CONF1": {
            "gsolv": {
                "gsolv": -0.0192969721180134,
                "energy_gas": -267.943241634632,
                "energy_solv": -267.96253860675
            },
            "gtot": -267.96253860675,
            "bmw": 0.3811242512079173
        }
    },
    "settings": {
        "threshold": 0.95,
        "func": "wb97x-v",
        "basis": "def2-tzvp",
        "prog": "orca",
        "sm": "smd",
        "gfnv": "gfn2",
        "run": true,
        "implicit": false,
        "template": false
    },
    "nconf_in": 3,
    "nconf_out": 3
}