{
    "partname": "prescreening",
    "runtime": 8.448425874114037,
    "results": {
        "CONF3": {
            "xtb_gsolv": {
                "gsolv": -0.002684997795000754,
                "energy_xtb_gas": -22.493921457893,
                "energy_xtb_solv": -22.496606455688
            },
            "sp": {
                "energy": -326.184951563269
            },
            "gtot": -326.187636561064,
            "bmw": 0.37240212853542043
        },
        "CONF2": {
            "xtb_gsolv": {
                "gsolv": -0.0026792096089991446,
                "energy_xtb_gas": -22.49426378876,
                "energy_xtb_solv": -22.496942998369
            },
            "sp": {
                "energy": -326.184575292948
            },
            "gtot": -326.18725450255704,
            "bmw": 0.24847197150958703
        },
        "CONF1": {
            "xtb_gsolv": {
                "gsolv": -0.0027033869119996723,
                "energy_xtb_gas": -22.494334134263,
                "energy_xtb_solv": -22.497037521175
            },
            "sp": {
                "energy": -326.184950069451
            },
            "gtot": -326.187653456363,
            "bmw": 0.3791258999549926
        }
    },
    "settings": {
        "threshold": 4.0,
        "func": "pbe-d4",
        "basis": "def2-sv(p)",
        "prog": "orca",
        "gfnv": "gfn2",
        "run": true,
        "template": false
    },
    "nconf_in": 3,
    "nconf_out": 3
}