{
    "partname": "screening",
    "runtime": 52.79413508530706,
    "results": {
        "CONF2": {
            "gsolv": {
                "gsolv": -0.005962338192034622,
                "energy_gas": -326.822861027407,
                "energy_solv": -326.828823365599
            },
            "gtot": -326.828823365599,
            "bmw": 0.2070559652887885
        },
        "CONF1": {
            "gsolv": {
                "gsolv": -0.005997132408992911,
                "energy_gas": -326.823227727164,
                "energy_solv": -326.829224859573
            },
            "gtot": -326.829224859573,
            "bmw": 0.31678323663549873
        },
        "CONF3": {
            "gsolv": {
                "gsolv": -0.006134966042054657,
                "energy_gas": -326.823474684177,
                "energy_solv": -326.829609650219
            },
            "gtot": -326.829609650219,
            "bmw": 0.4761607980757127
        }
    },
    "settings": {
        "threshold": 3.5,
        "func": "r2scan-3c",
        "basis": "def2-tzvp",
        "prog": "orca",
        "sm": "smd",
        "gfnv": "gfn2",
        "run": true,
        "implicit": false,
        "template": false
    },
    "nconf_in": 3,
    "nconf_out": 3
}