{
    "partname": "refinement",
    "runtime": 297.3982044234872,
    "results": {
        "CONF1": {
            "gsolv": {
                "gsolv": -0.006364277567968202,
                "energy_gas": -326.931795986092,
                "energy_solv": -326.93816026366
            },
            "gtot": -326.93816026366,
            "bmw": 0.3491417098348678
        },
        "CONF3": {
            "gsolv": {
                "gsolv": -0.006438001596052345,
                "energy_gas": -326.931908049425,
                "energy_solv": -326.938346051021
            },
            "gtot": -326.938346051021,
            "bmw": 0.4250676021769305
        },
        "CONF2": {
            "gsolv": {
                "gsolv": -0.006309844349004834,
                "energy_gas": -326.931438878418,
                "energy_solv": -326.937748722767
            },
            "gtot": -326.937748722767,
            "bmw": 0.22579068798820173
        }
    },
    "settings": {
        "threshold": 0.95,
        "func": "wb97x-v",
        "basis": "def2-tzvp",
        "prog": "orca",
        "sm": "smd",
        "gfnv": "gfn2",
        "run": true,
        "implicit": false,
        "template": false
    },
    "nconf_in": 3,
    "nconf_out": 3
}