{
   "temperature":     298.150000000000,
   "unit": "hartree",
   "energy":     -25.525120596538,
   "free energy":     -25.437735158175,
   "G(T)":       0.087385438364,
   "ZPVE":       0.121602051769,
   "number of imags":0,
   "point group": "cs",
   "gradient norm":       0.000020268701
}
