{
    "partname": "prescreening",
    "runtime": 7.372347958385944,
    "results": {
        "CONF1": {
            "xtb_gsolv": {
                "gsolv": 0.00043931775899963554,
                "energy_xtb_gas": -21.158606217657,
                "energy_xtb_solv": -21.158166899898
            },
            "sp": {
                "energy": -308.949520500451
            },
            "gtot": -308.949081182692,
            "bmw": 1.0
        }
    },
    "settings": {
        "threshold": 4.0,
        "func": "pbe-d4",
        "basis": "def2-sv(p)",
        "prog": "orca",
        "gfnv": "gfn2",
        "run": true,
        "template": false
    },
    "nconf_in": 1,
    "nconf_out": 1
}