{
    "partname": "prescreening",
    "runtime": 11.078819529153407,
    "results": {
        "CONF1": {
            "xtb_gsolv": {
                "gsolv": 0.0014471687899977326,
                "energy_xtb_gas": -25.316425797458,
                "energy_xtb_solv": -25.314978628668
            },
            "sp": {
                "energy": -313.703038220561
            },
            "gtot": -313.701591051771,
            "bmw": 0.9897317056873404
        },
        "CONF3": {
            "xtb_gsolv": {
                "gsolv": 0.0014271160610022093,
                "energy_xtb_gas": -25.309143315766,
                "energy_xtb_solv": -25.307716199705
            },
            "sp": {
                "energy": -313.693824806334
            },
            "gtot": -313.692397690273,
            "bmw": 5.8460685687716336e-05
        },
        "CONF4": {
            "xtb_gsolv": {
                "gsolv": 0.0014394002229991543,
                "energy_xtb_gas": -25.308141435859,
                "energy_xtb_solv": -25.306702035636
            },
            "sp": {
                "energy": -313.69316914126
            },
            "gtot": -313.691729741037,
            "bmw": 2.8815656831050315e-05
        },
        "CONF2": {
            "xtb_gsolv": {
                "gsolv": 0.001442570714999647,
                "energy_xtb_gas": -25.312973713584,
                "energy_xtb_solv": -25.311531142869
            },
            "sp": {
                "energy": -313.698712179288
            },
            "gtot": -313.69726960857304,
            "bmw": 0.010181017970140871
        }
    },
    "settings": {
        "threshold": 4.0,
        "func": "pbe-d4",
        "basis": "def2-sv(p)",
        "prog": "orca",
        "gfnv": "gfn2",
        "run": true,
        "template": false
    },
    "nconf_in": 4,
    "nconf_out": 2
}