{
    "partname": "screening",
    "runtime": 57.38470041193068,
    "results": {
        "CONF1": {
            "gsolv": {
                "gsolv": 0.0027716101220107703,
                "energy_gas": -314.3926243943,
                "energy_solv": -314.389852784178
            },
            "gtot": -314.389852784178,
            "bmw": 0.9883862885361919
        },
        "CONF2": {
            "gsolv": {
                "gsolv": 0.0027960177719705825,
                "energy_gas": -314.388452955704,
                "energy_solv": -314.385656937932
            },
            "gtot": -314.385656937932,
            "bmw": 0.011613711463808142
        }
    },
    "settings": {
        "threshold": 3.5,
        "func": "r2scan-3c",
        "basis": "def2-tzvp",
        "prog": "orca",
        "sm": "smd",
        "gfnv": "gfn2",
        "run": true,
        "implicit": false,
        "template": false
    },
    "nconf_in": 2,
    "nconf_out": 2
}