{
    "partname": "refinement",
    "runtime": 446.64335529878736,
    "results": {
        "CONF1": {
            "gsolv": {
                "gsolv": 0.002810851090032429,
                "energy_gas": -314.518124521341,
                "energy_solv": -314.515313670251
            },
            "gtot": -314.515313670251,
            "bmw": 0.4965483285578345
        },
        "CONF2": {
            "gsolv": {
                "gsolv": 0.0028092570340163547,
                "energy_gas": -314.518135963541,
                "energy_solv": -314.515326706507
            },
            "gtot": -314.515326706507,
            "bmw": 0.5034516714421655
        }
    },
    "settings": {
        "threshold": 0.95,
        "func": "wb97x-v",
        "basis": "def2-tzvp",
        "prog": "orca",
        "sm": "smd",
        "gfnv": "gfn2",
        "run": true,
        "implicit": false,
        "template": false
    },
    "nconf_in": 2,
    "nconf_out": 2
}