{
   "temperature":     298.150000000000,
   "unit": "hartree",
   "energy":     -20.965397945072,
   "free energy":     -20.892710518853,
   "G(T)":       0.072687426219,
   "ZPVE":       0.104494415364,
   "number of imags":0,
   "point group": "c1",
   "gradient norm":       0.000043198445
}
