{
   "temperature":     298.150000000000,
   "unit": "hartree",
   "energy":     -14.082752447895,
   "free energy":     -14.019896634962,
   "G(T)":       0.062855812933,
   "ZPVE":       0.092355615075,
   "number of imags":0,
   "point group": "cs",
   "gradient norm":       0.000019211443
}
