{
   "temperature":     298.150000000000,
   "unit": "hartree",
   "energy":      -4.174940073106,
   "free energy":      -4.147480467503,
   "G(T)":       0.027459605603,
   "ZPVE":       0.044747190424,
   "number of imags":0,
   "point group": "td",
   "gradient norm":       0.000000469664
}
