{
   "temperature":     298.150000000000,
   "unit": "hartree",
   "energy":     -25.386811223945,
   "free energy":     -25.242846340666,
   "G(T)":       0.143964883279,
   "ZPVE":       0.180255097452,
   "number of imags":0,
   "point group": "cs",
   "gradient norm":       0.000145550316
}
