{
   "temperature":     298.150000000000,
   "unit": "hartree",
   "energy":     -26.157134045844,
   "free energy":     -26.080236384865,
   "G(T)":       0.076897660979,
   "ZPVE":       0.109201620963,
   "number of imags":0,
   "point group": "cs",
   "gradient norm":       0.000018605540
}
