{
    "partname": "prescreening",
    "runtime": 5.024710137397051,
    "results": {
        "CONF5": {
            "xtb_gsolv": {
                "gsolv": -0.012229492206000003,
                "energy_xtb_gas": -16.981245142587,
                "energy_xtb_solv": -16.993474634793
            },
            "sp": {
                "energy": -247.971597203369
            },
            "gtot": -247.98382669557498,
            "bmw": 0.06165831723637542
        },
        "CONF2": {
            "xtb_gsolv": {
                "gsolv": -0.012021658942000357,
                "energy_xtb_gas": -16.981900868032,
                "energy_xtb_solv": -16.993922526974
            },
            "sp": {
                "energy": -247.974098105264
            },
            "gtot": -247.986119764206,
            "bmw": 0.6994074084615858
        },
        "CONF1": {
            "xtb_gsolv": {
                "gsolv": -0.012044554020999243,
                "energy_xtb_gas": -16.982050535936,
                "energy_xtb_solv": -16.994095089957
            },
            "sp": {
                "energy": -247.971997118273
            },
            "gtot": -247.984041672294,
            "bmw": 0.07742373422014291
        },
        "CONF4": {
            "xtb_gsolv": {
                "gsolv": -0.012474409453002266,
                "energy_xtb_gas": -16.981192920246,
                "energy_xtb_solv": -16.993667329699
            },
            "sp": {
                "energy": -247.971607086803
            },
            "gtot": -247.984081496256,
            "bmw": 0.08075917402140394
        },
        "CONF3": {
            "xtb_gsolv": {
                "gsolv": -0.012469835795997142,
                "energy_xtb_gas": -16.981193235565,
                "energy_xtb_solv": -16.993663071361
            },
            "sp": {
                "energy": -247.97161156917
            },
            "gtot": -247.984081404966,
            "bmw": 0.08075136606049188
        }
    },
    "settings": {
        "threshold": 4.0,
        "func": "pbe-d4",
        "basis": "def2-sv(p)",
        "prog": "orca",
        "gfnv": "gfn2",
        "run": true,
        "template": false
    },
    "nconf_in": 5,
    "nconf_out": 5
}