{
    "partname": "screening",
    "runtime": 24.457241006661206,
    "results": {
        "CONF4": {
            "gsolv": {
                "gsolv": -0.016729925122007216,
                "energy_gas": -248.471316605028,
                "energy_solv": -248.48804653015
            },
            "gtot": -248.48804653015,
            "bmw": 0.26367872425230615
        },
        "CONF2": {
            "gsolv": {
                "gsolv": -0.015153610977989729,
                "energy_gas": -248.472901550236,
                "energy_solv": -248.488055161214
            },
            "gtot": -248.488055161214,
            "bmw": 0.2661001402309152
        },
        "CONF1": {
            "gsolv": {
                "gsolv": -0.016199856069988527,
                "energy_gas": -248.47105707518,
                "energy_solv": -248.48725693125
            },
            "gtot": -248.48725693125,
            "bmw": 0.11425750469375831
        },
        "CONF5": {
            "gsolv": {
                "gsolv": -0.016394188687996802,
                "energy_gas": -248.470705955032,
                "energy_solv": -248.48710014372
            },
            "gtot": -248.48710014372,
            "bmw": 0.09677595447850514
        },
        "CONF3": {
            "gsolv": {
                "gsolv": -0.016723559803011767,
                "energy_gas": -248.471306750223,
                "energy_solv": -248.488030310026
            },
            "gtot": -248.488030310026,
            "bmw": 0.2591876763445151
        }
    },
    "settings": {
        "threshold": 3.5,
        "func": "r2scan-3c",
        "basis": "def2-tzvp",
        "prog": "orca",
        "sm": "smd",
        "gfnv": "gfn2",
        "run": true,
        "implicit": false,
        "template": false
    },
    "nconf_in": 5,
    "nconf_out": 5
}