{
    "partname": "refinement",
    "runtime": 111.98649845831096,
    "results": {
        "CONF1": {
            "gsolv": {
                "gsolv": -0.017019253142990465,
                "energy_gas": -248.544820529226,
                "energy_solv": -248.561839782369
            },
            "gtot": -248.561839782369,
            "bmw": 0.2896778267898725
        },
        "CONF4": {
            "gsolv": {
                "gsolv": -0.01771725754798581,
                "energy_gas": -248.543517124879,
                "energy_solv": -248.561234382427
            },
            "gtot": -248.561234382427,
            "bmw": 0.15256346926182038
        },
        "CONF5": {
            "gsolv": {
                "gsolv": -0.01768272995099096,
                "energy_gas": -248.543521633119,
                "energy_solv": -248.56120436307
            },
            "gtot": -248.56120436307,
            "bmw": 0.14778916911711737
        },
        "CONF3": {
            "gsolv": {
                "gsolv": -0.017720459295986757,
                "energy_gas": -248.54350944229,
                "energy_solv": -248.561229901586
            },
            "gtot": -248.561229901586,
            "bmw": 0.15184115958358502
        },
        "CONF2": {
            "gsolv": {
                "gsolv": -0.01642584217901799,
                "energy_gas": -248.545305064163,
                "energy_solv": -248.561730906342
            },
            "gtot": -248.561730906342,
            "bmw": 0.2581283752476046
        }
    },
    "settings": {
        "threshold": 0.95,
        "func": "wb97x-v",
        "basis": "def2-tzvp",
        "prog": "orca",
        "sm": "smd",
        "gfnv": "gfn2",
        "run": true,
        "implicit": false,
        "template": false
    },
    "nconf_in": 5,
    "nconf_out": 5
}