{
    "partname": "prescreening",
    "runtime": 7.824424831196666,
    "results": {
        "CONF2": {
            "xtb_gsolv": {
                "gsolv": -0.004899199158998613,
                "energy_xtb_gas": -19.87616249177,
                "energy_xtb_solv": -19.881061690929
            },
            "sp": {
                "energy": -271.121283756518
            },
            "gtot": -271.126182955677,
            "bmw": 0.41534994611030157
        },
        "CONF3": {
            "xtb_gsolv": {
                "gsolv": -0.004733469079997832,
                "energy_xtb_gas": -19.876260498427,
                "energy_xtb_solv": -19.880993967507
            },
            "sp": {
                "energy": -271.121663215665
            },
            "gtot": -271.12639668474503,
            "bmw": 0.5208620606143566
        },
        "CONF1": {
            "xtb_gsolv": {
                "gsolv": -0.0038952357799999504,
                "energy_xtb_gas": -19.878347755558,
                "energy_xtb_solv": -19.882242991338
            },
            "sp": {
                "energy": -271.120518738284
            },
            "gtot": -271.124413974064,
            "bmw": 0.06378799327534182
        }
    },
    "settings": {
        "threshold": 4.0,
        "func": "pbe-d4",
        "basis": "def2-sv(p)",
        "prog": "orca",
        "gfnv": "gfn2",
        "run": true,
        "template": false
    },
    "nconf_in": 3,
    "nconf_out": 3
}