{
    "partname": "screening",
    "runtime": 44.657884741202,
    "results": {
        "CONF1": {
            "gsolv": {
                "gsolv": -0.008076341942000909,
                "energy_gas": -271.69670547905,
                "energy_solv": -271.704781820992
            },
            "gtot": -271.704781820992,
            "bmw": 0.3415102973731801
        },
        "CONF2": {
            "gsolv": {
                "gsolv": -0.007055347358004838,
                "energy_gas": -271.697121149421,
                "energy_solv": -271.704176496779
            },
            "gtot": -271.704176496779,
            "bmw": 0.1798762969889404
        },
        "CONF3": {
            "gsolv": {
                "gsolv": -0.007202779743977317,
                "energy_gas": -271.697897717774,
                "energy_solv": -271.705100497518
            },
            "gtot": -271.705100497518,
            "bmw": 0.4786134056378794
        }
    },
    "settings": {
        "threshold": 3.5,
        "func": "r2scan-3c",
        "basis": "def2-tzvp",
        "prog": "orca",
        "sm": "smd",
        "gfnv": "gfn2",
        "run": true,
        "implicit": false,
        "template": false
    },
    "nconf_in": 3,
    "nconf_out": 3
}