{
    "partname": "refinement",
    "runtime": 196.2266866657883,
    "results": {
        "CONF2": {
            "gsolv": {
                "gsolv": -0.007821620054983214,
                "energy_gas": -271.790124845435,
                "energy_solv": -271.79794646549
            },
            "gtot": -271.79794646549,
            "bmw": 0.4229995083762591
        },
        "CONF3": {
            "gsolv": {
                "gsolv": -0.007736963250977169,
                "energy_gas": -271.790193183621,
                "energy_solv": -271.797930146872
            },
            "gtot": -271.797930146872,
            "bmw": 0.41575149341271794
        },
        "CONF1": {
            "gsolv": {
                "gsolv": -0.008746445349004262,
                "energy_gas": -271.788289429206,
                "energy_solv": -271.797035874555
            },
            "gtot": -271.797035874555,
            "bmw": 0.1612489982110229
        }
    },
    "settings": {
        "threshold": 0.95,
        "func": "wb97x-v",
        "basis": "def2-tzvp",
        "prog": "orca",
        "sm": "smd",
        "gfnv": "gfn2",
        "run": true,
        "implicit": false,
        "template": false
    },
    "nconf_in": 3,
    "nconf_out": 3
}