{
   "temperature":     298.150000000000,
   "unit": "hartree",
   "energy":     -28.354539950068,
   "free energy":     -28.185396728217,
   "G(T)":       0.169143221852,
   "ZPVE":       0.203946050460,
   "number of imags":0,
   "point group": "c1",
   "gradient norm":       0.000032272862
}
