{
   "temperature":     298.150000000000,
   "unit": "hartree",
   "energy":     -23.095301034496,
   "free energy":     -23.012644479715,
   "G(T)":       0.082656554781,
   "ZPVE":       0.115683063750,
   "number of imags":0,
   "point group": "cs",
   "gradient norm":       0.000037589440
}
