{
    "partname": "prescreening",
    "runtime": 6.571099597029388,
    "results": {
        "CONF1": {
            "xtb_gsolv": {
                "gsolv": -0.005269188667000435,
                "energy_xtb_gas": -19.588869906671,
                "energy_xtb_solv": -19.594139095338
            },
            "sp": {
                "energy": -302.985526054679
            },
            "gtot": -302.990795243346,
            "bmw": 1.0
        }
    },
    "settings": {
        "threshold": 4.0,
        "func": "pbe-d4",
        "basis": "def2-sv(p)",
        "prog": "orca",
        "gfnv": "gfn2",
        "run": true,
        "template": false
    },
    "nconf_in": 1,
    "nconf_out": 1
}