{
   "temperature":     298.150000000000,
   "unit": "hartree",
   "energy":     -23.055915337956,
   "free energy":     -22.915022451721,
   "G(T)":       0.140892886235,
   "ZPVE":       0.171247516631,
   "number of imags":0,
   "point group": "cs",
   "gradient norm":       0.000037007089
}
