{
   "temperature":     298.150000000000,
   "unit": "hartree",
   "energy":     -31.818761726052,
   "free energy":     -31.657647681324,
   "G(T)":       0.161114044728,
   "ZPVE":       0.197114168454,
   "number of imags":0,
   "point group": "c2h",
   "gradient norm":       0.000036816008
}
