{
   "temperature":     298.150000000000,
   "unit": "hartree",
   "energy":     -43.392907848724,
   "free energy":     -43.245293784897,
   "G(T)":       0.147614063827,
   "ZPVE":       0.186267677247,
   "number of imags":0,
   "point group": "c1",
   "gradient norm":       0.000055465331
}
