{
   "temperature":     298.150000000000,
   "unit": "hartree",
   "energy":     -22.153804055103,
   "free energy":     -21.988572498138,
   "G(T)":       0.165231556965,
   "ZPVE":       0.195840460181,
   "number of imags":0,
   "point group": "cs",
   "gradient norm":       0.000069262092
}
