{
   "temperature":     298.150000000000,
   "unit": "hartree",
   "energy":     -17.626193923558,
   "free energy":     -17.568918863035,
   "G(T)":       0.057275060523,
   "ZPVE":       0.087156137847,
   "number of imags":0,
   "point group": "c1",
   "gradient norm":       0.000060637646
}
