{
   "temperature":     298.150000000000,
   "unit": "hartree",
   "energy":     -35.048676839991,
   "free energy":     -34.884583447449,
   "G(T)":       0.164093392543,
   "ZPVE":       0.204905196648,
   "number of imags":0,
   "point group": "c1",
   "gradient norm":       0.000092336028
}
