{
    "partname": "prescreening",
    "runtime": 12.249330366961658,
    "results": {
        "CONF2": {
            "xtb_gsolv": {
                "gsolv": -0.006860522110002876,
                "energy_xtb_gas": -30.474944952907,
                "energy_xtb_solv": -30.481805475017
            },
            "sp": {
                "energy": -425.630528692738
            },
            "gtot": -425.637389214848,
            "bmw": 0.04948427505488234
        },
        "CONF1": {
            "xtb_gsolv": {
                "gsolv": -0.006809344270997997,
                "energy_xtb_gas": -30.47651466129,
                "energy_xtb_solv": -30.483324005561
            },
            "sp": {
                "energy": -425.633370263921
            },
            "gtot": -425.640179608192,
            "bmw": 0.9505157249451177
        }
    },
    "settings": {
        "threshold": 4.0,
        "func": "pbe-d4",
        "basis": "def2-sv(p)",
        "prog": "orca",
        "gfnv": "gfn2",
        "run": true,
        "template": false
    },
    "nconf_in": 2,
    "nconf_out": 2
}