{
    "partname": "screening",
    "runtime": 104.94184588920325,
    "results": {
        "CONF1": {
            "gsolv": {
                "gsolv": -0.009998382926994509,
                "energy_gas": -426.49854303861,
                "energy_solv": -426.508541421537
            },
            "gtot": -426.508541421537,
            "bmw": 0.9566262680734561
        },
        "CONF2": {
            "gsolv": {
                "gsolv": -0.01015438999803564,
                "energy_gas": -426.495466143473,
                "energy_solv": -426.505620533471
            },
            "gtot": -426.505620533471,
            "bmw": 0.04337373192654393
        }
    },
    "settings": {
        "threshold": 3.5,
        "func": "r2scan-3c",
        "basis": "def2-tzvp",
        "prog": "orca",
        "sm": "smd",
        "gfnv": "gfn2",
        "run": true,
        "implicit": false,
        "template": false
    },
    "nconf_in": 2,
    "nconf_out": 2
}