{
    "partname": "refinement",
    "runtime": 719.2310573393479,
    "results": {
        "CONF2": {
            "gsolv": {
                "gsolv": -0.01076469910395872,
                "energy_gas": -426.63683897994,
                "energy_solv": -426.647603679044
            },
            "gtot": -426.647603679044,
            "bmw": 0.04076395961065945
        },
        "CONF1": {
            "gsolv": {
                "gsolv": -0.010612772817012228,
                "energy_gas": -426.639972958557,
                "energy_solv": -426.650585731374
            },
            "gtot": -426.650585731374,
            "bmw": 0.9592360403893406
        }
    },
    "settings": {
        "threshold": 0.95,
        "func": "wb97x-v",
        "basis": "def2-tzvp",
        "prog": "orca",
        "sm": "smd",
        "gfnv": "gfn2",
        "run": true,
        "implicit": false,
        "template": false
    },
    "nconf_in": 2,
    "nconf_out": 2
}