{
   "temperature":     298.150000000000,
   "unit": "hartree",
   "energy":     -43.388336730776,
   "free energy":     -43.241205665803,
   "G(T)":       0.147131064972,
   "ZPVE":       0.186054654723,
   "number of imags":0,
   "point group": "c1",
   "gradient norm":       0.000069089436
}
