{
   "temperature":     298.150000000000,
   "unit": "hartree",
   "energy":     -25.525120559748,
   "free energy":     -25.437849311300,
   "G(T)":       0.087271248449,
   "ZPVE":       0.121604806579,
   "number of imags":0,
   "point group": "cs",
   "gradient norm":       0.000110598994
}
