{
    "partname": "prescreening",
    "runtime": 34.35593429906294,
    "results": {
        "CONF1": {
            "xtb_gsolv": {
                "gsolv": -0.0004407053559987162,
                "energy_xtb_gas": -35.071724438627,
                "energy_xtb_solv": -35.072165143983
            },
            "sp": {
                "energy": -538.38150917938
            },
            "gtot": -538.3819498847361,
            "bmw": 1.0
        }
    },
    "settings": {
        "threshold": 4.0,
        "func": "pbe-d4",
        "basis": "def2-sv(p)",
        "prog": "orca",
        "gfnv": "gfn2",
        "run": true,
        "template": false
    },
    "nconf_in": 1,
    "nconf_out": 1
}