{
    "partname": "prescreening",
    "runtime": 13.630173112265766,
    "results": {
        "CONF1": {
            "xtb_gsolv": {
                "gsolv": -0.0002605655859966305,
                "energy_xtb_gas": -40.156231001681,
                "energy_xtb_solv": -40.156491567267
            },
            "sp": {
                "energy": -2987.387965420111
            },
            "gtot": -2987.388225985697,
            "bmw": 1.0
        }
    },
    "settings": {
        "threshold": 4.0,
        "func": "pbe-d4",
        "basis": "def2-sv(p)",
        "prog": "orca",
        "gfnv": "gfn2",
        "run": true,
        "template": false
    },
    "nconf_in": 1,
    "nconf_out": 1
}