{
    "partname": "prescreening",
    "runtime": 5.303902389947325,
    "results": {
        "CONF1": {
            "xtb_gsolv": {
                "gsolv": 0.0017486909449999644,
                "energy_xtb_gas": -15.81431349377,
                "energy_xtb_solv": -15.812564802825
            },
            "sp": {
                "energy": -196.053175351325
            },
            "gtot": -196.05142666038,
            "bmw": 1.0
        }
    },
    "settings": {
        "threshold": 4.0,
        "func": "pbe-d4",
        "basis": "def2-sv(p)",
        "prog": "orca",
        "gfnv": "gfn2",
        "run": true,
        "template": false
    },
    "nconf_in": 1,
    "nconf_out": 1
}