{
    "partname": "prescreening",
    "runtime": 20.3459660904482,
    "results": {
        "CONF1": {
            "xtb_gsolv": {
                "gsolv": -0.002162754977007353,
                "energy_xtb_gas": -71.235803412217,
                "energy_xtb_solv": -71.237966167194
            },
            "sp": {
                "energy": -5055.068907824932
            },
            "gtot": -5055.071070579908,
            "bmw": 0.16211122985828347
        },
        "CONF2": {
            "xtb_gsolv": {
                "gsolv": -0.0021219093849964565,
                "energy_xtb_gas": -71.235639241159,
                "energy_xtb_solv": -71.237761150544
            },
            "sp": {
                "energy": -5055.070499589327
            },
            "gtot": -5055.072621498712,
            "bmw": 0.8378887701417166
        }
    },
    "settings": {
        "threshold": 4.0,
        "func": "pbe-d4",
        "basis": "def2-sv(p)",
        "prog": "orca",
        "gfnv": "gfn2",
        "run": true,
        "template": false
    },
    "nconf_in": 2,
    "nconf_out": 2
}