{
    "partname": "screening",
    "runtime": 197.31874977145344,
    "results": {
        "CONF1": {
            "gsolv": {
                "gsolv": 0.004147061647017836,
                "energy_gas": -5058.941722944112,
                "energy_solv": -5058.937575882465
            },
            "gtot": -5058.937575882465,
            "bmw": 0.12318494861091796
        },
        "CONF2": {
            "gsolv": {
                "gsolv": 0.004226278017995355,
                "energy_gas": -5058.943655224288,
                "energy_solv": -5058.93942894627
            },
            "gtot": -5058.93942894627,
            "bmw": 0.876815051389082
        }
    },
    "settings": {
        "threshold": 3.5,
        "func": "r2scan-3c",
        "basis": "def2-tzvp",
        "prog": "orca",
        "sm": "smd",
        "gfnv": "gfn2",
        "run": true,
        "implicit": false,
        "template": false
    },
    "nconf_in": 2,
    "nconf_out": 2
}