{
    "partname": "refinement",
    "runtime": 1931.338746917434,
    "results": {
        "CONF1": {
            "gsolv": {
                "gsolv": 0.003969148812757339,
                "energy_gas": -5058.755913701089,
                "energy_solv": -5058.751944552277
            },
            "gtot": -5058.751944552277,
            "bmw": 0.5097801871209432
        },
        "CONF2": {
            "gsolv": {
                "gsolv": 0.0039471607760788174,
                "energy_gas": -5058.755854771164,
                "energy_solv": -5058.751907610388
            },
            "gtot": -5058.751907610388,
            "bmw": 0.49021981287905686
        }
    },
    "settings": {
        "threshold": 0.95,
        "func": "wb97x-v",
        "basis": "def2-tzvp",
        "prog": "orca",
        "sm": "smd",
        "gfnv": "gfn2",
        "run": true,
        "implicit": false,
        "template": false
    },
    "nconf_in": 2,
    "nconf_out": 2
}