{
   "temperature":     298.150000000000,
   "unit": "hartree",
   "energy":     -48.535858960162,
   "free energy":     -48.332499154154,
   "G(T)":       0.203359806008,
   "ZPVE":       0.247620820691,
   "number of imags":0,
   "point group": "c1",
   "gradient norm":       0.000056058287
}
