{
   "temperature":     298.150000000000,
   "unit": "hartree",
   "energy":     -28.552557363135,
   "free energy":     -28.383223517815,
   "G(T)":       0.169333845320,
   "ZPVE":       0.208032255201,
   "number of imags":0,
   "point group": "c1",
   "gradient norm":       0.000041185315
}
