{
   "temperature":     298.150000000000,
   "unit": "hartree",
   "energy":     -23.034629406720,
   "free energy":     -22.901536221752,
   "G(T)":       0.133093184968,
   "ZPVE":       0.166299096575,
   "number of imags":0,
   "point group": "c1",
   "gradient norm":       0.000091134410
}
