{
   "temperature":     298.150000000000,
   "unit": "hartree",
   "energy":     -26.322808305045,
   "free energy":     -26.115618059687,
   "G(T)":       0.207190245358,
   "ZPVE":       0.242723765822,
   "number of imags":0,
   "point group": "c1",
   "gradient norm":       0.000054318159
}
