{
   "temperature":     298.150000000000,
   "unit": "hartree",
   "energy":     -22.498850676466,
   "free energy":     -22.392670797780,
   "G(T)":       0.106179878685,
   "ZPVE":       0.139818337576,
   "number of imags":0,
   "point group": "c1",
   "gradient norm":       0.000037701903
}
