{
    "partname": "prescreening",
    "runtime": 3.79425604082644,
    "results": {
        "CONF1": {
            "xtb_gsolv": {
                "gsolv": 0.0015530509320011987,
                "energy_xtb_gas": -10.571523576802,
                "energy_xtb_solv": -10.56997052587
            },
            "sp": {
                "energy": -477.487259436425
            },
            "gtot": -477.485706385493,
            "bmw": 1.0
        }
    },
    "settings": {
        "threshold": 4.0,
        "func": "pbe-d4",
        "basis": "def2-sv(p)",
        "prog": "orca",
        "gfnv": "gfn2",
        "run": true,
        "template": false
    },
    "nconf_in": 1,
    "nconf_out": 1
}