{
    "partname": "prescreening",
    "runtime": 10.163795509375632,
    "results": {
        "CONF2": {
            "xtb_gsolv": {
                "gsolv": -0.004316290466000794,
                "energy_xtb_gas": -29.546616353772,
                "energy_xtb_solv": -29.550932644238
            },
            "sp": {
                "energy": -460.13104851529
            },
            "gtot": -460.135364805756,
            "bmw": 0.016104068077178988
        },
        "CONF1": {
            "xtb_gsolv": {
                "gsolv": -0.005845968646003286,
                "energy_xtb_gas": -29.548330232126,
                "energy_xtb_solv": -29.554176200772
            },
            "sp": {
                "energy": -460.133401744059
            },
            "gtot": -460.13924771270496,
            "bmw": 0.983895931922821
        }
    },
    "settings": {
        "threshold": 4.0,
        "func": "pbe-d4",
        "basis": "def2-sv(p)",
        "prog": "orca",
        "gfnv": "gfn2",
        "run": true,
        "template": false
    },
    "nconf_in": 2,
    "nconf_out": 2
}