{
    "partname": "screening",
    "runtime": 69.09260114841163,
    "results": {
        "CONF1": {
            "gsolv": {
                "gsolv": -0.010092426715971214,
                "energy_gas": -461.005107092999,
                "energy_solv": -461.015199519715
            },
            "gtot": -461.015199519715,
            "bmw": 0.8679132132900953
        },
        "CONF2": {
            "gsolv": {
                "gsolv": -0.010314271407025899,
                "energy_gas": -461.003107697175,
                "energy_solv": -461.013421968582
            },
            "gtot": -461.013421968582,
            "bmw": 0.13208678670990465
        }
    },
    "settings": {
        "threshold": 3.5,
        "func": "r2scan-3c",
        "basis": "def2-tzvp",
        "prog": "orca",
        "sm": "smd",
        "gfnv": "gfn2",
        "run": true,
        "implicit": false,
        "template": false
    },
    "nconf_in": 2,
    "nconf_out": 2
}