{
    "partname": "refinement",
    "runtime": 544.3223357917741,
    "results": {
        "CONF1": {
            "gsolv": {
                "gsolv": -0.010191456887014283,
                "energy_gas": -461.135991585733,
                "energy_solv": -461.14618304262
            },
            "gtot": -461.14618304262,
            "bmw": 0.9035528305977482
        },
        "CONF2": {
            "gsolv": {
                "gsolv": -0.010760792988037338,
                "energy_gas": -461.133309790232,
                "energy_solv": -461.14407058322
            },
            "gtot": -461.14407058322,
            "bmw": 0.09644716940225181
        }
    },
    "settings": {
        "threshold": 0.95,
        "func": "wb97x-v",
        "basis": "def2-tzvp",
        "prog": "orca",
        "sm": "smd",
        "gfnv": "gfn2",
        "run": true,
        "implicit": false,
        "template": false
    },
    "nconf_in": 2,
    "nconf_out": 2
}