{
   "temperature":     298.150000000000,
   "unit": "hartree",
   "energy":     -17.730312573483,
   "free energy":     -17.626432411687,
   "G(T)":       0.103880161795,
   "ZPVE":       0.133681324269,
   "number of imags":0,
   "point group": "c1",
   "gradient norm":       0.000037249423
}
