{
    "partname": "prescreening",
    "runtime": 7.9975177105516195,
    "results": {
        "CONF1": {
            "xtb_gsolv": {
                "gsolv": -0.002211822361001481,
                "energy_xtb_gas": -31.731667304513,
                "energy_xtb_solv": -31.733879126874
            },
            "sp": {
                "energy": -568.180558497708
            },
            "gtot": -568.182770320069,
            "bmw": 1.0
        }
    },
    "settings": {
        "threshold": 4.0,
        "func": "pbe-d4",
        "basis": "def2-sv(p)",
        "prog": "orca",
        "gfnv": "gfn2",
        "run": true,
        "template": false
    },
    "nconf_in": 1,
    "nconf_out": 1
}