{
   "temperature":     298.150000000000,
   "unit": "hartree",
   "energy":     -22.490708803874,
   "free energy":     -22.381805334647,
   "G(T)":       0.108903469227,
   "ZPVE":       0.141282813985,
   "number of imags":0,
   "point group": "c1",
   "gradient norm":       0.000047102454
}
