{
   "temperature":     298.150000000000,
   "unit": "hartree",
   "energy":     -28.354540170839,
   "free energy":     -28.185407020164,
   "G(T)":       0.169133150675,
   "ZPVE":       0.203945312893,
   "number of imags":0,
   "point group": "c1",
   "gradient norm":       0.000049389781
}
