{
   "temperature":     298.150000000000,
   "unit": "hartree",
   "energy":     -35.048672233802,
   "free energy":     -34.885166020329,
   "G(T)":       0.163506213473,
   "ZPVE":       0.204887485591,
   "number of imags":0,
   "point group": "c1",
   "gradient norm":       0.000024336256
}
