{
   "temperature":     298.150000000000,
   "unit": "hartree",
   "energy":     -43.389545002869,
   "free energy":     -43.241642574266,
   "G(T)":       0.147902428603,
   "ZPVE":       0.186524651488,
   "number of imags":0,
   "point group": "c1",
   "gradient norm":       0.000054709730
}
