{
   "temperature":     298.150000000000,
   "unit": "hartree",
   "energy":     -30.429079441618,
   "free energy":     -30.359889080328,
   "G(T)":       0.069190361290,
   "ZPVE":       0.102850711727,
   "number of imags":0,
   "point group": "cs",
   "gradient norm":       0.000020364189
}
