{
    "partname": "prescreening",
    "runtime": 7.776213798671961,
    "results": {
        "CONF1": {
            "xtb_gsolv": {
                "gsolv": -0.0019555889329971876,
                "energy_xtb_gas": -22.481277859769,
                "energy_xtb_solv": -22.483233448702
            },
            "sp": {
                "energy": -326.172874599958
            },
            "gtot": -326.174830188891,
            "bmw": 0.43231931900092563
        },
        "CONF2": {
            "xtb_gsolv": {
                "gsolv": -0.002112416206998091,
                "energy_xtb_gas": -22.480720222321,
                "energy_xtb_solv": -22.482832638528
            },
            "sp": {
                "energy": -326.17297496325
            },
            "gtot": -326.175087379457,
            "bmw": 0.5676806809990743
        }
    },
    "settings": {
        "threshold": 4.0,
        "func": "pbe-d4",
        "basis": "def2-sv(p)",
        "prog": "orca",
        "gfnv": "gfn2",
        "run": true,
        "template": false
    },
    "nconf_in": 2,
    "nconf_out": 2
}