{
    "partname": "screening",
    "runtime": 49.802448028698564,
    "results": {
        "CONF1": {
            "gsolv": {
                "gsolv": -0.007773296347011183,
                "energy_gas": -326.814291291286,
                "energy_solv": -326.822064587633
            },
            "gtot": -326.822064587633,
            "bmw": 0.7066095082399653
        },
        "CONF2": {
            "gsolv": {
                "gsolv": -0.007503400262010018,
                "energy_gas": -326.813731274619,
                "energy_solv": -326.821234674881
            },
            "gtot": -326.821234674881,
            "bmw": 0.29339049176003473
        }
    },
    "settings": {
        "threshold": 3.5,
        "func": "r2scan-3c",
        "basis": "def2-tzvp",
        "prog": "orca",
        "sm": "smd",
        "gfnv": "gfn2",
        "run": true,
        "implicit": false,
        "template": false
    },
    "nconf_in": 2,
    "nconf_out": 2
}