{
    "partname": "refinement",
    "runtime": 307.28453102428466,
    "results": {
        "CONF2": {
            "gsolv": {
                "gsolv": -0.0069969066470321195,
                "energy_gas": -326.921341283578,
                "energy_solv": -326.928338190225
            },
            "gtot": -326.928338190225,
            "bmw": 0.18454185572220838
        },
        "CONF1": {
            "gsolv": {
                "gsolv": -0.007648903163953946,
                "energy_gas": -326.922092225017,
                "energy_solv": -326.929741128181
            },
            "gtot": -326.929741128181,
            "bmw": 0.8154581442777916
        }
    },
    "settings": {
        "threshold": 0.95,
        "func": "wb97x-v",
        "basis": "def2-tzvp",
        "prog": "orca",
        "sm": "smd",
        "gfnv": "gfn2",
        "run": true,
        "implicit": false,
        "template": false
    },
    "nconf_in": 2,
    "nconf_out": 2
}