{
   "temperature":     298.150000000000,
   "unit": "hartree",
   "energy":     -16.995481354522,
   "free energy":     -16.925516887534,
   "G(T)":       0.069964466987,
   "ZPVE":       0.099749760491,
   "number of imags":0,
   "point group": "cs",
   "gradient norm":       0.000095604736
}
