{
   "temperature":     298.150000000000,
   "unit": "hartree",
   "energy":     -20.791322528070,
   "free energy":     -20.709238060267,
   "G(T)":       0.082084467803,
   "ZPVE":       0.114954441932,
   "number of imags":0,
   "point group": "c1",
   "gradient norm":       0.000033194947
}
