{
   "temperature":     298.150000000000,
   "unit": "hartree",
   "energy":     -24.014989261888,
   "free energy":     -23.954994449279,
   "G(T)":       0.059994812609,
   "ZPVE":       0.091412299777,
   "number of imags":0,
   "point group": "cs",
   "gradient norm":       0.000043870365
}
