{
    "partname": "prescreening",
    "runtime": 13.093564560636878,
    "results": {
        "CONF1": {
            "xtb_gsolv": {
                "gsolv": -0.003652923071999936,
                "energy_xtb_gas": -23.029162793639,
                "energy_xtb_solv": -23.032815716711
            },
            "sp": {
                "energy": -310.355683293364
            },
            "gtot": -310.359336216436,
            "bmw": 0.5215992331508299
        },
        "CONF3": {
            "xtb_gsolv": {
                "gsolv": -0.0035734593489991084,
                "energy_xtb_gas": -23.028129752336,
                "energy_xtb_solv": -23.031703211685
            },
            "sp": {
                "energy": -310.355182185233
            },
            "gtot": -310.358755644582,
            "bmw": 0.28202809664255635
        },
        "CONF2": {
            "xtb_gsolv": {
                "gsolv": -0.0036423492469985774,
                "energy_xtb_gas": -23.028613738528,
                "energy_xtb_solv": -23.032256087775
            },
            "sp": {
                "energy": -310.354771507915
            },
            "gtot": -310.358413857162,
            "bmw": 0.19637267020661373
        }
    },
    "settings": {
        "threshold": 4.0,
        "func": "pbe-d4",
        "basis": "def2-sv(p)",
        "prog": "orca",
        "gfnv": "gfn2",
        "run": true,
        "template": false
    },
    "nconf_in": 3,
    "nconf_out": 3
}