{
    "partname": "screening",
    "runtime": 81.79794147331268,
    "results": {
        "CONF3": {
            "gsolv": {
                "gsolv": -0.005893025308978395,
                "energy_gas": -311.005576349092,
                "energy_solv": -311.011469374401
            },
            "gtot": -311.011469374401,
            "bmw": 0.4050261568189218
        },
        "CONF1": {
            "gsolv": {
                "gsolv": -0.005752539463003359,
                "energy_gas": -311.005853961323,
                "energy_solv": -311.011606500786
            },
            "gtot": -311.011606500786,
            "bmw": 0.46833524494972634
        },
        "CONF2": {
            "gsolv": {
                "gsolv": -0.005719865333048801,
                "energy_gas": -311.004651787487,
                "energy_solv": -311.01037165282
            },
            "gtot": -311.01037165282,
            "bmw": 0.12663859823135187
        }
    },
    "settings": {
        "threshold": 3.5,
        "func": "r2scan-3c",
        "basis": "def2-tzvp",
        "prog": "orca",
        "sm": "smd",
        "gfnv": "gfn2",
        "run": true,
        "implicit": false,
        "template": false
    },
    "nconf_in": 3,
    "nconf_out": 3
}