{
    "partname": "refinement",
    "runtime": 292.64004302117974,
    "results": {
        "CONF2": {
            "gsolv": {
                "gsolv": -0.006510391107951818,
                "energy_gas": -311.108883870077,
                "energy_solv": -311.115394261185
            },
            "gtot": -311.115394261185,
            "bmw": 0.13758139366291736
        },
        "CONF3": {
            "gsolv": {
                "gsolv": -0.006628215554030703,
                "energy_gas": -311.109551769058,
                "energy_solv": -311.116179984612
            },
            "gtot": -311.116179984612,
            "bmw": 0.31620407603072126
        },
        "CONF1": {
            "gsolv": {
                "gsolv": -0.006599292355986108,
                "energy_gas": -311.110096805773,
                "energy_solv": -311.116696098129
            },
            "gtot": -311.116696098129,
            "bmw": 0.5462145303063614
        }
    },
    "settings": {
        "threshold": 0.95,
        "func": "wb97x-v",
        "basis": "def2-tzvp",
        "prog": "orca",
        "sm": "smd",
        "gfnv": "gfn2",
        "run": true,
        "implicit": false,
        "template": false
    },
    "nconf_in": 3,
    "nconf_out": 3
}