{
    "partname": "prescreening",
    "runtime": 8.421952730976045,
    "results": {
        "CONF3": {
            "xtb_gsolv": {
                "gsolv": -0.001715047394000635,
                "energy_xtb_gas": -23.295772008527,
                "energy_xtb_solv": -23.297487055921
            },
            "sp": {
                "energy": -326.332825305405
            },
            "gtot": -326.33454035279897,
            "bmw": 1.2089017123496162e-07
        },
        "CONF1": {
            "xtb_gsolv": {
                "gsolv": -0.0011853082569999174,
                "energy_xtb_gas": -23.304451928753,
                "energy_xtb_solv": -23.30563723701
            },
            "sp": {
                "energy": -326.348393317352
            },
            "gtot": -326.349578625609,
            "bmw": 0.9988900242350652
        },
        "CONF4": {
            "xtb_gsolv": {
                "gsolv": -0.0014774589780017777,
                "energy_xtb_gas": -23.295757106647,
                "energy_xtb_solv": -23.297234565625
            },
            "sp": {
                "energy": -326.333764847808
            },
            "gtot": -326.33524230678603,
            "bmw": 2.542538143568792e-07
        },
        "CONF2": {
            "xtb_gsolv": {
                "gsolv": -0.0015892606670000475,
                "energy_xtb_gas": -23.30207723291,
                "energy_xtb_solv": -23.303666493577
            },
            "sp": {
                "energy": -326.34156641823
            },
            "gtot": -326.343155678897,
            "bmw": 0.0011096006209491641
        }
    },
    "settings": {
        "threshold": 4.0,
        "func": "pbe-d4",
        "basis": "def2-sv(p)",
        "prog": "orca",
        "gfnv": "gfn2",
        "run": true,
        "template": false
    },
    "nconf_in": 4,
    "nconf_out": 1
}