{
    "partname": "prescreening",
    "runtime": 11.738698538858443,
    "results": {
        "CONF5": {
            "xtb_gsolv": {
                "gsolv": -0.0066122007820013096,
                "energy_xtb_gas": -33.633768216823,
                "energy_xtb_solv": -33.640380417605
            },
            "sp": {
                "energy": -464.84136222971
            },
            "gtot": -464.847974430492,
            "bmw": 0.007897857936396432
        },
        "CONF1": {
            "xtb_gsolv": {
                "gsolv": -0.0067270827509986475,
                "energy_xtb_gas": -33.636460866499,
                "energy_xtb_solv": -33.64318794925
            },
            "sp": {
                "energy": -464.845567511855
            },
            "gtot": -464.852294594606,
            "bmw": 0.7667384782906078
        },
        "CONF2": {
            "xtb_gsolv": {
                "gsolv": -0.0067923386450061685,
                "energy_xtb_gas": -33.636040257392,
                "energy_xtb_solv": -33.642832596037
            },
            "sp": {
                "energy": -464.843412584745
            },
            "gtot": -464.85020492339004,
            "bmw": 0.08384265706302314
        },
        "CONF4": {
            "xtb_gsolv": {
                "gsolv": -0.006686504751002076,
                "energy_xtb_gas": -33.634708224335,
                "energy_xtb_solv": -33.641394729086
            },
            "sp": {
                "energy": -464.843002950046
            },
            "gtot": -464.84968945479704,
            "bmw": 0.04856975273757787
        },
        "CONF3": {
            "xtb_gsolv": {
                "gsolv": -0.006400318002000915,
                "energy_xtb_gas": -33.635442126082,
                "energy_xtb_solv": -33.641842444084
            },
            "sp": {
                "energy": -464.843437916693
            },
            "gtot": -464.849838234695,
            "bmw": 0.05685909049725304
        },
        "CONF6": {
            "xtb_gsolv": {
                "gsolv": -0.006950665777999632,
                "energy_xtb_gas": -33.632655849101,
                "energy_xtb_solv": -33.639606514879
            },
            "sp": {
                "energy": -464.84243684709
            },
            "gtot": -464.849387512868,
            "bmw": 0.03527623433011065
        },
        "CONF7": {
            "xtb_gsolv": {
                "gsolv": -0.006580364583001597,
                "energy_xtb_gas": -33.632481219799,
                "energy_xtb_solv": -33.639061584382
            },
            "sp": {
                "energy": -464.839250750446
            },
            "gtot": -464.845831115029,
            "bmw": 0.0008159291450310385
        }
    },
    "settings": {
        "threshold": 4.0,
        "func": "pbe-d4",
        "basis": "def2-sv(p)",
        "prog": "orca",
        "gfnv": "gfn2",
        "run": true,
        "template": false
    },
    "nconf_in": 7,
    "nconf_out": 6
}