{
    "partname": "screening",
    "runtime": 94.15499630197883,
    "results": {
        "CONF4": {
            "gsolv": {
                "gsolv": -0.007654616953971072,
                "energy_gas": -465.792692913665,
                "energy_solv": -465.800347530619
            },
            "gtot": -465.800347530619,
            "bmw": 0.022413336080030783
        },
        "CONF1": {
            "gsolv": {
                "gsolv": -0.008413344069992945,
                "energy_gas": -465.795031779947,
                "energy_solv": -465.803445124017
            },
            "gtot": -465.803445124017,
            "bmw": 0.5960749086197008
        },
        "CONF3": {
            "gsolv": {
                "gsolv": -0.007010935705011434,
                "energy_gas": -465.792689107191,
                "energy_solv": -465.799700042896
            },
            "gtot": -465.799700042896,
            "bmw": 0.01128970948055464
        },
        "CONF2": {
            "gsolv": {
                "gsolv": -0.009011421191019053,
                "energy_gas": -465.793883202188,
                "energy_solv": -465.802894623379
            },
            "gtot": -465.802894623379,
            "bmw": 0.3327270235579631
        },
        "CONF6": {
            "gsolv": {
                "gsolv": -0.009283432023039495,
                "energy_gas": -465.791220904031,
                "energy_solv": -465.800504336054
            },
            "gtot": -465.800504336054,
            "bmw": 0.026462569448792064
        },
        "CONF5": {
            "gsolv": {
                "gsolv": -0.008913291206965823,
                "energy_gas": -465.790764987818,
                "energy_solv": -465.799678279025
            },
            "gtot": -465.799678279025,
            "bmw": 0.01103245281295863
        }
    },
    "settings": {
        "threshold": 3.5,
        "func": "r2scan-3c",
        "basis": "def2-tzvp",
        "prog": "orca",
        "sm": "smd",
        "gfnv": "gfn2",
        "run": true,
        "implicit": false,
        "template": false
    },
    "nconf_in": 6,
    "nconf_out": 6
}