{
    "partname": "refinement",
    "runtime": 763.5515799988061,
    "results": {
        "CONF1": {
            "gsolv": {
                "gsolv": -0.009124197448954874,
                "energy_gas": -465.952814427596,
                "energy_solv": -465.961938625045
            },
            "gtot": -465.961938625045,
            "bmw": 0.6640317720038057
        },
        "CONF2": {
            "gsolv": {
                "gsolv": -0.009885786945005748,
                "energy_gas": -465.951409553029,
                "energy_solv": -465.961295339974
            },
            "gtot": -465.961295339974,
            "bmw": 0.3359682279961943
        }
    },
    "settings": {
        "threshold": 0.95,
        "func": "wb97x-v",
        "basis": "def2-tzvp",
        "prog": "orca",
        "sm": "smd",
        "gfnv": "gfn2",
        "run": true,
        "implicit": false,
        "template": false
    },
    "nconf_in": 2,
    "nconf_out": 2
}