{
   "temperature":     298.150000000000,
   "unit": "hartree",
   "energy":     -43.386686296018,
   "free energy":     -43.239753975717,
   "G(T)":       0.146932320301,
   "ZPVE":       0.185995235505,
   "number of imags":0,
   "point group": "c1",
   "gradient norm":       0.000088851966
}
