{
    "partname": "prescreening",
    "runtime": 4.287493797950447,
    "results": {
        "CONF1": {
            "xtb_gsolv": {
                "gsolv": -0.0015992165540001935,
                "energy_xtb_gas": -14.079339440851,
                "energy_xtb_solv": -14.080938657405
            },
            "sp": {
                "energy": -2691.678904641412
            },
            "gtot": -2691.680503857966,
            "bmw": 1.0
        }
    },
    "settings": {
        "threshold": 4.0,
        "func": "pbe-d4",
        "basis": "def2-sv(p)",
        "prog": "orca",
        "gfnv": "gfn2",
        "run": true,
        "template": false
    },
    "nconf_in": 1,
    "nconf_out": 1
}