{
   "temperature":     298.150000000000,
   "unit": "hartree",
   "energy":     -17.891455322760,
   "free energy":     -17.783072055700,
   "G(T)":       0.108383267060,
   "ZPVE":       0.138936599602,
   "number of imags":0,
   "point group": "c2h",
   "gradient norm":       0.000066634247
}
