{
   "temperature":     298.150000000000,
   "unit": "hartree",
   "energy":     -43.398399875558,
   "free energy":     -43.251010380356,
   "G(T)":       0.147389495202,
   "ZPVE":       0.185850757258,
   "number of imags":0,
   "point group": "c1",
   "gradient norm":       0.000100826045
}
