{
   "temperature":     298.150000000000,
   "unit": "hartree",
   "energy":     -29.552746435696,
   "free energy":     -29.439938810365,
   "G(T)":       0.112807625330,
   "ZPVE":       0.145895451034,
   "number of imags":0,
   "point group": "cs",
   "gradient norm":       0.000022908214
}
