{
   "temperature":     298.150000000000,
   "unit": "hartree",
   "energy":     -14.306471158541,
   "free energy":     -14.263716242782,
   "G(T)":       0.042754915759,
   "ZPVE":       0.068994706608,
   "number of imags":0,
   "point group": "cs",
   "gradient norm":       0.000067244640
}
