{
    "partname": "prescreening",
    "runtime": 28.61899970518425,
    "results": {
        "CONF13": {
            "xtb_gsolv": {
                "gsolv": -0.004891382948002843,
                "energy_xtb_gas": -35.702505778565,
                "energy_xtb_solv": -35.707397161513
            },
            "sp": {
                "energy": -467.193008427853
            },
            "gtot": -467.197899810801,
            "bmw": 0.00013430471026578176
        },
        "CONF14": {
            "xtb_gsolv": {
                "gsolv": -0.004553363291002199,
                "energy_xtb_gas": -35.702675615729,
                "energy_xtb_solv": -35.70722897902
            },
            "sp": {
                "energy": -467.187520349929
            },
            "gtot": -467.19207371322,
            "bmw": 2.807190312145196e-07
        },
        "CONF7": {
            "xtb_gsolv": {
                "gsolv": -0.005249713394995581,
                "energy_xtb_gas": -35.706577876288,
                "energy_xtb_solv": -35.711827589683
            },
            "sp": {
                "energy": -467.19637967694
            },
            "gtot": -467.20162939033503,
            "bmw": 0.006975560060498279
        },
        "CONF10": {
            "xtb_gsolv": {
                "gsolv": -0.0033319973730030483,
                "energy_xtb_gas": -35.706208215595,
                "energy_xtb_solv": -35.709540212968
            },
            "sp": {
                "energy": -467.198543733603
            },
            "gtot": -467.201875730976,
            "bmw": 0.00905498914249667
        },
        "CONF2": {
            "xtb_gsolv": {
                "gsolv": -0.005230538074002311,
                "energy_xtb_gas": -35.709072884227,
                "energy_xtb_solv": -35.714303422301
            },
            "sp": {
                "energy": -467.200257235864
            },
            "gtot": -467.205487773938,
            "bmw": 0.41525291631599165
        },
        "CONF8": {
            "xtb_gsolv": {
                "gsolv": -0.005074634754002716,
                "energy_xtb_gas": -35.705072639533,
                "energy_xtb_solv": -35.710147274287
            },
            "sp": {
                "energy": -467.195255357938
            },
            "gtot": -467.200329992692,
            "bmw": 0.0017615603994499986
        },
        "CONF12": {
            "xtb_gsolv": {
                "gsolv": -0.0045346385740003825,
                "energy_xtb_gas": -35.703081608687,
                "energy_xtb_solv": -35.707616247261
            },
            "sp": {
                "energy": -467.193123203306
            },
            "gtot": -467.19765784188,
            "bmw": 0.00010394252073086244
        },
        "CONF6": {
            "xtb_gsolv": {
                "gsolv": -0.004118389500000319,
                "energy_xtb_gas": -35.708124971688,
                "energy_xtb_solv": -35.712243361188
            },
            "sp": {
                "energy": -467.19994512283
            },
            "gtot": -467.20406351233,
            "bmw": 0.09187507341306944
        },
        "CONF1": {
            "xtb_gsolv": {
                "gsolv": -0.004460543250999649,
                "energy_xtb_gas": -35.711307296559,
                "energy_xtb_solv": -35.71576783981
            },
            "sp": {
                "energy": -467.20050056991
            },
            "gtot": -467.204961113161,
            "bmw": 0.23771987998258648
        },
        "CONF5": {
            "xtb_gsolv": {
                "gsolv": -0.004149313173996916,
                "energy_xtb_gas": -35.708664558674,
                "energy_xtb_solv": -35.712813871848
            },
            "sp": {
                "energy": -467.196713557933
            },
            "gtot": -467.200862871107,
            "bmw": 0.0030974524137061684
        },
        "CONF9": {
            "xtb_gsolv": {
                "gsolv": -0.003977401616999998,
                "energy_xtb_gas": -35.705832256469,
                "energy_xtb_solv": -35.709809658086
            },
            "sp": {
                "energy": -467.196150147557
            },
            "gtot": -467.200127549174,
            "bmw": 0.001421608351127069
        },
        "CONF4": {
            "xtb_gsolv": {
                "gsolv": -0.0051334473170001615,
                "energy_xtb_gas": -35.707827356437,
                "energy_xtb_solv": -35.712960803754
            },
            "sp": {
                "energy": -467.199527521386
            },
            "gtot": -467.204660968703,
            "bmw": 0.17298506459219437
        },
        "CONF15": {
            "xtb_gsolv": {
                "gsolv": -0.0033087378759972808,
                "energy_xtb_gas": -35.703823311291,
                "energy_xtb_solv": -35.707132049167
            },
            "sp": {
                "energy": -467.195407712073
            },
            "gtot": -467.198716449949,
            "bmw": 0.0003189475357684439
        },
        "CONF16": {
            "xtb_gsolv": {
                "gsolv": -0.005234035065001308,
                "energy_xtb_gas": -35.701315416721,
                "energy_xtb_solv": -35.706549451786
            },
            "sp": {
                "energy": -467.190148754937
            },
            "gtot": -467.195382790002,
            "bmw": 9.3398911992968e-06
        },
        "CONF11": {
            "xtb_gsolv": {
                "gsolv": -0.004571598398996457,
                "energy_xtb_gas": -35.703403333517,
                "energy_xtb_solv": -35.707974931916
            },
            "sp": {
                "energy": -467.190421210111
            },
            "gtot": -467.19499280851005,
            "bmw": 6.179633909748983e-06
        },
        "CONF3": {
            "xtb_gsolv": {
                "gsolv": -0.0039244314329991425,
                "energy_xtb_gas": -35.710296342364,
                "energy_xtb_solv": -35.714220773797
            },
            "sp": {
                "energy": -467.199725418653
            },
            "gtot": -467.203649850086,
            "bmw": 0.05928246282442758
        },
        "CONF17": {
            "xtb_gsolv": {
                "gsolv": -0.004207459431000871,
                "energy_xtb_gas": -35.702264857581,
                "energy_xtb_solv": -35.706472317012
            },
            "sp": {
                "energy": -467.188285195385
            },
            "gtot": -467.19249265481596,
            "bmw": 4.374935471315651e-07
        }
    },
    "settings": {
        "threshold": 4.0,
        "func": "pbe-d4",
        "basis": "def2-sv(p)",
        "prog": "orca",
        "gfnv": "gfn2",
        "run": true,
        "template": false
    },
    "nconf_in": 17,
    "nconf_out": 10
}