{
    "partname": "screening",
    "runtime": 108.62777559272945,
    "results": {
        "CONF9": {
            "gsolv": {
                "gsolv": -0.004960074424047889,
                "energy_gas": -468.205172031707,
                "energy_solv": -468.210132106131
            },
            "gtot": -468.210132106131,
            "bmw": 0.003292247142127321
        },
        "CONF5": {
            "gsolv": {
                "gsolv": -0.003884944102992449,
                "energy_gas": -468.205142444103,
                "energy_solv": -468.209027388206
            },
            "gtot": -468.209027388206,
            "bmw": 0.0010217799051465545
        },
        "CONF2": {
            "gsolv": {
                "gsolv": -0.004622330204995251,
                "energy_gas": -468.209395509905,
                "energy_solv": -468.21401784011
            },
            "gtot": -468.21401784011,
            "bmw": 0.20174665383909143
        },
        "CONF7": {
            "gsolv": {
                "gsolv": -0.0037591897029756183,
                "energy_gas": -468.2054910012,
                "energy_solv": -468.209250190903
            },
            "gtot": -468.209250190903,
            "bmw": 0.0012937176526427838
        },
        "CONF8": {
            "gsolv": {
                "gsolv": -0.00395028120800589,
                "energy_gas": -468.204359335056,
                "energy_solv": -468.208309616264
            },
            "gtot": -468.208309616264,
            "bmw": 0.0004777548642121823
        },
        "CONF1": {
            "gsolv": {
                "gsolv": -0.004947818155983441,
                "energy_gas": -468.209319269374,
                "energy_solv": -468.21426708753
            },
            "gtot": -468.21426708753,
            "bmw": 0.2626952485181604
        },
        "CONF6": {
            "gsolv": {
                "gsolv": -0.005635928992035133,
                "energy_gas": -468.209147827777,
                "energy_solv": -468.214783756769
            },
            "gtot": -468.214783756769,
            "bmw": 0.4540499342203865
        },
        "CONF10": {
            "gsolv": {
                "gsolv": -0.005704046994026157,
                "energy_gas": -468.206419958528,
                "energy_solv": -468.212124005522
            },
            "gtot": -468.212124005522,
            "bmw": 0.027145805205776596
        },
        "CONF3": {
            "gsolv": {
                "gsolv": -0.004188960844032863,
                "energy_gas": -468.208088957883,
                "energy_solv": -468.212277918727
            },
            "gtot": -468.212277918727,
            "bmw": 0.03195198930300531
        },
        "CONF4": {
            "gsolv": {
                "gsolv": -0.003713927409989992,
                "energy_gas": -468.20792992963,
                "energy_solv": -468.21164385704
            },
            "gtot": -468.21164385704,
            "bmw": 0.016324869349451095
        }
    },
    "settings": {
        "threshold": 3.5,
        "func": "r2scan-3c",
        "basis": "def2-tzvp",
        "prog": "orca",
        "sm": "smd",
        "gfnv": "gfn2",
        "run": true,
        "implicit": false,
        "template": false
    },
    "nconf_in": 10,
    "nconf_out": 10
}