{
    "partname": "refinement",
    "runtime": 775.6733201900497,
    "results": {
        "CONF1": {
            "gsolv": {
                "gsolv": -0.00591292944000088,
                "energy_gas": -468.378440721942,
                "energy_solv": -468.384353651382
            },
            "gtot": -468.384353651382,
            "bmw": 0.3248440301308999
        },
        "CONF10": {
            "gsolv": {
                "gsolv": -0.006832311889979792,
                "energy_gas": -468.375708362974,
                "energy_solv": -468.382540674864
            },
            "gtot": -468.382540674864,
            "bmw": 0.047617151903440944
        },
        "CONF6": {
            "gsolv": {
                "gsolv": -0.006398689251000178,
                "energy_gas": -468.378066281657,
                "energy_solv": -468.384464970908
            },
            "gtot": -468.384464970908,
            "bmw": 0.3654923804396254
        },
        "CONF2": {
            "gsolv": {
                "gsolv": -0.00548907533396914,
                "energy_gas": -468.378661743248,
                "energy_solv": -468.384150818582
            },
            "gtot": -468.384150818582,
            "bmw": 0.2620464375260338
        }
    },
    "settings": {
        "threshold": 0.95,
        "func": "wb97x-v",
        "basis": "def2-tzvp",
        "prog": "orca",
        "sm": "smd",
        "gfnv": "gfn2",
        "run": true,
        "implicit": false,
        "template": false
    },
    "nconf_in": 4,
    "nconf_out": 4
}