{
   "temperature":     298.150000000000,
   "unit": "hartree",
   "energy":     -43.388966825710,
   "free energy":     -43.241314191272,
   "G(T)":       0.147652634438,
   "ZPVE":       0.186195034644,
   "number of imags":0,
   "point group": "c1",
   "gradient norm":       0.000077481214
}
