{
   "temperature":     298.150000000000,
   "unit": "hartree",
   "energy":     -29.027498687517,
   "free energy":     -28.982052119015,
   "G(T)":       0.045446568502,
   "ZPVE":       0.075687183916,
   "number of imags":0,
   "point group": "d3h",
   "gradient norm":       0.000100833275
}
