{
    "partname": "prescreening",
    "runtime": 5.2556772865355015,
    "results": {
        "CONF1": {
            "xtb_gsolv": {
                "gsolv": 0.00026625066800001207,
                "energy_xtb_gas": -14.710993608919,
                "energy_xtb_solv": -14.710727358251
            },
            "sp": {
                "energy": -194.797565976176
            },
            "gtot": -194.797299725508,
            "bmw": 0.48098111302354907
        },
        "CONF2": {
            "xtb_gsolv": {
                "gsolv": 0.00035599824300014404,
                "energy_xtb_gas": -14.710991788654,
                "energy_xtb_solv": -14.710635790411
            },
            "sp": {
                "energy": -194.797727587723
            },
            "gtot": -194.79737158947998,
            "bmw": 0.5190188869764509
        }
    },
    "settings": {
        "threshold": 4.0,
        "func": "pbe-d4",
        "basis": "def2-sv(p)",
        "prog": "orca",
        "gfnv": "gfn2",
        "run": true,
        "template": false
    },
    "nconf_in": 2,
    "nconf_out": 2
}