{
    "partname": "screening",
    "runtime": 24.67382767703384,
    "results": {
        "CONF1": {
            "gsolv": {
                "gsolv": -0.0009681319970127333,
                "energy_gas": -195.210297222756,
                "energy_solv": -195.211265354753
            },
            "gtot": -195.211265354753,
            "bmw": 0.5263325114055606
        },
        "CONF2": {
            "gsolv": {
                "gsolv": -0.0007088905720138428,
                "energy_gas": -195.21045692116,
                "energy_solv": -195.211165811732
            },
            "gtot": -195.211165811732,
            "bmw": 0.47366748859443936
        }
    },
    "settings": {
        "threshold": 3.5,
        "func": "r2scan-3c",
        "basis": "def2-tzvp",
        "prog": "orca",
        "sm": "smd",
        "gfnv": "gfn2",
        "run": true,
        "implicit": false,
        "template": false
    },
    "nconf_in": 2,
    "nconf_out": 2
}