{
    "partname": "refinement",
    "runtime": 113.43478048685938,
    "results": {
        "CONF1": {
            "gsolv": {
                "gsolv": -0.0009435416259861995,
                "energy_gas": -195.284726799214,
                "energy_solv": -195.28567034084
            },
            "gtot": -195.28567034084,
            "bmw": 0.5049333150307412
        },
        "CONF2": {
            "gsolv": {
                "gsolv": -0.00075926981398311,
                "energy_gas": -195.284892438597,
                "energy_solv": -195.285651708411
            },
            "gtot": -195.285651708411,
            "bmw": 0.49506668496925876
        }
    },
    "settings": {
        "threshold": 0.95,
        "func": "wb97x-v",
        "basis": "def2-tzvp",
        "prog": "orca",
        "sm": "smd",
        "gfnv": "gfn2",
        "run": true,
        "implicit": false,
        "template": false
    },
    "nconf_in": 2,
    "nconf_out": 2
}