{
   "temperature":     298.150000000000,
   "unit": "hartree",
   "energy":     -13.807519526615,
   "free energy":     -13.745336877674,
   "G(T)":       0.062182648941,
   "ZPVE":       0.092746520093,
   "number of imags":0,
   "point group": "cs",
   "gradient norm":       0.000037243792
}
