{
    "partname": "prescreening",
    "runtime": 11.45684811193496,
    "results": {
        "CONF1": {
            "xtb_gsolv": {
                "gsolv": -0.0004500065649963858,
                "energy_xtb_gas": -35.064556081878,
                "energy_xtb_solv": -35.065006088443
            },
            "sp": {
                "energy": -538.373882185815
            },
            "gtot": -538.3743321923799,
            "bmw": 1.0
        }
    },
    "settings": {
        "threshold": 4.0,
        "func": "pbe-d4",
        "basis": "def2-sv(p)",
        "prog": "orca",
        "gfnv": "gfn2",
        "run": true,
        "template": false
    },
    "nconf_in": 1,
    "nconf_out": 1
}