{
    "partname": "prescreening",
    "runtime": 10.344150635413826,
    "results": {
        "CONF1": {
            "xtb_gsolv": {
                "gsolv": 0.0006365809590000993,
                "energy_xtb_gas": -25.380448765715,
                "energy_xtb_solv": -25.379812184756
            },
            "sp": {
                "energy": -349.36855556193
            },
            "gtot": -349.367918980971,
            "bmw": 0.987374716116313
        },
        "CONF2": {
            "xtb_gsolv": {
                "gsolv": 0.0005707677619994911,
                "energy_xtb_gas": -25.375842068944,
                "energy_xtb_solv": -25.375271301182
            },
            "sp": {
                "energy": -349.36437372286
            },
            "gtot": -349.36380295509804,
            "bmw": 0.012625283883687074
        }
    },
    "settings": {
        "threshold": 4.0,
        "func": "pbe-d4",
        "basis": "def2-sv(p)",
        "prog": "orca",
        "gfnv": "gfn2",
        "run": true,
        "template": false
    },
    "nconf_in": 2,
    "nconf_out": 2
}