{
    "partname": "screening",
    "runtime": 58.405218090862036,
    "results": {
        "CONF1": {
            "gsolv": {
                "gsolv": -0.000905996664016584,
                "energy_gas": -350.080439270965,
                "energy_solv": -350.081345267629
            },
            "gtot": -350.081345267629,
            "bmw": 0.9824894823426505
        },
        "CONF2": {
            "gsolv": {
                "gsolv": -0.0011058156330250313,
                "energy_gas": -350.076436952009,
                "energy_solv": -350.077542767642
            },
            "gtot": -350.077542767642,
            "bmw": 0.017510517657349574
        }
    },
    "settings": {
        "threshold": 3.5,
        "func": "r2scan-3c",
        "basis": "def2-tzvp",
        "prog": "orca",
        "sm": "smd",
        "gfnv": "gfn2",
        "run": true,
        "implicit": false,
        "template": false
    },
    "nconf_in": 2,
    "nconf_out": 2
}