{
    "partname": "refinement",
    "runtime": 467.5420328695327,
    "results": {
        "CONF2": {
            "gsolv": {
                "gsolv": -0.001109298906044387,
                "energy_gas": -350.198905239823,
                "energy_solv": -350.200014538729
            },
            "gtot": -350.200014538729,
            "bmw": 0.0220822503832371
        },
        "CONF1": {
            "gsolv": {
                "gsolv": -0.0008389825130166173,
                "energy_gas": -350.202754627856,
                "energy_solv": -350.203593610369
            },
            "gtot": -350.203593610369,
            "bmw": 0.977917749616763
        }
    },
    "settings": {
        "threshold": 0.95,
        "func": "wb97x-v",
        "basis": "def2-tzvp",
        "prog": "orca",
        "sm": "smd",
        "gfnv": "gfn2",
        "run": true,
        "implicit": false,
        "template": false
    },
    "nconf_in": 2,
    "nconf_out": 2
}