{
   "temperature":     298.150000000000,
   "unit": "hartree",
   "energy":     -15.781030426011,
   "free energy":     -15.679512617943,
   "G(T)":       0.101517808068,
   "ZPVE":       0.133564580160,
   "number of imags":0,
   "point group": "cs",
   "gradient norm":       0.000024905535
}
