{
    "partname": "prescreening",
    "runtime": 7.034656993113458,
    "results": {
        "CONF1": {
            "xtb_gsolv": {
                "gsolv": -0.007080514921000258,
                "energy_xtb_gas": -23.369560487621,
                "energy_xtb_solv": -23.376641002542
            },
            "sp": {
                "energy": -746.243771319073
            },
            "gtot": -746.2508518339939,
            "bmw": 1.0
        }
    },
    "settings": {
        "threshold": 4.0,
        "func": "pbe-d4",
        "basis": "def2-sv(p)",
        "prog": "orca",
        "gfnv": "gfn2",
        "run": true,
        "template": false
    },
    "nconf_in": 1,
    "nconf_out": 1
}