{
   "temperature":     298.150000000000,
   "unit": "hartree",
   "energy":     -20.794141677268,
   "free energy":     -20.713448883074,
   "G(T)":       0.080692794194,
   "ZPVE":       0.114492987465,
   "number of imags":0,
   "point group": "c1",
   "gradient norm":       0.000032357466
}
