{
    "partname": "prescreening",
    "runtime": 8.016834276728332,
    "results": {
        "CONF1": {
            "xtb_gsolv": {
                "gsolv": -0.01761197697400263,
                "energy_xtb_gas": -29.008072819234,
                "energy_xtb_solv": -29.025684796208
            },
            "sp": {
                "energy": -505.175535430614
            },
            "gtot": -505.193147407588,
            "bmw": 1.0
        }
    },
    "settings": {
        "threshold": 4.0,
        "func": "pbe-d4",
        "basis": "def2-sv(p)",
        "prog": "orca",
        "gfnv": "gfn2",
        "run": true,
        "template": false
    },
    "nconf_in": 1,
    "nconf_out": 1
}