{
   "temperature":     298.150000000000,
   "unit": "hartree",
   "energy":     -20.900437289787,
   "free energy":     -20.770510690567,
   "G(T)":       0.129926599220,
   "ZPVE":       0.161238398663,
   "number of imags":0,
   "point group": "c1",
   "gradient norm":       0.000032340501
}
