{
   "temperature":     298.150000000000,
   "unit": "hartree",
   "energy":     -26.294100469750,
   "free energy":     -26.170880188775,
   "G(T)":       0.123220280974,
   "ZPVE":       0.156703418908,
   "number of imags":0,
   "point group": "cs",
   "gradient norm":       0.000023254010
}
