{
   "temperature":     298.150000000000,
   "unit": "hartree",
   "energy":     -14.723164957639,
   "free energy":     -14.641159075378,
   "G(T)":       0.082005882261,
   "ZPVE":       0.110787933300,
   "number of imags":0,
   "point group": "cs",
   "gradient norm":       0.000061123520
}
