{
   "temperature":     298.150000000000,
   "unit": "hartree",
   "energy":     -43.391214454540,
   "free energy":     -43.241412696658,
   "G(T)":       0.149801757882,
   "ZPVE":       0.187473686976,
   "number of imags":0,
   "point group": "c1",
   "gradient norm":       0.000129382753
}
