{
   "temperature":     298.150000000000,
   "unit": "hartree",
   "energy":     -15.025563720145,
   "free energy":     -14.953636010355,
   "G(T)":       0.071927709790,
   "ZPVE":       0.101065838977,
   "number of imags":0,
   "point group": "cs",
   "gradient norm":       0.000073265342
}
