{
   "temperature":     298.150000000000,
   "unit": "hartree",
   "energy":     -33.610446675576,
   "free energy":     -33.415318575859,
   "G(T)":       0.195128099716,
   "ZPVE":       0.233536033677,
   "number of imags":0,
   "point group": "c1",
   "gradient norm":       0.000070293970
}
