{
   "temperature":     298.150000000000,
   "unit": "hartree",
   "energy":     -28.546432239024,
   "free energy":     -28.372419572866,
   "G(T)":       0.174012666158,
   "ZPVE":       0.208872567619,
   "number of imags":0,
   "point group": "cs",
   "gradient norm":       0.000022594245
}
