{
    "partname": "prescreening",
    "runtime": 6.894710231106728,
    "results": {
        "CONF5": {
            "xtb_gsolv": {
                "gsolv": 0.001619707301998119,
                "energy_xtb_gas": -18.980743398351,
                "energy_xtb_solv": -18.979123691049
            },
            "sp": {
                "energy": -235.26704924455
            },
            "gtot": -235.265429537248,
            "bmw": 0.08601795354267383
        },
        "CONF1": {
            "xtb_gsolv": {
                "gsolv": 0.0016066560109990746,
                "energy_xtb_gas": -18.981451588309,
                "energy_xtb_solv": -18.979844932298
            },
            "sp": {
                "energy": -235.267628478218
            },
            "gtot": -235.266021822207,
            "bmw": 0.1610724739505285
        },
        "CONF3": {
            "xtb_gsolv": {
                "gsolv": 0.0016117679620002434,
                "energy_xtb_gas": -18.981423276162,
                "energy_xtb_solv": -18.9798115082
            },
            "sp": {
                "energy": -235.267341776682
            },
            "gtot": -235.26573000872,
            "bmw": 0.11824871127593063
        },
        "CONF2": {
            "xtb_gsolv": {
                "gsolv": 0.00160107154500011,
                "energy_xtb_gas": -18.981426089911,
                "energy_xtb_solv": -18.979825018366
            },
            "sp": {
                "energy": -235.267944579909
            },
            "gtot": -235.266343508364,
            "bmw": 0.22645750549132376
        },
        "CONF4": {
            "xtb_gsolv": {
                "gsolv": 0.0015987815830023067,
                "energy_xtb_gas": -18.981408785016,
                "energy_xtb_solv": -18.979810003433
            },
            "sp": {
                "energy": -235.268165208015
            },
            "gtot": -235.266566426432,
            "bmw": 0.28676221930155554
        },
        "CONF6": {
            "xtb_gsolv": {
                "gsolv": 0.0016140092150003227,
                "energy_xtb_gas": -18.980565880694,
                "energy_xtb_solv": -18.978951871479
            },
            "sp": {
                "energy": -235.266722253097
            },
            "gtot": -235.265108243882,
            "bmw": 0.061207464230217536
        },
        "CONF7": {
            "xtb_gsolv": {
                "gsolv": 0.0016151819659988575,
                "energy_xtb_gas": -18.980562926312,
                "energy_xtb_solv": -18.978947744346
            },
            "sp": {
                "energy": -235.266708283395
            },
            "gtot": -235.265093101429,
            "bmw": 0.06023367220777021
        }
    },
    "settings": {
        "threshold": 4.0,
        "func": "pbe-d4",
        "basis": "def2-sv(p)",
        "prog": "orca",
        "gfnv": "gfn2",
        "run": true,
        "template": false
    },
    "nconf_in": 7,
    "nconf_out": 7
}