{
    "partname": "screening",
    "runtime": 25.434127917978913,
    "results": {
        "CONF2": {
            "gsolv": {
                "gsolv": 0.0022276933949854083,
                "energy_gas": -235.784306187,
                "energy_solv": -235.782078493605
            },
            "gtot": -235.782078493605,
            "bmw": 0.19489845933077224
        },
        "CONF3": {
            "gsolv": {
                "gsolv": 0.0021724671690037667,
                "energy_gas": -235.784043955841,
                "energy_solv": -235.781871488672
            },
            "gtot": -235.781871488672,
            "bmw": 0.15652824926176384
        },
        "CONF1": {
            "gsolv": {
                "gsolv": 0.0021958913199853214,
                "energy_gas": -235.78412846248,
                "energy_solv": -235.78193257116
            },
            "gtot": -235.78193257116,
            "bmw": 0.16698933199843338
        },
        "CONF4": {
            "gsolv": {
                "gsolv": 0.0022316969019868793,
                "energy_gas": -235.784444905358,
                "energy_solv": -235.782213208456
            },
            "gtot": -235.782213208456,
            "bmw": 0.2247879093986092
        },
        "CONF7": {
            "gsolv": {
                "gsolv": 0.0021376607389811397,
                "energy_gas": -235.783300198149,
                "energy_solv": -235.78116253741
            },
            "gtot": -235.78116253741,
            "bmw": 0.0738750384327431
        },
        "CONF6": {
            "gsolv": {
                "gsolv": 0.0021412015479995716,
                "energy_gas": -235.783199706583,
                "energy_solv": -235.781058505035
            },
            "gtot": -235.781058505035,
            "bmw": 0.06616771537059685
        },
        "CONF5": {
            "gsolv": {
                "gsolv": 0.002178138180994438,
                "energy_gas": -235.783772817308,
                "energy_solv": -235.781594679127
            },
            "gtot": -235.781594679127,
            "bmw": 0.11675329620708143
        }
    },
    "settings": {
        "threshold": 3.5,
        "func": "r2scan-3c",
        "basis": "def2-tzvp",
        "prog": "orca",
        "sm": "smd",
        "gfnv": "gfn2",
        "run": true,
        "implicit": false,
        "template": false
    },
    "nconf_in": 7,
    "nconf_out": 7
}