{
    "partname": "refinement",
    "runtime": 166.70610836381093,
    "results": {
        "CONF4": {
            "gsolv": {
                "gsolv": 0.0023432889269940915,
                "energy_gas": -235.879802814454,
                "energy_solv": -235.877459525527
            },
            "gtot": -235.877459525527,
            "bmw": 0.3844495324226907
        },
        "CONF2": {
            "gsolv": {
                "gsolv": 0.002319751496003164,
                "energy_gas": -235.879355813536,
                "energy_solv": -235.87703606204
            },
            "gtot": -235.87703606204,
            "bmw": 0.24550458980143183
        },
        "CONF1": {
            "gsolv": {
                "gsolv": 0.0022739526660018328,
                "energy_gas": -235.879089706188,
                "energy_solv": -235.876815753522
            },
            "gtot": -235.876815753522,
            "bmw": 0.19441273593300512
        },
        "CONF3": {
            "gsolv": {
                "gsolv": 0.002244616610994399,
                "energy_gas": -235.878964454273,
                "energy_solv": -235.876719837662
            },
            "gtot": -235.876719837662,
            "bmw": 0.17563314184287238
        }
    },
    "settings": {
        "threshold": 0.95,
        "func": "wb97x-v",
        "basis": "def2-tzvp",
        "prog": "orca",
        "sm": "smd",
        "gfnv": "gfn2",
        "run": true,
        "implicit": false,
        "template": false
    },
    "nconf_in": 4,
    "nconf_out": 4
}