{
   "temperature":     298.150000000000,
   "unit": "hartree",
   "energy":     -19.867578174520,
   "free energy":     -19.761118271032,
   "G(T)":       0.106459903487,
   "ZPVE":       0.138512418932,
   "number of imags":0,
   "point group": "c1",
   "gradient norm":       0.000067915112
}
