{
   "temperature":     298.150000000000,
   "unit": "hartree",
   "energy":     -20.789551260802,
   "free energy":     -20.708110624570,
   "G(T)":       0.081440636232,
   "ZPVE":       0.114939601373,
   "number of imags":0,
   "point group": "c1",
   "gradient norm":       0.000043736415
}
