{
   "temperature":     298.150000000000,
   "unit": "hartree",
   "energy":     -33.423083359865,
   "free energy":     -33.318848929738,
   "G(T)":       0.104234430128,
   "ZPVE":       0.141217942082,
   "number of imags":0,
   "point group": "cs",
   "gradient norm":       0.000031843791
}
