{
   "temperature":     298.150000000000,
   "unit": "hartree",
   "energy":     -18.998484599064,
   "free energy":     -18.903542937752,
   "G(T)":       0.094941661312,
   "ZPVE":       0.124206580425,
   "number of imags":0,
   "point group": "cs",
   "gradient norm":       0.000098685182
}
