{
    "partname": "prescreening",
    "runtime": 9.037541357800364,
    "results": {
        "CONF6": {
            "xtb_gsolv": {
                "gsolv": 0.0013852149189972351,
                "energy_xtb_gas": -23.155153892953,
                "energy_xtb_solv": -23.153768678034
            },
            "sp": {
                "energy": -275.653572753186
            },
            "gtot": -275.65218753826696,
            "bmw": 3.275141919238706e-05
        },
        "CONF1": {
            "xtb_gsolv": {
                "gsolv": 0.0013612457390017596,
                "energy_xtb_gas": -23.161741308332,
                "energy_xtb_solv": -23.160380062593
            },
            "sp": {
                "energy": -275.663247777633
            },
            "gtot": -275.66188653189397,
            "bmw": 0.9472364075960397
        },
        "CONF2": {
            "xtb_gsolv": {
                "gsolv": 0.0013971218530031138,
                "energy_xtb_gas": -23.158712019285,
                "energy_xtb_solv": -23.157314897432
            },
            "sp": {
                "energy": -275.659572894907
            },
            "gtot": -275.658175773054,
            "bmw": 0.018604905308289347
        },
        "CONF4": {
            "xtb_gsolv": {
                "gsolv": 0.0014121366440029703,
                "energy_xtb_gas": -23.157714990887,
                "energy_xtb_solv": -23.156302854243
            },
            "sp": {
                "energy": -275.659149682382
            },
            "gtot": -275.65773754573803,
            "bmw": 0.01169652494914853
        },
        "CONF5": {
            "xtb_gsolv": {
                "gsolv": 0.0014039474770015659,
                "energy_xtb_gas": -23.157590503921,
                "energy_xtb_solv": -23.156186556444
            },
            "sp": {
                "energy": -275.659245799018
            },
            "gtot": -275.657841851541,
            "bmw": 0.013062737506095838
        },
        "CONF3": {
            "xtb_gsolv": {
                "gsolv": 0.001382485367003028,
                "energy_xtb_gas": -23.158299885219,
                "energy_xtb_solv": -23.156917399852
            },
            "sp": {
                "energy": -275.658910295974
            },
            "gtot": -275.657527810607,
            "bmw": 0.009366673221234217
        }
    },
    "settings": {
        "threshold": 4.0,
        "func": "pbe-d4",
        "basis": "def2-sv(p)",
        "prog": "orca",
        "gfnv": "gfn2",
        "run": true,
        "template": false
    },
    "nconf_in": 6,
    "nconf_out": 5
}