{
    "partname": "screening",
    "runtime": 41.03451997973025,
    "results": {
        "CONF1": {
            "gsolv": {
                "gsolv": 0.0037287303379685,
                "energy_gas": -276.290176752432,
                "energy_solv": -276.286448022094
            },
            "gtot": -276.286448022094,
            "bmw": 0.942090028870916
        },
        "CONF3": {
            "gsolv": {
                "gsolv": 0.0036535014950231925,
                "energy_gas": -276.286109568276,
                "energy_solv": -276.282456066781
            },
            "gtot": -276.282456066781,
            "bmw": 0.013737890949417108
        },
        "CONF4": {
            "gsolv": {
                "gsolv": 0.0035115295330001572,
                "energy_gas": -276.285781595635,
                "energy_solv": -276.282270066102
            },
            "gtot": -276.282270066102,
            "bmw": 0.011281469522554943
        },
        "CONF5": {
            "gsolv": {
                "gsolv": 0.003450908891977633,
                "energy_gas": -276.285424455532,
                "energy_solv": -276.28197354664
            },
            "gtot": -276.28197354664,
            "bmw": 0.008240928819282388
        },
        "CONF2": {
            "gsolv": {
                "gsolv": 0.003650348052019581,
                "energy_gas": -276.286658390546,
                "energy_solv": -276.283008042494
            },
            "gtot": -276.283008042494,
            "bmw": 0.024649681837829614
        }
    },
    "settings": {
        "threshold": 3.5,
        "func": "r2scan-3c",
        "basis": "def2-tzvp",
        "prog": "orca",
        "sm": "smd",
        "gfnv": "gfn2",
        "run": true,
        "implicit": false,
        "template": false
    },
    "nconf_in": 5,
    "nconf_out": 5
}