{
    "partname": "refinement",
    "runtime": 312.08932437747717,
    "results": {
        "CONF1": {
            "gsolv": {
                "gsolv": 0.003759482439988915,
                "energy_gas": -276.401098731658,
                "energy_solv": -276.397339249218
            },
            "gtot": -276.397339249218,
            "bmw": 0.9839832820359913
        },
        "CONF3": {
            "gsolv": {
                "gsolv": 0.003680641564983489,
                "energy_gas": -276.397131764724,
                "energy_solv": -276.393451123159
            },
            "gtot": -276.393451123159,
            "bmw": 0.016016717964008685
        }
    },
    "settings": {
        "threshold": 0.95,
        "func": "wb97x-v",
        "basis": "def2-tzvp",
        "prog": "orca",
        "sm": "smd",
        "gfnv": "gfn2",
        "run": true,
        "implicit": false,
        "template": false
    },
    "nconf_in": 2,
    "nconf_out": 2
}