{
   "temperature":     298.150000000000,
   "unit": "hartree",
   "energy":     -16.995736449295,
   "free energy":     -16.926352920253,
   "G(T)":       0.069383529042,
   "ZPVE":       0.099418089027,
   "number of imags":0,
   "point group": "cs",
   "gradient norm":       0.000145364315
}
