{
    "partname": "prescreening",
    "runtime": 11.622735258191824,
    "results": {
        "CONF1": {
            "xtb_gsolv": {
                "gsolv": -5.4550486002113985e-05,
                "energy_xtb_gas": -28.643938190493,
                "energy_xtb_solv": -28.643992740979
            },
            "sp": {
                "energy": -424.269284050095
            },
            "gtot": -424.269338600581,
            "bmw": 1.0
        }
    },
    "settings": {
        "threshold": 4.0,
        "func": "pbe-d4",
        "basis": "def2-sv(p)",
        "prog": "orca",
        "gfnv": "gfn2",
        "run": true,
        "template": false
    },
    "nconf_in": 1,
    "nconf_out": 1
}