{
   "temperature":     298.150000000000,
   "unit": "hartree",
   "energy":     -20.891867275608,
   "free energy":     -20.763437132503,
   "G(T)":       0.128430143106,
   "ZPVE":       0.160502897746,
   "number of imags":0,
   "point group": "c1",
   "gradient norm":       0.000022536662
}
