{
    "partname": "prescreening",
    "runtime": 9.89829808846116,
    "results": {
        "CONF1": {
            "xtb_gsolv": {
                "gsolv": -0.005481911918000293,
                "energy_xtb_gas": -28.418388136963,
                "energy_xtb_solv": -28.423870048881
            },
            "sp": {
                "energy": -423.284030950578
            },
            "gtot": -423.28951286249605,
            "bmw": 0.9836016703278025
        },
        "CONF2": {
            "xtb_gsolv": {
                "gsolv": -0.005328273808000716,
                "energy_xtb_gas": -28.415913654355,
                "energy_xtb_solv": -28.421241928163
            },
            "sp": {
                "energy": -423.280319061035
            },
            "gtot": -423.285647334843,
            "bmw": 0.016398329672197537
        }
    },
    "settings": {
        "threshold": 4.0,
        "func": "pbe-d4",
        "basis": "def2-sv(p)",
        "prog": "orca",
        "gfnv": "gfn2",
        "run": true,
        "template": false
    },
    "nconf_in": 2,
    "nconf_out": 2
}