{
    "partname": "screening",
    "runtime": 74.63881445862353,
    "results": {
        "CONF1": {
            "gsolv": {
                "gsolv": -0.008252755371017884,
                "energy_gas": -424.102250453686,
                "energy_solv": -424.110503209057
            },
            "gtot": -424.110503209057,
            "bmw": 0.9549403923438473
        },
        "CONF2": {
            "gsolv": {
                "gsolv": -0.00861811538902657,
                "energy_gas": -424.099001874847,
                "energy_solv": -424.107619990236
            },
            "gtot": -424.107619990236,
            "bmw": 0.04505960765615275
        }
    },
    "settings": {
        "threshold": 3.5,
        "func": "r2scan-3c",
        "basis": "def2-tzvp",
        "prog": "orca",
        "sm": "smd",
        "gfnv": "gfn2",
        "run": true,
        "implicit": false,
        "template": false
    },
    "nconf_in": 2,
    "nconf_out": 2
}