{
    "partname": "refinement",
    "runtime": 483.79820960201323,
    "results": {
        "CONF1": {
            "gsolv": {
                "gsolv": -0.008528592364029919,
                "energy_gas": -424.231381250194,
                "energy_solv": -424.239909842558
            },
            "gtot": -424.239909842558,
            "bmw": 0.500785914137898
        },
        "CONF2": {
            "gsolv": {
                "gsolv": -0.008533247008017497,
                "energy_gas": -424.231373627358,
                "energy_solv": -424.239906874366
            },
            "gtot": -424.239906874366,
            "bmw": 0.499214085862102
        }
    },
    "settings": {
        "threshold": 0.95,
        "func": "wb97x-v",
        "basis": "def2-tzvp",
        "prog": "orca",
        "sm": "smd",
        "gfnv": "gfn2",
        "run": true,
        "implicit": false,
        "template": false
    },
    "nconf_in": 2,
    "nconf_out": 2
}