{
    "partname": "prescreening",
    "runtime": 3.931413254700601,
    "results": {
        "CONF1": {
            "xtb_gsolv": {
                "gsolv": -0.0007976252350001545,
                "energy_xtb_gas": -10.321782793254,
                "energy_xtb_solv": -10.322580418489
            },
            "sp": {
                "energy": -537.66215388636
            },
            "gtot": -537.662951511595,
            "bmw": 1.0
        }
    },
    "settings": {
        "threshold": 4.0,
        "func": "pbe-d4",
        "basis": "def2-sv(p)",
        "prog": "orca",
        "gfnv": "gfn2",
        "run": true,
        "template": false
    },
    "nconf_in": 1,
    "nconf_out": 1
}