{
   "temperature":     298.150000000000,
   "unit": "hartree",
   "energy":     -19.612006133975,
   "free energy":     -19.597012943264,
   "G(T)":       0.014993190711,
   "ZPVE":       0.045317167229,
   "number of imags":0,
   "point group": "cs",
   "gradient norm":       0.000010011483
}
