{
    "partname": "prescreening",
    "runtime": 6.172293096780777,
    "results": {
        "CONF1": {
            "xtb_gsolv": {
                "gsolv": 0.001510125050000255,
                "energy_xtb_gas": -22.45416155626,
                "energy_xtb_solv": -22.45265143121
            },
            "sp": {
                "energy": -1915.492071666466
            },
            "gtot": -1915.4905615414161,
            "bmw": 1.0
        }
    },
    "settings": {
        "threshold": 4.0,
        "func": "pbe-d4",
        "basis": "def2-sv(p)",
        "prog": "orca",
        "gfnv": "gfn2",
        "run": true,
        "template": false
    },
    "nconf_in": 1,
    "nconf_out": 1
}