{
    "partname": "prescreening",
    "runtime": 7.927669235505164,
    "results": {
        "CONF1": {
            "xtb_gsolv": {
                "gsolv": 0.0014912316319986019,
                "energy_xtb_gas": -19.994781795153,
                "energy_xtb_solv": -19.993290563521
            },
            "sp": {
                "energy": -236.44892403079
            },
            "gtot": -236.447432799158,
            "bmw": 0.6203773956303543
        },
        "CONF3": {
            "xtb_gsolv": {
                "gsolv": 0.0014700066280006752,
                "energy_xtb_gas": -19.990445680667,
                "energy_xtb_solv": -19.988975674039
            },
            "sp": {
                "energy": -236.443393370216
            },
            "gtot": -236.441923363588,
            "bmw": 0.0018133891801878149
        },
        "CONF2": {
            "xtb_gsolv": {
                "gsolv": 0.001477648857999725,
                "energy_xtb_gas": -19.99470332352,
                "energy_xtb_solv": -19.993225674662
            },
            "sp": {
                "energy": -236.448442190782
            },
            "gtot": -236.446964541924,
            "bmw": 0.377809215189458
        }
    },
    "settings": {
        "threshold": 4.0,
        "func": "pbe-d4",
        "basis": "def2-sv(p)",
        "prog": "orca",
        "gfnv": "gfn2",
        "run": true,
        "template": false
    },
    "nconf_in": 3,
    "nconf_out": 3
}