{
    "partname": "screening",
    "runtime": 39.44730560295284,
    "results": {
        "CONF2": {
            "gsolv": {
                "gsolv": 0.003583182086998704,
                "energy_gas": -236.988494470475,
                "energy_solv": -236.984911288388
            },
            "gtot": -236.984911288388,
            "bmw": 0.45132672215078184
        },
        "CONF3": {
            "gsolv": {
                "gsolv": 0.0035483841199948074,
                "energy_gas": -236.982227015519,
                "energy_solv": -236.978678631399
            },
            "gtot": -236.978678631399,
            "bmw": 0.0006132919681086958
        },
        "CONF1": {
            "gsolv": {
                "gsolv": 0.003552452887021218,
                "energy_gas": -236.988647095373,
                "energy_solv": -236.985094642486
            },
            "gtot": -236.985094642486,
            "bmw": 0.5480599858811095
        }
    },
    "settings": {
        "threshold": 3.5,
        "func": "r2scan-3c",
        "basis": "def2-tzvp",
        "prog": "orca",
        "sm": "smd",
        "gfnv": "gfn2",
        "run": true,
        "implicit": false,
        "template": false
    },
    "nconf_in": 3,
    "nconf_out": 3
}