{
    "partname": "refinement",
    "runtime": 280.98594173789024,
    "results": {
        "CONF2": {
            "gsolv": {
                "gsolv": 0.00360722420398929,
                "energy_gas": -237.084113265498,
                "energy_solv": -237.080506041294
            },
            "gtot": -237.080506041294,
            "bmw": 0.47456799981712583
        },
        "CONF1": {
            "gsolv": {
                "gsolv": 0.0035511897239928203,
                "energy_gas": -237.084153363908,
                "energy_solv": -237.080602174184
            },
            "gtot": -237.080602174184,
            "bmw": 0.5254320001828742
        }
    },
    "settings": {
        "threshold": 0.95,
        "func": "wb97x-v",
        "basis": "def2-tzvp",
        "prog": "orca",
        "sm": "smd",
        "gfnv": "gfn2",
        "run": true,
        "implicit": false,
        "template": false
    },
    "nconf_in": 2,
    "nconf_out": 2
}