{
    "partname": "prescreening",
    "runtime": 20.41655763052404,
    "results": {
        "CONF3": {
            "xtb_gsolv": {
                "gsolv": -0.014572913034001544,
                "energy_xtb_gas": -48.517870705886,
                "energy_xtb_solv": -48.53244361892
            },
            "sp": {
                "energy": -745.175067233639
            },
            "gtot": -745.189640146673,
            "bmw": 0.09404244530766738
        },
        "CONF1": {
            "xtb_gsolv": {
                "gsolv": -0.014847242045000542,
                "energy_xtb_gas": -48.519197600638,
                "energy_xtb_solv": -48.534044842683
            },
            "sp": {
                "energy": -745.176849352387
            },
            "gtot": -745.191696594432,
            "bmw": 0.8302796742676685
        },
        "CONF5": {
            "xtb_gsolv": {
                "gsolv": -0.014851703475997624,
                "energy_xtb_gas": -48.513385210117,
                "energy_xtb_solv": -48.528236913593
            },
            "sp": {
                "energy": -745.16932225634
            },
            "gtot": -745.184173959816,
            "bmw": 0.0002877742952609278
        },
        "CONF4": {
            "xtb_gsolv": {
                "gsolv": -0.013587776091000592,
                "energy_xtb_gas": -48.517822674579,
                "energy_xtb_solv": -48.53141045067
            },
            "sp": {
                "energy": -745.174006997063
            },
            "gtot": -745.1875947731539,
            "bmw": 0.010777479808191083
        },
        "CONF2": {
            "xtb_gsolv": {
                "gsolv": -0.01432259403599545,
                "energy_xtb_gas": -48.518167615099,
                "energy_xtb_solv": -48.532490209135
            },
            "sp": {
                "energy": -745.17496316611
            },
            "gtot": -745.189285760146,
            "bmw": 0.06461262632121216
        }
    },
    "settings": {
        "threshold": 4.0,
        "func": "pbe-d4",
        "basis": "def2-sv(p)",
        "prog": "orca",
        "gfnv": "gfn2",
        "run": true,
        "template": false
    },
    "nconf_in": 5,
    "nconf_out": 4
}