{
    "partname": "screening",
    "runtime": 165.84850555285811,
    "results": {
        "CONF4": {
            "gsolv": {
                "gsolv": -0.011668620405089314,
                "energy_gas": -746.589443965347,
                "energy_solv": -746.601112585752
            },
            "gtot": -746.601112585752,
            "bmw": 0.0002706315723950896
        },
        "CONF1": {
            "gsolv": {
                "gsolv": -0.015487071864981772,
                "energy_gas": -746.593048199089,
                "energy_solv": -746.608535270954
            },
            "gtot": -746.608535270954,
            "bmw": 0.7023883828840127
        },
        "CONF2": {
            "gsolv": {
                "gsolv": -0.015159070754066306,
                "energy_gas": -746.591556735125,
                "energy_solv": -746.606715805879
            },
            "gtot": -746.606715805879,
            "bmw": 0.10225423786978179
        },
        "CONF3": {
            "gsolv": {
                "gsolv": -0.01578783041600218,
                "energy_gas": -746.591537901272,
                "energy_solv": -746.607325731688
            },
            "gtot": -746.607325731688,
            "bmw": 0.1950867476738103
        }
    },
    "settings": {
        "threshold": 3.5,
        "func": "r2scan-3c",
        "basis": "def2-tzvp",
        "prog": "orca",
        "sm": "smd",
        "gfnv": "gfn2",
        "run": true,
        "implicit": false,
        "template": false
    },
    "nconf_in": 4,
    "nconf_out": 4
}