{
    "partname": "refinement",
    "runtime": 1386.3662307728082,
    "results": {
        "CONF2": {
            "gsolv": {
                "gsolv": -0.018303907434983557,
                "energy_gas": -746.812331556221,
                "energy_solv": -746.830635463656
            },
            "gtot": -746.830635463656,
            "bmw": 0.22733008356461226
        },
        "CONF4": {
            "gsolv": {
                "gsolv": -0.018270760180030265,
                "energy_gas": -746.81236801577,
                "energy_solv": -746.83063877595
            },
            "gtot": -746.83063877595,
            "bmw": 0.22812898139947102
        },
        "CONF3": {
            "gsolv": {
                "gsolv": -0.01819911603899982,
                "energy_gas": -746.812435268045,
                "energy_solv": -746.830634384084
            },
            "gtot": -746.830634384084,
            "bmw": 0.2270703047479473
        },
        "CONF1": {
            "gsolv": {
                "gsolv": -0.017590091460988333,
                "energy_gas": -746.81336071281,
                "energy_solv": -746.830950804271
            },
            "gtot": -746.830950804271,
            "bmw": 0.3174706302879693
        }
    },
    "settings": {
        "threshold": 0.95,
        "func": "wb97x-v",
        "basis": "def2-tzvp",
        "prog": "orca",
        "sm": "smd",
        "gfnv": "gfn2",
        "run": true,
        "implicit": false,
        "template": false
    },
    "nconf_in": 4,
    "nconf_out": 4
}