{
    "partname": "prescreening",
    "runtime": 9.420375537127256,
    "results": {
        "CONF1": {
            "xtb_gsolv": {
                "gsolv": -0.0046662237430012965,
                "energy_xtb_gas": -25.246691775718,
                "energy_xtb_solv": -25.251357999461
            },
            "sp": {
                "energy": -384.065460374893
            },
            "gtot": -384.070126598636,
            "bmw": 0.9871240340802984
        },
        "CONF2": {
            "xtb_gsolv": {
                "gsolv": -0.004535279683999249,
                "energy_xtb_gas": -25.244354840463,
                "energy_xtb_solv": -25.248890120147
            },
            "sp": {
                "energy": -384.061494096429
            },
            "gtot": -384.06602937611297,
            "bmw": 0.012875965919701735
        }
    },
    "settings": {
        "threshold": 4.0,
        "func": "pbe-d4",
        "basis": "def2-sv(p)",
        "prog": "orca",
        "gfnv": "gfn2",
        "run": true,
        "template": false
    },
    "nconf_in": 2,
    "nconf_out": 2
}