{
    "partname": "screening",
    "runtime": 66.4569756956771,
    "results": {
        "CONF2": {
            "gsolv": {
                "gsolv": -0.008585404266966634,
                "energy_gas": -384.794994444366,
                "energy_solv": -384.803579848633
            },
            "gtot": -384.803579848633,
            "bmw": 0.042006782455859946
        },
        "CONF1": {
            "gsolv": {
                "gsolv": -0.008108136680050393,
                "energy_gas": -384.798424183739,
                "energy_solv": -384.806532320419
            },
            "gtot": -384.806532320419,
            "bmw": 0.95799321754414
        }
    },
    "settings": {
        "threshold": 3.5,
        "func": "r2scan-3c",
        "basis": "def2-tzvp",
        "prog": "orca",
        "sm": "smd",
        "gfnv": "gfn2",
        "run": true,
        "implicit": false,
        "template": false
    },
    "nconf_in": 2,
    "nconf_out": 2
}