{
    "partname": "refinement",
    "runtime": 405.1753532588482,
    "results": {
        "CONF2": {
            "gsolv": {
                "gsolv": -0.008584434271995178,
                "energy_gas": -384.912439024224,
                "energy_solv": -384.921023458496
            },
            "gtot": -384.921023458496,
            "bmw": 0.4985316661564909
        },
        "CONF1": {
            "gsolv": {
                "gsolv": -0.008582428079989768,
                "energy_gas": -384.91244657594,
                "energy_solv": -384.92102900402
            },
            "gtot": -384.92102900402,
            "bmw": 0.5014683338435091
        }
    },
    "settings": {
        "threshold": 0.95,
        "func": "wb97x-v",
        "basis": "def2-tzvp",
        "prog": "orca",
        "sm": "smd",
        "gfnv": "gfn2",
        "run": true,
        "implicit": false,
        "template": false
    },
    "nconf_in": 2,
    "nconf_out": 2
}