{
   "temperature":     298.150000000000,
   "unit": "hartree",
   "energy":     -22.802140109437,
   "free energy":     -22.748403479020,
   "G(T)":       0.053736630417,
   "ZPVE":       0.085517475363,
   "number of imags":0,
   "point group": "c1",
   "gradient norm":       0.000051995844
}
