{
   "temperature":     298.150000000000,
   "unit": "hartree",
   "energy":     -26.555335667341,
   "free energy":     -26.443978548608,
   "G(T)":       0.111357118733,
   "ZPVE":       0.144310293183,
   "number of imags":0,
   "point group": "c1",
   "gradient norm":       0.000063724725
}
