{
    "partname": "prescreening",
    "runtime": 4.811844354495406,
    "results": {
        "CONF1": {
            "xtb_gsolv": {
                "gsolv": 0.001730093284999512,
                "energy_xtb_gas": -13.667557983074,
                "energy_xtb_solv": -13.665827889789
            },
            "sp": {
                "energy": -158.025379501857
            },
            "gtot": -158.023649408572,
            "bmw": 1.0
        }
    },
    "settings": {
        "threshold": 4.0,
        "func": "pbe-d4",
        "basis": "def2-sv(p)",
        "prog": "orca",
        "gfnv": "gfn2",
        "run": true,
        "template": false
    },
    "nconf_in": 1,
    "nconf_out": 1
}