{
   "temperature":     298.150000000000,
   "unit": "hartree",
   "energy":     -20.789655025397,
   "free energy":     -20.708886672088,
   "G(T)":       0.080768353309,
   "ZPVE":       0.114498744639,
   "number of imags":0,
   "point group": "c1",
   "gradient norm":       0.000054369226
}
