{
    "partname": "prescreening",
    "runtime": 7.73394376412034,
    "results": {
        "CONF2": {
            "xtb_gsolv": {
                "gsolv": -0.00304314951100082,
                "energy_xtb_gas": -22.485054732341,
                "energy_xtb_solv": -22.488097881852
            },
            "sp": {
                "energy": -326.177110225341
            },
            "gtot": -326.180153374852,
            "bmw": 0.2720121452661996
        },
        "CONF3": {
            "xtb_gsolv": {
                "gsolv": -0.0029713303239979894,
                "energy_xtb_gas": -22.485073774772,
                "energy_xtb_solv": -22.488045105096
            },
            "sp": {
                "energy": -326.17669248695
            },
            "gtot": -326.179663817274,
            "bmw": 0.16195986157831843
        },
        "CONF1": {
            "xtb_gsolv": {
                "gsolv": -0.0028299185519991,
                "energy_xtb_gas": -22.486745168014,
                "energy_xtb_solv": -22.489575086566
            },
            "sp": {
                "energy": -326.178015351178
            },
            "gtot": -326.18084526972996,
            "bmw": 0.5660279931554819
        }
    },
    "settings": {
        "threshold": 4.0,
        "func": "pbe-d4",
        "basis": "def2-sv(p)",
        "prog": "orca",
        "gfnv": "gfn2",
        "run": true,
        "template": false
    },
    "nconf_in": 3,
    "nconf_out": 3
}