{
    "partname": "screening",
    "runtime": 47.64750837162137,
    "results": {
        "CONF1": {
            "gsolv": {
                "gsolv": -0.00686329287003673,
                "energy_gas": -326.817184837788,
                "energy_solv": -326.824048130658
            },
            "gtot": -326.824048130658,
            "bmw": 0.5699919613763388
        },
        "CONF3": {
            "gsolv": {
                "gsolv": -0.0070591233059644765,
                "energy_gas": -326.815902696934,
                "energy_solv": -326.82296182024
            },
            "gtot": -326.82296182024,
            "bmw": 0.18038504372115666
        },
        "CONF2": {
            "gsolv": {
                "gsolv": -0.007082123799023066,
                "energy_gas": -326.816186422157,
                "energy_solv": -326.823268545956
            },
            "gtot": -326.823268545956,
            "bmw": 0.2496229949025045
        }
    },
    "settings": {
        "threshold": 3.5,
        "func": "r2scan-3c",
        "basis": "def2-tzvp",
        "prog": "orca",
        "sm": "smd",
        "gfnv": "gfn2",
        "run": true,
        "implicit": false,
        "template": false
    },
    "nconf_in": 3,
    "nconf_out": 3
}