{
    "partname": "refinement",
    "runtime": 282.7144300630316,
    "results": {
        "CONF2": {
            "gsolv": {
                "gsolv": -0.00747596102701209,
                "energy_gas": -326.925665286024,
                "energy_solv": -326.933141247051
            },
            "gtot": -326.933141247051,
            "bmw": 0.2336877598492044
        },
        "CONF1": {
            "gsolv": {
                "gsolv": -0.007268833794000784,
                "energy_gas": -326.926719209974,
                "energy_solv": -326.933988043768
            },
            "gtot": -326.933988043768,
            "bmw": 0.572974763123249
        },
        "CONF3": {
            "gsolv": {
                "gsolv": -0.00748938247801334,
                "energy_gas": -326.925472895841,
                "energy_solv": -326.932962278319
            },
            "gtot": -326.932962278319,
            "bmw": 0.19333747702754658
        }
    },
    "settings": {
        "threshold": 0.95,
        "func": "wb97x-v",
        "basis": "def2-tzvp",
        "prog": "orca",
        "sm": "smd",
        "gfnv": "gfn2",
        "run": true,
        "implicit": false,
        "template": false
    },
    "nconf_in": 3,
    "nconf_out": 3
}