{
    "partname": "prescreening",
    "runtime": 5.923888173419982,
    "results": {
        "CONF1": {
            "xtb_gsolv": {
                "gsolv": -0.009692789507997901,
                "energy_xtb_gas": -20.66823176364,
                "energy_xtb_solv": -20.677924553148
            },
            "sp": {
                "energy": -339.820992648678
            },
            "gtot": -339.830685438186,
            "bmw": 1.0
        }
    },
    "settings": {
        "threshold": 4.0,
        "func": "pbe-d4",
        "basis": "def2-sv(p)",
        "prog": "orca",
        "gfnv": "gfn2",
        "run": true,
        "template": false
    },
    "nconf_in": 1,
    "nconf_out": 1
}