{
    "partname": "prescreening",
    "runtime": 7.450315569527447,
    "results": {
        "CONF1": {
            "xtb_gsolv": {
                "gsolv": -0.018357116780002514,
                "energy_xtb_gas": -28.656361604999,
                "energy_xtb_solv": -28.674718721779
            },
            "sp": {
                "energy": -873.281340353982
            },
            "gtot": -873.299697470762,
            "bmw": 1.0
        }
    },
    "settings": {
        "threshold": 4.0,
        "func": "pbe-d4",
        "basis": "def2-sv(p)",
        "prog": "orca",
        "gfnv": "gfn2",
        "run": true,
        "template": false
    },
    "nconf_in": 1,
    "nconf_out": 1
}