{
    "partname": "prescreening",
    "runtime": 20.803953615017235,
    "results": {
        "CONF1": {
            "xtb_gsolv": {
                "gsolv": -0.003419081055994866,
                "energy_xtb_gas": -41.95650634641,
                "energy_xtb_solv": -41.959925427466
            },
            "sp": {
                "energy": -1070.557654758567
            },
            "gtot": -1070.561073839623,
            "bmw": 1.0
        }
    },
    "settings": {
        "threshold": 4.0,
        "func": "pbe-d4",
        "basis": "def2-sv(p)",
        "prog": "orca",
        "gfnv": "gfn2",
        "run": true,
        "template": false
    },
    "nconf_in": 1,
    "nconf_out": 1
}