{
   "temperature":     298.150000000000,
   "unit": "hartree",
   "energy":     -21.074878057351,
   "free energy":     -21.084914029153,
   "G(T)":      -0.010035971801,
   "ZPVE":       0.014939760416,
   "number of imags":0,
   "point group": "td",
   "gradient norm":       0.000004751722
}
