{
   "temperature":     298.150000000000,
   "unit": "hartree",
   "energy":     -22.289181744981,
   "free energy":     -22.196945405389,
   "G(T)":       0.092236339592,
   "ZPVE":       0.125367360822,
   "number of imags":0,
   "point group": "cs",
   "gradient norm":       0.000059297726
}
