{
   "temperature":     298.150000000000,
   "unit": "hartree",
   "energy":     -24.329401286730,
   "free energy":     -24.205409862077,
   "G(T)":       0.123991424653,
   "ZPVE":       0.157153189999,
   "number of imags":0,
   "point group": "c1",
   "gradient norm":       0.000051069945
}
