{
   "temperature":     298.150000000000,
   "unit": "hartree",
   "energy":     -22.345092882404,
   "free energy":     -22.282351936095,
   "G(T)":       0.062740946309,
   "ZPVE":       0.093725406208,
   "number of imags":0,
   "point group": "cs",
   "gradient norm":       0.000034362264
}
