{
    "partname": "prescreening",
    "runtime": 9.643365988507867,
    "results": {
        "CONF1": {
            "xtb_gsolv": {
                "gsolv": 0.0015544228389998693,
                "energy_xtb_gas": -22.153544691891,
                "energy_xtb_solv": -22.151990269052
            },
            "sp": {
                "energy": -274.492170195426
            },
            "gtot": -274.49061577258703,
            "bmw": 0.9509009157803939
        },
        "CONF4": {
            "xtb_gsolv": {
                "gsolv": 0.001575828069999119,
                "energy_xtb_gas": -22.147860650001,
                "energy_xtb_solv": -22.146284821931
            },
            "sp": {
                "energy": -274.484752756862
            },
            "gtot": -274.48317692879203,
            "bmw": 0.0003601670412736734
        },
        "CONF2": {
            "xtb_gsolv": {
                "gsolv": 0.0015853469290014743,
                "energy_xtb_gas": -22.151132482245,
                "energy_xtb_solv": -22.149547135316
            },
            "sp": {
                "energy": -274.48932882228
            },
            "gtot": -274.487743475351,
            "bmw": 0.045391024934827856
        },
        "CONF3": {
            "xtb_gsolv": {
                "gsolv": 0.0015369209309987752,
                "energy_xtb_gas": -22.149453105145,
                "energy_xtb_solv": -22.147916184214
            },
            "sp": {
                "energy": -274.486810107848
            },
            "gtot": -274.48527318691697,
            "bmw": 0.003316774624275134
        },
        "CONF5": {
            "xtb_gsolv": {
                "gsolv": 0.0015425857729987058,
                "energy_xtb_gas": -22.145062520665,
                "energy_xtb_solv": -22.143519934892
            },
            "sp": {
                "energy": -274.48192152827
            },
            "gtot": -274.480378942497,
            "bmw": 1.8600274720644702e-05
        },
        "CONF6": {
            "xtb_gsolv": {
                "gsolv": 0.0015581581150030388,
                "energy_xtb_gas": -22.145009297943,
                "energy_xtb_solv": -22.143451139828
            },
            "sp": {
                "energy": -274.481563146134
            },
            "gtot": -274.480004988019,
            "bmw": 1.251734450884945e-05
        }
    },
    "settings": {
        "threshold": 4.0,
        "func": "pbe-d4",
        "basis": "def2-sv(p)",
        "prog": "orca",
        "gfnv": "gfn2",
        "run": true,
        "template": false
    },
    "nconf_in": 6,
    "nconf_out": 3
}