{
    "partname": "screening",
    "runtime": 48.70526980236173,
    "results": {
        "CONF3": {
            "gsolv": {
                "gsolv": 0.002533583974980047,
                "energy_gas": -275.089384491861,
                "energy_solv": -275.086850907886
            },
            "gtot": -275.086850907886,
            "bmw": 0.0033338991538706605
        },
        "CONF1": {
            "gsolv": {
                "gsolv": 0.0023718383129676113,
                "energy_gas": -275.094540135576,
                "energy_solv": -275.092168297263
            },
            "gtot": -275.092168297263,
            "bmw": 0.9306411887579707
        },
        "CONF2": {
            "gsolv": {
                "gsolv": 0.0022466141300014897,
                "energy_gas": -275.091916750571,
                "energy_solv": -275.089670136441
            },
            "gtot": -275.089670136441,
            "bmw": 0.06602491208815868
        }
    },
    "settings": {
        "threshold": 3.5,
        "func": "r2scan-3c",
        "basis": "def2-tzvp",
        "prog": "orca",
        "sm": "smd",
        "gfnv": "gfn2",
        "run": true,
        "implicit": false,
        "template": false
    },
    "nconf_in": 3,
    "nconf_out": 3
}