{
    "partname": "refinement",
    "runtime": 355.72030099108815,
    "results": {
        "CONF1": {
            "gsolv": {
                "gsolv": 0.002468179042978136,
                "energy_gas": -275.204779112255,
                "energy_solv": -275.202310933212
            },
            "gtot": -275.202310933212,
            "bmw": 0.9418291032853592
        },
        "CONF3": {
            "gsolv": {
                "gsolv": 0.0026186853480112404,
                "energy_gas": -275.199895504062,
                "energy_solv": -275.197276818714
            },
            "gtot": -275.197276818714,
            "bmw": 0.00455448965977286
        },
        "CONF2": {
            "gsolv": {
                "gsolv": 0.002299389823974707,
                "energy_gas": -275.201904321827,
                "energy_solv": -275.199604932003
            },
            "gtot": -275.199604932003,
            "bmw": 0.053616407054867816
        }
    },
    "settings": {
        "threshold": 0.95,
        "func": "wb97x-v",
        "basis": "def2-tzvp",
        "prog": "orca",
        "sm": "smd",
        "gfnv": "gfn2",
        "run": true,
        "implicit": false,
        "template": false
    },
    "nconf_in": 3,
    "nconf_out": 3
}