{
    "partname": "prescreening",
    "runtime": 29.26712188590318,
    "results": {
        "CONF1": {
            "xtb_gsolv": {
                "gsolv": -0.004490709828999684,
                "energy_xtb_gas": -61.126076325722,
                "energy_xtb_solv": -61.130567035551
            },
            "sp": {
                "energy": -3295.29821585801
            },
            "gtot": -3295.302706567839,
            "bmw": 1.0
        }
    },
    "settings": {
        "threshold": 4.0,
        "func": "pbe-d4",
        "basis": "def2-sv(p)",
        "prog": "orca",
        "gfnv": "gfn2",
        "run": true,
        "template": false
    },
    "nconf_in": 1,
    "nconf_out": 1
}