{
   "temperature":     298.150000000000,
   "unit": "hartree",
   "energy":     -23.034629508660,
   "free energy":     -22.901577920189,
   "G(T)":       0.133051588471,
   "ZPVE":       0.166293413802,
   "number of imags":0,
   "point group": "c1",
   "gradient norm":       0.000052435782
}
