{
    "partname": "prescreening",
    "runtime": 6.13688385579735,
    "results": {
        "CONF2": {
            "xtb_gsolv": {
                "gsolv": -0.0048695115829993085,
                "energy_xtb_gas": -18.584122310791,
                "energy_xtb_solv": -18.588991822374
            },
            "sp": {
                "energy": -1037.364075419174
            },
            "gtot": -1037.368944930757,
            "bmw": 0.35221297203395274
        },
        "CONF1": {
            "xtb_gsolv": {
                "gsolv": -0.0023363016299988715,
                "energy_xtb_gas": -18.586662445249,
                "energy_xtb_solv": -18.588998746879
            },
            "sp": {
                "energy": -1037.366324327222
            },
            "gtot": -1037.368660628852,
            "bmw": 0.26063667269548224
        },
        "CONF3": {
            "xtb_gsolv": {
                "gsolv": -0.004451328872999483,
                "energy_xtb_gas": -18.58388058975,
                "energy_xtb_solv": -18.588331918623
            },
            "sp": {
                "energy": -1037.364582900054
            },
            "gtot": -1037.3690342289271,
            "bmw": 0.387150355270565
        }
    },
    "settings": {
        "threshold": 4.0,
        "func": "pbe-d4",
        "basis": "def2-sv(p)",
        "prog": "orca",
        "gfnv": "gfn2",
        "run": true,
        "template": false
    },
    "nconf_in": 3,
    "nconf_out": 3
}