{
    "partname": "screening",
    "runtime": 34.440869900397956,
    "results": {
        "CONF1": {
            "gsolv": {
                "gsolv": -0.003344323019064177,
                "energy_gas": -1038.253672299626,
                "energy_solv": -1038.257016622645
            },
            "gtot": -1038.257016622645,
            "bmw": 0.2995010942361246
        },
        "CONF3": {
            "gsolv": {
                "gsolv": -0.006087257146873526,
                "energy_gas": -1038.250747771224,
                "energy_solv": -1038.256835028371
            },
            "gtot": -1038.256835028371,
            "bmw": 0.24709890972253234
        },
        "CONF2": {
            "gsolv": {
                "gsolv": -0.0064831844258606,
                "energy_gas": -1038.250924950315,
                "energy_solv": -1038.257408134741
            },
            "gtot": -1038.257408134741,
            "bmw": 0.4533999960413432
        }
    },
    "settings": {
        "threshold": 3.5,
        "func": "r2scan-3c",
        "basis": "def2-tzvp",
        "prog": "orca",
        "sm": "smd",
        "gfnv": "gfn2",
        "run": true,
        "implicit": false,
        "template": false
    },
    "nconf_in": 3,
    "nconf_out": 3
}