{
    "partname": "refinement",
    "runtime": 128.41195144411176,
    "results": {
        "CONF2": {
            "gsolv": {
                "gsolv": -0.006823045375995207,
                "energy_gas": -1038.232466107168,
                "energy_solv": -1038.239289152544
            },
            "gtot": -1038.239289152544,
            "bmw": 0.4167851528680468
        },
        "CONF1": {
            "gsolv": {
                "gsolv": -0.003931691752995903,
                "energy_gas": -1038.234852110174,
                "energy_solv": -1038.238783801927
            },
            "gtot": -1038.238783801927,
            "bmw": 0.24404338820142604
        },
        "CONF3": {
            "gsolv": {
                "gsolv": -0.006575140492032006,
                "energy_gas": -1038.232519448715,
                "energy_solv": -1038.239094589207
            },
            "gtot": -1038.239094589207,
            "bmw": 0.33917145893052714
        }
    },
    "settings": {
        "threshold": 0.95,
        "func": "wb97x-v",
        "basis": "def2-tzvp",
        "prog": "orca",
        "sm": "smd",
        "gfnv": "gfn2",
        "run": true,
        "implicit": false,
        "template": false
    },
    "nconf_in": 3,
    "nconf_out": 3
}