{
   "temperature":     298.150000000000,
   "unit": "hartree",
   "energy":     -20.790051476809,
   "free energy":     -20.708534841337,
   "G(T)":       0.081516635473,
   "ZPVE":       0.114934670690,
   "number of imags":0,
   "point group": "c1",
   "gradient norm":       0.000095371406
}
