{
   "temperature":     298.150000000000,
   "unit": "hartree",
   "energy":     -29.521802617585,
   "free energy":     -29.430633512186,
   "G(T)":       0.091169105399,
   "ZPVE":       0.126596915364,
   "number of imags":0,
   "point group": "cs",
   "gradient norm":       0.000016414766
}
