{
   "temperature":     298.150000000000,
   "unit": "hartree",
   "energy":     -25.381623537889,
   "free energy":     -25.234571092388,
   "G(T)":       0.147052445502,
   "ZPVE":       0.180957800138,
   "number of imags":0,
   "point group": "c1",
   "gradient norm":       0.000033364820
}
